player_key,school_key,name_ja,name_kana,name_en,name_en_source,gender,graduation_year,prefecture
p_abd5628b72a5,,Annika Chen,,Annika Chen,as-published,female,,
p_89061b7672d9,,Cao Xinyu,,Cao Xinyu,as-published,female,,
p_64076aaeb487,,Cheng-Wei Hsieh,,Cheng-Wei Hsieh,as-published,male,,
p_63fc72ffa858,,Chih-Ying Tseng,,Chih-Ying Tseng,as-published,female,,
p_8870320e4ba6,,Jiu-You Lin,,Jiu-You Lin,as-published,male,,
p_6c535cf255e9,,Liu-Yi Jen,,Liu-Yi Jen,as-published,female,,
p_775ca51238fd,,Yu-Cheng Cheng,,Yu-Cheng Cheng,as-published,male,,
p_ea31c28351ba,s_4e341928988b,エズデンシ ちなさ,えずでんし ちなさ,Chinasa Ezudenshi,auto-unverified,female,2027,
p_f22f27ca4613,s_818bfa036836,キム ジミン,きむ じみん,Jimin Kimu,auto-unverified,female,2028,
p_c62ffa3f5e37,s_f9350f9d893f,三本木 実桜,さんぼんぎ みお,Mio Sanbongi,estimated-medium,female,2027,
p_90c53efcd245,s_94882834495f,三浦 一汰,みうら いった,Itta Miura,estimated-medium,male,2027,
p_b77b7bf55d7d,s_dc8a255a19e6,上原 大季,うえはら だいき,Daiki Uehara,auto-unverified,male,2026,
p_9b7d3523a43e,s_4e341928988b,上田 涼真,うえだ りょうま,Ryoma Ueda,estimated-high,male,2027,
p_c6edd66c5936,,上田 涼真,うえだ りょうま,Ryoma Ueda,estimated-high,male,,
p_20646530e101,s_c92c56095f6c,上野 航良,うえの こうら,Kora Ueno,estimated-low,male,2028,
p_9d352d9f8cdb,s_fab4338ad99b,上野 航良,うえの こうら,Kora Ueno,estimated-low,male,,
p_1af2f94ac31c,s_6970404d991a,上野琴美,うえの ことみ,Kotomi Ueno,auto-unverified,female,2026,
p_ad20c0c54f5f,s_f9350f9d893f,中上 遼真,なかがみ りょうま,Ryoma Nakagami,estimated-high,male,2028,
p_9856cb6df080,,中上 遼真,なかがみ りょうま,Ryoma Nakagami,estimated-high,male,,
p_3f7b4d31e3e5,,中山 凜花,なかやま りんか,Rinka Nakayama,estimated-high,female,,
p_9abcd67fe191,s_06833387f83f,中山 智晴,なかやま ちはる,Chiharu Nakayama,estimated-low,male,2027,
p_2aae3934a834,s_8ef7bc854719,中山 湧斗,なかやま ゆうと,Yuto Nakayama,auto-unverified,male,2028,
p_191ac326190b,s_110261e35fc9,中島 千宙,なかじま せんちゅう,Senchu Nakajima,auto-unverified,female,2026,
p_6741096b83e8,s_1ab06879a5b0,中嶋 月葉,なかじま つきは,Tsukiha Nakajima,estimated-medium,female,2026,
p_c047442d03e3,s_4e341928988b,中川 陽向,なかがわ ひなた,Hinata Nakagawa,estimated-high,male,2027,
p_548750d7d050,s_b1b2ff0eb0c8,中森 貴祇,なかもり たかしぎ,Takashigi Nakamori,auto-unverified,male,2029,
p_d692a599d2d2,s_cd170db16c52,中田 義人,なかた よしと,Yoshito Nakata,auto-unverified,male,2028,
p_69d1f8688526,s_2ad42c07cf01,中野 蒼人,なかの あおにん,Aonin Nakano,auto-unverified,male,2027,
p_f3bde5143c9f,,中野 識司,なかの さとし,Satoshi Nakano,estimated-low,male,,
p_003abb3ca6e5,s_b1b2ff0eb0c8,久安 凪,きゅうあん なぎ,Nagi Kyuan,auto-unverified,male,2028,
p_bb9c76d76ce6,s_6970404d991a,久我健心,くが けんしん,Kenshin Kuga,estimated-medium,male,,
p_d48ab5873d15,s_22da782c5789,亀田 麻彩,かめだ あささい,Asasai Kameda,auto-unverified,female,,
p_bc5a60290794,s_cd170db16c52,二田水 花帆,にたみず はなほ,Hanaho Nitamizu,auto-unverified,female,2028,
p_10e0f4a69c0f,s_77ee99610b67,五十嵐 凛,いがらし りん,Rin Igarashi,estimated-high,female,,
p_32e9af441c62,,五十嵐 凛,いがらし りん,Rin Igarashi,estimated-high,female,,
p_6cda7076efd3,s_4e341928988b,井上 大樹,いのうえ だいき,Daiki Inoe,estimated-medium,male,2026,
p_a8ef3446015b,s_fd8583543ea3,井上 愛結,いのうえ あゆ,Ayu Inoe,estimated-medium,female,2027,
p_25c99998c913,s_f9350f9d893f,井川 高宏,いかわ たかひろ,Takahiro Ikawa,estimated-high,male,2029,
p_96bd7e34ff7d,s_406e4b5f47ee,井村 栄斗,いむら えいと,Eito Imura,estimated-medium,male,2026,
p_924643164042,s_2ad42c07cf01,井澤 駿斗,いざわ はやと,Hayato Izawa,estimated-medium,male,2027,
p_b1325bdf15ff,s_d95d65913486,井野上 蓮美,いのうえ はすび,Hasubi Inoe,auto-unverified,female,2028,
p_d25f6b48da98,,井野上 蓮美,いのうえ はすび,Hasubi Inoe,auto-unverified,female,,
p_3f35e919dad8,s_4227f6aad100,人見 慈有,ひとみ じあり,Jiari Hitomi,auto-unverified,male,,
p_f8aa6de0df81,s_3fb7989abd6a,今村 鴻汰,いまむら こうた,Kota Imamura,auto-unverified,male,2027,
p_56282998cfcf,s_bd1cb560b99b,今村おん,いまむら おん,On Imamura,auto-unverified,female,2029,
p_aba279962b78,s_273b8c3c9221,今村吏桜,いまむら りお,Rio Imamura,estimated-low,male,2025,
p_cf10f318c9f9,s_ac0cf85492f1,今渕 将翔,いまふち しょうしょう,Shosho Imafuchi,auto-unverified,male,2028,
p_ad0705428024,s_a5089767bc12,今渕 将翔,いまふち しょうしょう,Shosho Imafuchi,auto-unverified,male,2028,
p_b82cbb864f70,s_4cb8001cd4ac,今西 あいり,いまにし あいり,Airi Imanishi,estimated-high,female,2028,
p_231113c7d7e2,,伊東 紫龍,いとう むらさきりゅう,Murasakiryu Ito,auto-unverified,male,,
p_5662d7b3dc98,s_ebe54f29700f,佐々木 公瑛,ささき こうえい,Koei Sasaki,auto-unverified,male,,
p_be3256718400,s_f2113cb6522a,佐々木 妃和,ささき きさきわ,Kisakiwa Sasaki,auto-unverified,female,2026,
p_804ddb058da9,s_6e2b41dccdc9,佐々木 瑛太,ささき えいた,Eita Sasaki,estimated-high,male,,
p_5293adef84f5,,佐々木 花虹,ささき はなにじ,Hananiji Sasaki,auto-unverified,female,,
p_c5451b758dd3,s_219c33628b58,佐々木花虹,ささき はなにじ,Hananiji Sasaki,auto-unverified,female,2029,
p_d59f3bb83f58,s_7151fd75f8aa,佐藤 巡,さとう めぐる,Meguru Sato,estimated-low,male,,
p_657c54e0ce24,s_428d18d9744e,佐藤 心々,さとう ここ,Koko Sato,estimated-medium,female,2026,
p_dbf09501e6c2,s_73ba6414b2c0,佐藤 心々,さとう ここ,Koko Sato,estimated-medium,female,2026,
p_17d25ef1f070,,佐藤 涼音,さとう すずね,Suzune Sato,estimated-medium,female,,
p_36ba6d9332e6,s_0d6a9734ffe6,佐藤 理央,さとう りお,Rio Sato,estimated-high,male,2027,
p_3d704d4a376c,s_f5dbce58efac,佐藤 由璃明,さとう ゆりめい,Yurimei Sato,auto-unverified,female,2028,
p_69b3ed46ebaf,s_43f043327133,佐藤 藍美,さとう あいび,Aibi Sato,auto-unverified,female,2029,
p_582f477195c7,,佐野 一羽,さの いちわ,Ichiwa Sano,auto-unverified,male,,
p_f2f3882c76fe,s_f4b272777d9e,佐野 二葉,さの ふたば,Futaba Sano,auto-unverified,female,2028,
p_42b5b6331819,s_9bb686cb1fa7,佐野 心春,さの こころはる,Kokoroharu Sano,auto-unverified,female,,
p_e43586f23120,s_41343307d8f4,倉元 沙和,くらもと さわ,Sawa Kuramoto,estimated-high,female,2029,
p_c0d19cc945a9,s_d894b7ecf5f4,倉重 美風,くらしげ びふう,Bifu Kurashige,auto-unverified,female,2026,
p_0160713dcbf4,s_27755481c731,倉重実風,くらしげ みかぜ,Mikaze Kurashige,auto-unverified,female,2026,
p_77f8740ba21d,s_16c8daa04e8a,倉重実風,くらしげ みかぜ,Mikaze Kurashige,auto-unverified,female,2026,
p_bece0db98927,s_55d9c55a7223,光成 颯,みつなり はやて,Hayate Mitsunari,estimated-medium,male,,
p_f5fa0a79abcc,s_3aa56f947da7,光浪 くるみ,みつなみ くるみ,Kurumi Mitsunami,estimated-low,female,2027,
p_3472d24606e0,s_41343307d8f4,光浪 くるみ,みつなみ くるみ,Kurumi Mitsunami,estimated-low,female,2027,
p_b2319a2ca0af,s_ac0cf85492f1,兎沢 日向,とざわ ひなた,Hinata Tozawa,auto-unverified,male,2026,
p_0bf3cc417ac7,s_a5089767bc12,兎沢 日向,とざわ ひなた,Hinata Tozawa,auto-unverified,male,2026,
p_e05feeb59089,s_55d9c55a7223,八田 凱斗,はった がいと,Gaito Hatta,estimated-high,male,,
p_4e8a2d089d9e,,八田 凱斗,はった がいと,Gaito Hatta,estimated-high,male,,
p_94d34bf94875,,加藤 亜依,かとう あい,Ai Kato,auto-unverified,female,,
p_d2fd6f5561eb,s_4fb392200ca0,加藤 優真,かとう ゆうま,Yuma Kato,estimated-high,male,,
p_bc0545b8b73d,s_f9350f9d893f,加藤 勇翔,かとう ゆうと,Yuto Kato,estimated-medium,male,2027,
p_21b6835d4c6b,s_fc5d4f422435,加藤 真央,かとう まお,Mao Kato,estimated-high,female,2029,
p_dbb7bb464828,s_4e341928988b,加藤 颯真,かとう そうま,Soma Kato,estimated-high,male,2026,
p_6082feb76abc,s_4c6fac7798c7,助川 玲輔,すけがわ れいすけ,Reisuke Sukegawa,auto-unverified,male,,
p_79194abf276c,s_428d18d9744e,北岡 優菜,きたおか ゆうな,Yuna Kitaoka,estimated-high,female,2028,
p_fcb9d7795a8b,s_73ba6414b2c0,北岡 優菜,きたおか ゆうな,Yuna Kitaoka,estimated-high,female,2028,
p_8253799403d6,s_05b53ed35b04,北岡 大樹,きたおか だいき,Daiki Kitaoka,estimated-medium,male,,
p_f6061e7907e8,s_9a20020cbd82,北岡 大樹,きたおか だいき,Daiki Kitaoka,estimated-medium,male,,
p_7fa3bc587a15,s_0fcad8fa642b,北川紗玖楽,きたがわ さくら,Sakura Kitagawa,estimated-high,female,2025,
p_806864cebfda,,北田 聖久,きただ せく,Seku Kitada,estimated-low,male,,
p_65cde13ba8a7,s_273b8c3c9221,北田聖久,きただ せく,Seku Kitada,estimated-low,male,2027,
p_2ad28eec0849,s_3aa56f947da7,原口 友莉亜,はらぐち ゆりあ,Yuria Haraguchi,estimated-medium,female,2028,
p_571abfc07250,s_41343307d8f4,原口 友莉亜,はらぐち ゆりあ,Yuria Haraguchi,estimated-medium,female,2028,
p_b677e1586265,,原田 桃,はらだ もも,Momo Harada,estimated-high,female,,
p_13e42f403855,s_cd170db16c52,友井 麻裕,ともい あさひろし,Asahiroshi Tomoi,auto-unverified,female,2027,
p_74bdf1c98cef,s_d05f3abb62eb,叶 結衣,かのう ゆい,Yui Kano,estimated-medium,female,2026,
p_8732fde0c0d7,s_879aba16b19d,吉岡 智哉,よしおか ともや,Tomoya Yoshioka,estimated-high,male,2026,
p_5dbe81bab19e,s_0f9c40cdf540,吉永 茉奈,よしなが まな,Mana Yoshinaga,auto-unverified,female,2029,
p_8581e6a5787e,s_b767137303ce,吉瀬 蓮太郎,きせ れんたろう,Rentaro Kise,auto-unverified,male,2027,
p_368ae7546dec,s_8bb371556600,吉田 紗彩,よしだ ささい,Sasai Yoshida,auto-unverified,female,2029,
p_9b00387932cf,s_55d9c55a7223,吉田 遼雅,よしだ りょうまさ,Ryomasa Yoshida,auto-unverified,male,,
p_ef019d8b9c86,,吉田 遼雅,よしだ りょうまさ,Ryomasa Yoshida,auto-unverified,male,,
p_bcabe60c15a2,s_f9350f9d893f,吉行 アムロ,よしゆき あむろ,Amuro Yoshiyuki,estimated-medium,male,2028,
p_d0dbe3853339,,吉行 アムロ,よしゆき あむろ,Amuro Yoshiyuki,estimated-medium,male,,
p_2fd12ed31940,s_273b8c3c9221,吉野陽翔,よしの はると,Haruto Yoshino,estimated-high,male,2026,
p_a84a6b03c058,s_3f330609b321,名取 遼馬,なとり りょうま,Ryoma Natori,estimated-high,male,,
p_0b6d14dc286b,s_b7a1e38d5dd1,名嘉眞 萌衣,なかま ほうころも,Hokoromo Nakama,auto-unverified,female,2029,
p_a09542e379b5,s_599740c35781,向井 基,むかい もと,Moto Mukai,auto-unverified,male,2027,
p_b6c1ea219c4e,s_55d9c55a7223,和田 凱斗,わだ がいと,Gaito Wada,estimated-high,male,,
p_7bbdfb5ab08d,s_cd170db16c52,和田 恵育,わだ めぐみいく,Megumiiku Wada,auto-unverified,female,2028,
p_2a7eee620c23,s_3aa56f947da7,園田 結菜,そのだ ゆいな,Yuina Sonoda,estimated-medium,female,2026,
p_801af5336f69,s_6970404d991a,園田柚稀,そのだ ゆずき,Yuzuki Sonoda,estimated-medium,male,,
p_5e4d8b13d9fa,s_55d9c55a7223,土屋 姫心,つちや ひめこころ,Himekokoro Tsuchiya,auto-unverified,female,,
p_ffd015c7509a,s_428fe44b530b,坂倉 拓未,さかくら たくみ,Takumi Sakakura,estimated-medium,male,2028,
p_7f9637b583c5,,坂倉 拓未,さかくら たくみ,Takumi Sakakura,estimated-medium,male,,
p_aa395a4b4d82,s_9b788743112a,坂田 昌樹,さかた まさき,Masaki Sakata,auto-unverified,male,2027,
p_4f4be5889c14,s_428d18d9744e,塩谷 凜太郎,しおや りんたろう,Rintaro Shioya,estimated-medium,male,2027,
p_2e0fc1069696,s_73ba6414b2c0,塩谷 凜太郎,しおや りんたろう,Rintaro Shioya,estimated-medium,male,2027,
p_1918f4fdde64,,塩谷 凜太郎,しおや りんたろう,Rintaro Shioya,estimated-medium,male,,
p_e48bdea3f659,s_273b8c3c9221,壷井潤太,つぼい じゅんた,Junta Tsuboi,auto-unverified,male,2026,
p_b2da431d222d,s_cd975430febb,大久保 友貴,おおくぼ ゆうき,Yuki Okubo,estimated-medium,male,,
p_37bb0c747b0e,,大久保 友貴,おおくぼ ゆうき,Yuki Okubo,estimated-medium,male,,
p_7ceb1a1388ae,s_75a00845cc79,大久保 花,おおくぼ はな,Hana Okubo,estimated-high,female,,
p_75843281db9d,,大古田 みくる,たいこた みくる,Mikuru Taikota,auto-unverified,female,,
p_707922c46fbf,s_7686ed385d7b,大塲義仁,おおば よしひと,Yoshihito Ooba,auto-unverified,male,2026,
p_f9b91e14f67d,s_3fb7989abd6a,大島 丹花,おおしま たんか,Tanka Oshima,auto-unverified,female,2029,
p_a24c7edcd8be,s_0f6dfdd5d98d,大川 夏瑞,おおかわ なつずい,Natsuzui Okawa,auto-unverified,male,2026,
p_67b4ca66ded1,s_8e064a210f18,大村 和主馬,おおむら わかずま,Wakazuma Oomura,auto-unverified,male,2027,
p_182e62d436de,s_cc18ad51bda5,大村 和主馬,おおむら わかずま,Wakazuma Oomura,auto-unverified,male,2027,
p_eb49a278163d,s_ca4e768af659,大村 宥稀,おおむら ゆうまれ,Yumare Oomura,auto-unverified,male,2029,
p_76ada54669cc,s_abfbea59e104,大森 妃歩,おおもり きさきほ,Kisakiho Omori,auto-unverified,female,2028,
p_31e4e4be99c1,s_f9133c9c11e4,大森 妃歩,おおもり きさきほ,Kisakiho Omori,auto-unverified,female,2028,
p_6473d11fa6e4,s_2e1b8b0c5727,大森 妃歩,おおもり きさきほ,Kisakiho Omori,auto-unverified,female,2028,
p_6433ee93b9e1,s_34a27d333f1e,大橋 翔悟,おおはし しょうご,Shogo Ohashi,auto-unverified,male,2027,
p_c17002fb9e2b,s_4116e9cfee2a,大橋 翔悟,おおはし しょうご,Shogo Ohashi,auto-unverified,male,2027,
p_2b4dc9d4ce06,,大橋 莉生,おおはし りお,Rio Ohashi,estimated-medium,female,,
p_4a0508393c47,,大江 幸太郎,おおえ こうたろう,Kotaro Ooe,auto-unverified,male,,
p_bf8a01e6f702,s_4fc74c9c3aeb,大西 琉太,おおにし りゅうた,Ryuta Onishi,auto-unverified,male,2026,
p_9eb8de828b7f,s_849d2e4df1bb,大西希来,おおにし まれらい,Marerai Onishi,auto-unverified,female,,
p_79ec679d987a,s_48a6b0cebcf7,大谷 麗音,おおたに れおん,Reon Otani,estimated-medium,female,2026,
p_b10a1436061a,s_0483c33f2744,大野 柚果,おおの ゆずか,Yuzuka Ono,estimated-medium,female,,
p_7aa7b8b4ff03,s_b40e006d71c9,大金 夏美,たいきん なつみ,Natsumi Taikin,auto-unverified,female,,
p_ff44218420db,s_cd170db16c52,天野 那月,あまの なつき,Natsuki Amano,auto-unverified,female,2027,
p_834c327c5b9d,s_b99f511c3d1c,太田 美羽,おおた みう,Miu Ota,estimated-medium,female,2026,
p_e293f9d44a89,s_678277c3c07d,太田 若那,おおた じゃくな,Jakuna Ota,auto-unverified,female,2026,
p_d3a4f6a1df7d,s_6970404d991a,太田佳来,おおた からい,Karai Ota,auto-unverified,female,2027,
p_3382cccffbf1,s_0d6a9734ffe6,奥村 知輝,おくむら ともき,Tomoki Okumura,auto-unverified,male,2027,
p_530e572198b8,s_c92c56095f6c,奥田 亮太朗,おくだ りょうたろう,Ryotaro Okuda,estimated-high,male,2028,
p_1b8e0394d5a5,s_428d18d9744e,守山 真央,もりやま まお,Mao Moriyama,estimated-high,female,2028,
p_c35124b4cf64,s_73ba6414b2c0,守山 真央,もりやま まお,Mao Moriyama,estimated-high,female,2028,
p_804a7ce15472,s_d38fcff4e4ae,守護 愛來,しゅご あいら,Aira Shugo,auto-unverified,female,2027,
p_c4f96deb6fe4,s_714652e3e1e9,安西 美空,あんざい みそら,Misora Anzai,auto-unverified,female,,
p_b75452de7157,s_f9350f9d893f,室坂 彩葉,むろさか いろは,Iroha Murosaka,estimated-medium,female,2028,
p_9eb50e2556ad,s_0911cd80fbac,宮城 柚,みやぎ ゆず,Yuzu Miyagi,estimated-medium,female,2026,
p_f9026f92dc9d,s_da2b1a14a563,寺岡 鈴音,てらおか すずね,Suzune Teraoka,estimated-high,female,2028,
p_0456c210c08e,s_441350f9140c,寺岡 鈴音,てらおか すずね,Suzune Teraoka,estimated-high,female,2028,
p_12b74261302a,,寺岡 鈴音,てらおか すずね,Suzune Teraoka,estimated-high,female,,
p_96665ad84dcd,s_7f8996cbe2c7,小山 真生,こやま まお,Mao Koyama,auto-unverified,female,,
p_0b5d9db7de37,s_428d18d9744e,小山 萌々香,こやま ももか,Momoka Koyama,estimated-medium,female,2027,
p_961119d2bb9b,s_0c9b9669524f,小島 久貴,こじま くき,Kuki Kojima,auto-unverified,male,2028,
p_9b4bb71dbffe,s_55d9c55a7223,小島 駿斗,こじま はやと,Hayato Kojima,estimated-medium,male,,
p_2fab74c8fb5d,s_273b8c3c9221,小島玲人,こじま れいと,Reito Kojima,auto-unverified,male,2025,
p_8082eee8d7cc,s_a594cc67e749,小川 杏菜,おがわ あんずな,Anzuna Ogawa,auto-unverified,female,2028,
p_892e3a7f26dc,s_84026705db99,小川叶夢,おがわ かなむ,Kanamu Ogawa,estimated-low,male,2026,
p_bbf2bad06bd6,s_6970404d991a,小杉理央奈,こすぎ りえな,Riena Kosugi,auto-unverified,female,,
p_98b8435f04a0,s_f9350f9d893f,小松 莉杏,こまつ りあん,Rian Komatsu,estimated-high,female,2029,
p_220fa48bd9c1,s_3fb7989abd6a,小林 凛太郎,こばやし りんたろう,Rintaro Kobayashi,auto-unverified,male,2028,
p_8326a9d40935,s_76248f26c8c5,小林 勇慶,こばやし いさみよし,Isamiyoshi Kobayashi,auto-unverified,male,,
p_670d613df9d5,,小林 康成,こばやし やすなり,Yasunari Kobayashi,estimated-high,male,,
p_2fc3dca81ee2,s_3f55cbd14278,小林 聖,こばやし ひじり,Hijiri Kobayashi,estimated-medium,female,2028,
p_97f45d0cf7ce,s_ac0cf85492f1,小林 蓮,こばやし れん,Ren Kobayashi,estimated-high,male,2028,
p_f2a35dcabb17,s_6970404d991a,小林希紗姫,こばやし まれさひめ,Maresahime Kobayashi,auto-unverified,female,,
p_bfb27cf1a90b,s_398de22230dd,小林愛香,こばやし あいか,Aika Kobayashi,estimated-medium,female,2025,
p_2187044c22e0,s_18a3e9409143,小池 愛莉,こいけ あいり,Airi Koike,estimated-high,female,,
p_29331223b494,s_4c6fac7798c7,小泉 慶太郎,こいずみ けいたろう,Keitaro Koizumi,auto-unverified,male,,
p_3a8531d7079c,s_428d18d9744e,小泉 星空斗,こいずみ せなと,Senato Koizumi,estimated-low,male,2027,
p_16a73a8680da,s_73ba6414b2c0,小泉 星空斗,こいずみ せなと,Senato Koizumi,estimated-low,male,2027,
p_1a2910546afa,s_0ca82257300a,小泉 映真,こいずみ えいまこと,Eimakoto Koizumi,auto-unverified,female,,
p_d38217acec68,s_0cd95b31dfc1,小泉 映真,こいずみ えいまこと,Eimakoto Koizumi,auto-unverified,female,,
p_35c4bd9ce32a,s_0847a4bec37b,小澄柑太,しょうすみ かんた,Kanta Shosumi,auto-unverified,male,,
p_00665d053503,s_1c22333c347a,小澤 一晴,おざわ かずはる,Kazuharu Ozawa,auto-unverified,male,2029,
p_754210027206,,小澤 翔悟,おざわ しょうご,Shogo Ozawa,auto-unverified,male,,
p_17a5d2afb635,s_2ad42c07cf01,小熊 宏典,こぐま ひろのり,Hironori Koguma,auto-unverified,male,2028,
p_ea5cdf392532,s_f9350f9d893f,小笠原 瑞季,おがさわら みずき,Mizuki Ogasawara,estimated-high,female,2027,
p_29a2599f4cfa,s_4e341928988b,小野 航暉,おの こうき,Koki Ono,estimated-medium,male,2026,
p_a39158daa3a2,s_497edff6a98b,小野塚 翔,おのづか しょう,Sho Onozuka,auto-unverified,male,,
p_67603dbbbba9,s_ba91ec15323a,小野塚 翔,おのづか しょう,Sho Onozuka,auto-unverified,male,2029,
p_613bcb5bdad6,s_5a6cd60f664c,小野房 結彩,おのぼう けつさい,Ketsusai Onobo,auto-unverified,female,,
p_1a340bb260a5,s_ab7c2f39302c,尾崎 大地,おざき おおち,Ochi Ozaki,auto-unverified,male,2027,
p_1f650d1dc244,s_25b290b41798,屋良 美夕陽,やら みゆひ,Miyuhi Yara,estimated-low,female,2026,
p_aada3ab85a8a,s_2dd8915c4512,屋良 美夕陽,やら みゆひ,Miyuhi Yara,estimated-low,female,2026,
p_aeec32db4f32,s_0d6a9734ffe6,山内 康寛,やまうち やすひろ,Yasuhiro Yamauchi,auto-unverified,male,2027,
p_c0706c05cb0e,s_ea5036727ad7,山口 吉盛,やまぐち よしもり,Yoshimori Yamaguchi,auto-unverified,male,2026,
p_eeedd82ff28a,s_101d2ffdd69f,山口 慶大,やまぐち けいだい,Keidai Yamaguchi,auto-unverified,male,2028,
p_0b2554551f77,s_769ea7fb5901,山口桃佳,やまぐち ももか,Momoka Yamaguchi,estimated-high,female,,
p_5c8f990ce097,s_1e11cf2ff6ea,山口桃佳,やまぐち ももか,Momoka Yamaguchi,estimated-high,female,2027,
p_3985a1bf7fba,s_3aa56f947da7,山室 日菜,やまむろ ひな,Hina Yamamuro,estimated-high,female,2027,
p_c28a290998b5,s_41343307d8f4,山室 日菜,やまむろ ひな,Hina Yamamuro,estimated-high,female,2027,
p_7870049a852c,s_6970404d991a,山崎太喜,やまざき たいき,Taiki Yamazaki,estimated-medium,male,2027,
p_29de0c035617,s_8bfd7367fc6c,山嵜 陽太,やまざき ようた,Yota Yamazaki,auto-unverified,male,2027,
p_c47dbc0232c7,s_84f02ea9e5fa,山川 ルナ,やまかわ るな,Runa Yamakawa,auto-unverified,female,2027,
p_0a4e3d476f3a,s_670cb8138196,山本 亜美,やまもと あみ,Ami Yamamoto,estimated-high,female,,
p_ef976bd83cb4,s_6970404d991a,山本彩葉,やまもと いろは,Iroha Yamamoto,estimated-high,female,,
p_fbb2726b8d80,s_8bb371556600,山藤 眞子,やまふじ まこ,Mako Yamafuji,auto-unverified,female,2028,
p_e3cddf4bd0ae,s_273b8c3c9221,山邊一徳,やまべ かずのり,Kazunori Yamabe,estimated-medium,male,2025,
p_c93040596cd3,s_0eee0dfa9586,山﨑ちろれ,やまざき ちろれ,Chirore Yamazaki,estimated-high,female,2024,
p_0744c25bdc33,s_b39b84801ca5,岡崎 心星,おかざき みせ,Mise Okazaki,estimated-low,female,2026,
p_4d7430f8f7d9,s_39db22b1ab47,岡本 大和,おかもと やまと,Yamato Okamoto,estimated-high,male,2027,
p_ac638377bdee,s_722832bdfd66,岡部 息吹,おかべ いぶき,Ibuki Okabe,auto-unverified,male,2027,
p_10630f415fbd,s_daece5d3e34b,岩本 大悟,いわもと だいご,Daigo Iwamoto,estimated-high,male,2026,
p_34e2820fc4da,s_5bea9f230bf0,岩本 莉緒,いわもと りお,Rio Iwamoto,estimated-high,female,2029,
p_ee9b6c99efec,,岩瀬 永将,いわせ えいしょう,Eisho Iwase,auto-unverified,male,,
p_89a567f1d2f4,s_c815c1428c4f,岩田 莞爾,いわた かんじ,Kanji Iwata,auto-unverified,male,2029,
p_24ca36a4791a,s_2ffa33232c8a,岩田 莞爾,いわた かんじ,Kanji Iwata,auto-unverified,male,2029,
p_721e521655ba,s_428d18d9744e,峯田 竜空,みねた りく,Riku Mineta,estimated-low,male,2027,
p_83efc6efd9bc,s_73ba6414b2c0,峯田 竜空,みねた りく,Riku Mineta,estimated-low,male,2027,
p_0d68d4d5d135,,峯田 竜空,みねた りく,Riku Mineta,estimated-low,male,,
p_c5119c9d51de,s_428d18d9744e,島川 桃子,しまかわ ももこ,Momoko Shimakawa,estimated-medium,female,2027,
p_41cc624faba5,s_73ba6414b2c0,島川 桃子,しまかわ ももこ,Momoko Shimakawa,estimated-medium,female,2027,
p_ad65bcaee402,,島本 隼,しまもと はやぶさ,Hayabusa Shimamoto,auto-unverified,male,,
p_620960fb0cff,s_3f330609b321,島田 皓,しまだ こう,Ko Shimada,estimated-medium,male,2026,
p_bbc13992eded,s_5b806f2d437e,川嵜 晃生,かわさき こうせい,Kosei Kawasaki,estimated-medium,male,2026,
p_c181e8835bed,s_bf1ae0e72d59,川嵜晃生,かわさき こうせい,Kosei Kawasaki,estimated-medium,male,,
p_2ddf6ff97389,s_6970404d991a,川越玲奈,かわごえ れいな,Reina Kawagoe,auto-unverified,female,2028,
p_fc98aedbebb2,s_4fc74c9c3aeb,工藤 百華,くどう ももか,Momoka Kudo,estimated-medium,female,2026,
p_9667e26b0e91,s_cd170db16c52,巽 喜一,たつみ きいち,Kiichi Tatsumi,estimated-high,male,2029,
p_767143454c08,,巽 喜一,たつみ きいち,Kiichi Tatsumi,estimated-high,male,,
p_89ae66db997a,s_4e341928988b,布目 紅羽,ぬのめ くれは,Kureha Nunome,estimated-medium,female,2027,
p_8e74f3b48e5d,s_f53dd3949c35,幅 小夏,はば こなつ,Konatsu Haba,auto-unverified,female,2027,
p_e216c1f1230f,s_5566f9eb7ccc,幅 小夏,はば こなつ,Konatsu Haba,auto-unverified,female,2027,
p_893b88a029cf,,平山 心暖,ひらやま こはる,Koharu Hirayama,estimated-medium,female,,
p_dda8b52be688,,平岡 優翔,ひらおか ゆうしょう,Yusho Hiraoka,auto-unverified,male,,
p_b0250678d306,s_8e2f0b5ca897,平岡 彪希,ひらおか ひょうまれ,Hyomare Hiraoka,auto-unverified,male,2029,
p_52a9b870415d,s_3b77a05ad0bf,平川響,ひらかわ ひびき,Hibiki Hirakawa,auto-unverified,female,,
p_f6f0e077acb8,s_5a6cd60f664c,平田 愛実,ひらた あみ,Ami Hirata,estimated-medium,female,,
p_a454af563f9d,s_273b8c3c9221,平野怜,ひらの れい,Rei Hirano,auto-unverified,male,2026,
p_4950936d15ae,s_e95551b428c4,平野秀也,ひらの ひでや,Hideya Hirano,auto-unverified,male,,
p_f570e82197b1,s_63f718455899,廣野 里彩,ひろの りさ,Risa Hirono,estimated-medium,female,,
p_9871527f1632,,張 婷諭,ちょう ていゆ,Tingyu Cho,estimated-low,female,,
p_6c3143844b3a,s_d59eacbaceb4,後藤 城一,ごとう じょういち,Joichi Goto,auto-unverified,male,2029,
p_e228c5b27ec2,s_3f55cbd14278,後藤 宙斗,ごとう ちゅうと,Chuto Goto,auto-unverified,male,2027,
p_4f52ffb40e4a,,後藤 彩吹,ごとう あやぶき,Ayabuki Goto,auto-unverified,female,,
p_454e765fa3eb,s_6970404d991a,後藤彩吹,ごとう あやぶき,Ayabuki Goto,auto-unverified,female,,
p_3058bce73b77,s_d5ad3b0ec5a6,徳山 雄亮,とくやま ゆうすけ,Yusuke Tokuyama,auto-unverified,male,2027,
p_fbb72d45253a,s_8e2f0b5ca897,志村 伊冴斗,しむら いこと,Ikoto Shimura,auto-unverified,male,2029,
p_cc1d46d37c53,,戸塚 あい,とつか あい,Ai Totsuka,estimated-high,female,,
p_92b75483b96b,s_77ee99610b67,戸張 美音,とばり みおん,Mion Tobari,estimated-medium,female,,
p_430586682351,,戸張 美音,とばり みおん,Mion Tobari,estimated-medium,female,,
p_e91aec925828,s_b1b2ff0eb0c8,戸澤 紗希,とざわ さき,Saki Tozawa,auto-unverified,female,2027,
p_dde655d75104,s_6970404d991a,才藤大桜,さいとう だいさく,Daisaku Saito,estimated-low,male,2028,
p_57d8ca10b098,s_4e341928988b,折本 朱心,おりもと あこ,Ako Orimoto,estimated-low,female,2026,
p_763ad27a9a5d,s_428d18d9744e,斎藤 優空,さいとう ゆあ,Yua Saito,estimated-low,male,2027,
p_6f06fdcfed59,s_73ba6414b2c0,斎藤 優空,さいとう ゆあ,Yua Saito,estimated-low,male,2027,
p_2fd626090455,,斎藤 優空,さいとう ゆあ,Yua Saito,estimated-low,male,,
p_19fed87f3eb9,s_80b8853082dd,新地 真美夏,しんち まみか,Mamika Shinchi,estimated-medium,female,2026,
p_da9e7c837e79,s_b7a1e38d5dd1,新城 百恵,しんじょう ももえ,Momoe Shinjo,auto-unverified,female,2029,
p_096ea68a1efe,s_8e0d302804a7,新谷真菜,しんたに まな,Mana Shintani,auto-unverified,female,,
p_40e136853b6a,s_7f8996cbe2c7,春原 夕真,すのはら ゆうま,Yuma Sunohara,estimated-medium,male,,
p_909b91a114e5,s_d0d255360635,有吉 丈,ありよし たけ,Take Ariyoshi,auto-unverified,male,2027,
p_1f981841e819,s_96996afa8940,有薗 純,ありぞの じゅん,Jun Arizono,estimated-medium,male,2024,
p_a2bb32b6323c,s_c627b43feabb,有賀 瑛一朗,ありが えいいちあきら,Eiichiakira Ariga,auto-unverified,male,2029,
p_f361d602958d,s_a45af9ba9ce7,服部 空樹,はっとり そらき,Soraki Hattori,auto-unverified,male,2026,
p_b3dac55f7289,,望月 大椰,もちづき だいや,Daiya Mochizuki,auto-unverified,male,,
p_efb7494f6533,,望月 將秀,もちづき しょうしゅう,Shoshu Mochizuki,auto-unverified,male,,
p_145ab9784fb0,s_6732890c2aef,木下 護元,きのした ごもと,Gomoto Kinoshita,auto-unverified,male,2027,
p_96dcb8f1ac6f,s_c815c1428c4f,木下 護元,きのした ごもと,Gomoto Kinoshita,auto-unverified,male,2027,
p_524944eecdd5,s_2ffa33232c8a,木下 護元,きのした ごもと,Gomoto Kinoshita,auto-unverified,male,2027,
p_85cdab5d1bb0,s_4fc74c9c3aeb,木村 一喜,きむら かずき,Kazuki Kimura,auto-unverified,male,2028,
p_810de999c604,s_0d6a9734ffe6,木村 元,きむら もと,Moto Kimura,auto-unverified,male,2027,
p_b7c5d81d3dfa,s_55d9c55a7223,木村 小梅,きむら こうめ,Kome Kimura,estimated-medium,female,,
p_9505547e279f,,木村 小梅,きむら こうめ,Kome Kimura,estimated-medium,female,,
p_09d26ad8aeef,s_3cca532b4fbe,木村 聖尚,きむら ひじりたかし,Hijiritakashi Kimura,auto-unverified,male,,
p_eacec6819686,s_6970404d991a,木村俊之介,きむら としゆきすけ,Toshiyukisuke Kimura,auto-unverified,male,2025,
p_5c7b49345fea,s_3fb7989abd6a,木田 実咲,きだ みさき,Misaki Kida,auto-unverified,female,2028,
p_452c1a30ee02,s_59dc603b18f5,本島 圭都,ほんしま けいみやこ,Keimiyako Honshima,auto-unverified,male,2027,
p_613b2026b7d8,s_77ee99610b67,杉山 来應,すぎやま らいおう,Raio Sugiyama,estimated-low,male,,
p_3e50f1b8e2c7,s_d4abfb32496b,杉山 源治,すぎやま げんじ,Genji Sugiyama,auto-unverified,male,2029,
p_3947716d481d,s_62e35b61ff2a,杉崎 希歩,すぎざき まれほ,Mareho Sugizaki,auto-unverified,female,2029,
p_d5aa52332559,s_6970404d991a,村山都愛,むらやま みやこあい,Miyakoai Murayama,auto-unverified,female,2027,
p_e27845344fac,s_0d6a9734ffe6,村瀬 央,むらせ おう,O Murase,auto-unverified,male,2027,
p_a156e2996f73,s_50099bfc6403,村田 朋香,むらた ともか,Tomoka Murata,estimated-high,female,2027,
p_87533ac10910,s_6f81b04e8642,杠 芭菜,ちぎ はな,Hana Chigi,auto-unverified,female,2028,
p_9b18d5b07e27,s_72c456ce1ce1,松下 愛弥,まつした あいみ,Aimi Matsushita,auto-unverified,male,2026,
p_841ed8850f48,s_72c456ce1ce1,松下 聖弥,まつした ひじりや,Hijiriya Matsushita,auto-unverified,male,2028,
p_d4d24c8df6fe,s_fc5d4f422435,松山 茉生,まつやま まお,Mao Matsuyama,estimated-medium,male,2027,
p_e72a5b29e4db,,松山 茉生,まつやま まお,Mao Matsuyama,estimated-medium,male,,
p_0f3778cde616,s_a303d5f6cb49,松本 瞬乃介,まつもと しゅんのすけ,Shunnosuke Matsumoto,auto-unverified,male,2027,
p_bf9e7e099430,s_ac0cf85492f1,板橋 永久,いたばし えいきゅう,Eikyu Itabashi,auto-unverified,male,2026,
p_07f091c28de1,s_a5089767bc12,板橋 永久,いたばし えいきゅう,Eikyu Itabashi,auto-unverified,male,2026,
p_578549beaf27,s_b556a2ec5eec,林 琴奈,はやし こんな,Konna Hayashi,auto-unverified,female,2029,
p_4f5543615373,s_125c345993b2,林 琴奈,はやし こんな,Konna Hayashi,auto-unverified,female,2029,
p_6f87f4c1a18e,,林田 万輪,はやしだ まりん,Marin Hayashida,estimated-low,female,,
p_7bca49b2fb45,s_6970404d991a,林田万輪,はやしだ まりん,Marin Hayashida,estimated-low,female,,
p_293a245f9766,s_1714851d6a29,柘植 柊二,つげ しゅうじ,Shuji Tsuge,auto-unverified,male,2029,
p_85a32a9ab912,,柳川 藤次郎,やながわ とうじろう,Tojiro Yanagawa,auto-unverified,male,,
p_557afcb73227,s_55d9c55a7223,柳谷 ひよ,やなぎや ひよ,Hiyo Yanagiya,estimated-medium,female,,
p_434fb6876ec0,,柳谷 ひよ,やなぎや ひよ,Hiyo Yanagiya,estimated-medium,female,,
p_f856beb9191f,s_0313dbb5a8d4,柴木 遼人,しばき りょうと,Ryoto Shibaki,auto-unverified,male,2028,
p_526b89951de9,s_5c7bf487b724,栗山 煌基,くりやま こうもと,Komoto Kuriyama,auto-unverified,male,2029,
p_3cf8a54a479a,s_6a4fb5e2d4d0,桜庭 禄碩,さくらば ろくせき,Rokuseki Sakuraba,estimated-low,male,2026,
p_c1f15b05f292,s_b466e773efb4,桜庭 禄碩,さくらば ろくせき,Rokuseki Sakuraba,estimated-low,male,2026,
p_c9a52e366b2a,s_1a174c1a7f4d,桜庭 禄碩,さくらば ろくせき,Rokuseki Sakuraba,estimated-low,male,2026,
p_147a89d3dbf1,s_428d18d9744e,梅本 りさ,うめもと りさ,Risa Umemoto,estimated-high,female,2027,
p_fee6e1b74201,s_73ba6414b2c0,梅本 りさ,うめもと りさ,Risa Umemoto,estimated-high,female,2027,
p_206e6c1169fe,,梅本 りさ,うめもと りさ,Risa Umemoto,estimated-high,female,,
p_69ea15079a63,s_4e341928988b,梶谷 真蒼,かじたに まっさお,Massao Kajitani,auto-unverified,male,2026,
p_5a4594f47e3e,s_17f623228004,森川 十季,もりかわ じゅうき,Juki Morikawa,auto-unverified,female,,
p_698ab18e950b,s_3fb7989abd6a,森本 来生,もりもと らいき,Raiki Morimoto,estimated-low,male,2028,
p_756035e177b6,s_8e2f0b5ca897,森藤 大晴,もりとう だいせい,Daisei Morito,auto-unverified,male,2028,
p_8b25fd562170,s_9db3459466c2,森部 起基,もりべ きもと,Kimoto Moribe,auto-unverified,male,2027,
p_401549ffa5a7,s_65289ffa9717,森部 起基,もりべ きもと,Kimoto Moribe,auto-unverified,male,2027,
p_57572cb1203b,s_f7bb7236eea1,森野寧斗,もりの ねいと,Neito Morino,auto-unverified,male,,
p_175d5335428b,s_b99f511c3d1c,植村 夏帆,うえむら かほ,Kaho Uemura,auto-unverified,female,2027,
p_a884d4d591f6,s_a6767164d57e,樋口 卓生,ひぐち たくお,Takuo Higuchi,auto-unverified,male,,
p_d0680406192d,s_55d9c55a7223,横内 優奈,よこうち ゆうな,Yuna Yokochi,auto-unverified,female,,
p_021373aad0cb,,横内 優奈,よこうち ゆうな,Yuna Yokochi,auto-unverified,female,,
p_a79f465d4cf9,s_9b1525459337,横山 幸太朗,よこやま こうたろう,Kotaro Yokoyama,auto-unverified,male,2027,
p_50387045ae83,s_c206682727b1,横山 頼,よこやま らい,Rai Yokoyama,auto-unverified,male,2028,
p_1306a1b853be,s_ebaca4be57c2,橋本 優那,はしもと ゆうな,Yuna Hashimoto,auto-unverified,female,2029,
p_390e8ebf7b7d,s_6970404d991a,橋本紅葉,はしもと もみじ,Momiji Hashimoto,estimated-medium,female,2028,
p_22329769ef11,,櫻井 巳冴希,さくらい しこまれ,Shikomare Sakurai,auto-unverified,male,,
p_ea58c3301dc7,s_c164080678d0,櫻澤 潤,さくらざわ じゅん,Jun Sakurazawa,auto-unverified,male,2028,
p_a491f3498772,s_0d6a9734ffe6,武田 堅太郎,たけだ けんたろう,Kentaro Takeda,auto-unverified,male,2027,
p_c5bd963261bf,s_1714851d6a29,武藤 崚世,むとう りょうよ,Ryoyo Muto,auto-unverified,male,2027,
p_f63058ec6372,,水口 響希,みずぐち きょうまれ,Kyomare Mizuguchi,auto-unverified,male,,
p_17f12facbdc5,s_87b98316eea3,水谷 海琉,みずたに かいる,Kairu Mizutani,estimated-medium,mixed,2026,
p_967af54f6e15,s_3fb7989abd6a,水野 優,みずの ゆう,Yu Mizuno,estimated-medium,female,2027,
p_ede7302f99a8,,永田 愛梨,ながた あいり,Airi Nagata,estimated-medium,female,,
p_2e87de2a2a07,s_55d9c55a7223,江坂 実桜,えさか みお,Mio Esaka,estimated-medium,female,,
p_12b1622b3bdf,,江坂 実桜,えさか みお,Mio Esaka,estimated-medium,female,,
p_67d748d45c80,s_9b788743112a,江川 昴,えがわ すばる,Subaru Egawa,estimated-high,male,,
p_cc60bc8995c0,s_a42622e4a516,江川 昴,えがわ すばる,Subaru Egawa,estimated-high,male,,
p_2f33759ae3b8,s_273b8c3c9221,池田優斗,いけだ ゆうと,Yuto Ikeda,auto-unverified,male,2027,
p_b2c695256db1,s_6d2a7a7db304,沖原 玖琉弥,おきはら くりゅうや,Kuryuya Okihara,auto-unverified,female,2026,
p_ec12b011759d,s_55d9c55a7223,河北 拓真,かほく たくま,Takuma Kahoku,auto-unverified,male,,
p_e96f8140d1c8,,河北 拓真,かほく たくま,Takuma Kahoku,auto-unverified,male,,
p_57255ef10c3a,s_0847a4bec37b,河野笑加,こうの わらいか,Waraika Kono,auto-unverified,female,,
p_9ec28fe907c2,s_b2f37a2d98e7,油谷 漱介,あぶらや そうすけ,Sosuke Aburaya,auto-unverified,male,2029,
p_f6a032b7b1a0,,浅井 晴太,あさい はるた,Haruta Asai,estimated-medium,male,,
p_a97bd5104623,s_d49f0085f458,浅田 彩七,あさだ あやな,Ayana Asada,estimated-medium,female,,
p_faf63b5a7fdf,s_6970404d991a,浦上唯那,うらがみ ただな,Tadana Uragami,auto-unverified,female,2028,
p_e3ac03bbf4f5,,深沢 雄介,ふかざわ ゆうすけ,Yusuke Fukazawa,auto-unverified,male,,
p_176ed0e197c6,s_ebf3d5891d4d,清本 増人,きよもと ぞうにん,Zonin Kiyomoto,auto-unverified,male,2029,
p_feddc152ec6e,s_5bf8f709728f,清本 貴秀,きよもと たかひで,Takahide Kiyomoto,estimated-medium,male,2027,
p_f9d70a42cf0e,,清本 貴秀,きよもと たかひで,Takahide Kiyomoto,estimated-medium,male,,
p_611ac1c58c3b,s_c73ed59d467e,清水 愛惟,しみず あいただ,Aitada Shimizu,auto-unverified,female,2028,
p_abfb715fb223,s_84b423a8c03c,清水 莉理,しみず りり,Riri Shimizu,auto-unverified,female,2029,
p_0883fb94ab51,,清水 莉理,しみず りり,Riri Shimizu,auto-unverified,female,,
p_312c0fed6882,s_b2534a8b8c91,清水莉理,しみず りり,Riri Shimizu,auto-unverified,female,,
p_ee0f1edcde83,,清藤 羽琉,せいとう はる,Haru Seito,estimated-low,female,,
p_abe5f91ee70d,,渡部 琴,わたなべ こと,Koto Watanabe,estimated-medium,female,,
p_70c34f6edb7f,s_a58cb9f0903c,滝深 心望,たきしん こころぼう,Kokorobo Takishin,auto-unverified,female,2028,
p_b9718498b105,s_a02965890899,滝深 心望,たきしん こころぼう,Kokorobo Takishin,auto-unverified,female,2028,
p_035236193ba2,s_f9350f9d893f,濱本 悠真,はまもと ゆうま,Yuma Hamamoto,estimated-medium,male,2029,
p_3f02513c5017,,猪俣 茉央,いのまた まお,Mao Inomata,auto-unverified,female,,
p_abd50d90ca3d,s_756914b388bf,猪狩 晴誠,いがり せいまこと,Seimakoto Igari,auto-unverified,male,,
p_c00c8382e2e2,s_1cbf687fca40,猪狩 晴誠,いがり せいまこと,Seimakoto Igari,auto-unverified,male,,
p_d8166205d76c,s_6970404d991a,田上桜,たがみ さくら,Sakura Tagami,estimated-medium,female,2026,
p_41a831f2a811,s_018e6a4a66b8,田中 大晴,たなか だいせい,Daisei Tanaka,auto-unverified,male,2029,
p_039ec517646b,s_e491bcaa6cff,田中彪輝,たなか ひょうてる,Hyoteru Tanaka,auto-unverified,male,2027,
p_76ba2fa916e9,s_67b3c3596003,田中成尚,たなか せいたかし,Seitakashi Tanaka,auto-unverified,male,2026,
p_46200bc73317,s_273b8c3c9221,田仲琉雅,たなか りゅうまさ,Ryumasa Tanaka,auto-unverified,male,2027,
p_d6e13a6227c5,s_e7e3b8363ba2,田室 光夏,たしつ ひかりなつ,Hikarinatsu Tashitsu,auto-unverified,female,2027,
p_e18415236955,s_e8bc0adf2667,田室光夏,たしつ ひかりなつ,Hikarinatsu Tashitsu,auto-unverified,female,,
p_eadff2e8da7b,s_6970404d991a,田崎猛蔵,たざき たけしくら,Takeshikura Tazaki,auto-unverified,male,2027,
p_9c5fbe3bed73,,田村 瑠唯,たむら るただ,Rutada Tamura,auto-unverified,male,,
p_e642f565848c,s_dbcde2bc4c52,田邊 武士,たなべ たけし,Takeshi Tanabe,estimated-medium,male,2024,
p_7487e144ab8d,s_fac31feeb4a4,申 東宙,しん とうま,Toma Shin,estimated-low,male,2026,
p_d46895de6408,s_73ba6414b2c0,町屋 朱理,まちや あかり,Akari Machiya,auto-unverified,female,2026,
p_bbf32462f821,s_55d9c55a7223,畑 凪咲,はた なぎさ,Nagisa Hata,estimated-high,female,,
p_feec2be7cdc0,,畑 凪咲,はた なぎさ,Nagisa Hata,estimated-high,female,,
p_2fb7b6ab05f1,s_273b8c3c9221,白木康友,しらき やすとも,Yasutomo Shiraki,auto-unverified,male,2025,
p_54a1aac8aed1,s_70b17712d4dc,目黒 風,めぐろ ふう,Fu Meguro,estimated-medium,female,,
p_ca1aadd93ccd,,目黒 風,めぐろ ふう,Fu Meguro,estimated-medium,female,,
p_88663b710ff4,s_2b0801191642,矢口 比奈子,やぐち ひなこ,Hinako Yaguchi,auto-unverified,female,2028,
p_ef8444502c53,s_f89719d828ae,矢島 葵,やじま あおい,Aoi Yajima,auto-unverified,female,2026,
p_596be68f1dae,s_e10beef08dba,矢島 葵,やじま あおい,Aoi Yajima,auto-unverified,female,2026,
p_4366dabb0a64,s_40984f60b5b5,矢島葵,やじま あおい,Aoi Yajima,auto-unverified,female,2026,
p_5d227f281784,s_df4492a4894e,矢野 優太,やの ゆうた,Yuta Yano,estimated-high,male,2029,
p_2528b2f82c47,s_5eb98a401f03,石井 陽菜,いしい ひな,Hina Ishii,estimated-medium,female,2027,
p_e50452ac9ae7,,石川 丈陽,いしかわ たけはる,Takeharu Ishikawa,auto-unverified,male,,
p_97de2a35bd22,s_158ecc71aa52,石川 莉帆,いしかわ りほ,Riho Ishikawa,auto-unverified,female,2029,
p_289ea5281c1b,s_879aba16b19d,石橋 佑一朗,いしばし ゆういちあきら,Yuichiakira Ishibashi,auto-unverified,male,2027,
p_d261b797bf64,s_f9350f9d893f,神本 健吾,かみもと けんご,Kengo Kamimoto,auto-unverified,male,2028,
p_0c2cabfaf6f8,s_1151dae6e4e9,神田 陽色,かんだ ひいろ,Hiiro Kanda,estimated-medium,female,2028,
p_6a85d1022bbc,s_f49659f0ec6b,神田 陽色,かんだ ひいろ,Hiiro Kanda,estimated-medium,female,2028,
p_7822c4cb6a08,,神田 陽色,かんだ ひいろ,Hiiro Kanda,estimated-medium,female,,
p_f0cb661248a2,s_67b3c3596003,神田歩夢,かんだ あゆむ,Ayumu Kanda,auto-unverified,male,2027,
p_a0b0fee78817,s_f9350f9d893f,神道 優奈,しんとう ゆうな,Yuna Shinto,auto-unverified,female,2027,
p_e896ecdb41a6,s_3aa56f947da7,秦 悠栞,はた ゆか,Yuka Hata,estimated-low,female,2026,
p_f2f5cd25ace1,s_3fb7989abd6a,稲垣 百花,いながき ももか,Momoka Inagaki,estimated-medium,female,2027,
p_9486a9a33e02,s_ac0cf85492f1,立花 暖斗,たちばな だんと,Danto Tachibana,auto-unverified,male,2028,
p_1c42244d5419,s_75a00845cc79,竹丸 理世,たけまる りせ,Rise Takemaru,estimated-medium,female,,
p_2c1e9d388aa8,s_b24cea07a289,米澤 祐太朗,よねざわ ゆうたろう,Yutaro Yonezawa,auto-unverified,male,2029,
p_6fa18f3a921d,s_ac0cf85492f1,米田 朔也,よねだ さくや,Sakuya Yoneda,auto-unverified,male,2028,
p_c9f21adde9c8,s_1714851d6a29,粂内 快斗,くめうち かいと,Kaito Kumeuchi,auto-unverified,male,2027,
p_fce5f20e0c84,s_6732890c2aef,細川 泰志,ほそかわ やすし,Yasushi Hosokawa,auto-unverified,male,2027,
p_44abdcad8c1b,s_c815c1428c4f,細川 泰志,ほそかわ やすし,Yasushi Hosokawa,auto-unverified,male,2027,
p_1ea77915891a,s_2ffa33232c8a,細川 泰志,ほそかわ やすし,Yasushi Hosokawa,auto-unverified,male,2027,
p_42754487787e,s_d17d77685c40,織間 恒成,しょくかん つねなり,Tsunenari Shokukan,auto-unverified,male,2027,
p_f84b6b34f0e1,s_6970404d991a,美麗智志,みれい さとし,Satoshi Mirei,auto-unverified,male,2026,
p_9b3723c85464,s_617b7c7bbbbf,花岡 星波,はなおか ほしなみ,Hoshinami Hanaoka,auto-unverified,female,2027,
p_b52466d953d6,s_f2799ebaa9f7,花田 結希乃,はなだ けつきの,Ketsukino Hanada,auto-unverified,female,2028,
p_2c529a89ea06,s_3d780bf4211d,花田 結希乃,はなだ けつきの,Ketsukino Hanada,auto-unverified,female,2028,
p_3f4b05166f9d,s_81655ce1de81,若月 颯太,わかつき そうた,Sota Wakatsuki,auto-unverified,male,,
p_91dae28efdc8,s_428d18d9744e,茂木 美桜,もてぎ みお,Mio Motegi,estimated-high,female,2027,
p_4ef310a3796d,s_73ba6414b2c0,茂木 美桜,もてぎ みお,Mio Motegi,estimated-high,female,2027,
p_7158a994ebcf,s_e843c37b1074,荒木 陽翔,あらき はると,Haruto Araki,estimated-high,male,2029,
p_63e9e03d3252,s_6970404d991a,荒木清太郎,あらき せいたろう,Seitaro Araki,estimated-high,male,,
p_35550d7cbf00,s_b2534a8b8c91,荒木陽翔,あらき はると,Haruto Araki,estimated-high,male,,
p_8e098c9ef12f,s_44e63b2528a0,荻窪 蒼萊,おぎくぼ あおらい,Aorai Ogikubo,auto-unverified,female,,
p_4ddd2ed4b646,s_7d4fa80a2266,菅原 優希,すがわら ゆうき,Yuki Sugawara,auto-unverified,male,2027,
p_586479608f93,s_c464d08d9033,菅原 妃奈乃,すがわら ひなの,Hinano Sugawara,auto-unverified,female,,
p_ae15523c62c2,s_a87ab68bad5c,菅野 悠香,かんの ゆうかおり,Yukaori Kanno,auto-unverified,female,,
p_120a881dd968,s_d05f3abb62eb,華 卓逸,はな たくいつ,Takuitsu Hana,estimated-low,female,2027,
p_a2f554bc8908,,華 卓逸,はな たくいつ,Takuitsu Hana,estimated-low,female,,
p_4e13f8006a02,s_0d6a9734ffe6,落合 優朔,おちあい ゆうさく,Yusaku Ochiai,auto-unverified,male,2027,
p_0a5996c639f9,s_6970404d991a,落合虹凪,おちあい にじなぎ,Nijinagi Ochiai,auto-unverified,female,2027,
p_f5431dd6584c,s_0313dbb5a8d4,蓑手 陽和,みのて ひより,Hiyori Minote,estimated-medium,male,2026,
p_c1c024e6a9dd,s_55d9c55a7223,藤井 響,ふじい ひびき,Hibiki Fujii,estimated-medium,male,,
p_614d1b09d6fe,s_67b3c3596003,藤井蒼,ふじい あお,Ao Fujii,estimated-medium,female,2026,
p_d58db4c89c1c,s_3aa56f947da7,藤原 れあ,ふじわら れあ,Rea Fujiwara,estimated-high,female,2028,
p_a7ab32f99671,s_41343307d8f4,藤原 れあ,ふじわら れあ,Rea Fujiwara,estimated-high,female,2028,
p_5ee0ea7b22eb,s_a955407dfbda,藤木竜,ふじき りゅう,Ryu Fujiki,auto-unverified,male,,
p_7c39c854b95e,s_25cf4c4abbb7,藤本 華,ふじもと はな,Hana Fujimoto,estimated-low,female,,
p_4ea9d324092b,s_59dc603b18f5,藤池 明輝,ふじいけ めいき,Meiki Fujiike,auto-unverified,male,2027,
p_22972d724c02,s_b1b2ff0eb0c8,藤田 乃衣,ふじた のころも,Nokoromo Fujita,auto-unverified,female,2029,
p_7add8d47d327,,藤田 拓真,ふじた たくま,Takuma Fujita,auto-unverified,male,,
p_d3183388a639,s_daece5d3e34b,藤田 理玖,ふじた りく,Riku Fujita,auto-unverified,male,2026,
p_073adfd6c4f9,s_cd170db16c52,西下 魁生真,にしした かいなままこと,Kainamamakoto Nishishita,auto-unverified,male,2028,
p_fbd1e133a703,s_f9350f9d893f,西口 葵,にしぐち あおい,Aoi Nishiguchi,auto-unverified,female,2027,
p_6d99b20e4e38,s_c556cd2823e1,西園莉子,にしぞの りこ,Riko Nishizono,auto-unverified,female,,
p_101edff5ab35,s_6970404d991a,西山こころ,にしやま こころ,Kokoro Nishiyama,estimated-high,female,2026,
p_1a6e46529ad3,s_790498826146,西脇 優衣,にしわき ゆい,Yui Nishiwaki,estimated-high,female,,
p_3993b0d00d5a,s_556aff7d509e,西脇 優衣,にしわき ゆい,Yui Nishiwaki,estimated-high,female,,
p_abb8770a3be8,,見永 桃花,けんえい とうか,Toka Kenei,auto-unverified,female,,
p_84208129fa39,s_101d2ffdd69f,谷岡 陽向,たにおか ひなた,Hinata Tanioka,auto-unverified,male,2027,
p_552b0a7a0f7d,s_e77272022522,辻󠄀 有紗,つじ ありさ,Arisa Tsuji,auto-unverified,female,2029,
p_c264ca86190e,s_666d468be1bb,近藤 愛,こんどう あい,Ai Kondo,estimated-medium,female,2028,
p_f7b4e1f27a88,s_3873383e0718,逢坂 遥,おうさか はるか,Haruka Osaka,estimated-medium,female,2026,
p_b71544405445,s_84f9229ccddb,逢坂 遥,おうさか はるか,Haruka Osaka,estimated-medium,female,2026,
p_957355fda95c,s_f88a43a3dd63,遠田 蒼來,とおだ そら,Sora Tooda,auto-unverified,female,,
p_e9b01e5fb715,s_63f718455899,遠藤 美空,えんどう みそら,Misora Endo,estimated-medium,female,,
p_d1532ecb885d,s_4e341928988b,野村 壮志,のむら そうし,Soshi Nomura,auto-unverified,male,2027,
p_ff6fb445101c,s_428d18d9744e,野田 昊佑,のだ こうゆう,Koyu Noda,auto-unverified,male,2026,
p_4a6814c23a11,s_25feabee0cb1,金子 馴,かねこ じゅん,Jun Kaneko,auto-unverified,male,,
p_aa167152140b,s_fc5d4f422435,金岡 璃古,かねおか りこ,Riko Kaneoka,estimated-medium,female,2029,
p_8b09d6a46bae,,金岡 璃古,かねおか りこ,Riko Kaneoka,estimated-medium,female,,
p_9a10e5d29950,s_f731df7c3d42,鈴木 ひなの,すずき ひなの,Hinano Suzuki,auto-unverified,female,2027,
p_5b98002298ca,s_55d9c55a7223,鈴木 友渚,すずき ともなぎさ,Tomonagisa Suzuki,auto-unverified,female,,
p_dc46f9335c9c,,鈴木 友渚,すずき ともなぎさ,Tomonagisa Suzuki,auto-unverified,female,,
p_4750571d30f7,s_53786ac7b925,鈴木 柊里,すずき しゅり,Shuri Suzuki,estimated-low,female,2026,
p_957cb0857801,s_d06027ff6036,鈴木 柊里,すずき しゅり,Shuri Suzuki,estimated-low,female,2026,
p_564dfb7e6ac7,s_7b0cc4e53803,長田 芽依,ながた めい,Mei Nagata,estimated-medium,female,2027,
p_a3f9a185fa81,s_887978206b75,長谷川 希愛,はせがわ まれあい,Mareai Hasegawa,auto-unverified,female,2026,
p_04a7a060ed8d,s_f7259103d0e7,長谷川 愛,はせがわ あい,Ai Hasegawa,estimated-medium,female,2027,
p_e1a4369b3521,s_cc18ad51bda5,長谷川 虎之丞,はせがわ とらゆきじょう,Torayukijo Hasegawa,auto-unverified,male,2028,
p_706a1ff4eafb,s_7eb4f55c1dec,長谷川 虎之丞,はせがわ とらゆきじょう,Torayukijo Hasegawa,auto-unverified,male,2028,
p_be5e17c50d38,s_3fb7989abd6a,関谷 善成,せきや よしなり,Yoshinari Sekiya,auto-unverified,male,2027,
p_bbd3cc49d479,s_101d2ffdd69f,阪本 颯太,さかもと そうた,Sota Sakamoto,auto-unverified,male,2027,
p_0aa56b7a7124,s_3aa56f947da7,青井 姫奈,あおい ひな,Hina Aoi,estimated-medium,female,2026,
p_b8f90e4f065c,s_a97fa5f1ba1f,飯塚 吾弥女,いいづか われやおんな,Wareyaonna Iizuka,auto-unverified,female,2029,
p_40b9d0bb707e,s_0a09bd8f759a,飯塚 晃紘,いいづか あきらこう,Akirako Iizuka,auto-unverified,male,2028,
p_f9ebe405d095,s_b99f511c3d1c,首藤 姫奈,しゅとう ひな,Hina Shuto,auto-unverified,female,2028,
p_9ef4009408da,,高 隆睿,たか たかあき,Takaaki Taka,estimated-low,male,,
p_ef128ecc1c04,s_5849faf4c3ea,高屋 駿,たかや しゅん,Shun Takaya,auto-unverified,male,2026,
p_09d79d809fca,s_e00561f46cd6,高木 優斗,たかぎ ゆうと,Yuto Takagi,auto-unverified,male,2028,
p_8527430121e5,s_08557563bf94,高橋 なな美,たかはし ななび,Nanabi Takahashi,auto-unverified,female,2026,
p_da00b1270901,s_cf3e4cd520dc,高橋 友昭,たかはし ともあき,Tomoaki Takahashi,auto-unverified,male,,
p_42980d645b33,s_65b48ebdb6ac,高橋 桜月,たかはし おうが,Oga Takahashi,estimated-low,male,2028,
p_0fb6e5a01ee7,s_0d7d11f287db,高橋 桜月,たかはし おうが,Oga Takahashi,estimated-low,male,,
p_98464ef22674,s_65b48ebdb6ac,高橋 流桜,たかはし るか,Ruka Takahashi,estimated-low,male,2026,
p_29f1fbe236da,s_3fb7989abd6a,高津 世和,たかつ せな,Sena Takatsu,estimated-low,female,2027,
p_973ece7a9e9c,s_d95d65913486,高田 あかり,たかだ あかり,Akari Takada,auto-unverified,female,2028,
p_5d9e94d213d2,s_f5135763d1c0,高田 優妃,たかだ ゆうきさき,Yukisaki Takada,auto-unverified,female,,
p_bcc912759895,s_428d18d9744e,高田 将,たかだ しょう,Sho Takada,estimated-medium,male,2026,
p_9dcd88eebd5e,s_73ba6414b2c0,高田 将,たかだ しょう,Sho Takada,estimated-medium,male,2026,
p_6eb4cdd11423,s_26a1430681b7,高田英太郎,たかだ えいたろう,Eitaro Takada,auto-unverified,male,2028,
p_f431449d28a0,,髙坂信一郎,こうさか しんいちろう,Shinichiro Kosaka,estimated-medium,male,,
p_5e912882959e,s_101d2ffdd69f,髙城 颯佑,さつゆう,Satsuyu,auto-unverified,male,2027,
p_6604aec234f0,s_77ee99610b67,髙屋 駿,たかや しゅん,Shun Takaya,estimated-medium,male,,
p_b5f2a2ef2676,s_55d9c55a7223,髙岸 花識,たかぎし はなしき,Hanashiki Takagishi,auto-unverified,female,,
p_ce989912f660,s_55d9c55a7223,髙木 楓夏,たかぎ ふうか,Fuka Takagi,auto-unverified,female,,
p_280c905b839e,,髙木 楓夏,たかぎ ふうか,Fuka Takagi,auto-unverified,female,,
p_50fd6a6cc43d,s_75a00845cc79,髙松 寧々,たかまつ ねね,Nene Takamatsu,estimated-high,female,,
p_08ed849a263a,s_bdfac018dcee,髙橋 一誠,たかはし いっせい,Issei Takahashi,auto-unverified,male,2027,
p_b77753361e22,s_e6ac67fb746a,髙橋 湊,たかはし みなと,Minato Takahashi,estimated-high,male,2027,
p_d5f90805d44e,s_9b788743112a,髙橋 美琴,たかはし みこと,Mikoto Takahashi,estimated-high,female,2027,
p_42d1ccd077fa,,髙田 あかり,たかだ あかり,Akari Takada,auto-unverified,female,,
p_f0edef0ec6bf,s_0483c33f2744,髙田 嘩琳,たかだ かりん,Karin Takada,estimated-medium,female,2025,
p_15507192932b,s_428d18d9744e,髙田 将,たかだ しょう,Sho Takada,estimated-medium,male,2026,
p_83bf1575daf2,s_caab5dae119b,髙田 英太郎,たかだ えいたろう,Eitaro Takada,auto-unverified,male,2028,
p_f10cf85f3468,s_26a1430681b7,髙田 英太郎,たかだ えいたろう,Eitaro Takada,auto-unverified,male,2028,
p_267d3242bd24,s_3030280da349,髙田英太郎,たかだ えいたろう,Eitaro Takada,auto-unverified,male,2028,
p_c57cc5baea77,,黒木 夢,くろき ゆめ,Yume Kuroki,estimated-high,female,,
p_1df0fef739b5,s_4e341928988b,黒瀬 雄一,くろせ ゆういち,Yuichi Kurose,auto-unverified,male,2026,
p_5bad5f0d866f,s_e32725255fa1,齊藤 柚稀,さいとう ゆずき,Yuzuki Saito,auto-unverified,female,2027,
p_7e111ae234e4,s_9416353363cd,齋藤 真平,さいとう まことたいら,Makototaira Saito,auto-unverified,male,2029,
p_052aca173f40,s_6970404d991a,齋藤陽彩,さいとう ようさい,Yosai Saito,auto-unverified,female,,
p_2be663898d76,s_0d6a9734ffe6,龍山 稜,たつやま りょう,Ryo Tatsuyama,auto-unverified,male,2028,
p_b6c6a80b952b,s_4e341928988b,ｴｽﾞﾃﾞﾝｼちなさ,え ずでんしちなさ,Zudenshichinasa E,auto-unverified,female,,
p_10eba2cbe4d7,s_5e65078a86eb,三崎滉司,みさき こうじ,Koji Misaki,estimated-high,male,2026,三重県
p_0441143668cf,s_5e65078a86eb,三﨑滉司,みさき こうじ,Koji Misaki,estimated-high,male,2026,三重県
p_714b60b61b45,s_72e915d80610,中西陽菜乃,なかにし はるなの,Harunano Nakanishi,auto-unverified,female,2027,三重県
p_bf55e56b3ce8,s_72e915d80610,中谷哉音,なかたに やおと,Yaoto Nakatani,auto-unverified,male,,三重県
p_fc63669a5857,s_bc449ef8f4a5,久保 美紗貴,くぼ みさき,Misaki Kubo,estimated-medium,female,2025,三重県
p_0d384328ae5c,s_bc449ef8f4a5,久保美友貴,くぼび ゆうき,Yuki Kubobi,auto-unverified,female,,三重県
p_ac6e6f2ccbf8,s_5e65078a86eb,位田勝海,いでん かつみ,Katsumi Iden,auto-unverified,male,2028,三重県
p_e564c4eaa789,s_5e65078a86eb,北浦 大暉,きたうら だいき,Daiki Kitaura,estimated-medium,male,2026,三重県
p_f585d642fd1e,s_72e915d80610,吉川 奏風,よしかわ そうた,Sota Yoshikawa,estimated-low,male,2026,三重県
p_387f940d35cb,s_bc449ef8f4a5,吉川夏優,よしかわ なつゆう,Natsuyu Yoshikawa,auto-unverified,male,2029,三重県
p_f369f8af805b,s_5e65078a86eb,大川怜兎,おおかわ れいうさぎ,Reiusagi Okawa,auto-unverified,male,,三重県
p_8abc490f12cd,s_72e915d80610,家崎 日向,いえさき ひなた,Hinata Iesaki,estimated-medium,male,2025,三重県
p_a07d9dcef2c0,,岡田 健太郎,おかだ けんたろう,Kentaro Okada,estimated-high,male,,三重県
p_dfed41944edf,s_16f54725cf31,川嵜晃生,かわさき こうせい,Kosei Kawasaki,estimated-medium,male,2026,三重県
p_4dde8dd1c885,s_5e65078a86eb,木場冴乃,きば さえの,Saeno Kiba,estimated-medium,female,2026,三重県
p_1b485c581650,s_5e65078a86eb,松本哲聖,まつもと てっせい,Tessei Matsumoto,estimated-medium,male,2028,三重県
p_6aec2b82632c,s_5e65078a86eb,松田雫,まつだ しずく,Shizuku Matsuda,estimated-high,female,2026,三重県
p_ee149d85f2df,s_5e65078a86eb,林美凪,はやし みなぎ,Minagi Hayashi,estimated-medium,female,2025,三重県
p_fa3a2580059a,s_118e82051108,柳瀬妃七子,やなせ ひなこ,Hinako Yanase,estimated-low,female,2024,三重県
p_c40b94c6bec1,s_118e82051108,森田こころ,もりた こころ,Kokoro Morita,estimated-high,female,,三重県
p_b81e0d175e7e,s_72e915d80610,橋本 拓英,はしもと たくえい,Takuei Hashimoto,estimated-low,male,2025,三重県
p_2bac48a33232,s_bc449ef8f4a5,橋本英知,はしもと えいち,Eichi Hashimoto,auto-unverified,male,2028,三重県
p_7c88749a4b5b,s_118e82051108,石垣 龍之介,いしがき りゅうのすけ,Ryunosuke Ishigaki,estimated-high,male,2026,三重県
p_cb18df91948f,s_5e65078a86eb,稲葉心都,いなば こころみやこ,Kokoromiyako Inaba,auto-unverified,female,2029,三重県
p_a71331d4cdbd,s_72e915d80610,藤原 遼生,ふじわら りょうせい,Ryosei Fujiwara,estimated-medium,male,2025,三重県
p_ac008408f80b,s_5e65078a86eb,関本憲臣,せきもと のりおみ,Noriomi Sekimoto,estimated-medium,male,2025,三重県
p_23f9066849f7,s_72e915d80610,𠮷川 奏風,よしかわ そうた,Sota Yoshikawa,estimated-low,male,2026,三重県
p_1a99eda76e0e,s_d6caf0d09ef1,三浦 百枝,みうら ももえ,Momoe Miura,estimated-high,female,,京都
p_fe90f2dddbac,s_e4baa7684553,中西 瑠海,なかにし るうみ,Ruumi Nakanishi,auto-unverified,female,2029,京都
p_8aa5b18c8ff0,s_d6caf0d09ef1,加藤 祐子,かとう ゆうこ,Yuko Kato,estimated-high,female,2026,京都
p_e50302b7b4e8,s_12e7d141ed23,吉田 健,よしだ たけし,Takeshi Yoshida,auto-unverified,male,2028,京都
p_435acb2ca4d3,s_12e7d141ed23,坂下 一花,さかした ひとはな,Hitohana Sakashita,auto-unverified,female,2028,京都
p_396b46e4b2f4,s_8874339dcd33,夜久 愛絵,やく あいえ,Aie Yaku,auto-unverified,female,2025,京都
p_afdfb8ed316e,s_39d897d94bfa,大槻 呼幸,おおつき こさち,Kosachi Ootsuki,auto-unverified,female,2029,京都
p_de6c5beac4c8,s_1014af934e66,大藪 優凛,おおやぶ ゆうりん,Yurin Oyabu,auto-unverified,female,2027,京都
p_bfa5c77c8fda,s_1014af934e66,大藪 優凜,おおやぶ ゆうりん,Yurin Oyabu,auto-unverified,female,2027,京都
p_fd22d79093de,s_c41039feac10,小川 真央,おがわ まお,Mao Ogawa,estimated-high,female,2028,京都
p_d72e56fb3278,s_25eb38e5c667,山仲 翔大,やまなか しょうだい,Shodai Yamanaka,auto-unverified,male,2027,京都
p_adb24ca7d052,s_56b1e3353769,打越 友梨,うちこし ゆり,Yuri Uchikoshi,auto-unverified,female,2025,京都
p_7124ddf88b2a,s_42076243163f,木崎 哉汰,きざき やた,Yata Kizaki,auto-unverified,male,2026,京都
p_eadab13a9fed,s_2ddccc5cf4fe,木崎 哉汰,きざき やた,Yata Kizaki,auto-unverified,male,2026,京都
p_7b2f8910bcf6,s_12e7d141ed23,李 華帆,すもも はなほ,Hanaho Sumomo,auto-unverified,female,2025,京都
p_1c5b91519546,s_670abcd904dc,棈松 苺果,いちか,Ichigoka,auto-unverified,female,2028,京都
p_ef31070efe81,s_87a05ed6d815,武市 慶一朗,たけいち けいいちろう,Keiichiro Takeichi,auto-unverified,male,2027,京都
p_fd9add4f19e7,s_1014af934e66,田中 優成,たなか ゆうせい,Yusei Tanaka,estimated-high,male,2029,京都
p_4e4f511fc36d,s_98fac310cc51,田中 光,たなか ひかる,Hikaru Tanaka,estimated-low,female,2027,京都
p_c9483c38c4bc,s_8874339dcd33,笠井 泰芽,かさい やすしめ,Yasushime Kasai,auto-unverified,male,2029,京都
p_125eebcf4ffc,s_12e7d141ed23,藤田 千裕,ふじた ちひろ,Chihiro Fujita,auto-unverified,female,2027,京都
p_4aca4a2a7e78,s_00ea659f7a2c,西澤 梓,にしざわ あずさ,Azusa Nishizawa,estimated-high,female,2026,京都
p_e8ad82f2a6b7,s_25eb38e5c667,西澤 梓,にしざわ あずさ,Azusa Nishizawa,estimated-high,female,2027,京都
p_1289433cc8a9,s_a4163fe7de5b,足立 莉子,あだち りこ,Riko Adachi,auto-unverified,female,2026,京都
p_202acf8a497e,s_8874339dcd33,辻 啓太朗,つじ けいたあきら,Keitaakira Tsuji,auto-unverified,male,2029,京都
p_bf087099045b,s_12e7d141ed23,野田 葵,のだ あおい,Aoi Noda,auto-unverified,female,2028,京都
p_978ca17f65e2,s_8874339dcd33,雑賀 央祐,さいか おうすけ,Osuke Saika,auto-unverified,male,2027,京都
p_738e81c5b03f,s_25eb38e5c667,高松 泰豊,たかまつ やすしゆたか,Yasushiyutaka Takamatsu,auto-unverified,male,2027,京都
p_9432202ee717,s_12e7d141ed23,坂下 一咲,さかした いさき,Isaki Sakashita,estimated-low,female,2024,京都府
p_4841492ca7a8,s_12e7d141ed23,川崎笑瑚,かわさき えみこ,Emiko Kawasaki,estimated-low,female,2026,京都府
p_f723f6e1876d,s_12e7d141ed23,川﨑 笑瑚,かわさき えみこ,Emiko Kawasaki,estimated-low,female,2026,京都府
p_0da4a1921352,s_8874339dcd33,池内 煌斉,いけうち こうせい,Kosei Ikeuchi,estimated-medium,male,2024,京都府
p_899d1fded482,,宮崎 大馳,みやざき だいち,Daichi Miyazaki,estimated-medium,male,,佐賀県
p_588726f4c4b3,s_06fc9646cabd,バトボルド アナンダ,ばとぼるど あなんだ,Ananda Batoborudo,auto-unverified,male,2028,兵庫
p_9129105936cf,s_06fc9646cabd,三浦 由羅,みうら ゆら,Yura Miura,estimated-medium,female,2027,兵庫
p_ae22933881ec,s_8c32576f4512,上川 琳太郎,かみかわ りんたろう,Rintaro Kamikawa,auto-unverified,male,2028,兵庫
p_ed42e3aa02b3,s_06fc9646cabd,内藤 心音,ないとう ここね,Kokone Naito,auto-unverified,female,2028,兵庫
p_928c74de9d6a,s_30cfb402f127,古本 聖直,ふるほん ひじりちょく,Hijirichoku Furuhon,auto-unverified,male,2028,兵庫
p_9c7e2ffaca15,s_26d9fedfbdca,名田 真子,なだ まこ,Mako Nada,estimated-medium,female,2027,兵庫
p_bf83f3dbdd70,s_8c32576f4512,大江 幸太郎,おおえ こうたろう,Kotaro Ooe,auto-unverified,male,2028,兵庫
p_733f69a4eace,s_06fc9646cabd,室崎 羽奏,むろさき はねそう,Haneso Murosaki,auto-unverified,female,2029,兵庫
p_f2e7fcb85bd1,s_06fc9646cabd,山本 紗李衣,やまもと さりえ,Sarie Yamamoto,auto-unverified,female,2028,兵庫
p_e7a1584e98ae,s_8c32576f4512,山田 泰空,やまだ やすしそら,Yasushisora Yamada,auto-unverified,male,2027,兵庫
p_c8e0c1937ba8,s_dd543ffe4d1e,川野 結奈,かわの ゆな,Yuna Kawano,estimated-medium,female,2027,兵庫
p_b454b2cdec39,s_e09be288d2eb,木村 斗茉,きむら とまつ,Tomatsu Kimura,auto-unverified,male,2027,兵庫
p_29f4489d6381,s_06fc9646cabd,松岡 悠加,まつおか ゆうか,Yuka Matsuoka,auto-unverified,female,2027,兵庫
p_389b7bd7c744,s_06fc9646cabd,梶野 亜里沙,かじの ありさ,Arisa Kajino,auto-unverified,female,2027,兵庫
p_caeb8f3ea963,s_06fc9646cabd,牛尾 任喜,うしお にんき,Ninki Ushio,auto-unverified,male,2028,兵庫
p_3a8faa2aa934,s_06fc9646cabd,牟田 翔生,むた しょうせい,Shosei Muta,auto-unverified,male,2027,兵庫
p_2574929b245d,s_8c32576f4512,田坂 凰太,たさか おうた,Ota Tasaka,auto-unverified,male,2027,兵庫
p_b26dde5c0906,s_608a7d103f65,田浦 玄尋,たうら げんじん,Genjin Taura,auto-unverified,male,2027,兵庫
p_c0f0f8ed4667,s_06fc9646cabd,白石 優音,しろいし ゆうおと,Yuoto Shiroishi,auto-unverified,female,2027,兵庫
p_a0b896cfc9d6,s_26d9fedfbdca,福下 ひなの,ふくした ひなの,Hinano Fukushita,auto-unverified,female,2028,兵庫
p_d8e2f19134b5,s_9bb9689d39fc,西村 空晃,にしむら そらあきら,Soraakira Nishimura,auto-unverified,male,2027,兵庫
p_d2107e996964,s_8c32576f4512,貴田 隆太,きだ りゅうた,Ryuta Kida,auto-unverified,male,2028,兵庫
p_f75830e4d1d4,s_8c32576f4512,迎山 和資,げいやま わし,Washi Geiyama,auto-unverified,male,2028,兵庫
p_9ce38d548a4a,s_06fc9646cabd,重森 伊緒里,しげもり いおさと,Iosato Shigemori,auto-unverified,female,2029,兵庫
p_c10a80aabc11,s_06fc9646cabd,金沢 幸來,かなざわ ゆき,Yuki Kanazawa,auto-unverified,female,2027,兵庫
p_ea89b4e9b09f,s_06fc9646cabd,高山 ささら,たかやま ささら,Sasara Takayama,auto-unverified,female,2028,兵庫
p_43407735da6f,s_06fc9646cabd,ユヘリン,ゆ へりん,Herin Yu,estimated-medium,female,2025,兵庫県
p_1fedd8d3c221,s_06fc9646cabd,中尾 夢彩,なかお ゆあ,Yua Nakao,estimated-low,female,2026,兵庫県
p_8058c022ed49,s_06fc9646cabd,中島 七海,なかじま ななみ,Nanami Nakajima,estimated-high,female,2024,兵庫県
p_39ff5712de36,s_30cfb402f127,中村颯志,なかむら そうし,Soshi Nakamura,estimated-medium,male,2026,兵庫県
p_011d979870f1,s_06fc9646cabd,佐々幸史朗,ささゆき しろう,Shiro Sasayuki,estimated-low,male,2026,兵庫県
p_fce7a3746694,s_06fc9646cabd,名田莉子,なだ りこ,Riko Nada,estimated-medium,female,2027,兵庫県
p_f24544304816,s_06fc9646cabd,大西 晃盟,おおにし こうめい,Komei Onishi,estimated-low,male,2027,兵庫県
p_178dcd447ef8,s_06fc9646cabd,大西 穂佳,おおにし ほのか,Honoka Onishi,estimated-low,female,2026,兵庫県
p_16a4db0b6588,s_30cfb402f127,小川 海音,おがわ みおん,Mion Ogawa,estimated-low,female,2028,兵庫県
p_5b4a001e91fc,s_30cfb402f127,尹大治,いん だいじ,Daiji Yun,estimated-low,male,2027,兵庫県
p_8754855f0d63,s_06fc9646cabd,山下倖輝,やました こうき,Koki Yamashita,estimated-medium,male,2026,兵庫県
p_d3ea964333d3,s_8c32576f4512,山内 祐輝,やまうち ゆうき,Yuki Yamauchi,estimated-medium,male,2026,兵庫県
p_a1a46c066aad,s_06fc9646cabd,山田眞生,やまだ まお,Mao Yamada,estimated-medium,female,2029,兵庫県
p_79db46374779,s_06fc9646cabd,山田胡花,やまだ このか,Konoka Yamada,estimated-medium,female,2024,兵庫県
p_869382d330b5,s_69e7537c6869,川野 結奈,かわの ゆな,Yuna Kawano,estimated-medium,female,2027,兵庫県
p_4ddc0b759977,s_06fc9646cabd,市橋愛惟未,いちはし あいみ,Aimi Ichihashi,estimated-low,female,2026,兵庫県
p_fa26d8f78fa0,s_f66073f71bfb,後藤 あい,ごとう あい,Ai Goto,estimated-high,female,2027,兵庫県
p_f921d8697d5e,s_30cfb402f127,本庄 暁陽,ほんじょう あきひ,Akihi Honjo,estimated-low,female,2027,兵庫県
p_f3e19efdc2b2,s_06fc9646cabd,本田大凱,ほんだ たいが,Taiga Honda,estimated-low,male,2028,兵庫県
p_f2f04c901001,s_30cfb402f127,松岡美幸,まつおか みゆき,Miyuki Matsuoka,estimated-high,female,2026,兵庫県
p_0935e9ee882f,s_30cfb402f127,松本來海,まつもと くるみ,Kurumi Matsumoto,estimated-medium,female,2026,兵庫県
p_1b03cfa34604,s_30cfb402f127,柳田圭輝,やなぎだ けいき,Keiki Yanagida,estimated-medium,male,2027,兵庫県
p_5fa68191860c,s_30cfb402f127,梅津 桜子,うめづ さくらこ,Sakurako Umezu,estimated-high,female,2026,兵庫県
p_34b7f9fbd2a3,s_06fc9646cabd,梶野亜理沙,かじの ありさ,Arisa Kajino,estimated-medium,female,2027,兵庫県
p_0718ddd95500,s_06fc9646cabd,森なずな,もり なずな,Nazuna Mori,estimated-high,female,2025,兵庫県
p_af42dc592abe,s_8c32576f4512,森下 雅頌,もりした まさのぶ,Masanobu Morishita,estimated-low,mixed,,兵庫県
p_1fea4c4fb7d8,s_8c32576f4512,森下雅頌,もりした まさのぶ,Masanobu Morishita,estimated-low,male,2028,兵庫県
p_fbfecd294a57,s_06fc9646cabd,森本 樹,もりもと いつき,Itsuki Morimoto,estimated-medium,male,2027,兵庫県
p_803460ca3ee2,s_06fc9646cabd,楢崎 王牙,ならざき おうが,Oga Narazaki,estimated-medium,male,2024,兵庫県
p_1ef5903ae38b,s_06fc9646cabd,権藤 大樹,ごんどう だいき,Daiki Gondo,estimated-medium,male,2027,兵庫県
p_4724802af27b,s_06fc9646cabd,河崎 涼太,かわさき りょうた,Ryota Kawasaki,estimated-medium,male,2025,兵庫県
p_901624f8975d,s_06fc9646cabd,河﨑涼太,かわさき りょうた,Ryota Kawasaki,estimated-high,male,2025,兵庫県
p_eaa71aeeb618,s_06fc9646cabd,淺井亮志,あさい りょうじ,Ryoji Asai,estimated-medium,male,2025,兵庫県
p_b5edbddadafc,s_30cfb402f127,清水藍生斗,しみず あいと,Aito Shimizu,estimated-low,male,2027,兵庫県
p_df92aafb60bf,s_06fc9646cabd,田窪 葵,たくぼ あおい,Aoi Takubo,auto-unverified,female,,兵庫県
p_02c8f3d7647e,s_06fc9646cabd,畠山 葵,はたけやま あおい,Aoi Hatakeyama,estimated-high,female,2027,兵庫県
p_9624857481ec,s_06fc9646cabd,白谷 涼透,しらたに りょうと,Ryoto Shiratani,estimated-medium,male,2025,兵庫県
p_e333de2d16a4,s_06fc9646cabd,真下 彩羽,ました いろは,Iroha Mashita,estimated-medium,female,2028,兵庫県
p_75f4a6d317f5,s_06fc9646cabd,真下海空,ました みく,Miku Mashita,estimated-low,female,2026,兵庫県
p_9c93f0814f24,s_8c32576f4512,福原 佑樹,ふくはら ゆうき,Yuki Fukuhara,estimated-high,male,2026,兵庫県
p_9067dac8674a,s_30cfb402f127,福原夢羽,ふくはら ゆう,Yu Fukuhara,estimated-low,male,2026,兵庫県
p_5fdeabbcdb14,s_06fc9646cabd,福田 美来,ふくだ みく,Miku Fukuda,estimated-medium,female,2028,兵庫県
p_7c3971b6a192,s_30cfb402f127,窪田 光姫,くぼた みつき,Mitsuki Kubota,estimated-low,female,2026,兵庫県
p_78282c3bc636,s_06fc9646cabd,細峪七々,ほそざこ なな,Nana Hosozako,estimated-low,female,2024,兵庫県
p_def2e43c79d8,s_e05bbb2e6eb0,船岡誠志郎,ふなおか せいしろう,Seishiro Funaoka,estimated-medium,male,2025,兵庫県
p_564ee936894d,s_06fc9646cabd,花園 一真,はなぞの かずま,Kazuma Hanazono,estimated-medium,male,2029,兵庫県
p_36c9b0a14d4a,s_06fc9646cabd,藤原 奈々,ふじわら なな,Nana Fujiwara,estimated-high,female,2026,兵庫県
p_b21f1f6c2430,s_06fc9646cabd,藤澤 聖太,ふじさわ しょうた,Shota Fujisawa,estimated-medium,male,2026,兵庫県
p_a2c5ed676d80,s_30cfb402f127,藤生すみれ,ふじう すみれ,Sumire Fujiu,estimated-medium,female,2026,兵庫県
p_80610e21f296,s_06fc9646cabd,藪内優衣,やぶうち ゆい,Yui Yabuchi,estimated-medium,female,2024,兵庫県
p_69788e181a0f,s_06fc9646cabd,西倉七乃葉,にしくら なのは,Nanoha Nishikura,estimated-medium,female,2027,兵庫県
p_5aa227256f31,s_30cfb402f127,西川尚大,にしかわ なおひろ,Naohiro Nishikawa,estimated-low,male,2028,兵庫県
p_a340f72cdccb,s_30cfb402f127,西本 世蘭,にしもと せいら,Seira Nishimoto,estimated-low,female,2027,兵庫県
p_95a86fbf5001,s_06fc9646cabd,赤穂 未来,あこう みらい,Mirai Ako,estimated-medium,female,2029,兵庫県
p_efcdf1178614,s_30cfb402f127,辻本 莉音,つじもと りお,Rio Tsujimoto,estimated-medium,female,2026,兵庫県
p_c3f6d8ef99ff,s_30cfb402f127,進藤太雅,しんどう たいが,Taiga Shindo,estimated-high,male,2025,兵庫県
p_f59c98c3d8a7,s_06fc9646cabd,道上 嵩琉,みちがみ たける,Takeru Michigami,estimated-low,male,2028,兵庫県
p_3b82819554f8,s_30cfb402f127,酒井 理琴,さかい りこ,Riko Sakai,estimated-medium,female,2025,兵庫県
p_a24a52011386,s_30cfb402f127,酒井 美愛,さかい みあ,Mia Sakai,estimated-high,female,2027,兵庫県
p_53564baa517f,s_06fc9646cabd,長野 美結,ながの みゆ,Miyu Nagano,estimated-medium,female,2026,兵庫県
p_439a4d96259b,s_06fc9646cabd,長野莉奈,ながの りな,Rina Nagano,estimated-high,female,2028,兵庫県
p_3398672e07e0,s_06fc9646cabd,阪 幸汰,さか こうた,Kota Saka,estimated-low,male,2026,兵庫県
p_81a9a4b3d03b,s_06fc9646cabd,阿立百恵,あだち ももえ,Momoe Adachi,estimated-low,female,2025,兵庫県
p_3ca577aca71f,s_06fc9646cabd,阿部 晴菜,あべ はるな,Haruna Abe,estimated-high,female,2026,兵庫県
p_04629650bd7d,s_06fc9646cabd,馬場 治至,ばば はると,Haruto Baba,estimated-low,male,2024,兵庫県
p_c5b0ee53839a,s_30cfb402f127,駒月 智菜,こまつき ちな,China Komatsuki,estimated-low,female,2027,兵庫県
p_749032f7d7b8,s_06fc9646cabd,鳥居 さくら,とりい さくら,Sakura Torii,estimated-high,female,2025,兵庫県
p_25a08665e1a6,s_72ff0088da3c,ゴヴォロヴスキー 大河,ごゔぉろゔすきー たいが,Taiga Govorovsky,estimated-medium,male,2024,北海道
p_1ffd6a1fbdce,s_a499b25c26e2,ゴヴォロヴスキー 遼河,ごゔぉろゔすきー りょうが,Ryoga Govorovsky,estimated-medium,male,2026,北海道
p_ba14add791d7,s_a499b25c26e2,上戸鷹弥,うえと たかや,Takaya Ueto,estimated-medium,male,2024,北海道
p_6423f90a4942,s_81c195611707,上野瑠南,うえの るな,Runa Ueno,estimated-low,female,2025,北海道
p_ef7b014cf4d6,s_a499b25c26e2,中村 心美,なかむら ここみ,Kokomi Nakamura,estimated-medium,female,2025,北海道
p_b1b01ce805c4,s_81c195611707,中村聡太,なかむら そうた,Sota Nakamura,estimated-high,male,2027,北海道
p_45d157a64b30,s_35a227c468df,井上 梨音,いのうえ りおん,Rion Inoe,estimated-medium,female,2027,北海道
p_0dde23d8dede,s_a499b25c26e2,伊奈凛々子,いな りりこ,Ririko Ina,estimated-medium,female,2025,北海道
p_65667489db20,s_a499b25c26e2,佐々木快晟,ささき かいせい,Kaisei Sasaki,estimated-high,male,2029,北海道
p_38926131aa44,s_05b7b8d3d55d,佐藤 萌子,さとう もえこ,Moeko Sato,estimated-high,female,2026,北海道
p_1180fd661ade,s_a499b25c26e2,佐藤 遼太,さとう りょうた,Ryota Sato,estimated-high,male,2029,北海道
p_bb6277fb8bea,s_81c195611707,内田楓子,うちだ ふうこ,Fuko Uchida,estimated-medium,female,2027,北海道
p_fce56b5c77d2,,北岡 和翔,きたおか かずと,Kazuto Kitaoka,estimated-medium,male,,北海道
p_cb60595e2639,s_81c195611707,北田杏奈,きただ あんな,Anna Kitada,estimated-high,female,2028,北海道
p_ce3b43a26ab5,s_81c195611707,南 咲楽,みなみ さくら,Sakura Minami,estimated-high,female,2027,北海道
p_62ee23bebe32,s_05b7b8d3d55d,堀川雄斗,ほりかわ ゆうと,Yuto Horikawa,estimated-high,male,2027,北海道
p_e7902a3b55d5,s_a499b25c26e2,塩原 琉之介,しおばら りゅうのすけ,Ryunosuke Shiobara,estimated-high,male,2025,北海道
p_faf9754a9c43,s_05b7b8d3d55d,大川颯斗,おおかわ はやと,Hayato Okawa,estimated-medium,male,2026,北海道
p_bb1d99c85d01,s_a499b25c26e2,大貫 巧人,おおぬき たくと,Takuto Onuki,estimated-medium,male,2026,北海道
p_5be50f59fcd7,s_05b7b8d3d55d,太田 琉斐,おおた るい,Rui Ota,estimated-low,male,2025,北海道
p_620387554b5f,s_f9ccbdd2c7b8,安藤エミリ,あんどう えみり,Emily Ando,estimated-high,female,2026,北海道
p_dcfaf6b8b8c9,,宮浦 拓都,みやうら たくと,Takuto Miyaura,estimated-medium,male,,北海道
p_7975bdb87980,s_05b7b8d3d55d,宮澤泰正,みやざわ やすまさ,Yasumasa Miyazawa,estimated-medium,male,2024,北海道
p_5d5c5cb31331,s_5c56ea4d7f84,小林聖,こばやし ひじり,Hijiri Kobayashi,estimated-medium,female,2028,北海道
p_f68fc96c1939,s_81c195611707,山田剛駿,やまだ ごうしゅん,Goshun Yamada,estimated-low,male,2028,北海道
p_bddb9ad17a2f,s_05b7b8d3d55d,後藤 心,ごとう こころ,Kokoro Goto,estimated-high,female,2027,北海道
p_e325a537f146,s_bd87debe1323,支倉帆香,はせくら ほのか,Honoka Hasekura,estimated-medium,female,2026,北海道
p_21e05942b0c8,s_a499b25c26e2,斎藤 碧夏,さいとう あおか,Aoka Saito,estimated-low,female,2026,北海道
p_32fdb174a7e4,s_81c195611707,新谷明陽,しんたに あきはる,Akiharu Shintani,estimated-low,male,2028,北海道
p_0314e0c6308b,s_356f23dc6daa,本間 渉,ほんま わたる,Wataru Honma,estimated-medium,female,2024,北海道
p_88a4375f721d,s_81c195611707,松本悠雅,まつもと ゆうか,Yuka Matsumoto,estimated-low,male,2026,北海道
p_c5faae34e583,s_a499b25c26e2,栃崎 陽斗,とちざき はると,Haruto Tochizaki,estimated-medium,male,2026,北海道
p_b8de4c2155e8,s_a4163fe7de5b,根田 うの,ねだ うの,Uno Neda,estimated-medium,female,2027,北海道
p_cb829bd6de65,s_a499b25c26e2,梅津康政,うめづ やすまさ,Yasumasa Umezu,estimated-high,male,2024,北海道
p_2cebb1dde654,s_a499b25c26e2,橋本 凰秀,はしもと おうしゅう,Oshu Hashimoto,estimated-low,male,2028,北海道
p_28904d7f29d5,s_81c195611707,武藤愛海,むとう あみ,Ami Muto,estimated-medium,female,2025,北海道
p_b4a91c68c17e,s_a4163fe7de5b,河上公充子,かわかみ くみこ,Kumiko Kawakami,estimated-low,female,2025,北海道
p_01f21fe485f4,s_81c195611707,滝川茉凜,たきがわ まりん,Marin Takigawa,estimated-medium,female,2024,北海道
p_bc5be771194f,s_cce9bb48c8c9,王軒霖,おう けんりん,Xuanlin O,estimated-low,male,2027,北海道
p_336b8f094193,s_a499b25c26e2,田上大智,たがみ たいち,Taichi Tagami,estimated-medium,male,2026,北海道
p_d98dfefbf0fa,s_81c195611707,田湯日々東,たゆ ひびと,Hibito Tayu,estimated-low,male,2029,北海道
p_a48bd390e826,s_f9ccbdd2c7b8,田邊 武士,たなべ たけし,Takeshi Tanabe,estimated-medium,male,2024,北海道
p_87b1183917e9,,田邊武士,たなべ たけし,Takeshi Tanabe,estimated-medium,male,,北海道
p_9602d5f2a561,s_a499b25c26e2,相馬 大輝,そうま だいき,Daiki Soma,estimated-high,male,2028,北海道
p_2311bf72417e,s_a499b25c26e2,矢内 葵,やない あおい,Aoi Yanai,estimated-high,female,2026,北海道
p_23bca0d67f31,s_a499b25c26e2,石川 裕盛,いしかわ ゆうせい,Yusei Ishikawa,estimated-low,male,2027,北海道
p_289b4b8feadc,s_05b7b8d3d55d,米川 幸成,よねかわ ゆきなり,Yukinari Yonekawa,estimated-medium,male,2024,北海道
p_edfc5990ce10,s_05b7b8d3d55d,菅原花,すがわら はな,Hana Sugawara,estimated-high,female,2026,北海道
p_c92a80da310a,s_44b0227e585b,谷保 佑香,たにほ ゆうか,Yuka Taniho,estimated-low,female,2025,北海道
p_239ffdba2cad,s_a499b25c26e2,鈴木 慶士,すずき けいし,Keishi Suzuki,estimated-medium,male,2025,北海道
p_a89bc2daed3a,s_81c195611707,青柳色春,あおやぎ いろは,Iroha Aoyagi,estimated-low,female,2028,北海道
p_27465782b217,s_05b7b8d3d55d,高垣雅敬,たかがき まさのり,Masanori Takagaki,estimated-low,male,2025,北海道
p_c7a5924ff885,s_c334031bbd3a,中杉桜盛,なかすぎ おうせい,Osei Nakasugi,estimated-low,male,2026,千葉
p_10c56bcf4fb4,s_533c7c131ea1,仁王陽菜,におう ひな,Hina Nio,estimated-medium,female,2026,千葉
p_b00029259742,s_d98e94404afd,大久保 友貴,おおくぼ ゆうき,Yuki Okubo,estimated-medium,male,2028,千葉
p_22a4e3b3b698,s_30254ae5c2c7,宮内里緒,みやうち りお,Rio Miyauchi,estimated-high,female,2026,千葉
p_bbdb1d888b58,s_30254ae5c2c7,山本美優,やまもと みゆ,Miyu Yamamoto,estimated-high,female,2027,千葉
p_a3bc70c22163,s_533c7c131ea1,岩倉陽菜,いわくら ひな,Hina Iwakura,estimated-medium,female,2026,千葉
p_5fc47bde69f6,s_f6c72c45ffa2,岸本龍磨,きしもと りょうま,Ryoma Kishimoto,estimated-medium,male,2027,千葉
p_5a8fbf8a34a1,s_2f8a29aff542,崔新佳,さい にいか,Niika Choi,estimated-low,female,2028,千葉
p_37445188089e,s_c99ece5b0847,恩田千恵,おんだ ちえ,Chie Onda,estimated-high,female,2027,千葉
p_d104cdb0ffb4,s_30254ae5c2c7,春川雄亮,はるかわ ゆうすけ,Yusuke Harukawa,estimated-medium,male,2028,千葉
p_01e9cfe4e8c0,s_533c7c131ea1,松原姫和,まつばら ひより,Hiyori Matsubara,estimated-medium,female,2028,千葉
p_796bbe8ceb80,s_30254ae5c2c7,渡邊きらら,わたなべ きらら,Kirara Watanabe,estimated-high,female,2028,千葉
p_329e48b9f62b,s_533c7c131ea1,神谷春花,かみや はるか,Haruka Kamiya,estimated-medium,female,2026,千葉
p_c7f74e41c6c3,s_c99ece5b0847,近藤愛,こんどう あい,Ai Kondo,estimated-medium,female,2028,千葉
p_07d228797f85,s_c334031bbd3a,三原 舞紀,みはら まき,Maki Mihara,estimated-medium,female,2026,千葉県
p_e5c310df61d9,s_d3d32fb4868f,中山 大生,なかやま たいき,Taiki Nakayama,estimated-low,male,2026,千葉県
p_a384aa206b2e,s_d3d32fb4868f,中嶋 太我,なかじま たいが,Taiga Nakajima,estimated-medium,male,2025,千葉県
p_71e9d944fef4,s_c334031bbd3a,中村 優介,なかむら ゆうすけ,Yusuke Nakamura,auto-unverified,male,2028,千葉県
p_f1dfb77bbe37,s_30254ae5c2c7,亀田 凰稀,かめだ おうき,Oki Kameda,estimated-low,male,2029,千葉県
p_c83fcaa65272,s_533c7c131ea1,伊藤 二花,いとう にか,Nika Ito,estimated-medium,female,2024,千葉県
p_75bce31bca8a,s_f6c72c45ffa2,佐藤 貴裕,さとう たかひろ,Takahiro Sato,estimated-high,male,2024,千葉県
p_7554469aae45,s_d3d32fb4868f,佐藤 遼一,さとう りょういち,Ryoichi Sato,estimated-high,male,2029,千葉県
p_0a7ced24240a,s_30254ae5c2c7,元岡良太,もとおか りょうた,Ryota Motoka,estimated-medium,male,2026,千葉県
p_75ae18078159,s_d3d32fb4868f,前田 春輔,まえだ はるすけ,Harusuke Maeda,auto-unverified,male,2028,千葉県
p_b94a03938fd9,s_30254ae5c2c7,劉 雯銥,りゅう,Ryu,auto-unverified,female,,千葉県
p_351b2a8e31f0,s_d3d32fb4868f,及川 穂果,おいかわ ほのか,Honoka Oikawa,estimated-low,female,2025,千葉県
p_1fdf22fb7104,s_30254ae5c2c7,名雪 遼斗,なゆき りょうと,Ryoto Nayuki,estimated-medium,male,2028,千葉県
p_a3fb3120d4c2,s_d3d32fb4868f,國吉 愛良,くによし あいら,Aira Kuniyoshi,estimated-medium,female,2026,千葉県
p_29d1b4391381,s_fff84330dbff,坂本陽仁,さかもと はるひと,Haruhito Sakamoto,estimated-medium,male,2025,千葉県
p_9eb27ca5bd00,s_d3d32fb4868f,大串 礼楽,おおぐし らら,Rara Ogushi,estimated-low,female,2026,千葉県
p_3ce97ac6c51b,s_30254ae5c2c7,大地武虎,おおち たけとら,Taketora Ochi,estimated-low,male,2028,千葉県
p_c0fc3be78a4a,s_d3d32fb4868f,宇田川結菜,うだがわ ゆいな,Yuina Udagawa,estimated-medium,female,2027,千葉県
p_cfcd095d929b,s_30254ae5c2c7,宮路 蘭嘉,みやじ らんか,Ranka Miyaji,auto-unverified,female,2027,千葉県
p_beedf1c32727,s_30254ae5c2c7,富澤 晴華,とみざわ はるか,Haruka Tomizawa,estimated-medium,female,2025,千葉県
p_c276ebee1654,s_f6c72c45ffa2,小島 海王,こじま かいおう,Kaio Kojima,estimated-low,male,2026,千葉県
p_72753c283d77,s_fff84330dbff,小林 翔音,こばやし しょうと,Shoto Kobayashi,estimated-low,male,2024,千葉県
p_510592f424c6,s_fff84330dbff,山崎那奈,やまざき なな,Nana Yamazaki,estimated-high,female,2025,千葉県
p_3bad7f2103cf,s_30254ae5c2c7,山本龍斗,やまもと りゅうと,Ryuto Yamamoto,estimated-high,male,2026,千葉県
p_ca3533716182,s_fff84330dbff,山﨑那奈,やまざき なな,Nana Yamazaki,estimated-high,female,2025,千葉県
p_8a282fb813d6,s_c334031bbd3a,岡崎 僚,おかざき りょう,Ryo Okazaki,estimated-high,male,,千葉県
p_69d027df9df5,s_d3d32fb4868f,岩花宗一郎,いわはな そういちろう,Soichiro Iwahana,estimated-medium,male,2027,千葉県
p_960f3b1a529c,s_d3d32fb4868f,川口 史,かわぐち ふみと,Fumito Kawaguchi,estimated-low,male,2025,千葉県
p_884df2b8488b,s_533c7c131ea1,川畑 優菜,かわばた ゆうな,Yuna Kawabata,estimated-high,female,2024,千葉県
p_cbd41accd89d,s_30254ae5c2c7,川連優夢,かわつれ ゆめ,Yume Kawatsure,estimated-low,female,2026,千葉県
p_6913255876ff,s_30254ae5c2c7,平城豪大,ひらじょう たけひろ,Takehiro Hirajo,estimated-low,male,2025,千葉県
p_45d8f3f19285,s_d3d32fb4868f,平山奈那,ひらやま なな,Nana Hirayama,estimated-high,female,2024,千葉県
p_8aa2b41b258a,s_30254ae5c2c7,明石 瑠花,あかし るか,Ruka Akashi,estimated-high,female,2027,千葉県
p_67d36599aff5,s_30254ae5c2c7,明石 璃乃,あかし りの,Rino Akashi,estimated-high,female,2028,千葉県
p_f5995d2b83e4,s_f6c72c45ffa2,松島健人,まつしま けんと,Kento Matsushima,estimated-medium,male,2024,千葉県
p_256535f5008f,s_30254ae5c2c7,水野太雅,みずの たいが,Taiga Mizuno,estimated-high,male,2025,千葉県
p_5d4599e32b09,s_c334031bbd3a,永井 夢亜,ながい ゆあ,Yua Nagai,estimated-medium,female,2028,千葉県
p_a8ef8de036cc,s_30254ae5c2c7,永石 杏奈,ながいし あんな,Anna Nagaishi,estimated-medium,female,2026,千葉県
p_6c87283e3c37,s_30254ae5c2c7,池田 脩真,いけだ しゅうま,Shuma Ikeda,estimated-high,male,2027,千葉県
p_272aa557f51c,s_f6c72c45ffa2,池田陽翔,いけだ はると,Haruto Ikeda,estimated-high,male,2024,千葉県
p_2720bbe5d6a7,s_c334031bbd3a,清藤 羽琉,せいとう はる,Haru Seito,estimated-low,female,2027,千葉県
p_5dca981dc4ef,s_d3d32fb4868f,澤田 愛佳,さわだ あいか,Aika Sawada,estimated-high,female,2029,千葉県
p_304293aa6182,s_d3d32fb4868f,澤田 竜成,さわだ りゅうせい,Ryusei Sawada,estimated-high,male,2024,千葉県
p_5385f40d965e,s_f6c72c45ffa2,田中 周,たなか しゅう,Shu Tanaka,auto-unverified,male,,千葉県
p_3f98c7fe71ab,s_fff84330dbff,田島柊一郎,たじま しゅういちろう,Shuichiro Tajima,estimated-high,male,2025,千葉県
p_e7d7f7818735,s_30254ae5c2c7,眞木渚,まき なぎさ,Nagisa Maki,estimated-high,female,2028,千葉県
p_f934893a76db,s_30254ae5c2c7,石井 柚妃,いしい ゆずき,Yuzuki Ishii,estimated-medium,female,2027,千葉県
p_71d0693003db,s_d3d32fb4868f,石井 真子,いしい まこ,Mako Ishii,estimated-medium,female,2027,千葉県
p_30a9c5afa6af,s_d3d32fb4868f,竹田 亮太,たけだ りょうた,Ryota Takeda,estimated-high,male,2027,千葉県
p_ce53bca37327,s_30254ae5c2c7,箕田 吏那,みのだ りな,Rina Minoda,estimated-medium,female,2029,千葉県
p_d4636a756bd9,s_30254ae5c2c7,篠原 清葉,しのはら きよしは,Kiyoshiha Shinohara,auto-unverified,female,2028,千葉県
p_f15552e3628f,s_30254ae5c2c7,篠置偉欧美,しのおき いおみ,Iomi Shinoki,estimated-low,female,2025,千葉県
p_1b52db2b3b09,s_f6c72c45ffa2,細貝 治輝,ほそがい おさむてる,Osamuteru Hosogai,auto-unverified,male,,千葉県
p_2c90a72ee597,s_ae1fb752b121,荒木敬太,あらき けいた,Keita Araki,estimated-high,male,2027,千葉県
p_d1812e1368ad,s_30254ae5c2c7,菅澤 莉那,すがさわ りな,Rina Sugasawa,estimated-medium,female,2027,千葉県
p_1a1ca566aa2e,s_d3d32fb4868f,藤崎蒼太,ふじさき そうた,Sota Fujisaki,estimated-high,male,2028,千葉県
p_9b80f9ba0539,s_30254ae5c2c7,藤村 龍謙,ふじむら りゅうけん,Ryuken Fujimura,estimated-low,male,2028,千葉県
p_3eafcdf3e353,s_d3d32fb4868f,藤森 圭,ふじもり けい,Kei Fujimori,auto-unverified,male,,千葉県
p_36a10f7affbd,s_d3d32fb4868f,藤﨑 蒼太,ふじさき そうた,Sota Fujisaki,estimated-high,male,2028,千葉県
p_d161b75e93ff,s_d3d32fb4868f,西澤 優希,にしざわ ゆうき,Yuki Nishizawa,auto-unverified,male,,千葉県
p_f92f89a29265,s_d3d32fb4868f,諸徳寺美玖,しょとくじ みく,Miku Shotokuji,estimated-low,female,2027,千葉県
p_b4eccaa45ec3,s_d3d32fb4868f,豊山和樹,とよやま かずき,Kazuki Toyoyama,estimated-medium,male,2028,千葉県
p_3a8afc409918,s_fff84330dbff,豊嶋泰章,とよしま やすあき,Yasuaki Toyoshima,estimated-medium,male,2025,千葉県
p_383211dd9918,s_30254ae5c2c7,近藤春翔,こんどう はると,Haruto Kondo,estimated-high,male,2027,千葉県
p_766afd327396,s_d3d32fb4868f,逢坂 巨希,おうさか なおき,Naoki Osaka,estimated-low,male,2029,千葉県
p_5a0fb3bde7ee,s_d3d32fb4868f,金城龍希,きんじょう りゅうき,Ryuki Kinjo,estimated-medium,male,2025,千葉県
p_ca18521c00a2,s_d3d32fb4868f,金子 正弥,かねこ まさや,Masaya Kaneko,auto-unverified,male,,千葉県
p_672758e4239b,s_533c7c131ea1,鈴木 姫琉,すずき ひめる,Himeru Suzuki,estimated-low,female,2025,千葉県
p_b377780347f3,s_d3d32fb4868f,鈴木 愛彩,すずき あいさ,Aisa Suzuki,estimated-low,female,2024,千葉県
p_ff63d7d26dd6,s_f6c72c45ffa2,鈴木 涼仁,すずき りょうと,Ryoto Suzuki,estimated-low,male,2025,千葉県
p_83bddbf7952b,s_d3d32fb4868f,鈴木麻緒,すずき まお,Mao Suzuki,estimated-high,female,2027,千葉県
p_e43390d9e69d,s_30254ae5c2c7,長嶋 梨緒,ながしま りお,Rio Nagashima,auto-unverified,female,,千葉県
p_1ceaf7db253d,s_30254ae5c2c7,須藤陸人,すどう りくと,Rikuto Sudo,estimated-high,male,2025,千葉県
p_a3434de15ecb,s_d3d32fb4868f,飯塚 結成,いいづか ゆうせい,Yusei Iizuka,estimated-medium,male,2024,千葉県
p_71f449662022,s_d3d32fb4868f,飯田 愛穂,いいだ あいほ,Aiho Iida,estimated-medium,female,2029,千葉県
p_bdff464bbf40,s_f6c72c45ffa2,高木希晄,たかぎ きあき,Kiaki Takagi,estimated-low,female,2028,千葉県
p_5a5f9f2b351b,s_fff84330dbff,高橋俊介,たかはし しゅんすけ,Shunsuke Takahashi,estimated-high,male,2026,千葉県
p_5cb2ec9ea1c2,s_f6c72c45ffa2,髙木 希晄,たかぎ きあき,Kiaki Takagi,estimated-low,female,2028,千葉県
p_b2ea0332a4fc,s_30254ae5c2c7,髙橋彩夢,たかはし あやめ,Ayame Takahashi,estimated-medium,female,2028,千葉県
p_d1a9df45d016,s_d3d32fb4868f,鶴瀬 楓彩,つるせ ふうか,Fuka Tsuruse,estimated-low,female,2025,千葉県
p_59ad0ea066ae,s_00180d3e0252,松本 來海,まつもと くるみ,Kurumi Matsumoto,estimated-medium,female,2026,和歌山
p_67be4cfb5103,s_5397d1787605,梅本 爽帆,うめもと そうほ,Soho Umemoto,auto-unverified,female,2029,和歌山
p_555c9005c21b,,吉野陽翔,よしの はると,Haruto Yoshino,estimated-high,male,,和歌山県
p_4129a1a5b846,s_bb56059686c2,谷山優,たにやま ゆう,Yu Taniyama,estimated-medium,male,2027,和歌山県
p_c04932b3fab8,s_cdddc3db9804,中島拓朗,なかじま たくろう,Takuro Nakajima,estimated-high,male,2026,埼玉
p_1b1402f0a7af,s_492b24752b28,中田昊,なかた そら,Sora Nakata,estimated-low,male,2026,埼玉
p_4d7eb78e784c,s_ddc260f0b924,中野彩葉,なかの いろは,Iroha Nakano,estimated-high,female,2028,埼玉
p_df953f4523e7,s_ddc260f0b924,今関ほの香,いませき ほのか,Honoka Imaseki,estimated-medium,female,2028,埼玉
p_4dca2b8c4ccb,s_0048842494bf,佐藤あいり,さとう あいり,Airi Sato,estimated-high,female,2028,埼玉
p_2a220ebbeefb,s_ddc260f0b924,堀川杏,ほりかわ あん,An Horikawa,estimated-medium,female,2028,埼玉
p_a708c3ca1524,s_ddc260f0b924,墨谷そら,すみたに そら,Sora Sumitani,estimated-medium,female,2026,埼玉
p_cb5b5f7877cb,s_0048842494bf,大野翼,おおの つばさ,Tsubasa Ono,estimated-high,male,2026,埼玉
p_7e506a48a09a,s_ddc260f0b924,宇都木心妃,うつき みき,Miki Utsuki,estimated-low,female,2026,埼玉
p_7c33fcaf632e,s_ddc260f0b924,山嵜千加良,やまざき ちから,Chikara Yamazaki,estimated-low,male,2026,埼玉
p_85aa6d753e88,s_492b24752b28,川上航汰,かわかみ こうた,Kota Kawakami,estimated-high,male,2027,埼玉
p_a70c76bf74df,s_8b112a7c752b,平良真ノ介,たいら しんのすけ,Shinnosuke Taira,estimated-medium,male,2027,埼玉
p_b87570769433,s_ddc260f0b924,戸塚あい,とつか あい,Ai Totsuka,estimated-high,female,2028,埼玉
p_e3bf951c3cc0,s_8b112a7c752b,杉浦大斗,すぎうら だいと,Daito Sugiura,estimated-medium,male,2026,埼玉
p_d3af45ba9638,s_ddc260f0b924,松宏祥生,まつひろ しょうせい,Shosei Matsuhiro,estimated-low,male,2027,埼玉
p_651f578e1f2e,s_ddc260f0b924,松本直人,まつもと なおと,Naoto Matsumoto,estimated-high,male,2026,埼玉
p_c5863ad2b5cb,s_ddc260f0b924,森田錠,もりた じょう,Jo Morita,estimated-medium,male,2027,埼玉
p_9b94e829ac1f,s_ddc260f0b924,歸山璃音,きやま りおん,Rion Kiyama,estimated-medium,female,2028,埼玉
p_b538cb1dfd72,s_492b24752b28,清水朝陽,しみず あさひ,Asahi Shimizu,estimated-medium,male,2027,埼玉
p_0f804097cf82,s_ddc260f0b924,猪股美友,いのまた みゆ,Miyu Inomata,estimated-medium,female,2027,埼玉
p_501d380c17c6,s_492b24752b28,石川輝一,いしかわ きいち,Kiichi Ishikawa,estimated-medium,male,2026,埼玉
p_3f276b871fbd,s_26045e059d8d,粕谷直央,かすや なお,Nao Kasuya,estimated-high,female,2028,埼玉
p_c1d3e155260c,s_ddc260f0b924,花田百華,はなだ ももか,Momoka Hanada,estimated-medium,female,2028,埼玉
p_e05a08e04311,s_ddc260f0b924,鯨井李央,くじらい りお,Rio Kujirai,estimated-medium,female,2026,埼玉
p_f4dab2a084bd,s_ddc260f0b924,黒田昊,くろだ そら,Sora Kuroda,estimated-low,female,2026,埼玉
p_877fc2e1cb34,s_ddc260f0b924,三原 舞紀,みはら まき,Maki Mihara,estimated-medium,female,2026,埼玉県
p_13739c6b0706,s_54b0edb7a4e8,三橋 悠之介,みつはし ゆうのすけ,Yunosuke Mitsuhashi,estimated-high,male,2026,埼玉県
p_1f9755c4b614,s_0048842494bf,上妻 勝太,こうづま しょうた,Shota Kozuma,estimated-medium,male,2024,埼玉県
p_ef2ca5efd1b9,s_ddc260f0b924,上笹貫 雄介,かみささぬき ゆうすけ,Yusuke Kamisasanuki,estimated-low,male,2028,埼玉県
p_df01c3468ae5,s_ddc260f0b924,中澤 紗来,なかざわ さら,Sara Nakazawa,estimated-medium,female,2027,埼玉県
p_8c7a7d428259,s_ddc260f0b924,中野桜羽,なかの さわ,Sawa Nakano,estimated-low,female,2024,埼玉県
p_9bbe62441b1a,s_ddc260f0b924,井上 滉太,いのうえ こうた,Kota Inoe,estimated-high,male,2026,埼玉県
p_055b52094cc0,s_ddc260f0b924,井野上 正穏,いのうえ まさとし,Masatoshi Inoe,estimated-low,male,2028,埼玉県
p_ff58b495c590,s_ddc260f0b924,今屋 大雄,いまや たいゆう,Taiyu Imaya,estimated-medium,male,2027,埼玉県
p_99dd4643ca3b,s_ddc260f0b924,今枝 綾音,いまえだ あやね,Ayane Imaeda,auto-unverified,female,,埼玉県
p_cdef29f28db7,s_ddc260f0b924,今田昌也,いまだ まさや,Masaya Imada,estimated-high,male,2028,埼玉県
p_651cd183a45e,s_ddc260f0b924,伊藤愛華,いとう あいか,Aika Ito,estimated-medium,female,2026,埼玉県
p_399785dbe815,s_ddc260f0b924,佐藤 彩葉,さとう いろは,Iroha Sato,estimated-high,female,2027,埼玉県
p_1fd95dd87b13,s_ddc260f0b924,佐藤 快斗,さとう かいと,Kaito Sato,estimated-high,male,2024,埼玉県
p_8c1abe719068,s_0048842494bf,佐藤 海都,さとう かいと,Kaito Sato,estimated-high,male,2027,埼玉県
p_c2ccb53ac7f9,s_ddc260f0b924,厳 惟依,げん いより,Iyori Gen,estimated-low,female,2027,埼玉県
p_396f292623db,s_ddc260f0b924,古屋晶平,ふるや しょうへい,Shohei Furuya,estimated-medium,male,2026,埼玉県
p_3c60ea8eed23,s_8b112a7c752b,古山航太郎,ふるやま こうたろう,Kotaro Furuyama,estimated-medium,male,2028,埼玉県
p_25be99a08cac,s_ddc260f0b924,境美玲,さかい みれい,Mirei Sakai,estimated-high,female,2029,埼玉県
p_1deae722ed70,s_ddc260f0b924,大塚翔太,おおつか しょうた,Shota Otsuka,estimated-high,male,2027,埼玉県
p_ec3abad7e759,s_e55839974314,大橋 莉生,おおはし りお,Rio Ohashi,estimated-medium,female,2026,埼玉県
p_6978b20702fa,s_ddc260f0b924,大澤 未空,おおさわ みく,Miku Osawa,estimated-medium,female,2027,埼玉県
p_10c119b31a15,s_ddc260f0b924,大郷 喜一,おおごう きいち,Kiichi Ogo,estimated-medium,male,2026,埼玉県
p_e9c7706b4c57,s_8b112a7c752b,小泉慶一郎,こいずみ けいいちろう,Keiichiro Koizumi,estimated-high,male,2027,埼玉県
p_b03683a726f0,s_ddc260f0b924,小関 萌衣,おぜき ほうころも,Hokoromo Ozeki,auto-unverified,female,,埼玉県
p_30f6f4460915,s_ddc260f0b924,山下蒼生,やました あおい,Aoi Yamashita,estimated-medium,female,2028,埼玉県
p_6501fc2fe47f,s_ddc260f0b924,山本 伶音,やまもと れいおと,Reioto Yamamoto,auto-unverified,male,,埼玉県
p_09dfab1d59d5,s_ddc260f0b924,山本 憲汰,やまもと のりた,Norita Yamamoto,auto-unverified,male,,埼玉県
p_c0d654feb22a,s_8b112a7c752b,山田 怜生,やまだ れい,Rei Yamada,estimated-low,male,2028,埼玉県
p_04a909c0c5dc,s_ddc260f0b924,岡田 隼輔,おかだ しゅんすけ,Shunsuke Okada,estimated-high,male,2025,埼玉県
p_06882001f342,s_0048842494bf,平瀬 玲央,ひらせ れお,Reo Hirase,estimated-high,male,2028,埼玉県
p_8b3cca8f29ae,s_ddc260f0b924,張 真,ちょう まこと,Makoto Cho,estimated-medium,male,2026,埼玉県
p_d0754cd2d96f,s_ddc260f0b924,志村 由羅,しむら ゆら,Yura Shimura,estimated-medium,male,2024,埼玉県
p_4947a9a742a8,s_ddc260f0b924,戸村 空汰,とむら そうた,Sota Tomura,estimated-medium,male,2028,埼玉県
p_e82e43134667,s_ddc260f0b924,新島永遠,にいじま とわ,Towa Niijima,estimated-medium,male,2028,埼玉県
p_4f0102d4f79c,s_ddc260f0b924,星野健助,ほしの けんすけ,Kensuke Hoshino,estimated-high,male,2026,埼玉県
p_4b3f9997625a,s_ddc260f0b924,東 路敏,あずま みちとし,Michitoshi Azuma,estimated-medium,male,2028,埼玉県
p_c901fcbc9ee5,s_ddc260f0b924,松谷 崇嗣,まつや たかつぐ,Takatsugu Matsuya,estimated-medium,male,2025,埼玉県
p_9f6e743cfe48,s_26045e059d8d,染宮 凛々子,そめみや りりこ,Ririko Somemiya,estimated-medium,female,2028,埼玉県
p_e8c12e31d574,s_ddc260f0b924,栗原 遥大,くりはら はるた,Haruta Kurihara,estimated-low,male,2024,埼玉県
p_f27a874d9d2e,s_e55839974314,植田 三千慈,うえだ さんぜんじ,Sanzenji Ueda,auto-unverified,male,2029,埼玉県
p_6018094cd0c0,s_ddc260f0b924,沖田 雫,おきた しずく,Shizuku Okita,estimated-high,male,2028,埼玉県
p_883b2a1013bb,s_ddc260f0b924,河原 勇渚,かわはら ゆうと,Yuto Kawahara,estimated-low,male,2026,埼玉県
p_1bc7e2fc7b36,s_ddc260f0b924,河原崎優月,かわらざき ゆづき,Yuzuki Kawarazaki,estimated-medium,female,2028,埼玉県
p_4479d0b144b4,s_e55839974314,河野笑加,こうの わらいか,Waraika Kono,auto-unverified,female,2025,埼玉県
p_07cbbb2ca56c,s_ddc260f0b924,浪江彩名,なみえ あやな,Ayana Namie,estimated-medium,female,2027,埼玉県
p_38981dbdc223,s_ddc260f0b924,清水 奏琉,しみず かなる,Kanaru Shimizu,estimated-low,male,2026,埼玉県
p_537ac5abb618,s_ddc260f0b924,清水 悠雅,しみず ゆうか,Yuka Shimizu,estimated-low,male,2028,埼玉県
p_2afb99aefd30,s_ddc260f0b924,清水 瑛太,しみず えいた,Eita Shimizu,estimated-high,male,2025,埼玉県
p_51cfdb5e6d8e,s_ddc260f0b924,田代 和茶,たしろ かずさ,Kazusa Tashiro,auto-unverified,male,2028,埼玉県
p_0626cf54afc3,s_ddc260f0b924,石井 健梧,いしい けんご,Kengo Ishii,estimated-medium,male,2026,埼玉県
p_e8c5625d2c92,s_ddc260f0b924,神永 直輝,かみなが なおき,Naoki Kaminaga,estimated-medium,male,2028,埼玉県
p_f83aa152590c,s_ddc260f0b924,神津 葵,こうず あおい,Aoi Kozu,auto-unverified,female,,埼玉県
p_2f5a0a295d78,s_e55839974314,衣川 真唯,きぬかわ まい,Mai Kinukawa,estimated-medium,female,2028,埼玉県
p_a0e39276612a,s_ddc260f0b924,西本 真優,にしもと まゆ,Mayu Nishimoto,estimated-medium,female,2028,埼玉県
p_e53041307a86,s_ddc260f0b924,近重怜奈,ちかしげ れいな,Reina Chikashige,estimated-medium,female,2029,埼玉県
p_b4dd30f4477b,s_ddc260f0b924,野村 維穏,のむら いおん,Ion Nomura,estimated-high,male,2027,埼玉県
p_a707e66a41fd,s_db4d8db11758,金田季来々,かねだ きらら,Kirara Kaneda,estimated-medium,female,2024,埼玉県
p_61687d2e02ef,s_ddc260f0b924,鈴木 みなみ,すずき みなみ,Minami Suzuki,estimated-high,female,2027,埼玉県
p_7d8e70bbe2b2,s_ddc260f0b924,長谷川 和瑞大,はせがわ わずひろ,Wazuhiro Hasegawa,estimated-low,male,2024,埼玉県
p_cf6b21900e43,s_ddc260f0b924,間中 りょう,まなか りょう,Ryo Manaka,estimated-medium,female,2025,埼玉県
p_16260a4500c8,s_ddc260f0b924,須田 造萌,すだ ぞうも,Zomo Suda,estimated-low,male,2026,埼玉県
p_9723f3b98f80,s_ddc260f0b924,須藤 来望,すどう みも,Mimo Sudo,estimated-low,female,2027,埼玉県
p_c93eabe1f993,s_ddc260f0b924,飯田 悠麿,いいだ ゆうまろ,Yumaro Iida,estimated-medium,male,2024,埼玉県
p_f9dbc2b6e7c6,s_8b112a7c752b,高橋 亮央,たかはし りょう,Ryo Takahashi,estimated-low,male,2027,埼玉県
p_94310d8d9ea9,s_ddc260f0b924,高橋知花,たかはし ちか,Chika Takahashi,estimated-low,female,2025,埼玉県
p_3b61f7330fc2,s_e55839974314,高良 紀翔,たかよし きしょう,Kisho Takayoshi,auto-unverified,male,2028,埼玉県
p_999e2c2feae2,s_0048842494bf,髙木 紅誠,たかぎ こうせい,Kosei Takagi,estimated-low,male,2027,埼玉県
p_b199bc8d42b6,s_ddc260f0b924,髙梨 聖成,ひじりせい,Hijirisei,auto-unverified,male,,埼玉県
p_d7be1c067500,s_ddc260f0b924,髙橋 璃愛,たかはし りあ,Ria Takahashi,estimated-medium,female,2027,埼玉県
p_7d5078bd77aa,s_8b112a7c752b,髙橋亮央,たかはし りょう,Ryo Takahashi,estimated-low,male,2027,埼玉県
p_ea5111a97365,s_ddc260f0b924,齋藤 裕,さいとう ゆう,Yu Saito,estimated-low,male,2025,埼玉県
p_b66f79e80c51,s_26045e059d8d,齋藤綺香,さいとう あやか,Ayaka Saito,estimated-medium,female,2027,埼玉県
p_75f5b44424df,,保科 翔太,ほしな しょうた,Shota Hoshina,auto-unverified,male,,大分
p_29387fcd0c48,s_c0683ef48421,平林 莉央,ひらばやし りお,Rio Hirabayashi,auto-unverified,female,2028,大分
p_6d2174866b86,,平田 兼慎,ひらた かねちか,Kanechika Hirata,estimated-low,male,,大分
p_8cb5d82f981f,s_c0683ef48421,津々見 怜奈,しんしんけん れいな,Reina Shinshinken,auto-unverified,female,2029,大分
p_64d6f8986453,,矢野 莉翔,やの りしょう,Risho Yano,auto-unverified,male,,大分
p_a9149b4650d3,s_b996f9698512,稗田 千夏,ひえだ ちなつ,Chinatsu Hieda,auto-unverified,female,2028,大分
p_7137703ebf5f,s_b996f9698512,薬真寺 美結,くすりまことてら みゆ,Miyu Kusurimakototera,auto-unverified,female,2027,大分
p_e4b60bece9ce,s_c0683ef48421,諫山 綾,いさやま あや,Aya Isayama,auto-unverified,male,,大分
p_165cea79edb1,s_b996f9698512,髙橋 銀,たかはし ぎん,Gin Takahashi,estimated-high,male,,大分
p_788733a3dbf6,s_c0683ef48421,中津留茉凜,なかつ るまり,Rumari Nakatsu,estimated-low,female,2027,大分県
p_11d9203c0ed9,s_c0683ef48421,伊東 海太,いとう かいた,Kaita Ito,estimated-high,male,2027,大分県
p_a5ed1b6f83ba,s_c0683ef48421,伊東 海太,いとう かいた,Kaita Ito,estimated-high,mixed,2027,大分県
p_8867e5239a74,s_c0683ef48421,伊東 湊,いとう みなと,Minato Ito,estimated-high,male,2028,大分県
p_8bfd31afc2a4,,伊東渚,いとう なぎさ,Nagisa Ito,estimated-high,male,,大分県
p_80f3fff33018,s_b996f9698512,保科 翔太,ほしな しょうた,Shota Hoshina,auto-unverified,male,2028,大分県
p_020c7523a557,s_b996f9698512,前田 愛結,まえだ あゆ,Ayu Maeda,estimated-medium,female,2024,大分県
p_ab3081f39970,s_b996f9698512,外輪獅童,そとわ しどう,Shido Sotowa,estimated-medium,male,2026,大分県
p_c0e1c236b5ed,s_b996f9698512,姜久史,きょう ひさし,Hisashi Kyo,estimated-low,male,2026,大分県
p_e1a27e5f367b,s_c0683ef48421,小出 芽依,こいで めい,Mei Koide,estimated-high,female,2026,大分県
p_295218aabb3f,s_b996f9698512,岡留 夢叶,おかどめ ゆめか,Yumeka Okadome,estimated-medium,female,2027,大分県
p_82f197e72560,s_c0683ef48421,川部 日向,かわべ ひなた,Hinata Kawabe,estimated-medium,female,2028,大分県
p_556f30625bcc,s_b996f9698512,平田 兼慎,ひらた かねちか,Kanechika Hirata,estimated-low,mixed,2028,大分県
p_8b6c3d3c1bde,s_b996f9698512,平田兼慎,ひらた かねちか,Kanechika Hirata,estimated-low,male,2028,大分県
p_5bf754a96e40,s_b996f9698512,平畑 佳子,ひらはた よしこ,Yoshiko Hirahata,estimated-medium,female,2025,大分県
p_76f2ca33d4c0,s_b996f9698512,後藤総司朗,ごとう そうしろう,Soshiro Goto,estimated-high,male,2026,大分県
p_a572d0528787,s_b996f9698512,木下 大峰,きのした たいほう,Taiho Kinoshita,estimated-low,male,2025,大分県
p_2c55cb34a6d6,s_b996f9698512,松下 可育,まつした かいく,Kaiku Matsushita,estimated-low,female,2027,大分県
p_c66e68679dd8,s_b996f9698512,松田桃,まつだ もも,Momo Matsuda,estimated-high,female,2025,大分県
p_595e53a47393,s_b996f9698512,林明花,はやし はるか,Haruka Hayashi,estimated-low,female,2025,大分県
p_cb859e94daa6,s_b996f9698512,森 陽向,もり ひなた,Hinata Mori,estimated-high,male,2026,大分県
p_3016626f2900,s_b996f9698512,比嘉 玲王,ひが れお,Reo Higa,estimated-high,mixed,2027,大分県
p_36147e627394,s_b996f9698512,比嘉玲王,ひが れお,Reo Higa,estimated-high,male,2027,大分県
p_dc89263d9283,s_b996f9698512,江田龍生,えだ りゅうせい,Ryusei Eda,estimated-medium,male,2027,大分県
p_1f518c5ac155,s_c0683ef48421,池田洸祐,いけだ こうすけ,Kosuke Ikeda,estimated-high,male,2026,大分県
p_83cf465f7e18,s_b996f9698512,河野 るい,こうの るい,Rui Kono,estimated-medium,female,2024,大分県
p_6f6e8e2a7cea,s_c0683ef48421,河野日和,こうの ひより,Hiyori Kono,estimated-medium,female,2026,大分県
p_124977bb63e3,s_c0683ef48421,益永 彩未,ますなが あやみ,Ayami Masunaga,estimated-medium,female,2024,大分県
p_44db5cee85d6,s_c0683ef48421,益永 彩末,ますなが あやみ,Ayami Masunaga,estimated-low,female,2024,大分県
p_973a8bf4cd6f,s_b996f9698512,矢幡 杏奈,やはた あんな,Anna Yahata,auto-unverified,female,2026,大分県
p_1f9d298fc422,s_c0683ef48421,穴井 伸直,あない のぶなお,Nobunao Anai,estimated-medium,male,2027,大分県
p_fc01fc98eadc,s_b996f9698512,竹ノ内宗雅,たけのうち むねまさ,Munemasa Takenochi,estimated-medium,male,2024,大分県
p_b02610ecc173,,竹之内宗雅,たけのうち むねまさ,Munemasa Takenochi,estimated-medium,male,,大分県
p_c1234ff8b628,s_c0683ef48421,諌山 千紘,いさやま ちひろ,Chihiro Isayama,estimated-medium,female,2026,大分県
p_097e5f666547,s_b996f9698512,遠藤由菜,えんどう ゆな,Yuna Endo,estimated-high,female,2025,大分県
p_2fcfec474e0a,s_b996f9698512,高橋銀,たかはし ぎん,Gin Takahashi,estimated-high,male,2027,大分県
p_507cd607e610,s_b996f9698512,黒木 湊大,くろき そうた,Sota Kuroki,estimated-medium,male,2028,大分県
p_015e275b8f6d,s_281dd57de87a,テイラー 芹奈,ていらー せりな,Serina Teiraa,auto-unverified,female,2028,大阪
p_202361b8f7ed,s_99193474c1cd,三浦 一真,みうら かずま,Kazuma Miura,estimated-medium,male,2025,大阪
p_703f59cf5ae6,s_060c66907afb,下村 菜々香,しもむら な々かおり,Na(kurikaesi)kaori Shimomura,auto-unverified,female,2026,大阪
p_cec5c6dd495e,s_43db21fea195,中川 翔稀,なかがわ しょうまれ,Shomare Nakagawa,auto-unverified,male,2027,大阪
p_b2a666f12918,s_48e1cf045d07,中西 望緒,なかにし みお,Mio Nakanishi,estimated-medium,female,2026,大阪
p_c7153d628616,s_99193474c1cd,井上 聡大,いのうえ さとしだい,Satoshidai Inoe,auto-unverified,male,2025,大阪
p_a90de46120dd,s_060c66907afb,今岡 光一郎,いまおか こういちろう,Koichiro Imaoka,auto-unverified,male,2026,大阪
p_9fc98ea4476e,s_99193474c1cd,仲西 咲良,なかにし さくら,Sakura Nakanishi,auto-unverified,female,2029,大阪
p_ec0cdadbf6c0,s_99193474c1cd,伊藤 永治,いとう えいじ,Eiji Ito,auto-unverified,male,2026,大阪
p_05b420aa73c6,s_99193474c1cd,佐藤 あおい,さとう あおい,Aoi Sato,estimated-high,female,2025,大阪
p_b693a6e0fba1,s_060c66907afb,内田 宗寿,うちだ そうじゅ,Soju Uchida,auto-unverified,male,2026,大阪
p_487b76d2a9cc,s_99193474c1cd,北川 諒,きたがわ りょう,Ryo Kitagawa,auto-unverified,male,2027,大阪
p_11ca00a117bb,s_43db21fea195,北田 太雅,きただ たいが,Taiga Kitada,estimated-high,male,2027,大阪
p_2fcf65956bf9,s_43db21fea195,友井 麻裕,ともい あさひろし,Asahiroshi Tomoi,auto-unverified,female,2027,大阪
p_d1878f529c9b,s_060c66907afb,古川 拓磨,ふるかわ たくま,Takuma Furukawa,auto-unverified,male,2026,大阪
p_533a4ab4cb0d,s_99193474c1cd,吉川 慶史,よしかわ よしし,Yoshishi Yoshikawa,auto-unverified,male,2028,大阪
p_6b978b3e5b9d,s_43db21fea195,和島 陸真,わじま りくまこと,Rikumakoto Wajima,auto-unverified,male,2027,大阪
p_ad7cf9dd82a2,s_43db21fea195,坂本 尚美,さかもと なおみ,Naomi Sakamoto,auto-unverified,female,2027,大阪
p_a88bd766f1cb,s_43db21fea195,天野 那月,あまの なつき,Natsuki Amano,auto-unverified,female,2027,大阪
p_ea8beaa684e7,s_48e1cf045d07,奥 龍之介,おく りゅうのすけ,Ryunosuke Oku,auto-unverified,male,2026,大阪
p_3732992bb762,s_060c66907afb,姜 泰成,きょう やすなり,Yasunari Kyo,estimated-low,male,2026,大阪
p_fffe88f1fa65,s_43db21fea195,寺西 花恋,てらにし はなこい,Hanakoi Teranishi,auto-unverified,female,2027,大阪
p_3d67cb61553d,s_060c66907afb,小原 一真,おはら かずま,Kazuma Ohara,estimated-medium,male,2029,大阪
p_39e7b81b899c,s_060c66907afb,尾沼 姫南,おぬま ひめみなみ,Himeminami Onuma,auto-unverified,female,2026,大阪
p_0e0f98573755,s_99193474c1cd,山口 紗季,やまぐち さき,Saki Yamaguchi,auto-unverified,female,2026,大阪
p_aebcc83fab6e,s_029c8b887101,山口 紗季,やまぐち さき,Saki Yamaguchi,auto-unverified,female,2026,大阪
p_72915698cdda,s_91e6da4d860c,山西 昴,やまにし すばる,Subaru Yamanishi,auto-unverified,male,2028,大阪
p_b320b1718533,s_99193474c1cd,岩本 緋真,いわもと ひさな,Hisana Iwamoto,auto-unverified,female,2028,大阪
p_6b0a6479e899,s_43db21fea195,巽 喜一,たつみ きいち,Kiichi Tatsumi,estimated-high,male,2029,大阪
p_203d5af63b15,s_060c66907afb,市川 栞名,いちかわ しおりめい,Shiorimei Ichikawa,auto-unverified,female,2028,大阪
p_6c723a1268d4,s_43db21fea195,日高 彩夏,ひだか あやか,Ayaka Hidaka,auto-unverified,female,2027,大阪
p_75fd30943c10,s_43db21fea195,木村 咲彩,きむら さきさい,Sakisai Kimura,auto-unverified,female,2027,大阪
p_78f0a1d2d6aa,s_060c66907afb,杉森 大悟,すぎもり だいご,Daigo Sugimori,estimated-high,male,2026,大阪
p_0ec51865e582,s_060c66907afb,村下 翔紀,むらした しょうき,Shoki Murashita,auto-unverified,male,2026,大阪
p_81a08d9b9867,s_99193474c1cd,東 茜,あずま あかね,Akane Azuma,auto-unverified,female,2029,大阪
p_09dc2531f041,s_99193474c1cd,松尾 優花,まつお ゆうか,Yuka Matsuo,estimated-medium,female,2029,大阪
p_819b7ecb2305,s_99193474c1cd,棟長 愛結花,とうちょう あいゆか,Aiyuka Tocho,auto-unverified,female,2026,大阪
p_a33935e75857,s_060c66907afb,森田 圭治,もりた けいじ,Keiji Morita,auto-unverified,male,2026,大阪
p_7b70c5366dd7,s_43db21fea195,横井 和珠,よこい わしゅ,Washu Yokoi,auto-unverified,female,2027,大阪
p_067f92e417e4,s_43db21fea195,武田 知也,たけだ ともや,Tomoya Takeda,auto-unverified,male,2027,大阪
p_ee03701a7638,s_99193474c1cd,水嶋 夏暖,みずしま なつだん,Natsudan Mizushima,auto-unverified,female,2026,大阪
p_f259a0c9f8f3,s_99193474c1cd,池方 百花,いけほう ももか,Momoka Ikeho,auto-unverified,female,2029,大阪
p_08d022016c87,s_99193474c1cd,河野 春之助,こうの はるのすけ,Harunosuke Kono,auto-unverified,male,2028,大阪
p_3c4f815dbe78,s_99193474c1cd,清水 唯斗,しみず ただと,Tadato Shimizu,auto-unverified,male,2026,大阪
p_d3c720b57adf,s_060c66907afb,渡邊 瑛斗,わたなべ えいと,Eito Watanabe,auto-unverified,male,2027,大阪
p_62ea42978d3b,s_43db21fea195,犬伏 胡々音,いぬぶし こ々おと,Ko(kurikaesi)oto Inubushi,auto-unverified,female,2026,大阪
p_901c9e6c78e6,s_99193474c1cd,田中 啓慧雄,たなか けいけいおす,Keikeiosu Tanaka,auto-unverified,male,2029,大阪
p_58177c1f8f5a,s_43db21fea195,福嶋 亜美,ふくしま あみ,Ami Fukushima,auto-unverified,female,2026,大阪
p_196c07965d51,s_848b17e1101f,福武 采実,ふくたけ さいみ,Saimi Fukutake,auto-unverified,female,2029,大阪
p_2010cb4eb70b,s_060c66907afb,菅原 丈暉,すがわら たけき,Takeki Sugawara,auto-unverified,male,2029,大阪
p_6804130b2990,s_060c66907afb,藤村 奏,ふじむら かなで,Kanade Fujimura,estimated-medium,male,2026,大阪
p_85b6b0fcc98c,s_99193474c1cd,西本 美結,にしもと みゆ,Miyu Nishimoto,estimated-medium,female,2027,大阪
p_b8adba129cc3,s_029c8b887101,西本 美結,にしもと みゆ,Miyu Nishimoto,estimated-medium,female,2027,大阪
p_2ac4e6394927,s_060c66907afb,西村 亘太,にしむら こうた,Kota Nishimura,auto-unverified,male,2026,大阪
p_7cebbb7c5388,s_43db21fea195,辻本 善,つじもと ぜん,Zen Tsujimoto,auto-unverified,male,2027,大阪
p_6c88de2cf44f,s_99193474c1cd,鈴木 心晴,すずき こころせい,Kokorosei Suzuki,auto-unverified,female,2028,大阪
p_c94827e44210,s_99193474c1cd,風間 隼人,かざま はやと,Hayato Kazama,auto-unverified,male,2027,大阪
p_95d4d3c8e6cc,s_99193474c1cd,風間 隼斗,かざま はやと,Hayato Kazama,auto-unverified,male,2027,大阪
p_9dd20efc73bc,s_060c66907afb,高橋 祐成,たかはし すけなり,Sukenari Takahashi,auto-unverified,male,2028,大阪
p_e8bc25c3cc44,s_43db21fea195,高田 瑞生,たかだ みずお,Mizuo Takada,auto-unverified,female,2025,大阪
p_9bb887c67f09,s_2f44d5b06fc4,イェ シンミン,いぇ しんみん,Shinmin Ie,auto-unverified,female,2027,大阪府
p_d825126a127b,s_2f44d5b06fc4,オティエノ 志音,おてぃえの しおん,Shion Otieno,estimated-medium,male,2024,大阪府
p_1b34b51d6c73,s_2f44d5b06fc4,三井優奈,みつい ゆうな,Yuna Mitsui,estimated-high,female,2025,大阪府
p_c67ff07056bf,s_2f44d5b06fc4,三浦 有瑠,みうら ありる,Ariru Miura,auto-unverified,female,2027,大阪府
p_baa725937571,s_2f44d5b06fc4,上原 嘉連,うえはら かれん,Karen Uehara,estimated-low,male,2027,大阪府
p_e7f3277400b8,s_848b17e1101f,上原嘉連,うえはら かれん,Karen Uehara,estimated-low,male,2027,大阪府
p_7e53fdab92b2,s_8396bb6d68ad,上村 理人,うえむら まさと,Masato Uemura,auto-unverified,male,2028,大阪府
p_a50079b48911,s_00d770272793,上野 乃愛,うえの のあ,Noa Ueno,estimated-high,female,2028,大阪府
p_768a6beba217,s_36e8aaa4071e,丘 裕伍,おか ひろしご,Hiroshigo Oka,auto-unverified,male,2028,大阪府
p_b36faa98d6f4,s_00d770272793,中井 愛理,なかい えり,Eri Nakai,auto-unverified,female,2025,大阪府
p_78878c821ed9,s_00d770272793,中村 寿光鈴,なかむら じゅりん,Jurin Nakamura,estimated-low,female,2028,大阪府
p_b4e8adc3d659,s_f6b360171510,中村 桃瑳,なかむら ももさ,Momosa Nakamura,auto-unverified,female,2027,大阪府
p_cb74e0d8abdc,s_8396bb6d68ad,中村仁,なかむら じん,Jin Nakamura,estimated-medium,male,2025,大阪府
p_64c977e497c0,s_608a7d103f65,中村桜萌,なかむら さくらほう,Sakuraho Nakamura,auto-unverified,female,2027,大阪府
p_f4506eaf2a60,s_00d770272793,中西 亜維,なかにし あい,Ai Nakanishi,auto-unverified,female,2029,大阪府
p_2b8171035401,s_36e8aaa4071e,中西 成偉,なかにし せいい,Seii Nakanishi,auto-unverified,male,2029,大阪府
p_5ea1da5d2b6d,s_8396bb6d68ad,中西望緒,なかにし みお,Mio Nakanishi,estimated-medium,female,2026,大阪府
p_43b18ddb342d,s_848b17e1101f,中谷桜里奈,なかたに さりな,Sarina Nakatani,estimated-low,female,2029,大阪府
p_b333a6e1b497,s_00d770272793,中越 百々香,なかごし ももか,Momoka Nakagoshi,estimated-medium,female,2027,大阪府
p_f47d211f1aa9,s_00d770272793,丸山 真貴,まるやま まき,Maki Maruyama,auto-unverified,male,2026,大阪府
p_3c0b3ad6df3f,s_2f44d5b06fc4,丹羽 櫻,たんば さくら,Sakura Tanba,auto-unverified,female,2025,大阪府
p_59e2d7e45d8a,s_36e8aaa4071e,久保 遼真,くぼ りょうま,Ryoma Kubo,estimated-high,male,2028,大阪府
p_93e276a4e26f,s_2f44d5b06fc4,亀井 幹大,かめい かんた,Kanta Kamei,estimated-medium,male,2025,大阪府
p_b00410c2bfef,s_2f44d5b06fc4,亀井 幹太,かめい かんた,Kanta Kamei,auto-unverified,male,2025,大阪府
p_073ed5b1f54a,s_8396bb6d68ad,五十嵐 楓太,いがらし もみじた,Momijita Igarashi,auto-unverified,male,2027,大阪府
p_411ee2bb5b06,s_2f44d5b06fc4,井川桃佳,いかわ ももか,Momoka Ikawa,estimated-high,female,2026,大阪府
p_1638dea067c4,s_68a2989d4261,今村 吏桜,いまむら りお,Rio Imamura,estimated-low,male,2025,大阪府
p_e6be813d3551,s_36e8aaa4071e,伊東 大輔,いとう だいすけ,Daisuke Ito,auto-unverified,male,2029,大阪府
p_6fc2e85c3193,s_f6b360171510,伊東 尊,いとう みこと,Mikoto Ito,auto-unverified,male,2026,大阪府
p_afb7daca1a3b,s_8396bb6d68ad,伊藤 希身,いとう まれみ,Maremi Ito,auto-unverified,male,2028,大阪府
p_c105472b7654,s_00d770272793,伊藤 柚葵,いとう ゆずき,Yuzuki Ito,estimated-medium,female,2028,大阪府
p_c76567a15443,s_00d770272793,佐光獅士,さこう しし,Shishi Sako,estimated-low,male,2024,大阪府
p_1d5bbefbf835,s_848b17e1101f,佐藤 涼音,さとう すずね,Suzune Sato,estimated-medium,female,2028,大阪府
p_5f68518a9f46,s_00d770272793,元山 優里,もとやま ゆり,Yuri Motoyama,auto-unverified,female,2025,大阪府
p_ff7cd535269e,s_848b17e1101f,児玉 桃,こだま もも,Momo Kodama,estimated-high,female,2028,大阪府
p_4d55d20dfe30,s_8396bb6d68ad,児玉 龍之介,こだま りゅうのすけ,Ryunosuke Kodama,estimated-high,male,2028,大阪府
p_2d0f087ef426,s_2f44d5b06fc4,八木 佑弥,やぎ ゆうや,Yuya Yagi,estimated-high,male,2029,大阪府
p_eae165c30527,s_2f44d5b06fc4,前田 雅治,まえだ まさはる,Masaharu Maeda,auto-unverified,male,2026,大阪府
p_60a0cdeb74c9,s_68a2989d4261,劉 勝基,りゅう かちもと,Kachimoto Ryu,auto-unverified,male,2029,大阪府
p_1d3d02e31ed3,s_72af1e621003,加藤麗奈,かとう れいな,Reina Kato,estimated-high,female,2025,大阪府
p_2eee2e66032f,s_848b17e1101f,加藤麗奈,かとう れいな,Reina Kato,estimated-high,female,2025,大阪府
p_a6b786b41fda,s_8396bb6d68ad,勝部 智苑,かつべ さとるえん,Satoruen Katsube,auto-unverified,male,2029,大阪府
p_9ec37acb5eac,s_f6b360171510,北尾稜佑,きたお りょうゆう,Ryoyu Kitao,auto-unverified,male,2025,大阪府
p_69813da030c4,s_36e8aaa4071e,北川 珀悠,きたがわ はくゆう,Hakuyu Kitagawa,auto-unverified,male,2028,大阪府
p_58c58c946c90,s_608a7d103f65,北川 紗玖楽,きたがわ さくら,Sakura Kitagawa,estimated-high,female,2025,大阪府
p_b81d0467341a,s_68a2989d4261,北田聖久,きただ せく,Seku Kitada,estimated-low,male,2027,大阪府
p_81493147e8bb,s_36e8aaa4071e,北野貴斗,きたの たかと,Takato Kitano,estimated-high,male,2026,大阪府
p_34367665cc28,s_00d770272793,南田りいな,みなみだ りいな,Riina Minamida,estimated-high,female,2027,大阪府
p_e26af6b9216f,s_f6b360171510,合田 美月,ごうだ みつき,Mitsuki Goda,auto-unverified,female,2027,大阪府
p_9834d3ac7f71,s_2f44d5b06fc4,吉村莉央,よしむら りお,Rio Yoshimura,estimated-high,female,2029,大阪府
p_05b695225af4,s_00d770272793,吉滿 香歩,よしみつ かおりほ,Kaoriho Yoshimitsu,auto-unverified,female,2025,大阪府
p_a76535721aa5,s_2f44d5b06fc4,吉田 早希,よしだ さき,Saki Yoshida,auto-unverified,female,2029,大阪府
p_b33f59305be1,s_2f44d5b06fc4,吉田 雄真,よしだ おすまこと,Osumakoto Yoshida,auto-unverified,male,2029,大阪府
p_6d9e10c3116d,s_36e8aaa4071e,吉田 龍桜,よしだ りゅうさくら,Ryusakura Yoshida,auto-unverified,male,2028,大阪府
p_eb8e817b9057,s_68a2989d4261,吉野 陽翔,よしの はると,Haruto Yoshino,estimated-high,male,2026,大阪府
p_53c1bc851cf7,s_8396bb6d68ad,堀江 信太,ほりえ しだ,Shida Horie,auto-unverified,male,2027,大阪府
p_df07813acc73,s_36e8aaa4071e,堤野 洋介,つつみの ようすけ,Yosuke Tsutsumino,estimated-medium,male,2029,大阪府
p_317da804977d,s_2f44d5b06fc4,増田 梨花,ますだ りか,Rika Masuda,auto-unverified,female,2026,大阪府
p_539456467889,s_68a2989d4261,壷井 潤太,つぼい じゅんた,Junta Tsuboi,auto-unverified,male,2026,大阪府
p_3208daf7eecc,s_68a2989d4261,壺井潤太,つぼい じゅんた,Junta Tsuboi,estimated-medium,male,2026,大阪府
p_e443b8a9ba15,s_f6b360171510,多田 翔大郎,ただ しょうたろう,Shotaro Tada,auto-unverified,male,2028,大阪府
p_17e25616e7f8,s_00d770272793,大前 侑莉,おおまえ ゆうり,Yuri Oomae,auto-unverified,female,2026,大阪府
p_cec6de9b8cff,s_00d770272793,大島 琥太郎,おおしま こたろう,Kotaro Oshima,estimated-high,male,2025,大阪府
p_476b82112e44,s_2f44d5b06fc4,大津留遼人,おおつる りょうと,Ryoto Otsuru,estimated-medium,male,2028,大阪府
p_46aace4d7844,s_36e8aaa4071e,大西 翔駈,おおにし しょうく,Shoku Onishi,estimated-low,male,2026,大阪府
p_4aee9415b868,s_2f44d5b06fc4,大野 凌太朗,おおの りょうたあきら,Ryotaakira Ono,auto-unverified,male,2026,大阪府
p_75a0921e24ad,s_36e8aaa4071e,奥川大翔,おくがわ ひろと,Hiroto Okugawa,estimated-medium,male,2026,大阪府
p_431127e570af,s_00d770272793,奥野春菜,おくの はるな,Haruna Okuno,estimated-high,female,2026,大阪府
p_1ccd7b828fe6,s_00d770272793,奥野絢,おくの あや,Aya Okuno,estimated-medium,female,2028,大阪府
p_eded6c0123b2,s_8396bb6d68ad,奥龍 之介,おくりゅう ゆきすけ,Yukisuke Okuryu,auto-unverified,male,2026,大阪府
p_18549bcddbc8,s_8396bb6d68ad,好村 愛咲,よしむら あいざき,Aizaki Yoshimura,auto-unverified,female,2025,大阪府
p_2ead8db4cc4e,s_8396bb6d68ad,妹尾 真旺,せのお まことおう,Makotoo Seno,auto-unverified,male,2027,大阪府
p_f00cf0ddfe15,s_2f44d5b06fc4,宮本 佳,みやもと か,Ka Miyamoto,auto-unverified,male,2029,大阪府
p_c0cf041b034c,s_2f44d5b06fc4,宮本 航冴,みやもと こうこ,Koko Miyamoto,auto-unverified,male,2029,大阪府
p_cce29baa1bed,s_2f44d5b06fc4,宮田悠平,みやた ゆうへい,Yuhei Miyata,estimated-high,male,2027,大阪府
p_d9d8d985ff39,s_2f44d5b06fc4,寺岡 奏音,てらおか そうおと,Sooto Teraoka,auto-unverified,female,2026,大阪府
p_df0d843b0cc4,s_8396bb6d68ad,寺本 瑞,てらもと ずい,Zui Teramoto,auto-unverified,male,2028,大阪府
p_dbdd3bbc03ec,s_2f44d5b06fc4,小倉 七海,おぐら ななみ,Nanami Ogura,auto-unverified,female,2026,大阪府
p_72949bc6de6c,s_68a2989d4261,小島 玲人,こじま れいと,Reito Kojima,auto-unverified,male,2025,大阪府
p_58a18642a4f4,s_2f44d5b06fc4,小川 琥太郎,おがわ こたろう,Kotaro Ogawa,estimated-high,male,2027,大阪府
p_f7acc4c1e46f,s_2f44d5b06fc4,小林 菜乃,こばやし なの,Nano Kobayashi,auto-unverified,female,2027,大阪府
p_93fc6dcd5e4e,s_2f44d5b06fc4,小畑優莉,おばた ゆうり,Yuri Obata,estimated-medium,female,2027,大阪府
p_462f9c4a2b48,s_00d770272793,小竹 羽音,こたけ うおん,Uon Kotake,auto-unverified,female,2029,大阪府
p_d1138f5ceb65,s_36e8aaa4071e,小竹 遼河,こたけ りょうが,Ryoga Kotake,estimated-medium,male,2026,大阪府
p_1753532f9fb1,s_36e8aaa4071e,小谷 亮太,こたに りょうた,Ryota Kotani,estimated-medium,male,2029,大阪府
p_3eb3c4fae15d,s_00d770272793,尾花 新太,おばな しんた,Shinta Obana,auto-unverified,male,2027,大阪府
p_c3f6f59908cd,s_f6b360171510,山原 匠裕,やまはら たくみひろし,Takumihiroshi Yamahara,auto-unverified,male,2028,大阪府
p_5d5495ea2956,s_2f44d5b06fc4,山城まい,やましろ まい,Mai Yamashiro,estimated-high,female,2026,大阪府
p_499033feaad0,s_2f44d5b06fc4,山本 智亜紗,やまもと ちあさ,Chiasa Yamamoto,estimated-low,female,2029,大阪府
p_dd46c3e62494,s_36e8aaa4071e,山本 紋大,やまもと もんた,Monta Yamamoto,estimated-low,male,2024,大阪府
p_3f8bca0cdb9b,s_848b17e1101f,山林芽生,やまばやし めい,Mei Yamabayashi,estimated-medium,female,2029,大阪府
p_465f27d97819,s_2f44d5b06fc4,山田 佳,やまだ か,Ka Yamada,auto-unverified,male,2025,大阪府
p_f59758657549,s_36e8aaa4071e,山田 龍之介,やまだ りゅうのすけ,Ryunosuke Yamada,estimated-high,male,2027,大阪府
p_0876153fcdc9,s_68a2989d4261,山邊 一徳,やまべ かずのり,Kazunori Yamabe,estimated-medium,male,2025,大阪府
p_64190e197d1d,s_2f44d5b06fc4,岡村 皇希,おかむら こうき,Koki Okamura,estimated-medium,male,2026,大阪府
p_46d4683a0ce9,s_36e8aaa4071e,岡田 聖磨,おかだ ひじりま,Hijirima Okada,auto-unverified,male,2029,大阪府
p_3d8107bdd4bc,s_2f44d5b06fc4,岩井 愛巳,いわい あいし,Aishi Iwai,auto-unverified,female,2026,大阪府
p_6da6bd5e2422,s_00d770272793,岩永 杏奈,いわなが あんな,Anna Iwanaga,estimated-high,female,2027,大阪府
p_57eacad7a29c,s_72af1e621003,岸 愛子,きし あいこ,Aiko Kishi,auto-unverified,female,2028,大阪府
p_3a43a8349c4f,s_2f44d5b06fc4,川上 武将,かわかみ ぶしょう,Busho Kawakami,auto-unverified,male,2026,大阪府
p_dcc177e9afe6,s_8396bb6d68ad,川本 惺海,かわもと せいうみ,Seiumi Kawamoto,auto-unverified,male,2028,大阪府
p_01a8ec254ba8,s_00d770272793,川谷 心奈美,かわたに こころなみ,Kokoronami Kawatani,auto-unverified,female,2029,大阪府
p_25c904058022,s_2f44d5b06fc4,平井 聖弥,ひらい ひじりや,Hijiriya Hirai,auto-unverified,male,2027,大阪府
p_db0fec61bccd,s_8396bb6d68ad,平山 希空,ひらやま まれそら,Maresora Hirayama,auto-unverified,female,2027,大阪府
p_d1aea7255795,s_2f44d5b06fc4,平山 空宙,ひらやま そらちゅう,Sorachu Hirayama,auto-unverified,male,2027,大阪府
p_6dd5591645cf,s_36e8aaa4071e,平松 孝太郎,ひらまつ こうたろう,Kotaro Hiramatsu,estimated-high,male,2025,大阪府
p_e7a6500df195,s_68a2989d4261,平野 怜,ひらの れい,Rei Hirano,auto-unverified,male,2026,大阪府
p_167db77c2574,s_36e8aaa4071e,康村 珠利,やすしむら しゅり,Shuri Yasushimura,auto-unverified,male,2028,大阪府
p_1844dd5dbb03,s_2f44d5b06fc4,廣岡 美莉愛,ひろおか びりあ,Biria Hirooka,auto-unverified,female,2029,大阪府
p_adb0e7dbbd9c,s_8396bb6d68ad,廣田 樹里,ひろた じゅり,Juri Hirota,auto-unverified,female,2025,大阪府
p_b6ea3481a3cd,s_f6b360171510,建原 結香,けんはら ゆか,Yuka Kenhara,auto-unverified,female,2029,大阪府
p_5e4cd725bcd9,s_848b17e1101f,後根 愛斗,うしろね まなと,Manato Ushirone,estimated-low,male,2025,大阪府
p_f8a230d1d9e0,s_8396bb6d68ad,徳島 寛人,とくしま ひろと,Hiroto Tokushima,auto-unverified,male,2027,大阪府
p_1eb98b8cc674,s_8396bb6d68ad,徳島 寛弥,とくしま ひろしや,Hiroshiya Tokushima,auto-unverified,male,2029,大阪府
p_124fc2932230,s_36e8aaa4071e,志積 拓弥,しつみ たくみ,Takumi Shitsumi,auto-unverified,male,2025,大阪府
p_52ccbb934d31,s_00d770272793,成田海珠,なりた みく,Miku Narita,estimated-low,female,2028,大阪府
p_12f8fb0db9d4,s_8396bb6d68ad,新居 恒市,しんきょ つねし,Tsuneshi Shinkyo,auto-unverified,male,2026,大阪府
p_2c261e39dc44,,新木 蘭丸,あらき らんまる,Ranmaru Araki,auto-unverified,male,,大阪府
p_20a906600e3b,s_2f44d5b06fc4,新谷世那,しんたに せな,Sena Shintani,estimated-medium,male,2027,大阪府
p_8d477dfca839,s_8396bb6d68ad,末久 愛梨,まつきゅう あいり,Airi Matsukyu,auto-unverified,female,2025,大阪府
p_827767d89d11,s_00d770272793,杉原 瑞希,すぎはら みき,Miki Sugihara,auto-unverified,female,2029,大阪府
p_c9af56d33e2b,s_00d770272793,杉本 佳穂,すぎもと かほ,Kaho Sugimoto,auto-unverified,female,2026,大阪府
p_50b9871f1b00,s_00d770272793,杉本 奈央,すぎもと なお,Nao Sugimoto,estimated-high,female,2028,大阪府
p_d513047c765b,s_00d770272793,杉田 琉羽,すぎた るう,Ru Sugita,estimated-low,female,2027,大阪府
p_df6ffed4c1eb,s_848b17e1101f,村田歩香,むらた ほのか,Honoka Murata,estimated-medium,female,2024,大阪府
p_fc7f3f269a1c,s_68a2989d4261,東 到矢,あずま とうや,Toya Azuma,estimated-low,male,2025,大阪府
p_36d2bbc1444a,s_2f44d5b06fc4,東 大喜,あずま だいき,Daiki Azuma,estimated-medium,male,2027,大阪府
p_f471b0584cbe,s_2f44d5b06fc4,東浦 聖空,ひがしうら ひじりそら,Hijirisora Higashiura,auto-unverified,male,2028,大阪府
p_a8489d4f7edb,s_36e8aaa4071e,東野 秀馬,ひがしの しゅうま,Shuma Higashino,estimated-medium,male,2024,大阪府
p_0e28bda97194,s_36e8aaa4071e,東野 繁城,ひがしの しげき,Shigeki Higashino,estimated-low,male,2025,大阪府
p_a53cfd94e6ed,s_2f44d5b06fc4,松並 将輝,まつなみ まさき,Masaki Matsunami,estimated-medium,male,2025,大阪府
p_a8530c651076,s_f6b360171510,松井 利空,まつい りそら,Risora Matsui,auto-unverified,male,2025,大阪府
p_4f9957c9b896,s_f6b360171510,松原 優芽,まつばら ゆめ,Yume Matsubara,auto-unverified,female,2028,大阪府
p_72d375c61403,s_2f44d5b06fc4,松尾優里奈,まつお ゆりな,Yurina Matsuo,estimated-high,female,2029,大阪府
p_819200456317,s_848b17e1101f,松尾桃子,まつお ももこ,Momoko Matsuo,estimated-high,female,2026,大阪府
p_50ddff0ba36a,s_00d770272793,松本 若々,まつもと わかわか,Wakawaka Matsumoto,auto-unverified,female,2028,大阪府
p_44ba028ff15c,s_00d770272793,松田夏月輝,まつだ かづき,Kazuki Matsuda,estimated-low,male,2024,大阪府
p_0112f750997d,s_00d770272793,松田菜々榎,まつだ ななか,Nanaka Matsuda,estimated-low,female,2024,大阪府
p_621902b153e8,s_8396bb6d68ad,松野 由羽,まつの ゆはね,Yuhane Matsuno,auto-unverified,female,2028,大阪府
p_d6baf6ef3c16,s_8396bb6d68ad,松高 蓮,まつたか れん,Ren Matsutaka,auto-unverified,male,2026,大阪府
p_328cb2dbb4ef,s_8396bb6d68ad,松髙 蓮,まつ れん,Ren Matsu,auto-unverified,male,2026,大阪府
p_3edbe14fd2df,s_2f44d5b06fc4,板倉 ひなの,いたくら ひなの,Hinano Itakura,auto-unverified,female,2027,大阪府
p_6e28797c40e2,s_00d770272793,林稜雅,はやし りょうが,Ryoga Hayashi,estimated-medium,male,2024,大阪府
p_c29949297222,s_2f44d5b06fc4,染谷 颯人,そめや そうと,Soto Someya,auto-unverified,male,2028,大阪府
p_e89e96d2d066,s_8396bb6d68ad,柴田 健世,しばた たけしよ,Takeshiyo Shibata,auto-unverified,male,2028,大阪府
p_7aa317a105b1,s_2f44d5b06fc4,柴田 晨之介,しばた しんのすけ,Shinnosuke Shibata,estimated-high,male,2024,大阪府
p_cc9d3dab077a,s_00d770272793,梅田 琉偉,うめだ るい,Rui Umeda,estimated-medium,male,2027,大阪府
p_53e443040506,s_2f44d5b06fc4,森 美蘭,もり びらん,Biran Mori,auto-unverified,female,2026,大阪府
p_b9cd64eae388,s_72af1e621003,森下芽彩,もりした めい,Mei Morishita,estimated-low,female,2025,大阪府
p_dfda00cc8726,s_00d770272793,森崎 佑之介,もりさき ゆうのすけ,Yunosuke Morisaki,estimated-medium,male,2028,大阪府
p_0ff67db8c53d,s_00d770272793,森田 乃愛,もりた のあ,Noa Morita,estimated-high,female,2024,大阪府
p_a92e688a6860,s_8396bb6d68ad,森田 優,もりた ゆう,Yu Morita,estimated-medium,male,2027,大阪府
p_5af5211d8aa6,s_2f44d5b06fc4,森田 恵理沙,もりた えりさ,Erisa Morita,auto-unverified,female,2029,大阪府
p_a3183ca313b4,s_2f44d5b06fc4,森田 恵里沙,もりた えりさ,Erisa Morita,auto-unverified,female,2029,大阪府
p_a0b95b88505e,s_36e8aaa4071e,樋口 誠志,ひぐち かねつき,Kanetsuki Higuchi,auto-unverified,male,2025,大阪府
p_1fc692738a0c,s_36e8aaa4071e,橋本 迅,はしもと じん,Jin Hashimoto,estimated-high,male,2028,大阪府
p_68e33ac86201,s_2f44d5b06fc4,武市 凌和,たけいち りょうわ,Ryowa Takeichi,auto-unverified,male,2025,大阪府
p_6f46ceae1915,s_00d770272793,殿浦 充翔,とのうら みつと,Mitsuto Tonora,estimated-low,male,2028,大阪府
p_fe6f4d4c9243,s_8396bb6d68ad,水谷 天海,みずたに あまがい,Amagai Mizutani,auto-unverified,male,2027,大阪府
p_f4ef99dc5706,s_36e8aaa4071e,永井 都和,ながい みやこわ,Miyakowa Nagai,auto-unverified,male,2029,大阪府
p_25efb3687e5b,s_00d770272793,永田 万叶,ながた まんかのう,Mankano Nagata,auto-unverified,male,2029,大阪府
p_a8e5f84545d8,s_68a2989d4261,永田 蒼右介,ながた あおみぎすけ,Aomigisuke Nagata,auto-unverified,male,2028,大阪府
p_0ed2eba38d8b,s_36e8aaa4071e,池上 弥孝,いけがみ やたかし,Yatakashi Ikegami,auto-unverified,male,2029,大阪府
p_71332fceb005,s_68a2989d4261,池田 優斗,いけだ ゆうと,Yuto Ikeda,auto-unverified,male,2027,大阪府
p_3290f258222c,s_36e8aaa4071e,池田 圭,いけだ けい,Kei Ikeda,auto-unverified,male,2029,大阪府
p_f3e691d94880,s_36e8aaa4071e,河口 聖哉,かわぐち せいや,Seiya Kawaguchi,estimated-medium,male,2027,大阪府
p_978a9e67af09,s_f6b360171510,河村実空,かわむら みそら,Misora Kawamura,auto-unverified,female,2027,大阪府
p_2f0d5dfc872d,s_00d770272793,河野きおら,こうの きおら,Kiora Kono,estimated-medium,female,2024,大阪府
p_e97fb05ffde8,s_2f44d5b06fc4,波部 俊一朗,はべ しゅんいちろう,Shunichiro Habe,estimated-medium,male,2025,大阪府
p_eb215c082078,s_36e8aaa4071e,浅井 泰賀,あさい やすしが,Yasushiga Asai,auto-unverified,male,2027,大阪府
p_b0ba77d21805,s_00d770272793,浦西 亮輔,うらにし りょうすけ,Ryosuke Uranishi,estimated-medium,male,2028,大阪府
p_4e7c28090223,s_2f44d5b06fc4,渋川 煌,しぶかわ こう,Ko Shibukawa,estimated-medium,male,2026,大阪府
p_3387126a983b,s_848b17e1101f,渡部 琴,わたなべ こと,Koto Watanabe,estimated-medium,female,2028,大阪府
p_2477285a7bd8,s_f6b360171510,溝川 大耀,みぞかわ たいよう,Taiyo Mizokawa,estimated-low,male,2027,大阪府
p_80ccc7bbf3f7,s_f6b360171510,溝川 陽大,みぞかわ ようだい,Yodai Mizokawa,auto-unverified,male,2029,大阪府
p_c020e4ba41cc,s_00d770272793,滝澤里菜,たきざわ りな,Rina Takizawa,estimated-high,female,2024,大阪府
p_f87cdce4ecd7,s_2f44d5b06fc4,熊谷 仁之介,くまがや ひとしすけ,Hitoshisuke Kumagaya,auto-unverified,male,2027,大阪府
p_83c8eb548594,s_8396bb6d68ad,田中 佑宇人,たなか ゆううにん,Yuunin Tanaka,auto-unverified,male,2027,大阪府
p_1800936f2667,s_36e8aaa4071e,田中 希來,たなか まれらい,Marerai Tanaka,auto-unverified,male,2029,大阪府
p_693c2506d1ee,s_f6b360171510,田中 礼恩,たなか れいおん,Reion Tanaka,auto-unverified,male,2026,大阪府
p_eb2bdc436dae,s_2f44d5b06fc4,田中 龍之介,たなか りゅうのすけ,Ryunosuke Tanaka,estimated-high,male,2025,大阪府
p_dc68ba539c59,s_68a2989d4261,田仲 琉雅,たなか りゅうまさ,Ryumasa Tanaka,auto-unverified,male,2027,大阪府
p_fdbe57eaea98,s_36e8aaa4071e,畑谷星哉,はたや せいや,Seiya Hataya,estimated-medium,male,2027,大阪府
p_d94091aceab3,s_f6b360171510,疋田 瀬梛,ひきた せなぎ,Senagi Hikita,auto-unverified,male,2028,大阪府
p_8f0f5cd03953,s_68a2989d4261,白木 康友,しらき やすとも,Yasutomo Shiraki,auto-unverified,male,2025,大阪府
p_4ee0287c2050,s_36e8aaa4071e,白野 柚稀,しろの ゆずき,Yuzuki Shirono,estimated-medium,male,2024,大阪府
p_975c7c0d5ca3,s_36e8aaa4071e,白野 空,しろの そら,Sora Shirono,auto-unverified,male,2027,大阪府
p_44eb21e8e6e3,s_00d770272793,百田一郎,ももた いちろう,Ichiro Momota,estimated-medium,male,2026,大阪府
p_1c48fe97b52e,s_36e8aaa4071e,皿木 大智,さらき たいち,Taichi Saraki,estimated-medium,male,2024,大阪府
p_664c86fd0e51,s_36e8aaa4071e,眞田 空翔,さなだ そらしょう,Sorasho Sanada,auto-unverified,male,2027,大阪府
p_b2e387c2ac7c,s_2f44d5b06fc4,石井 航祐,いしい こうすけ,Kosuke Ishii,auto-unverified,male,2027,大阪府
p_d1186e6e17c6,s_00d770272793,石原 龍之介,いしはら りゅうのすけ,Ryunosuke Ishihara,estimated-high,male,2024,大阪府
p_aff0240e505b,s_36e8aaa4071e,石口 寛樹,いしぐち ひろき,Hiroki Ishiguchi,estimated-medium,male,2028,大阪府
p_d01fdce66769,s_8396bb6d68ad,石塚 翔悟,いしづか しょうご,Shogo Ishizuka,auto-unverified,male,2026,大阪府
p_0c7ba489f1d4,s_2f44d5b06fc4,石田杏莉,いしだ あんり,Anri Ishida,estimated-high,female,2028,大阪府
p_f49da0847337,s_00d770272793,福井誇多郎,ふくい こたろう,Kotaro Fukui,estimated-medium,male,2029,大阪府
p_094e6141a7a0,s_36e8aaa4071e,福村 航汰朗,ふくむら こうたあきら,Kotaakira Fukumura,auto-unverified,male,2025,大阪府
p_33233bf28d25,s_8396bb6d68ad,福永 航平,ふくなが こうへい,Kohei Fukunaga,auto-unverified,male,2025,大阪府
p_8edb56369a53,s_00d770272793,福田 怜斗,ふくだ れいと,Reito Fukuda,estimated-high,male,2028,大阪府
p_799e45707f30,s_00d770272793,秋山 奈菜,あきやま なな,Nana Akiyama,auto-unverified,female,2028,大阪府
p_5f948d51ef60,s_00d770272793,秋山 菜奈,あきやま なな,Nana Akiyama,auto-unverified,female,2028,大阪府
p_49e1acf26c38,s_72af1e621003,秋田 光梨,あきた ひかり,Hikari Akita,estimated-medium,female,2024,大阪府
p_f0bba08116ef,s_00d770272793,竹内 梨夢,たけうち りむ,Rimu Takeuchi,estimated-medium,female,2027,大阪府
p_75021838dd5b,s_36e8aaa4071e,筒井 佑樹,つつい ゆうき,Yuki Tsutsui,auto-unverified,male,2028,大阪府
p_257d3cab644a,s_36e8aaa4071e,義川 太雅,ぎかわ たいが,Taiga Gikawa,auto-unverified,male,2027,大阪府
p_75995d9bf9fd,s_8396bb6d68ad,舩岡 礼,ふなおか あや,Aya Funaoka,auto-unverified,male,2027,大阪府
p_eafb2425cfbe,s_8396bb6d68ad,船岡 礼,ふなおか あや,Aya Funaoka,estimated-low,male,2027,大阪府
p_110a42ca0936,s_608a7d103f65,花岡 千陽,はなおか ちはる,Chiharu Hanaoka,estimated-medium,female,2027,大阪府
p_e681613d754d,s_8396bb6d68ad,莨谷 陽成,たばこたに ようぜい,Yozei Tabakotani,auto-unverified,male,2028,大阪府
p_11a7978597b4,s_608a7d103f65,菊地 帝牙,きくち みかどきば,Mikadokiba Kikuchi,auto-unverified,male,2029,大阪府
p_eace10b62647,s_848b17e1101f,菊田 ひな,きくた ひな,Hina Kikuta,estimated-medium,female,2026,大阪府
p_bbde694a6252,s_2f44d5b06fc4,萬谷 奏太,まんたに そうた,Sota Mantani,auto-unverified,male,2028,大阪府
p_11390a60fd97,s_8396bb6d68ad,葛本 悠斗,くずほん ゆうと,Yuto Kuzuhon,auto-unverified,male,2027,大阪府
p_bf9559b7e2b6,s_36e8aaa4071e,藤井 流星,ふじい りゅうせい,Ryusei Fujii,auto-unverified,male,2025,大阪府
p_daa997a0e815,s_8396bb6d68ad,藤井 滉貴,ふじい こうたかし,Kotakashi Fujii,auto-unverified,male,2028,大阪府
p_1bfeb9201fe4,s_2f44d5b06fc4,藤本 弘星,ふじもと ひろしほし,Hiroshihoshi Fujimoto,auto-unverified,male,2027,大阪府
p_7617ac234444,s_2f44d5b06fc4,藤本 涼佑,ふじもと りょうゆう,Ryoyu Fujimoto,auto-unverified,male,2029,大阪府
p_0d10315a508a,s_2f44d5b06fc4,西森 亘成,にしもり こうせい,Kosei Nishimori,auto-unverified,male,2029,大阪府
p_7456b53ca9c0,s_72af1e621003,角江 愛梨,かどえ あいり,Airi Kadoe,estimated-low,female,2024,大阪府
p_fb9e04716073,s_2f44d5b06fc4,角江 陸翔,かどえ りくと,Rikuto Kadoe,estimated-low,male,2026,大阪府
p_0b43cf0cd612,s_2f44d5b06fc4,角田 あや,つのだ あや,Aya Tsunoda,estimated-medium,female,2026,大阪府
p_f9c6dd0eca0a,s_36e8aaa4071e,谷口 宥斗,たにぐち ゆうと,Yuto Taniguchi,auto-unverified,male,2028,大阪府
p_50131c3b956b,s_2f44d5b06fc4,谷川 仙一朗,たにがわ せんいちろう,Senichiro Tanigawa,estimated-high,male,2026,大阪府
p_8b1e5ba7d977,s_f6b360171510,谷本 咲幸,たにもと さきさち,Sakisachi Tanimoto,auto-unverified,female,2029,大阪府
p_04dcd1fb42e0,s_36e8aaa4071e,谷藤 海,たにふじ かい,Kai Tanifuji,auto-unverified,male,2026,大阪府
p_0b5e8a2fd78c,s_2f44d5b06fc4,貞方 俊輝,さだかた としき,Toshiki Sadakata,estimated-medium,male,2029,大阪府
p_f03408403e2d,s_f6b360171510,賀喜 誠之助,かき せいのすけ,Seinosuke Kaki,auto-unverified,male,2026,大阪府
p_7a5468c416b9,s_36e8aaa4071e,赤松 成眞,あかまつ せいま,Seima Akamatsu,estimated-medium,male,2025,大阪府
p_e62c432f1edd,s_8396bb6d68ad,辰巳 翔琉,たつみ かける,Kakeru Tatsumi,auto-unverified,male,2025,大阪府
p_39aa7b66219b,s_f6b360171510,辻 陽太,つじ ようた,Yota Tsuji,auto-unverified,male,2029,大阪府
p_151046952757,s_36e8aaa4071e,辻野 巧真,つじの たくま,Takuma Tsujino,estimated-medium,male,2026,大阪府
p_e4fab1bc70d7,s_2f44d5b06fc4,近藤 優衣,こんどう ゆい,Yui Kondo,estimated-high,female,2029,大阪府
p_abbcc428651b,s_8396bb6d68ad,遠藤 心春,えんどう こころはる,Kokoroharu Endo,auto-unverified,female,2025,大阪府
p_e8a92fcf506f,s_8396bb6d68ad,野中 一力,のなか いちりき,Ichiriki Nonaka,auto-unverified,male,2029,大阪府
p_02dcc98b81cc,s_8396bb6d68ad,野村 颯祐,のむら さつすけ,Satsusuke Nomura,auto-unverified,male,2028,大阪府
p_f7f03cf2ab1f,s_2f44d5b06fc4,金城 芽衣夏,きんじょう めいなつ,Meinatsu Kinjo,auto-unverified,female,2029,大阪府
p_59644ea9b5da,s_848b17e1101f,金拿仕,きんだ つかさ,Tsukasa Kinda,estimated-low,female,2025,大阪府
p_d4d10c936d55,s_2f44d5b06fc4,金沢 玲奈,かなざわ れいな,Reina Kanazawa,estimated-high,female,2028,大阪府
p_1b2507e9d7ad,s_2f44d5b06fc4,長友 凛太郎,ながとも りんたろう,Rintaro Nagatomo,auto-unverified,male,2025,大阪府
p_496a5e3cbb35,s_2f44d5b06fc4,長友 凜太郎,ながとも りんたろう,Rintaro Nagatomo,estimated-high,male,2025,大阪府
p_40e5111a16ba,s_f6b360171510,長嶺 佳奈,ながみね かな,Kana Nagamine,auto-unverified,female,2028,大阪府
p_9c37811ef604,s_00d770272793,長野 莉久斗,ながの りきゅうと,Rikyuto Nagano,auto-unverified,male,2025,大阪府
p_bd68554908f2,s_f6b360171510,隅田 陛大,すみだ へいだい,Heidai Sumida,auto-unverified,male,2027,大阪府
p_28417a1cd5cf,s_36e8aaa4071e,馬田 大嘉,まだ だいか,Daika Mada,auto-unverified,male,2025,大阪府
p_c99b20fc2ad2,s_36e8aaa4071e,馬田 琉生,まだ りゅうなま,Ryunama Mada,auto-unverified,male,2028,大阪府
p_39c980477b34,s_8396bb6d68ad,高山 昌大,たかやま まさだい,Masadai Takayama,auto-unverified,male,2027,大阪府
p_03c3f70e2aa2,s_8396bb6d68ad,高橋 真乃亜,たかはし まことのあ,Makotonoa Takahashi,auto-unverified,male,2029,大阪府
p_4df155151f59,s_f6b360171510,鬼崎 夢梨娃,おにざき ゆめなしあ,Yumenashia Onizaki,auto-unverified,female,2029,大阪府
p_b985391a9e17,s_848b17e1101f,黒木 夢,くろき ゆめ,Yume Kuroki,estimated-high,female,2027,大阪府
p_0f24f9d5b58a,s_848b17e1101f,黒木 宝,くろき たから,Takara Kuroki,estimated-medium,female,2026,大阪府
p_72a4e24e7416,s_f6b360171510,齊木 遼哉,さいき りょうや,Ryoya Saiki,auto-unverified,male,2025,大阪府
p_f39b0394eb18,s_f6b360171510,齋藤 琉加,さいとう りゅうか,Ryuka Saito,auto-unverified,male,2027,大阪府
p_9996fc6a4a74,s_949b65b7f92b,中西 孝仁,なかにし たかひと,Takahito Nakanishi,auto-unverified,male,2027,奈良
p_a38b081ec8e5,s_baeb3fe6d084,保田 希平,やすだ まれたいら,Maretaira Yasuda,auto-unverified,male,2026,奈良
p_3c1eb0072afe,s_baeb3fe6d084,原田 玲音,はらだ れおん,Reon Harada,estimated-medium,male,2026,奈良
p_20dca4a04a11,s_baeb3fe6d084,廣瀬 睦樹,ひろせ むつみき,Mutsumiki Hirose,auto-unverified,male,2029,奈良
p_d40c105bae79,s_8023ba8fae6a,津田 匠冴,つだ たくみこ,Takumiko Tsuda,auto-unverified,male,2027,奈良
p_8f1e36dfc516,s_baeb3fe6d084,澤江 天晴,さわえ てんせい,Tensei Sawae,auto-unverified,male,2027,奈良
p_dd545f228fe7,s_baeb3fe6d084,澤江 明星,さわえ みょうじょう,Myojo Sawae,auto-unverified,male,2029,奈良
p_226b26eaffae,s_baeb3fe6d084,麻井 爽来,あさい そうらい,Sorai Asai,auto-unverified,female,2029,奈良
p_7324ad4cf33f,s_baeb3fe6d084,上久保実咲,かみくぼ みさき,Misaki Kamikubo,estimated-high,female,2024,奈良県
p_a65b488a89d1,s_baeb3fe6d084,中小路綾乃,なかこうじ あやの,Ayano Nakakoji,estimated-medium,female,2026,奈良県
p_7db0a73ed0d3,s_baeb3fe6d084,中西 伶,なかにし れい,Rei Nakanishi,estimated-medium,male,2024,奈良県
p_c79c646bc378,s_baeb3fe6d084,乾 雄太,いぬい ゆうた,Yuta Inui,estimated-high,male,2024,奈良県
p_3095d05306c5,,今村 吏桜,いまむら りお,Rio Imamura,estimated-low,male,,奈良県
p_e7f7585d2198,s_baeb3fe6d084,前田羚菜,まえだ れいな,Reina Maeda,estimated-medium,female,2024,奈良県
p_7685f9dbbb05,s_baeb3fe6d084,土井稀世,どい きよ,Kiyo Doi,estimated-medium,female,2026,奈良県
p_425650a00473,,堤野 洋介,つつみの ようすけ,Yosuke Tsutsumino,estimated-medium,male,,奈良県
p_0d8030b40870,s_baeb3fe6d084,岩本 日向,いわもと ひなた,Hinata Iwamoto,estimated-medium,female,2026,奈良県
p_14785c08bdb9,s_baeb3fe6d084,巽 琉愛,たつみ るあ,Rua Tatsumi,estimated-medium,female,2025,奈良県
p_75843fb2eccb,s_baeb3fe6d084,平根 佳亮,ひらね よしあき,Yoshiaki Hirane,estimated-medium,male,2024,奈良県
p_7999ce4a8f6a,s_baeb3fe6d084,木村優作,きむら ゆうさく,Yusaku Kimura,estimated-high,male,2026,奈良県
p_7cd4779f8ad6,s_baeb3fe6d084,松井梨緒,まつい りお,Rio Matsui,estimated-high,female,2025,奈良県
p_0f7879aa2fb2,s_baeb3fe6d084,渡邊 紗弥華,わたなべ さやか,Sayaka Watanabe,estimated-high,female,2025,奈良県
p_82f644e6aac5,s_baeb3fe6d084,澤嶋 志奈,さわじま しな,Shina Sawajima,estimated-medium,female,2026,奈良県
p_e9b3554dfb02,,澤江 天晴,さわえ てんせい,Tensei Sawae,auto-unverified,male,,奈良県
p_d14b9f205a4f,s_baeb3fe6d084,行實 愛登,ゆきざね まなと,Manato Yukizane,estimated-medium,male,2025,奈良県
p_1e3797b345de,s_baeb3fe6d084,金城由樹也,きんじょう ゆきや,Yukiya Kinjo,estimated-medium,male,2024,奈良県
p_06da30a9e64a,s_d79434ef474c,佐藤 心々菜,さとう こころ々な,Kokoro(kurikaesi)na Sato,auto-unverified,female,2028,宮城
p_450eb171b94d,s_b74693945f56,只野 詩織,ただの しおり,Shiori Tadano,auto-unverified,female,2028,宮城
p_c89278d7e9c4,s_d5a1fc390c75,石田 彦一郎,いしだ ひこいちろう,Hikoichiro Ishida,auto-unverified,male,2028,宮城
p_04631dcca890,s_d5a1fc390c75,石田 彦一朗,いしだ ひこいちあきら,Hikoichiakira Ishida,auto-unverified,male,2028,宮城
p_53d319ed933d,s_d5a1fc390c75,石田彦一朗,いしだ ひこいちあきら,Hikoichiakira Ishida,auto-unverified,male,2028,宮城
p_9ad3d95b7202,s_be2fed81f44e,スクラ 笑利,すくら わらいり,Warairi Sukura,auto-unverified,female,2026,宮城県
p_77eef2f34b61,s_be2fed81f44e,三橋 愛里,みつはし あいり,Airi Mitsuhashi,estimated-high,female,2025,宮城県
p_723505c28ac8,s_be2fed81f44e,中山苺衣,なかやま めい,Mei Nakayama,estimated-low,female,2024,宮城県
p_5f9826789651,s_be2fed81f44e,中村 駈,なかむら かける,Kakeru Nakamura,estimated-medium,male,2024,宮城県
p_9fb05ff58aaf,s_be2fed81f44e,中野 杏,なかの あん,An Nakano,estimated-medium,female,2026,宮城県
p_04c2dcb58da4,s_be2fed81f44e,二階堂 七星,にかいどう ななえ,Nanae Nikaido,auto-unverified,female,2026,宮城県
p_c8eed8925497,s_be2fed81f44e,伊藤 希姫,いとう まれひめ,Marehime Ito,auto-unverified,female,2029,宮城県
p_c83df2ac82c8,s_be2fed81f44e,伊藤 心里,いとう みさと,Misato Ito,estimated-low,female,2026,宮城県
p_1c7428e0f848,s_be2fed81f44e,伊藤 輝,いとう ひかる,Hikaru Ito,estimated-low,male,2029,宮城県
p_0db5bccb6bbf,s_be2fed81f44e,佐々木和哉,ささき かずや,Kazuya Sasaki,estimated-high,male,2027,宮城県
p_d648574401e8,s_be2fed81f44e,佐藤 亮太,さとう りょうた,Ryota Sato,estimated-high,male,2025,宮城県
p_e3340c422ffb,s_be2fed81f44e,佐藤 叶恋,さとう かのうこい,Kanokoi Sato,auto-unverified,female,2027,宮城県
p_8957b7305de5,s_be2fed81f44e,倉林 紅,くらばやし くれは,Kureha Kurabayashi,estimated-low,female,2024,宮城県
p_b77e19f80167,s_be2fed81f44e,入倉 愛莉,いりくら あいり,Airi Irikura,estimated-medium,female,2028,宮城県
p_70542d7875a5,s_be2fed81f44e,内野 誉,うちの ほまれ,Homare Uchino,estimated-medium,male,2026,宮城県
p_44bc86c5585c,s_be2fed81f44e,加藤 輝月,かとう かづき,Kazuki Kato,estimated-low,female,2027,宮城県
p_366229228f8c,s_be2fed81f44e,勝浦 安莉名,かつうら あんりめい,Anrimei Katsura,auto-unverified,female,2027,宮城県
p_b3e0ce2a625f,s_be2fed81f44e,半澤 かんな,はんざわ かんな,Kanna Hanzawa,estimated-high,female,2027,宮城県
p_d45ad433a144,s_be2fed81f44e,堀 堅多,ほり けんた,Kenta Hori,estimated-medium,male,2029,宮城県
p_921f1214c6d9,s_be2fed81f44e,安藤 蒼波,あんどう そうは,Soha Ando,auto-unverified,female,2028,宮城県
p_687d8417b034,s_be2fed81f44e,宮崎 美蘭,みやざき びらん,Biran Miyazaki,auto-unverified,female,2027,宮城県
p_e35ffca63cf7,s_be2fed81f44e,小野寺瞳月,おのでら しづき,Shizuki Onodera,estimated-low,female,2027,宮城県
p_24d0354cad82,,廣澤 敬也,ひろさわ あきや,Akiya Hirosawa,auto-unverified,male,,宮城県
p_5e936ddeaaee,s_be2fed81f44e,折笠 蒼太,おりかさ そうた,Sota Orikasa,estimated-medium,male,2024,宮城県
p_a979edc49633,s_be2fed81f44e,月宮 一果,つきみや いちか,Ichika Tsukimiya,estimated-low,female,2027,宮城県
p_7f9b8a1c4b45,s_be2fed81f44e,梶山 晃,かじやま あきら,Akira Kajiyama,estimated-medium,male,2028,宮城県
p_45e2422b61d1,s_be2fed81f44e,沈 彦宇,ちん ひこう,Hiko Chin,estimated-low,male,2029,宮城県
p_92aaa624664a,s_be2fed81f44e,澤田珠加,さわだ じゅか,Juka Sawada,estimated-low,female,2028,宮城県
p_cc363adf8429,s_be2fed81f44e,矢島 明日翔,やじま あしたしょう,Ashitasho Yajima,auto-unverified,female,2026,宮城県
p_e68693e0f1a8,,福山良斗,ふくやま りょうと,Ryoto Fukuyama,estimated-high,male,,宮城県
p_c577706356af,s_be2fed81f44e,織田 瑛太,おだ えいた,Eita Oda,estimated-medium,male,2029,宮城県
p_8f80e00fc37f,s_be2fed81f44e,與儀友歩,よぎ ともほ,Tomoho Yogi,estimated-medium,female,2025,宮城県
p_8afe7e2626f0,s_be2fed81f44e,芳賀 悠翔,はが ゆうと,Yuto Haga,estimated-medium,male,2025,宮城県
p_a70b592979b7,s_be2fed81f44e,菊地弥香,きくち やすか,Yasuka Kikuchi,estimated-low,female,2026,宮城県
p_a8271f55de68,s_be2fed81f44e,譚 傑升,たん たかのり,Takanori Tan,estimated-low,male,2026,宮城県
p_b35752d027fb,s_be2fed81f44e,辻一奏,つじ いちか,Ichika Tsuji,estimated-low,male,2027,宮城県
p_e27296fec3c8,s_be2fed81f44e,都築 成之輔,つづき しげゆきすけ,Shigeyukisuke Tsuzuki,auto-unverified,male,2026,宮城県
p_383681a34082,s_be2fed81f44e,野寄 翼,のより つばさ,Tsubasa Noyori,estimated-low,male,2024,宮城県
p_9e974f4d03f4,s_be2fed81f44e,野村 勇留,のむら いさみりゅう,Isamiryu Nomura,auto-unverified,male,2028,宮城県
p_051a248c3190,s_be2fed81f44e,鈴木 美穂,すずき みほ,Miho Suzuki,estimated-high,female,2028,宮城県
p_55cd66805551,s_be2fed81f44e,黒田 倫太郎,くろだ りんたろう,Rintaro Kuroda,estimated-high,male,2026,宮城県
p_219d2c4fc20e,s_be2fed81f44e,黒金 翼,くろがね つばさ,Tsubasa Kurogane,estimated-medium,male,2025,宮城県
p_6422c06f6337,s_2adcd9c5188f,一ノ瀬 哩莉衣,いちのせ まいるりころも,Mairurikoromo Ichinose,auto-unverified,female,2027,宮崎
p_77a0a9ec8eb7,s_03f851f64c77,三木 飛來,みき ひらい,Hirai Miki,auto-unverified,female,2028,宮崎
p_bb5f93597576,s_03f851f64c77,大木 彩加,たいぼく あやか,Ayaka Taiboku,auto-unverified,female,2027,宮崎
p_078210de958e,s_03f851f64c77,寺原 蓮真,てらはら はすまこと,Hasumakoto Terahara,auto-unverified,male,2027,宮崎
p_9a11f180edab,s_2adcd9c5188f,市川 雲海,いちかわ うんかい,Unkai Ichikawa,auto-unverified,male,2028,宮崎
p_bbe5d3777147,s_03f851f64c77,星平 愛,ほしたいら あい,Ai Hoshitaira,auto-unverified,female,2027,宮崎
p_9f8f0f2cf9a7,s_03f851f64c77,有松 舜槢,ありまつ しゅん,Shun Arimatsu,auto-unverified,male,2027,宮崎
p_014d922a326a,s_2adcd9c5188f,柏木 陽翔,かしわぎ はると,Haruto Kashiwagi,estimated-high,male,2027,宮崎
p_2581839940f2,s_03f851f64c77,河野 成道,こうの じょうどう,Jodo Kono,auto-unverified,male,2027,宮崎
p_3e0e4eea0f23,s_2adcd9c5188f,田畑 湖雪,たはた みずうみゆき,Mizumiyuki Tahata,auto-unverified,female,2027,宮崎
p_579e3558c325,s_2adcd9c5188f,畑中 紗彩,はたなか ささい,Sasai Hatanaka,auto-unverified,female,2027,宮崎
p_053f231abd02,s_2adcd9c5188f,上山 虎雅,うえやま こが,Koga Ueyama,estimated-medium,male,2024,宮崎県
p_74933de77d19,s_2adcd9c5188f,中村 虎ノ介,なかむら とらのすけ,Toranosuke Nakamura,estimated-high,male,2028,宮崎県
p_3ac158e80625,s_2adcd9c5188f,中西 梨純,なかにし なしじゅん,Nashijun Nakanishi,auto-unverified,female,2026,宮崎県
p_3d049e44ac38,s_2adcd9c5188f,丸尾 怜央,まるお れお,Reo Maruo,estimated-high,male,2024,宮崎県
p_98136a443f07,s_2adcd9c5188f,丸尾 羚水,まるお れいみ,Reimi Maruo,estimated-low,female,2024,宮崎県
p_73313473b55a,s_2adcd9c5188f,久木元 孜羽,くきもと しう,Shiu Kukimoto,estimated-low,male,2027,宮崎県
p_1e8468c16d71,s_2adcd9c5188f,井村 大和,いむら やまと,Yamato Imura,estimated-high,male,2027,宮崎県
p_e8d18b80e595,s_2adcd9c5188f,佐々木 心音,ささき ここね,Kokone Sasaki,estimated-medium,male,2027,宮崎県
p_e65df58011a0,s_2adcd9c5188f,佐々木玲衣,ささき れい,Rei Sasaki,estimated-medium,female,2028,宮崎県
p_9354c48936f6,s_2adcd9c5188f,元谷理央,もとや りお,Rio Motoya,estimated-medium,female,2026,宮崎県
p_cf4e5678f258,s_2adcd9c5188f,内村 優作,うちむら ゆうさく,Yusaku Uchimura,estimated-high,male,2026,宮崎県
p_600c5b641e40,s_2adcd9c5188f,冨田 有紀,とみた ゆき,Yuki Tomita,estimated-high,female,2025,宮崎県
p_417b499a6f29,s_2adcd9c5188f,叶 震,かのう しん,Shin Kano,estimated-medium,male,2027,宮崎県
p_397980d3d041,s_2adcd9c5188f,吉松 鈴梨,よしまつ すずり,Suzuri Yoshimatsu,estimated-low,female,2026,宮崎県
p_4aaf3f35105c,s_2adcd9c5188f,図師 和乃佳,ずし わのか,Wanoka Zushi,auto-unverified,female,2029,宮崎県
p_b6e6e14efa2e,s_2adcd9c5188f,塚田 大惺,つかだ だいせい,Daisei Tsukada,auto-unverified,male,2029,宮崎県
p_30de37060be9,s_2adcd9c5188f,塚田光惺,つかだ こうせい,Kosei Tsukada,estimated-low,male,2026,宮崎県
p_29022def16f4,s_2adcd9c5188f,外園華莉南,ほかぞの かりな,Karina Hokazono,estimated-low,female,2027,宮崎県
p_a367f4cd2cfa,s_03f851f64c77,外岩戸 舞央,そといわと まいおう,Maio Sotoiwato,auto-unverified,female,2029,宮崎県
p_d1bd7078b97b,s_2adcd9c5188f,小西優恵,こにし ゆえ,Yue Konishi,estimated-medium,female,2024,宮崎県
p_076c1cfe9da8,s_03f851f64c77,岡上新弥,おかうえ しんや,Shinya Okaue,estimated-medium,male,2026,宮崎県
p_4b61e36993d7,s_2adcd9c5188f,岡村 昂汰,おかむら こうた,Kota Okamura,estimated-high,male,2027,宮崎県
p_69122c2e7fb2,s_03f851f64c77,崎村光生,さきむら こうせい,Kosei Sakimura,estimated-medium,male,2026,宮崎県
p_b698ec6d4ebf,s_2adcd9c5188f,平尾 孝太,ひらお こうた,Kota Hirao,auto-unverified,male,2028,宮崎県
p_c6603e91b881,,張峻苒,ちょうしゅん ぜん,Zen Choshun,auto-unverified,male,,宮崎県
p_03902a1d8fa1,s_2adcd9c5188f,木村塁,きむら るい,Rui Kimura,estimated-high,male,2028,宮崎県
p_2497e5573734,s_2adcd9c5188f,本吉 翔,もとよし しょう,Sho Motoyoshi,estimated-medium,male,2024,宮崎県
p_8d0167e6c257,s_2adcd9c5188f,杉本 翔,すぎもと しょう,Sho Sugimoto,estimated-medium,male,2029,宮崎県
p_fe1fa25e781d,s_d01c11dfb42c,比良田 凜子,ひらた りんこ,Rinko Hirata,auto-unverified,female,2029,宮崎県
p_4570fb170ef2,s_2adcd9c5188f,泥谷 京一郎,どろたに きょういちろう,Kyoichiro Dorotani,auto-unverified,male,2027,宮崎県
p_4e9df917bad4,s_2adcd9c5188f,渋谷翔真,しぶや しょうま,Shoma Shibuya,estimated-high,male,2026,宮崎県
p_24ca7e07ca82,s_2adcd9c5188f,福田 萌維,ふくだ めい,Mei Fukuda,estimated-medium,female,2025,宮崎県
p_f050d0a9a634,s_2adcd9c5188f,秋高 大旺,あきたか たいおう,Taio Akitaka,estimated-low,male,2024,宮崎県
p_7d6d91ad5aea,s_2adcd9c5188f,荒木 優奈,あらき ゆうな,Yuna Araki,estimated-high,female,2024,宮崎県
p_23549cffe8eb,s_2adcd9c5188f,荒木七海,あらき ななみ,Nanami Araki,estimated-high,female,2026,宮崎県
p_ca914816bab2,s_2adcd9c5188f,荒武空也,あらたけ くうや,Kuya Aratake,estimated-medium,male,2027,宮崎県
p_3cafeb2c2e72,s_2adcd9c5188f,菅 楓華,すが ふうか,Fuka Suga,estimated-medium,female,2024,宮崎県
p_ede811d0bdc9,s_2adcd9c5188f,葭岡ほのか,よしおか ほのか,Honoka Yoshioka,estimated-medium,female,2024,宮崎県
p_180ddd4e98e3,s_2adcd9c5188f,藤本 南々子,ふじもと みなみ々こ,Minami(kurikaesi)ko Fujimoto,auto-unverified,female,2029,宮崎県
p_90097c2c2ea2,s_d01c11dfb42c,藤野 蒼來,ふじの そら,Sora Fujino,estimated-low,female,2028,宮崎県
p_1c52c2cdd0ee,s_2adcd9c5188f,谷口 愛莉,たにぐち あいり,Airi Taniguchi,estimated-high,female,2025,宮崎県
p_ddfff0a486c1,s_2adcd9c5188f,長峰 美桜,ながみね みお,Mio Nagamine,estimated-medium,female,2029,宮崎県
p_97f97d97209e,s_2adcd9c5188f,長峰真央,ながみね まお,Mao Nagamine,estimated-medium,female,2028,宮崎県
p_5038c6e9f44c,,長崎 大星,ながさき たいせい,Taisei Nagasaki,estimated-medium,male,,宮崎県
p_b93a2ade1d14,s_2adcd9c5188f,長崎 煌心,ながさき こうしん,Koshin Nagasaki,estimated-medium,male,2027,宮崎県
p_88fd65d9723b,s_d01c11dfb42c,長﨑 大星,ながさき たいせい,Taisei Nagasaki,estimated-medium,male,2028,宮崎県
p_923541ad13cc,s_2adcd9c5188f,長﨑 煌心,ながさき こうしん,Koshin Nagasaki,estimated-medium,male,2026,宮崎県
p_d9e743920e56,s_2adcd9c5188f,隈田原歩乃,くまだはら ほの,Hono Kumadahara,estimated-low,female,2028,宮崎県
p_ae34ce66be62,s_2adcd9c5188f,黒津心音,くろつ ここね,Kokone Kurotsu,estimated-medium,female,2029,宮崎県
p_d7025ce3135f,s_d01c11dfb42c,﨑村 光生,むら こうせい,Kosei Mura,auto-unverified,male,2026,宮崎県
p_bc3432e573b8,s_1555d8b87cf4,白川 永吉,しらかわ えいきち,Eikichi Shirakawa,estimated-medium,male,2026,富山県
p_5aca3adbbf26,s_ea837e51b1d2,三木夢依,みき ゆめい,Yumei Miki,auto-unverified,female,2029,山口県
p_1f6142c43392,s_1a1f03f79f4d,上田 竜太,うえだ りゅうた,Ryuta Ueda,auto-unverified,male,2029,山口県
p_c6a1945a8021,s_1a1f03f79f4d,上田絢音,うえだ あやね,Ayane Ueda,estimated-high,female,2026,山口県
p_9aa90db7cd83,s_ea837e51b1d2,中村 結,なかむら ゆい,Yui Nakamura,estimated-medium,female,2028,山口県
p_f284231cd267,s_1a1f03f79f4d,亀田 悠生,かめだ ゆうせい,Yusei Kameda,estimated-medium,male,2029,山口県
p_5a6bbe889fc3,s_1a1f03f79f4d,宮園ゆりな,みやぞの ゆりな,Yurina Miyazono,estimated-medium,female,2028,山口県
p_94fe62448342,s_1a1f03f79f4d,小川 寿興翔,おがわ じゅきと,Jukito Ogawa,estimated-low,male,2024,山口県
p_1fdbcc81d6ee,s_06c6ef2961f1,小田 祐夕,おだ ゆゆ,Yuyu Oda,estimated-low,female,2028,山口県
p_0ff19a31f515,s_1a1f03f79f4d,小野 優月,おの ゆづき,Yuzuki Ono,estimated-medium,female,2029,山口県
p_2d0e37cf32f7,s_1a1f03f79f4d,山本来瑠実,やまもと らいるみ,Rairumi Yamamoto,auto-unverified,female,2027,山口県
p_f0810e1d3310,,岡崎 煌稀,おかざき こうまれ,Komare Okazaki,auto-unverified,male,,山口県
p_b3b303bacdd8,s_ea837e51b1d2,岡﨑 煌稀,おかおか こうまれ,Komare Okaoka,auto-unverified,male,2029,山口県
p_37fb0dbe04d6,,島田 竜翅,しまだ りゅうし,Ryushi Shimada,estimated-low,male,,山口県
p_13ecc4b5f65d,s_1a1f03f79f4d,島田 竜輝,しまだ りゅうてる,Ryuteru Shimada,auto-unverified,male,2029,山口県
p_2eadff96973a,s_1a1f03f79f4d,広瀬 春菜,ひろせ はるな,Haruna Hirose,estimated-high,female,2025,山口県
p_21dd136af2fa,s_1a1f03f79f4d,末次 美晴,すえつぐ みはる,Miharu Suetsugu,estimated-medium,female,2026,山口県
p_a7c9b355a339,,松崎泰知,まつざき やすとも,Yasutomo Matsuzaki,estimated-medium,male,,山口県
p_1f59837781bc,s_e5696b8ac764,松﨑 泰知,まつざき やすとも,Yasutomo Matsuzaki,estimated-medium,male,2024,山口県
p_6f31e27407be,s_1a1f03f79f4d,柳 藍佳,やなぎ あいか,Aika Yanagi,estimated-medium,female,2025,山口県
p_670f9aabb066,s_1a1f03f79f4d,柳俊平,やなぎ しゅんぺい,Shunpei Yanagi,estimated-medium,male,2028,山口県
p_5508c3d4c4eb,s_1a1f03f79f4d,橋本 美津奈,はしもと みづな,Mizuna Hashimoto,estimated-medium,female,2025,山口県
p_912ab347fb0b,s_1a1f03f79f4d,江山 果穂,えやま かほ,Kaho Eyama,estimated-medium,female,2026,山口県
p_66eefe6b31ed,s_1a1f03f79f4d,竹本希凪,たけもと きなぎ,Kinagi Takemoto,estimated-low,female,2028,山口県
p_81df45968b6f,s_1a1f03f79f4d,縄田 翔一,なわた しょういち,Shoichi Nawata,estimated-medium,male,2024,山口県
p_b5f41bb19871,s_1a1f03f79f4d,茂刈淳晟,もかり じゅんせい,Junsei Mokari,estimated-low,male,2024,山口県
p_25377319dcf5,s_1a1f03f79f4d,草薙 さくら,くさなぎ さくら,Sakura Kusanagi,estimated-high,female,2025,山口県
p_85e3716c0039,,高山大維志,たかやま たいし,Taishi Takayama,estimated-low,male,,山口県
p_8245505bdd24,s_1a1f03f79f4d,髙山 大維志,たかやま たいし,Taishi Takayama,estimated-low,male,2025,山口県
p_49ce6232b3a0,s_1417c23610b9,髙橋一誠,たかはし いっせい,Issei Takahashi,auto-unverified,male,2027,山形
p_819f2de925ff,s_cb95261b2410,齋藤心結,さいとう みゆ,Miyu Saito,estimated-medium,female,2027,山形
p_ede0c9790624,,富塚玲音,とみづか れおん,Reon Tomizuka,estimated-medium,male,,山形県
p_eb5620121ef1,s_4a24dc953d3b,工藤 颯太,くどう そうた,Sota Kudo,estimated-high,male,2024,山形県
p_6fb3acd60fc1,s_bb2bb7c7299b,木村野々花,きむら ののか,Nonoka Kimura,estimated-high,female,2028,山形県
p_35c9a174106a,s_bb2bb7c7299b,柴崎 香凛,しばさき かりん,Karin Shibasaki,auto-unverified,female,2026,山形県
p_54437e67b877,s_bb2bb7c7299b,柴﨑 香凛,しばさき かりん,Karin Shibasaki,estimated-high,female,2026,山形県
p_f0639380b5d8,s_bb2bb7c7299b,柴﨑 香凜,しばさき かりん,Karin Shibasaki,estimated-high,female,2026,山形県
p_1712baf4c20b,,高橋勇郎,たかはし いさお,Isao Takahashi,estimated-medium,male,,山形県
p_ecd1dd3d04fc,s_4a24dc953d3b,髙橋 遥輝,たかはし はるき,Haruki Takahashi,auto-unverified,male,2028,山形県
p_1bad73dc7167,s_19503c7f16ae,エズデンシちなさ,え ずでんしちなさ,Zdenshichinasa E,estimated-low,female,2027,岐阜県
p_88591d7275bb,s_19503c7f16ae,上田 涼真,うえだ りょうま,Ryoma Ueda,estimated-high,male,2027,岐阜県
p_8b70dcf5ea2b,s_19503c7f16ae,上田 翔太,うえだ しょうた,Shota Ueda,estimated-high,male,2024,岐阜県
p_faff0f835d03,s_04f488d58148,中山愛星,なかやま あいせ,Aise Nakayama,estimated-low,female,2029,岐阜県
p_fb0d11a190f3,s_19503c7f16ae,中川 陽向,なかがわ ひなた,Hinata Nakagawa,estimated-high,male,2027,岐阜県
p_7fa642b2320e,,中川瑛太,なかがわ えいた,Eita Nakagawa,estimated-high,male,,岐阜県
p_17bb91b30f01,s_19503c7f16ae,井上 大樹,いのうえ だいき,Daiki Inoe,estimated-medium,male,2026,岐阜県
p_1df113bd1ae1,s_04f488d58148,伊東 太心,いとう たいしん,Taishin Ito,estimated-low,male,2026,岐阜県
p_867743227469,s_19503c7f16ae,伊藤 奨真,いとう しょうま,Shoma Ito,estimated-high,male,2025,岐阜県
p_6f082c1f6a00,s_04f488d58148,佐久間 夏都姫,さくま なつみやび,Natsumiyabi Sakuma,auto-unverified,female,2027,岐阜県
p_e71d78c07103,s_19503c7f16ae,佐相ことみ,さそう ことみ,Kotomi Saso,estimated-medium,female,2024,岐阜県
p_c1b84e861e96,s_04f488d58148,佐藤 優衣,さとう ゆい,Yui Sato,estimated-high,female,2029,岐阜県
p_d716dc4c8d32,s_04f488d58148,佐藤 妃奈乃,さとう ひなの,Hinano Sato,auto-unverified,female,2027,岐阜県
p_e1ec3fb6a831,s_19503c7f16ae,加藤献晴,かとう けんせい,Kensei Kato,estimated-low,male,2025,岐阜県
p_7bdcc086c5a5,s_19503c7f16ae,加藤颯真,かとう そうま,Soma Kato,estimated-high,male,2026,岐阜県
p_ef1465088432,s_04f488d58148,原田 奨也,はらだ しょうや,Shoya Harada,estimated-high,male,2026,岐阜県
p_03ea290be4a4,s_04f488d58148,吉川 恭生,よしかわ きょうせい,Kyosei Yoshikawa,estimated-medium,male,2026,岐阜県
p_a638ff64d16c,s_04f488d58148,大島 麗未,おおしま れいひつじ,Reihitsuji Oshima,auto-unverified,female,2026,岐阜県
p_9aa48c696a56,s_19503c7f16ae,小野 航暉,おの こうき,Koki Ono,estimated-medium,male,2026,岐阜県
p_842b37d87afc,s_2813694b5f75,山川 ルナ,やまかわ るな,Runa Yamakawa,auto-unverified,female,2027,岐阜県
p_14c193e31633,,山路 朝陽,やまじ あさひ,Asahi Yamaji,auto-unverified,male,,岐阜県
p_42d7483aee6e,s_19503c7f16ae,岡嵜 マイヤ,おかざき まいや,Maija Okazaki,estimated-high,female,2026,岐阜県
p_25c73155e68f,s_2813694b5f75,岩井 聡季,いわい そうき,Soki Iwai,estimated-medium,male,2025,岐阜県
p_aec32e99f29f,s_19503c7f16ae,布目 紅羽,ぬのめ くれは,Kureha Nunome,estimated-medium,female,2027,岐阜県
p_a66cbac96328,s_19503c7f16ae,折本 朱心,おりもと あこ,Ako Orimoto,estimated-low,female,2026,岐阜県
p_e95587bfa3c6,s_2813694b5f75,日比野邑香,ひびの ゆうか,Yuka Hibino,estimated-low,female,2025,岐阜県
p_2b842536d38b,s_04f488d58148,服部 鉄平,はっとり てっぺい,Teppei Hattori,auto-unverified,male,2029,岐阜県
p_7bf7c69350dd,s_04f488d58148,木村真帆,きむら まほ,Maho Kimura,estimated-high,female,2029,岐阜県
p_a3f40d29dc73,s_04f488d58148,松下 遼亮,まつした りょうあきら,Ryoakira Matsushita,auto-unverified,male,2028,岐阜県
p_fd8900e6d1a7,s_04f488d58148,松浦 由奈,まつうら ゆな,Yuna Matsura,estimated-high,female,2026,岐阜県
p_65add199d8b2,s_19503c7f16ae,梅田 彩里,うめだ あいり,Airi Umeda,estimated-low,female,2024,岐阜県
p_9d69fe716ab3,s_04f488d58148,森紫月,もり しづき,Shizuki Mori,estimated-medium,female,2028,岐阜県
p_52942761703d,s_04f488d58148,櫻井 莉花,さくらい りか,Rika Sakurai,auto-unverified,female,2029,岐阜県
p_6a4c02c95f52,s_04f488d58148,河原 鉄虎,かわはら てつとら,Tetsutora Kawahara,auto-unverified,male,2027,岐阜県
p_80dd87e61c21,s_19503c7f16ae,清水 ひなた,しみず ひなた,Hinata Shimizu,estimated-high,female,2028,岐阜県
p_f87facbefed0,s_ab5c910e6c52,清水 遼奈,しみず はるな,Haruna Shimizu,estimated-low,female,2025,岐阜県
p_718744be7937,s_04f488d58148,生駒 瑠菜,いこま るな,Runa Ikoma,auto-unverified,female,2028,岐阜県
p_93f584819486,s_04f488d58148,生駒 留菜,いこま るな,Runa Ikoma,estimated-medium,female,2028,岐阜県
p_6e4ede2c6313,s_59d1359d3ded,田中よつば,たなか よつば,Yotsuba Tanaka,estimated-high,female,2026,岐阜県
p_46785dba31a4,s_04f488d58148,白川 統太郎,しらかわ とうたろう,Totaro Shirakawa,estimated-high,male,2029,岐阜県
p_b4aee3893b0c,s_04f488d58148,石橋 健伸,いしばし たけのぶ,Takenobu Ishibashi,auto-unverified,male,2029,岐阜県
p_f62515a33e9c,s_04f488d58148,神谷 もも,かみや もも,Momo Kamiya,estimated-medium,female,2024,岐阜県
p_41aced5b33ac,s_04f488d58148,神谷ひな,かみや ひな,Hina Kamiya,estimated-medium,female,2026,岐阜県
p_be63d0fdf2c4,s_04f488d58148,笹原 瑛人,ささはら えいにん,Einin Sasahara,auto-unverified,male,2027,岐阜県
p_060efe2a875a,s_19503c7f16ae,若原祿乃歌,わかはら ろのか,Ronoka Wakahara,estimated-low,female,2025,岐阜県
p_a9f9dc332dc1,s_04f488d58148,藤田 紘成,ふじた こうせい,Kosei Fujita,auto-unverified,male,2029,岐阜県
p_549abe0b2125,s_b96ba21fe1d9,西村 雛,にしむら ひな,Hina Nishimura,estimated-high,female,2027,岐阜県
p_78ee39141502,s_04f488d58148,野口 笑里,のぐち えみり,Emiri Noguchi,estimated-medium,female,2028,岐阜県
p_31b7f5700977,s_19503c7f16ae,野村 壮志,のむら そうし,Soshi Nomura,auto-unverified,male,2027,岐阜県
p_31a9a75e9826,s_19503c7f16ae,野村 荘志,のむら そうこころざし,Sokokorozashi Nomura,auto-unverified,male,2027,岐阜県
p_53bf13e56c87,s_45ec53099261,長屋 琉斗,ながや りゅうと,Ryuto Nagaya,estimated-medium,male,2025,岐阜県
p_fe5bd13ae656,s_04f488d58148,高橋 佳汰,たかはし けいた,Keita Takahashi,estimated-medium,male,2026,岐阜県
p_fb0f446f4ea0,s_19503c7f16ae,黒瀬 雄一,くろせ ゆういち,Yuichi Kurose,auto-unverified,male,2026,岐阜県
p_352b8addc24d,s_b4ca752e49f5,三木 瑛連,みき えれん,Eren Miki,estimated-medium,female,2026,岡山県
p_8fa03cff7bf1,s_390985a4fa94,三木 蒼空,みき そら,Sora Miki,estimated-medium,male,2027,岡山県
p_d307ce93c2bf,s_b4ca752e49f5,三木瑛蓮,みき えれん,Eren Miki,estimated-medium,female,2026,岡山県
p_b41f5e85513f,,三瀬 瑛大,みつせ えいだい,Eidai Mitsuse,auto-unverified,male,,岡山県
p_614ce5c233dd,s_b4ca752e49f5,三藤洸太,みとう こうた,Kota Mito,auto-unverified,male,2027,岡山県
p_ec8739fc8971,s_b4ca752e49f5,中嶋 月葉,なかじま つきは,Tsukiha Nakajima,estimated-medium,female,2026,岡山県
p_49a55ecd22ca,s_2f817f442270,中村 有希,なかむら ゆき,Yuki Nakamura,estimated-medium,female,2024,岡山県
p_864d4d7cda15,s_b4ca752e49f5,久常 優樹,ひさつね ゆうき,Yuki Hisatsune,estimated-medium,male,2026,岡山県
p_0781efc89d3d,s_608a7d103f65,井上翠唯,いのうえ すい,Sui Inoe,estimated-low,female,2028,岡山県
p_3f8bec5f55ac,s_b4ca752e49f5,井土 裕介,いど ゆうすけ,Yusuke Ido,estimated-medium,male,2024,岡山県
p_b9934fec500e,s_b4ca752e49f5,伊藤 海智,いとう かいち,Kaichi Ito,estimated-medium,male,2028,岡山県
p_1cc2545643f4,s_b4ca752e49f5,伊藤天智,いとう たかとも,Takatomo Ito,estimated-low,male,2026,岡山県
p_82b6fb544fd0,s_8b65c346a1ef,佐々木 花虹,ささき はなにじ,Hananiji Sasaki,auto-unverified,female,2029,岡山県
p_9c9de2fa3270,s_b4ca752e49f5,佐川 安奈,さがわ あんな,Anna Sagawa,estimated-high,female,2026,岡山県
p_13a3acfb2f5a,s_2f817f442270,佐川佳帆,さがわ かほ,Kaho Sagawa,estimated-high,female,2024,岡山県
p_cb22e2377ebb,s_2f817f442270,倉元 沙和,くらもと さわ,Sawa Kuramoto,estimated-high,female,2029,岡山県
p_c25e5a8c91aa,s_2f817f442270,光浪くるみ,みつなみ くるみ,Kurumi Mitsunami,estimated-low,female,2027,岡山県
p_10b966ef80a7,s_3985a2f9c9af,内田來希,うちだ らいまれ,Raimare Uchida,auto-unverified,male,2028,岡山県
p_da3074ea6f46,s_8b65c346a1ef,北岡 絆那,きたおか きずなな,Kizunana Kitaoka,auto-unverified,female,2029,岡山県
p_3d6d81af48f4,s_b4ca752e49f5,北條 陽雲,ほうじょう はるも,Harumo Hojo,estimated-low,male,2025,岡山県
p_7ff972e7012c,s_2f817f442270,原口友莉亜,はらぐち ゆりあ,Yuria Haraguchi,estimated-medium,female,2028,岡山県
p_6166931611e2,s_2f817f442270,園田結菜,そのだ ゆいな,Yuina Sonoda,estimated-medium,female,2026,岡山県
p_0afe9a45804e,s_b4ca752e49f5,垣 美穂,かき みほ,Miho Kaki,estimated-medium,female,2025,岡山県
p_6e76404abea6,s_390985a4fa94,堀田 遼,ほった りょう,Ryo Hotta,estimated-high,male,2029,岡山県
p_cd334a563a4e,s_b4ca752e49f5,境澤 有,さかいざわ ゆう,Yu Sakaizawa,estimated-low,female,2024,岡山県
p_a7450e0def29,s_390985a4fa94,大嶋 港,おおしま みなと,Minato Oshima,estimated-medium,male,2024,岡山県
p_4ba75653e0bf,s_b4ca752e49f5,大藪宙輝,おおやぶ ひろき,Hiroki Oyabu,estimated-medium,male,2028,岡山県
p_a976ef0822b9,s_390985a4fa94,安東航太郎,あんどう こうたろう,Kotaro Ando,estimated-medium,male,2024,岡山県
p_cd4dd4c5c596,s_390985a4fa94,安藤 輝,あんどう ひかる,Hikaru Ando,estimated-low,male,2024,岡山県
p_a76aee3d91c0,s_b4ca752e49f5,宮内 大遥,みやうち たいよう,Taiyo Miyauchi,estimated-low,male,2026,岡山県
p_f5da61efd010,s_b4ca752e49f5,宮内美空,みやうち みそら,Misora Miyauchi,estimated-medium,female,2026,岡山県
p_29f1b2d42cc5,s_b4ca752e49f5,小林 萌花,こばやし もえか,Moeka Kobayashi,estimated-high,female,2027,岡山県
p_2d9d655c3340,s_b4ca752e49f5,山内來翔,やまうち らいしょう,Raisho Yamauchi,auto-unverified,male,2029,岡山県
p_575900a7db70,s_2f817f442270,山室日菜,やまむろ ひな,Hina Yamamuro,estimated-high,female,2027,岡山県
p_23cdf95b9a5f,s_b4ca752e49f5,山本 宏美,やまもと ひろみ,Hiromi Yamamoto,estimated-high,female,2026,岡山県
p_d1b5c06f1c24,s_3985a2f9c9af,山本愛來,やまもと あいら,Aira Yamamoto,estimated-low,female,2028,岡山県
p_a3f883059200,s_b4ca752e49f5,山野莉彩子,やまの りさこ,Risako Yamano,estimated-medium,female,2027,岡山県
p_cfad229ecbcb,s_390985a4fa94,岡本蒼史朗,おかもと そうしろう,Soshiro Okamoto,estimated-medium,male,2027,岡山県
p_f5cbfbe28c7f,s_b4ca752e49f5,川口 充志,かわぐち あつし,Atsushi Kawaguchi,estimated-high,male,2026,岡山県
p_11d349ab14bb,s_b4ca752e49f5,川端新太,かわばた しんた,Shinta Kawabata,auto-unverified,male,2029,岡山県
p_0dccd6a3c179,s_390985a4fa94,平井 優成,ひらい ゆうせい,Yusei Hirai,auto-unverified,male,2026,岡山県
p_be9715d05695,s_b4ca752e49f5,新井洸生,あらい こうなま,Konama Arai,auto-unverified,male,2027,岡山県
p_f08d57deef48,s_b4ca752e49f5,春名 彩羽,はるな いろは,Iroha Haruna,estimated-medium,female,2025,岡山県
p_1eea717174a5,s_390985a4fa94,杭田 琥太郎,くいた こたろう,Kotaro Kuita,estimated-low,male,2027,岡山県
p_9d453d9c01fb,s_b4ca752e49f5,林 あいこ,はやし あいこ,Aiko Hayashi,estimated-high,female,2024,岡山県
p_706e1d2a44ea,s_b4ca752e49f5,根岸友貴菜,ねぎし ゆきな,Yukina Negishi,estimated-low,female,2029,岡山県
p_4448470cb9d6,s_390985a4fa94,梶谷 駿,かじたに しゅん,Shun Kajitani,estimated-medium,male,2026,岡山県
p_cc2ca2835c17,s_b4ca752e49f5,森 愛深,もり あみ,Ami Mori,estimated-low,female,2027,岡山県
p_8077f2d72a3c,s_b4ca752e49f5,横尾瑛輝,よこお えいてる,Eiteru Yoko,auto-unverified,male,2029,岡山県
p_33bd629728d0,s_b4ca752e49f5,池田 侑羅,いけだ ゆら,Yura Ikeda,estimated-low,male,2025,岡山県
p_4c30ef1665d7,s_390985a4fa94,河本蘭,かわもと らん,Ran Kawamoto,estimated-medium,male,2025,岡山県
p_dcb688deb3ce,s_b4ca752e49f5,澤田千宝,さわだ せんたから,Sentakara Sawada,auto-unverified,female,2028,岡山県
p_6cd607992f8a,s_390985a4fa94,甲元 迅,こうもと じん,Jin Komoto,estimated-medium,male,2029,岡山県
p_f6bc81eed66e,s_2f817f442270,祇園美衣菜,ぎおん みいな,Miina Gion,estimated-medium,female,2025,岡山県
p_ff5bd5250f1d,s_2f817f442270,祗園 美衣菜,ぎおん みいな,Miina Gion,estimated-medium,female,2025,岡山県
p_4db02e02dfe2,s_2f817f442270,秦 悠栞,はた ゆか,Yuka Hata,estimated-low,female,2026,岡山県
p_e2934d7ae059,s_b4ca752e49f5,竹内 さと,たけうち さと,Sato Takeuchi,auto-unverified,female,2026,岡山県
p_56df9da61acf,s_b4ca752e49f5,米澤禮綺,よねざわ れいき,Reiki Yonezawa,auto-unverified,male,2027,岡山県
p_3c0eaff1fd4d,s_8b65c346a1ef,萩原 大己,はぎわら だいき,Daiki Hagiwara,estimated-low,male,2024,岡山県
p_79b4e283eb89,s_2f817f442270,藤原 れあ,ふじわら れあ,Rea Fujiwara,estimated-high,female,2028,岡山県
p_53d29e2e3540,s_3985a2f9c9af,谷口 莉子,たにぐち りこ,Riko Taniguchi,estimated-high,female,2028,岡山県
p_adeec79a0e3e,s_b4ca752e49f5,豊森羽楽,ゆたかもり はねらく,Haneraku Yutakamori,auto-unverified,female,2029,岡山県
p_72db5a47fd24,s_390985a4fa94,野上時暖,のがみ ときはる,Tokiharu Nogami,estimated-low,male,2026,岡山県
p_b866d7f6ea1e,s_b4ca752e49f5,鈴木樹梨愛,すずき きなしあい,Kinashiai Suzuki,auto-unverified,female,2027,岡山県
p_bc20804eb0cd,s_8b65c346a1ef,関本 悠希,せきもと はるき,Haruki Sekimoto,estimated-medium,male,2024,岡山県
p_82fe45d98c26,s_2f817f442270,青井 姫奈,あおい ひな,Hina Aoi,estimated-medium,female,2026,岡山県
p_96eda7680456,s_b4ca752e49f5,青井 寧々,あおい ねね,Nene Aoi,estimated-high,female,2029,岡山県
p_22e08e623ca7,s_2f817f442270,青山ゆずゆ,あおやま ゆずゆ,Yuzuyu Aoyama,estimated-high,female,2025,岡山県
p_1cbe059e6da7,s_b4ca752e49f5,飯田隆文,いいだ たかふみ,Takafumi Iida,auto-unverified,male,2028,岡山県
p_ce7d046256cf,s_390985a4fa94,香川倫輝,かがわ ともき,Tomoki Kagawa,estimated-low,male,2026,岡山県
p_be22bb5e097a,s_390985a4fa94,高橋依吹,たかはし いすい,Isui Takahashi,auto-unverified,male,2028,岡山県
p_a6ae7e1dce8f,s_b4ca752e49f5,髙田 圭一郎,たかだ けいいちろう,Keiichiro Takada,estimated-medium,male,2024,岡山県
p_aac75e397fae,s_2f817f442270,魚見 彩倉,うおみ あやくら,Ayakura Uomi,estimated-low,female,2025,岡山県
p_23ee13eaf2bf,s_5670ca9d4a00,髙橋柚人,たかはし ゆずにん,Yuzunin Takahashi,auto-unverified,male,2028,岩手
p_a9798b9565ef,s_5670ca9d4a00,中島 義喜,なかじま よしき,Yoshiki Nakajima,auto-unverified,male,2027,岩手県
p_a4812296233e,s_5670ca9d4a00,中野 舞子,なかの まいこ,Maiko Nakano,estimated-high,female,2025,岩手県
p_82ee22b92b4b,s_5670ca9d4a00,乙部 晴南,おとべ せいなん,Seinan Otobe,auto-unverified,female,2028,岩手県
p_dfc056c94359,s_5670ca9d4a00,佐々木 しおり,ささき しおり,Shiori Sasaki,auto-unverified,female,2029,岩手県
p_c58a7b50d4da,s_5670ca9d4a00,佐々木 ひかり,ささき ひかり,Hikari Sasaki,estimated-high,female,2026,岩手県
p_1518adaa0cf2,s_5670ca9d4a00,佐々木 琉月,ささき りゅうがつ,Ryugatsu Sasaki,auto-unverified,male,2026,岩手県
p_07669e46b0d3,s_5670ca9d4a00,佐々木凰樺,ささき おうか,Oka Sasaki,estimated-low,female,2024,岩手県
p_a47f87ee3eb3,s_5670ca9d4a00,後藤 羽翼,ごとう うよく,Uyoku Goto,estimated-low,male,2024,岩手県
p_3da47f36fab4,s_5670ca9d4a00,新田 智央,にった ちひろ,Chihiro Nitta,estimated-low,female,2026,岩手県
p_8ca5c0593d02,s_5670ca9d4a00,渡邉 さら,わたなべ さら,Sara Watanabe,auto-unverified,female,2028,岩手県
p_66f345123f8e,s_5670ca9d4a00,菊地 康佑,きくち やすしゆう,Yasushiyu Kikuchi,auto-unverified,male,2028,岩手県
p_22a7dc3822d8,s_5670ca9d4a00,菊池 康佑,きくち やすしゆう,Yasushiyu Kikuchi,auto-unverified,male,2028,岩手県
p_dab426bcdad7,s_5670ca9d4a00,藤原天飛,ふじわら たかと,Takato Fujiwara,estimated-low,male,2027,岩手県
p_b13549b32bae,s_fcafe941f1ea,三原 颯真,みはら そうま,Soma Mihara,estimated-high,male,2024,島根県
p_0e4c30764a9b,s_ab55e5e0ad04,安田 華,やすだ はな,Hana Yasuda,auto-unverified,female,2028,島根県
p_cf951b4520cd,,小澤 一天,おざわ かずたか,Kazutaka Ozawa,estimated-low,male,,島根県
p_6753b5a66cb2,s_ab55e5e0ad04,岡幸樹,おか こうき,Koki Oka,estimated-high,male,2027,島根県
p_a30d7dc2014a,s_b5be4ff246b4,藤江 十弥,ふじえ じゅうや,Juya Fujie,estimated-medium,male,2027,島根県
p_b0ece714edb2,s_465b48eb11ce,三本木実桜,さんぼんぎ みお,Mio Sanbongi,estimated-medium,female,2027,広島
p_a3dde300d943,s_4950abdd67d5,上垣駿弥,うえがき しゅんや,Shunya Uegaki,auto-unverified,male,2025,広島
p_ceb7355d4497,s_29df5700fe2f,上野梨花,うえの りか,Rika Ueno,estimated-high,female,2026,広島
p_283ed121dd41,s_4b4372f5d9b7,下甲大和,したかぶと やまと,Yamato Shitakabuto,auto-unverified,male,2028,広島
p_16a0413305b8,s_465b48eb11ce,中上遼真,なかがみ りょうま,Ryoma Nakagami,estimated-high,male,2028,広島
p_19868b5680c0,s_4950abdd67d5,中本旭,なかもと あさひ,Asahi Nakamoto,estimated-high,male,2027,広島
p_7e2f6e8aef0b,s_29df5700fe2f,中村唯,なかむら ゆい,Yui Nakamura,estimated-high,female,2028,広島
p_2679d9ed6546,s_29df5700fe2f,二村心望,にむら こころぼう,Kokorobo Nimura,auto-unverified,female,2028,広島
p_d177b3235db4,s_4b4372f5d9b7,井上叶夢,いのうえ かなむ,Kanamu Inoe,estimated-low,male,2028,広島
p_f1f23c5e1ab5,s_465b48eb11ce,井川高宏,いかわ たかひろ,Takahiro Ikawa,estimated-high,male,2029,広島
p_e4793d15feee,s_465b48eb11ce,井手義大,いで ぎだい,Gidai Ide,auto-unverified,male,2027,広島
p_5bcd45e2f9cf,s_22a7b1954406,佐藤夕葵,さとう ゆうあおい,Yuaoi Sato,auto-unverified,female,2029,広島
p_0c03834a0616,s_1b6c78c72b00,佐藤翔太,さとう しょうた,Shota Sato,estimated-high,male,2026,広島
p_e0bf57470546,s_4950abdd67d5,信岡孝太郎,のぶおか こうたろう,Kotaro Nobuoka,auto-unverified,male,2028,広島
p_4770c9def8f1,s_465b48eb11ce,加藤勇翔,かとう ゆうと,Yuto Kato,estimated-medium,male,2027,広島
p_7aa035cc2684,s_465b48eb11ce,卜部陽久,うらべ はるく,Haruku Urabe,estimated-medium,male,2026,広島
p_9dee11f299cf,s_4950abdd67d5,古田勝也,ふるた かつや,Katsuya Furuta,estimated-high,male,2026,広島
p_ede311f6fbfe,s_29df5700fe2f,合田大河,ごうだ たいが,Taiga Goda,auto-unverified,male,2029,広島
p_03cfb346a51d,s_4950abdd67d5,吉牟田涼雅,よしむた りょうまさ,Ryomasa Yoshimuta,auto-unverified,male,2028,広島
p_04abf85eda64,s_4950abdd67d5,吉牟田琉雅,よしむた りゅうまさ,Ryumasa Yoshimuta,auto-unverified,male,2028,広島
p_b0c2501c26b2,s_465b48eb11ce,吉行アムロ,よしゆき あむろ,Amuro Yoshiyuki,estimated-medium,male,2028,広島
p_d47083539a5d,s_465b48eb11ce,坂本大賀,さかもと おおが,Oga Sakamoto,estimated-medium,male,2026,広島
p_cc631f653a3a,s_1b6c78c72b00,堀江悠太,ほりえ ゆうた,Yuta Horie,estimated-high,male,2026,広島
p_825ca0021f98,s_4950abdd67d5,守田晴也,もりた はるや,Haruya Morita,auto-unverified,male,2027,広島
p_37684d6e019f,s_4950abdd67d5,守田晴哉,もりた はるや,Haruya Morita,estimated-medium,male,2027,広島
p_30553ce17909,s_465b48eb11ce,室坂彩華,むろさか あやか,Ayaka Murosaka,auto-unverified,female,2028,広島
p_7ac4670b5c9f,s_465b48eb11ce,室坂彩葉,むろさか いろは,Iroha Murosaka,estimated-medium,female,2028,広島
p_3b9b1b0ba278,s_29df5700fe2f,小嶋諒,こじま りょう,Ryo Kojima,auto-unverified,male,2028,広島
p_f65160bfb162,s_1b6c78c72b00,小早川統慈,こばやかわ とうじ,Toji Kobayakawa,estimated-medium,male,2028,広島
p_2047968fcdfc,s_1b6c78c72b00,小早川統磁,こばやかわ とうじ,Toji Kobayakawa,auto-unverified,male,2028,広島
p_dbe29c24f349,s_465b48eb11ce,小松莉杏,こまつ りあん,Rian Komatsu,estimated-high,female,2029,広島
p_84853e336a84,s_465b48eb11ce,小林夢羽,こばやし ゆう,Yu Kobayashi,estimated-low,female,2026,広島
p_b93c1ccd8bb2,s_1b6c78c72b00,小林莉愛,こばやし りあ,Ria Kobayashi,estimated-high,female,2028,広島
p_b5de60b4af5c,s_465b48eb11ce,小笠原瑞季,おがさわら みずき,Mizuki Ogasawara,estimated-high,female,2027,広島
p_27c8d0f02709,s_465b48eb11ce,山岡瑠生,やまおか るい,Rui Yamaoka,estimated-low,female,2025,広島
p_03e5eb320ec0,s_4b4372f5d9b7,山根千怜,やまね ちさと,Chisato Yamane,auto-unverified,female,2028,広島
p_d627917d611b,s_1b6c78c72b00,岡原一真,おかはら かずま,Kazuma Okahara,auto-unverified,male,2027,広島
p_7a2528d5c487,s_4950abdd67d5,延安竜乙,えんあん りゅうおつ,Ryuotsu En'an,auto-unverified,male,2029,広島
p_71113fd5010d,s_4b4372f5d9b7,志満俊介,しま しゅんすけ,Shunsuke Shima,auto-unverified,male,2028,広島
p_9169fd6f7bbf,s_29df5700fe2f,惣持珠七,そうじ しゅしち,Shushichi Soji,auto-unverified,female,2029,広島
p_96c861cbf8b3,s_4b4372f5d9b7,木村哉斗,きむら やと,Yato Kimura,auto-unverified,male,2028,広島
p_3816dfbb882e,s_1b6c78c72b00,杉山月乃,すぎやま つきの,Tsukino Sugiyama,estimated-high,female,2028,広島
p_27f3e5d28f2a,s_29df5700fe2f,松本虎琉,まつもと とらりゅう,Toraryu Matsumoto,auto-unverified,male,2029,広島
p_3b9fa88d18ba,s_29df5700fe2f,松本鯉優,まつもと こいゆう,Koiyu Matsumoto,auto-unverified,male,2025,広島
p_2ef568df34fe,s_29df5700fe2f,森笠来唯,もりかさらい ゆい,Yui Morikasarai,estimated-low,male,2026,広島
p_8451c57d6eff,s_465b48eb11ce,横州至琉,よこしゅう いたりゅう,Itaryu Yokoshu,auto-unverified,male,2027,広島
p_475f26458c45,s_29df5700fe2f,橋本一郎,はしもと いちろう,Ichiro Hashimoto,estimated-high,male,2029,広島
p_a8575802e7a6,s_60569924844f,橋本優那,はしもと ゆうな,Yuna Hashimoto,auto-unverified,female,2029,広島
p_d453894da08e,s_4b4372f5d9b7,池渕遼,いけぶち りょう,Ryo Ikebuchi,auto-unverified,male,2028,広島
p_08db1131d05e,s_29df5700fe2f,池田梨乃,いけだ りの,Rino Ikeda,estimated-high,female,2028,広島
p_15ee499f1f03,s_29df5700fe2f,池田泰寿,いけだ やすとし,Yasutoshi Ikeda,auto-unverified,male,2028,広島
p_19f5a865da0d,s_465b48eb11ce,津吉桃々子,つきち もも々こ,Momo(kurikaesi)ko Tsukichi,auto-unverified,female,2029,広島
p_ab5446303d64,s_4b4372f5d9b7,浜元姫希,はまもと ひめまれ,Himemare Hamamoto,auto-unverified,female,2028,広島
p_4423b99d685e,s_465b48eb11ce,濱中祐輝,はまなか ゆうき,Yuki Hamanaka,auto-unverified,male,2025,広島
p_a4a378bc7ad9,s_465b48eb11ce,濱本悠真,はまもと ゆうま,Yuma Hamamoto,estimated-medium,male,2029,広島
p_07ab64406efd,s_4950abdd67d5,牧野遥花,まきの はるか,Haruka Makino,auto-unverified,female,2029,広島
p_e837a240553e,s_29df5700fe2f,相川斗亜,あいかわ とあ,Toa Aikawa,auto-unverified,male,2029,広島
p_bbd4e425caae,s_465b48eb11ce,真庭咲希,まにわ さき,Saki Maniwa,estimated-medium,female,2026,広島
p_25cbdce3db2e,s_4950abdd67d5,石田悠樹菜,いしだ ゆうきな,Yukina Ishida,auto-unverified,female,2029,広島
p_78a0b3c629fb,s_4950abdd67d5,石田樹璃菜,いしだ きりな,Kirina Ishida,auto-unverified,female,2025,広島
p_ed59886de430,s_4b4372f5d9b7,磯部圭吾,いそべ けいご,Keigo Isobe,auto-unverified,male,2026,広島
p_cfcff184dfac,s_465b48eb11ce,神本健吾,かみもと けんご,Kengo Kamimoto,auto-unverified,male,2028,広島
p_852b1eac3896,s_465b48eb11ce,神道優奈,しんとう ゆうな,Yuna Shinto,auto-unverified,female,2027,広島
p_d2c1d66aabb7,s_4950abdd67d5,立石篤志,たていし あつし,Atsushi Tateishi,auto-unverified,male,2026,広島
p_4397211e1925,s_4b4372f5d9b7,竹久保わぐり,たけひさほ わぐり,Waguri Takehisaho,auto-unverified,male,2027,広島
p_4b5645ce0f24,s_1b6c78c72b00,臼井ももこ,うすい ももこ,Momoko Usui,auto-unverified,female,2029,広島
p_4b8114ad4960,s_7a8da86e5d6c,藤井陽太,ふじい ようた,Yota Fujii,auto-unverified,male,2028,広島
p_fe3d505a18db,s_29df5700fe2f,藤光拓海,ふじみつ たくみ,Takumi Fujimitsu,estimated-medium,male,2026,広島
p_c09d3d3e772b,s_465b48eb11ce,藤安真凛,ふじやす まりん,Marin Fujiyasu,estimated-medium,female,2025,広島
p_dfa8ee084760,s_465b48eb11ce,藤田一平,ふじた いっぺい,Ippei Fujita,estimated-high,male,2026,広島
p_5ba63580df6d,s_465b48eb11ce,西口葵,にしぐち あおい,Aoi Nishiguchi,auto-unverified,female,2027,広島
p_0edf83739d49,s_a6c619d7d481,西田匠吾,にしだ たくみわれ,Takumiware Nishida,auto-unverified,male,2029,広島
p_5b11d2615ce3,s_1b6c78c72b00,谷川柚葉,たにがわ ゆずは,Yuzuha Tanigawa,estimated-high,female,2026,広島
p_2ca19b4126ab,s_d553d5b6b903,部屋尚真,へや しょうしん,Shoshin Heya,auto-unverified,male,2026,広島
p_14ad0851c514,s_4950abdd67d5,鈴木ジェナ愛,すずき じぇなあい,Jienaai Suzuki,auto-unverified,female,2025,広島
p_a28b2c84af5d,s_465b48eb11ce,鎌田沙季,かまだ さき,Saki Kamada,auto-unverified,female,2028,広島
p_72f310d8db94,s_29df5700fe2f,長田美紀,ながた みき,Miki Nagata,estimated-medium,female,2027,広島
p_02be3feb9f8e,s_29df5700fe2f,阿波村修仁,あわむら しゅうじ,Shuji Awamura,auto-unverified,male,2026,広島
p_1cd71de70b89,s_1b6c78c72b00,高木晴花,たかぎ せいはな,Seihana Takagi,auto-unverified,female,2026,広島
p_e0084b34a0f8,s_29df5700fe2f,髙久幸穏,さちおん,Sachion,auto-unverified,male,2026,広島
p_a995a15e3395,s_1b6c78c72b00,黒田幸翔,くろだ さちしょう,Sachisho Kuroda,auto-unverified,female,2025,広島
p_d347c7a92912,s_29df5700fe2f,三宅 羽奈,みやけ はな,Hana Miyake,estimated-medium,female,2027,広島県
p_746a7811968c,s_a00e33618a58,三本木実桜,さんぼんぎ みお,Mio Sanbongi,estimated-medium,female,2027,広島県
p_0b36b81de360,s_a00e33618a58,中上 遼真,なかがみ りょうま,Ryoma Nakagami,estimated-high,male,2028,広島県
p_753184fd0bac,s_29df5700fe2f,中本 旺希,なかもと おうき,Oki Nakamoto,estimated-low,male,2026,広島県
p_7cc573f353f2,s_a00e33618a58,井川 高宏,いかわ たかひろ,Takahiro Ikawa,estimated-high,male,2029,広島県
p_52b06429d9b5,s_22a7b1954406,佐藤 日向,さとう ひなた,Hinata Sato,estimated-medium,male,2027,広島県
p_6e6e3220fa01,s_1b6c78c72b00,分田蓮太,わけだ れんた,Renta Wakeda,estimated-low,male,2027,広島県
p_495e52695a19,s_a00e33618a58,加藤勇翔,かとう ゆうと,Yuto Kato,estimated-medium,male,2027,広島県
p_db439ed023d0,s_a00e33618a58,卜部陽久,うらべ はるく,Haruku Urabe,estimated-medium,male,2026,広島県
p_b8af4c57b698,s_a00e33618a58,吉行 アムロ,よしゆき あむろ,Amuro Yoshiyuki,estimated-medium,male,2028,広島県
p_ac62de877a24,,吉行 ローリ,よしゆき ろーり,Roori Yoshiyuki,auto-unverified,male,,広島県
p_8d9c836d6591,s_a00e33618a58,坂本 大賀,さかもと おおが,Oga Sakamoto,estimated-medium,male,2026,広島県
p_cff3cd2cbbc5,s_1b6c78c72b00,坂本 遥,さかもと はるか,Haruka Sakamoto,estimated-high,female,2026,広島県
p_a17703561efa,s_feb36b9e64a1,坂本 遥,さかもと はるか,Haruka Sakamoto,estimated-high,female,2026,広島県
p_94fc6a17112c,s_40fab000f3a5,坂本 遥,さかもと はるか,Haruka Sakamoto,estimated-high,female,2026,広島県
p_12330b5914e1,s_29df5700fe2f,垰田朔天,たおだ さくと,Sakuto Taoda,estimated-low,male,2027,広島県
p_15509912e7ce,s_29df5700fe2f,堀口 獅恩,ほりぐち しおん,Shion Horiguchi,estimated-medium,male,2025,広島県
p_34ccc4a68d34,s_4950abdd67d5,安川貴,やすかわ たかし,Takashi Yasukawa,estimated-medium,male,2027,広島県
p_9ef337563545,s_a00e33618a58,室坂 彩葉,むろさか いろは,Iroha Murosaka,estimated-medium,female,2028,広島県
p_52bde0914c4b,s_a251aa363ec1,寺岡鈴音,てらおか すずね,Suzune Teraoka,estimated-high,female,2028,広島県
p_ba2e19dd2d4f,s_a00e33618a58,小松 莉杏,こまつ りあん,Rian Komatsu,estimated-high,female,2029,広島県
p_557652bde254,s_a00e33618a58,小林 夢羽,こばやし ゆう,Yu Kobayashi,estimated-low,female,2026,広島県
p_2f8015f9d83c,s_a00e33618a58,小笠原 瑞季,おがさわら みずき,Mizuki Ogasawara,estimated-high,female,2027,広島県
p_c7f067d35b3f,s_a00e33618a58,山岡瑠生,やまおか るい,Rui Yamaoka,estimated-low,female,2025,広島県
p_e6b0614d48bf,s_29df5700fe2f,岡田怜音,おかだ れのん,Renon Okada,estimated-medium,male,2025,広島県
p_49e5d589f20f,s_a00e33618a58,横洲 至琉,よこす いたりゅう,Itaryu Yokosu,auto-unverified,male,2027,広島県
p_d6e9e0f24ea1,s_a00e33618a58,濱本 悠真,はまもと ゆうま,Yuma Hamamoto,estimated-medium,male,2029,広島県
p_47234b9ed48b,s_a00e33618a58,真庭 咲希,まにわ さき,Saki Maniwa,estimated-medium,female,2026,広島県
p_e24acc252c0e,s_a00e33618a58,神道 優奈,しんとう ゆうな,Yuna Shinto,auto-unverified,female,2027,広島県
p_30687829b4d4,s_a00e33618a58,藤安真凛,ふじやす まりん,Marin Fujiyasu,estimated-medium,female,2025,広島県
p_ec1f839b2728,s_a00e33618a58,藤田 一平,ふじた いっぺい,Ippei Fujita,estimated-high,male,2026,広島県
p_c48f0e3128fa,s_a274841df2de,龍本 奈月,たつもと なつき,Natsuki Tatsumoto,estimated-medium,female,2027,広島県
p_4adc09ffea14,s_4506666400a5,森本桃華,もりもと とうか,Toka Morimoto,auto-unverified,female,2029,徳島
p_e366e3105b05,s_a09980cd7bf7,浦野裕花,うらの ゆうか,Yuka Urano,estimated-medium,female,2026,徳島
p_c8bea214eeb4,s_a09980cd7bf7,中川湧聖,なかがわ ゆうせい,Yusei Nakagawa,estimated-medium,male,2028,徳島県
p_1e0a642b8fcd,s_a09980cd7bf7,久保 実由,くぼ みゆ,Miyu Kubo,estimated-high,female,2027,徳島県
p_111cedaec95c,s_a09980cd7bf7,原田 千力,はらだ ちから,Chikara Harada,estimated-low,male,2026,徳島県
p_9b337dd9bf21,s_a09980cd7bf7,原鉄太郎,はら てつたろう,Tetsutaro Hara,estimated-high,male,2025,徳島県
p_162e1defbd9b,s_a09980cd7bf7,山本 桜,やまもと さくら,Sakura Yamamoto,estimated-high,female,2027,徳島県
p_337fbda9a2c4,s_a09980cd7bf7,岡 里音,おか りお,Rio Oka,estimated-medium,female,2025,徳島県
p_91f6a8ddc3f3,s_a09980cd7bf7,武田 紘汰,たけだ こうた,Kota Takeda,estimated-high,male,2026,徳島県
p_f15f7d42821b,,浜川 裕山,はまかわ ひろしやま,Hiroshiyama Hamakawa,auto-unverified,male,,徳島県
p_51fecf0a84a0,,浜渕裕生,はまぶち ゆうせい,Yusei Hamabuchi,estimated-medium,male,,徳島県
p_fef2c832e0f0,s_a09980cd7bf7,濱渕 裕生,はまぶち ゆうせい,Yusei Hamabuchi,estimated-medium,male,2024,徳島県
p_dd10d90a3e8e,s_a09980cd7bf7,濵渕 裕生,はまぶち ゆうせい,Yusei Hamabuchi,estimated-medium,male,2024,徳島県
p_f9c6dfb74262,s_a09980cd7bf7,田村菜々子,たむら ななこ,Nanako Tamura,estimated-high,female,2027,徳島県
p_9d708b61952c,s_a09980cd7bf7,矢野瑞樹,やの みずき,Mizuki Yano,estimated-high,male,2027,徳島県
p_aaa78d3a9c10,s_a09980cd7bf7,篠原 和樹,しのはら かずき,Kazuki Shinohara,estimated-high,male,2026,徳島県
p_71c99a5a3270,s_a09980cd7bf7,高岸 鈴,たかぎし りん,Rin Takagishi,estimated-medium,female,2025,徳島県
p_d81636ee30c8,s_a09980cd7bf7,髙岸鈴,たかぎし りん,Rin Takagishi,estimated-medium,female,2025,徳島県
p_7d1ff7a5acce,s_02759061fbd0,井関 千悟,いせき ちさと,Chisato Iseki,estimated-low,male,2027,愛媛
p_ae5522bf1829,s_b491bd91e27a,井関千悟,いせき ちさと,Chisato Iseki,estimated-low,male,2027,愛媛
p_3d95835f2022,s_b491bd91e27a,小椋 雫,おぐら しずく,Shizuku Ogura,auto-unverified,female,2028,愛媛
p_40f23f5b94ae,s_98e259857415,木原 綺音,きはら あやね,Ayane Kihara,auto-unverified,female,2029,愛媛
p_87d47e4d1657,s_02759061fbd0,浅井 晴太,あさい はるた,Haruta Asai,estimated-medium,male,2027,愛媛
p_815372a89a53,s_1744f9102629,田中 仁,たなか じん,Jin Tanaka,estimated-medium,male,2025,愛媛
p_7969886b81d6,s_bd45e185ec53,田邊 楓真,たなべ ふうま,Fuma Tanabe,estimated-medium,male,2028,愛媛
p_90e1ffc1f5f2,s_1bb024d38b08,矢野 稜己,やの りょうおのれ,Ryoonore Yano,auto-unverified,male,2026,愛媛
p_521afce35133,s_bd94a525c66c,石綿 佑羽,いしわた ゆうはね,Yuhane Ishiwata,auto-unverified,male,2029,愛媛
p_1d096348cf58,s_48595908a409,秋山 理愛,あきやま りあい,Riai Akiyama,auto-unverified,female,2029,愛媛
p_255cbd17e5a9,s_d4cda383ecbf,立川 奏介,たちかわ そうすけ,Sosuke Tachikawa,auto-unverified,male,2029,愛媛
p_71c39a1b5d65,s_48595908a409,角田 寧音,つのだ ねね,Nene Tsunoda,estimated-medium,female,2026,愛媛
p_1acd01a14431,s_16b6358f85d9,長曽我部 雄大,ちょうそかべ ゆうだい,Yudai Chosokabe,auto-unverified,male,2027,愛媛
p_f2b680889ad5,s_8b426e3a291b,齋籐 和真,さいとう かずま,Kazuma Saito,auto-unverified,male,2029,愛媛
p_75cc516e407e,s_8b426e3a291b,齋籐愛和,さいとう あいな,Aina Saito,estimated-low,female,2026,愛媛
p_c0e2661f15f9,s_b491bd91e27a,浅井 晴太,あさい はるた,Haruta Asai,estimated-medium,male,2027,愛媛県
p_cf4e6af50b9c,s_f305d76ea084,角田 寧音,つのだ ねね,Nene Tsunoda,estimated-medium,female,2026,愛媛県
p_58c48add9d7c,s_4cb250ecf01a,三浦 大和,みうら やまと,Yamato Miura,estimated-high,male,2026,愛知
p_f85c240ad956,s_4cb250ecf01a,加藤 優汰,かとう ゆうた,Yuta Kato,estimated-high,male,2026,愛知
p_47b4eb90e624,s_4cb250ecf01a,山口 元綺,やまぐち もとき,Motoki Yamaguchi,auto-unverified,male,2028,愛知
p_dadccf3bfd3e,s_4cb250ecf01a,岡田 悠希,おかだ はるき,Haruki Okada,estimated-medium,male,2028,愛知
p_bcaf798d9945,s_1fbf6ee50270,早川 健人,はやかわ けんと,Kento Hayakawa,estimated-medium,male,2026,愛知
p_c5ce326da23e,s_1fbf6ee50270,松本 士劉,まつもと さむらいりゅう,Samurairyu Matsumoto,auto-unverified,male,2028,愛知
p_6beb4a1970ec,s_1fbf6ee50270,柴田 郁弥,しばた ふみや,Fumiya Shibata,estimated-high,male,2026,愛知
p_6344a833b700,s_4cb250ecf01a,河内 さくら,かわうち さくら,Sakura Kawauchi,auto-unverified,female,2027,愛知
p_1e48c6c5b12f,s_4cb250ecf01a,渡邉 栞奈,わたなべ しおりな,Shiorina Watanabe,auto-unverified,female,2028,愛知
p_0c025b86bfd1,s_1fbf6ee50270,片野 隼輔,かたの しゅんすけ,Shunsuke Katano,estimated-medium,male,2026,愛知
p_1c11e4352eda,s_4cb250ecf01a,福田 有希,ふくだ ゆき,Yuki Fukuda,estimated-medium,female,2026,愛知
p_9820e70ff275,s_e9d5ca370d42,稻垣嘉人,いながき よしと,Yoshito Inagaki,estimated-high,male,2026,愛知
p_98fc98d5425a,s_4cb250ecf01a,西脇 徠斗,にしわき らいと,Raito Nishiwaki,estimated-high,male,2026,愛知
p_cac130fd03b5,s_4cb250ecf01a,辻 航輝,つじ こうき,Koki Tsuji,estimated-high,male,2026,愛知
p_083e29ec909c,s_4cb250ecf01a,野川 結生,のがわ ゆうき,Yuki Nogawa,estimated-medium,male,2026,愛知
p_59117c3d5dca,s_edc856477e1f,グレイ 泰良,ぐれい たいら,Taira Gray,estimated-low,male,2027,愛知県
p_cdbc91230259,s_edc856477e1f,マラカル アシス,まらかる あしす,Ashisu Marakaru,auto-unverified,male,2028,愛知県
p_8723d70ad018,s_edc856477e1f,上野日茉莉,うえの ひまり,Himari Ueno,estimated-high,female,2027,愛知県
p_8a48a962ed73,s_5e90519dd240,下田 沙幸,しもだ さゆき,Sayuki Shimoda,estimated-low,female,2024,愛知県
p_17717826902f,s_d8237756d8de,中山 凜花,なかやま りんか,Rinka Nakayama,estimated-high,female,2027,愛知県
p_a8a76e04c9bf,s_b51c6d9857ca,中山凜花,なかやま りんか,Rinka Nakayama,estimated-high,female,2027,愛知県
p_364cc408b538,s_e1d06dd431a6,中山智晴,なかやま ちはる,Chiharu Nakayama,estimated-low,male,2027,愛知県
p_39af27f9014f,s_e9d5ca370d42,中川 海大,なかがわ かいと,Kaito Nakagawa,estimated-low,male,2024,愛知県
p_da5ab5185a33,s_c47e2ad91958,中川 航明,なかがわ こうめい,Komei Nakagawa,auto-unverified,male,2028,愛知県
p_64c82164840c,s_b51c6d9857ca,中村 義丹,なかむら ぎたん,Gitan Nakamura,auto-unverified,male,2029,愛知県
p_4743be7fd44c,s_a4d2bcaf761d,中野 蒼人,なかの あおにん,Aonin Nakano,auto-unverified,male,2027,愛知県
p_b35c69b4b1eb,s_b51c6d9857ca,丸山 夏蓮,まるやま かれん,Karen Maruyama,estimated-medium,female,2027,愛知県
p_50cfee56f9f7,s_edc856477e1f,久保村凌,くぼむら りょう,Ryo Kubomura,estimated-high,male,2024,愛知県
p_c3c19b1fecea,s_edc856477e1f,久米 陽大,くめ ようだい,Yodai Kume,auto-unverified,male,2029,愛知県
p_bd9693cd137f,s_edc856477e1f,井村 栄斗,いむら えいと,Eito Imura,estimated-medium,male,2026,愛知県
p_dc5e9cd6a1c0,,井村 栄斗,いむら えいと,Eito Imura,estimated-medium,male,,愛知県
p_299b74992ee2,s_d8237756d8de,井村 紗也,いむら さや,Saya Imura,auto-unverified,female,2027,愛知県
p_9758182437a7,s_e9d5ca370d42,井澤 優,いざわ ゆう,Yu Izawa,estimated-medium,female,2027,愛知県
p_0833874779d8,s_a4d2bcaf761d,井澤 駿斗,いざわ はやと,Hayato Izawa,estimated-medium,male,2027,愛知県
p_4b7c72e64ac2,s_85ffe71c1f67,今村 鴻汰,いまむら こうた,Kota Imamura,auto-unverified,male,2027,愛知県
p_44dc112d0688,s_b51c6d9857ca,伊藤 せあら,いとう せあら,Seara Ito,estimated-high,female,2027,愛知県
p_31fc89fb7869,s_b51c6d9857ca,佐野 心美,さの ここみ,Kokomi Sano,estimated-medium,female,2029,愛知県
p_cac22d1ef4d2,s_85ffe71c1f67,倉田 拓実,くらた たくみ,Takumi Kurata,auto-unverified,male,2027,愛知県
p_ac159ca3b2dc,s_b51c6d9857ca,内山京美,うちやま きょうみ,Kyomi Uchiyama,estimated-medium,female,2027,愛知県
p_78553065aef5,s_e9d5ca370d42,内田 心菜,うちだ ここな,Kokona Uchida,estimated-high,female,2027,愛知県
p_25c18c49d9d6,s_d8237756d8de,内田稟子,うちだ りんこ,Rinko Uchida,estimated-medium,female,2029,愛知県
p_b27261799b95,s_a4d2bcaf761d,刑部直人,おさかべ なおと,Naoto Osakabe,estimated-medium,male,2026,愛知県
p_aeef18cfee64,s_d8237756d8de,加藤 千晶,かとう ちあき,Chiaki Kato,auto-unverified,female,2028,愛知県
p_c2dd7f2837d0,s_b51c6d9857ca,加藤 巴琉,かとう はる,Haru Kato,estimated-low,female,2027,愛知県
p_d959136ef044,s_edc856477e1f,加藤 聡馬,かとう さとしうま,Satoshiuma Kato,auto-unverified,male,2027,愛知県
p_ff7b2ddc665f,s_d8237756d8de,原田彩希,はらだ さき,Saki Harada,estimated-medium,female,2026,愛知県
p_5a0304df38fe,s_edc856477e1f,吉川 凛,よしかわ りん,Rin Yoshikawa,estimated-high,female,2026,愛知県
p_6db7cfd474ec,s_a4d2bcaf761d,吉田 陽生,よしだ はるき,Haruki Yoshida,estimated-medium,male,2026,愛知県
p_7242c13d3825,s_edc856477e1f,吉田翔哉,よしだ しょうや,Shoya Yoshida,estimated-high,male,2026,愛知県
p_4efa938d2d7e,s_d8237756d8de,向井龍真,むかい りゅうま,Ryuma Mukai,estimated-high,male,2028,愛知県
p_1284736e2fd3,s_d8237756d8de,堀江あゆむ,ほりえ あゆむ,Ayumu Horie,estimated-high,female,2028,愛知県
p_2d43ce6a3c62,s_d8237756d8de,塚田 大雅,つかだ たいが,Taiga Tsukada,estimated-high,male,2026,愛知県
p_f9eecc8caa18,s_edc856477e1f,増田 結斗,ますだ けつと,Ketsuto Masuda,auto-unverified,male,2028,愛知県
p_7feb279a3b9b,s_5a816aa493ad,大久保吏道,おおくぼ りと,Rito Okubo,auto-unverified,male,,愛知県
p_2c3bfa13ca7b,s_85ffe71c1f67,大島 丹花,おおしま たんか,Tanka Oshima,auto-unverified,female,2029,愛知県
p_88024d9c61d2,s_edc856477e1f,大村 朋輝,おおむら ともき,Tomoki Oomura,auto-unverified,male,2026,愛知県
p_428bdf84eb8e,s_b51c6d9857ca,太田 梨里亜,おおた なしりあ,Nashiria Ota,auto-unverified,female,2029,愛知県
p_135f805500ea,s_c47e2ad91958,奥村 歩翔,おくむら ほしょう,Hosho Okumura,auto-unverified,male,2029,愛知県
p_4289468c14d8,s_edc856477e1f,宮崎 友希,みやざき ゆき,Yuki Miyazaki,auto-unverified,male,2028,愛知県
p_588faec6345a,s_edc856477e1f,宮﨑 友希,みやみや ゆき,Yuki Miyamiya,auto-unverified,male,2028,愛知県
p_3ba59568c34a,s_46e722a7387f,小宮 千愛,こみや ちあき,Chiaki Komiya,estimated-low,female,2026,愛知県
p_9bf5bf2b3cb7,s_46e722a7387f,小宮 千鶴,こみや ちづる,Chizuru Komiya,estimated-high,female,2024,愛知県
p_f599c5c151d2,s_5e90519dd240,小寺 美妃,こでら みき,Miki Kodera,estimated-medium,female,2025,愛知県
p_e6052ab362e4,s_85ffe71c1f67,小林 凛太郎,こばやし りんたろう,Rintaro Kobayashi,auto-unverified,male,2028,愛知県
p_2c583a9a8bc6,s_a4d2bcaf761d,小熊 宏典,こぐま ひろのり,Hironori Koguma,auto-unverified,male,2028,愛知県
p_e63bfec0aa8d,s_b51c6d9857ca,小野 優桜,おの ゆうさくら,Yusakura Ono,auto-unverified,female,2029,愛知県
p_f2f3fd59c0f4,s_e9d5ca370d42,山内雄惺,やまうち ゆうせい,Yusei Yamauchi,estimated-medium,male,2028,愛知県
p_a715b8456e79,s_d8237756d8de,山口 大騎,やまぐち だいき,Daiki Yamaguchi,estimated-medium,male,2024,愛知県
p_0e0a6d77ea9a,s_d8237756d8de,山村 真央,やまむら まお,Mao Yamamura,estimated-high,female,2027,愛知県
p_bbab4ed2bb9b,s_d8237756d8de,山際 翔太,やまぎわ しょうた,Shota Yamagiwa,auto-unverified,male,2029,愛知県
p_dab88686d3b2,s_85ffe71c1f67,岡地倖汰,おかち こうた,Kota Okachi,estimated-medium,male,2025,愛知県
p_ccde6dd52b78,s_b51c6d9857ca,岡嵜 マイヤ,おかざき まいや,Maija Okazaki,estimated-high,female,2026,愛知県
p_2f109bda3218,s_d8237756d8de,岡本嵩矢,おかもと たかや,Takaya Okamoto,estimated-medium,male,2028,愛知県
p_030e05180556,s_edc856477e1f,岩田 一吹,いわた いちすい,Ichisui Iwata,auto-unverified,male,2026,愛知県
p_4146aac8999c,s_e9d5ca370d42,崎村 春馬,さきむら はるま,Haruma Sakimura,estimated-medium,male,2029,愛知県
p_169ac2c29fbc,s_c47e2ad91958,川中 洋征,かわなか ひろゆき,Hiroyuki Kawanaka,auto-unverified,male,2029,愛知県
p_dfec56160b36,s_edc856477e1f,川本大維志,かわもと たいし,Taishi Kawamoto,estimated-low,male,2025,愛知県
p_87a6c6a4c370,s_829695c6c790,工藤百華,くどう ももか,Momoka Kudo,estimated-medium,female,2026,愛知県
p_09dbc7a2dbe0,s_d8237756d8de,平光崇獅,ひらみつ たかし,Takashi Hiramitsu,estimated-low,male,2027,愛知県
p_57ba0b858ebc,s_d8237756d8de,平山 心暖,ひらやま こはる,Koharu Hirayama,estimated-medium,female,2027,愛知県
p_571323ec0643,s_b51c6d9857ca,平山心暖,ひらやま こはる,Koharu Hirayama,estimated-medium,female,2027,愛知県
p_179f7ad8f9d6,s_d8237756d8de,廣瀬太一,ひろせ たいち,Taichi Hirose,estimated-high,male,2025,愛知県
p_7db3123c6d24,s_edc856477e1f,廣石 拓真,ひろいし たくま,Takuma Hiroishi,auto-unverified,male,2028,愛知県
p_c71b2681a8b5,s_5a816aa493ad,徳田琉乃介,とくだ りゅうのすけ,Ryunosuke Tokuda,auto-unverified,male,,愛知県
p_667b78008a97,s_d8237756d8de,新井苺,あらい いちご,Ichigo Arai,estimated-medium,female,2026,愛知県
p_9d22bdc8befd,s_d8237756d8de,春日井 朱莉,かすがい あかり,Akari Kasugai,auto-unverified,female,2027,愛知県
p_1215eef11361,s_167f3716211c,朱美宇,しゅ みう,Miu Shu,estimated-low,female,2025,愛知県
p_658a85330436,s_e9d5ca370d42,杉浦 斗聖,すぎうら とせい,Tosei Sugiura,estimated-medium,male,2028,愛知県
p_05d9ddb3360b,s_d8237756d8de,東樹亜美,ひがしき あみ,Ami Higashiki,estimated-low,female,2028,愛知県
p_67cb9e28952c,s_a4d2bcaf761d,松井 優真,まつい ゆうま,Yuma Matsui,estimated-high,male,2026,愛知県
p_d76292b724c9,s_e9d5ca370d42,松土 稟,まつつち りん,Rin Matsutsuchi,auto-unverified,male,2026,愛知県
p_155e041d66d4,s_5e90519dd240,松山 莉子,まつやま りこ,Riko Matsuyama,estimated-high,female,2028,愛知県
p_fa8c6da28468,s_edc856477e1f,松岡 太陽,まつおか たいよう,Taiyo Matsuoka,estimated-high,male,2028,愛知県
p_cda0cc23b857,s_d8237756d8de,松本 優華,まつもと ゆうはな,Yuhana Matsumoto,auto-unverified,female,2029,愛知県
p_9a897a6a356f,s_d8237756d8de,松本 剛武,まつもと たけむ,Takemu Matsumoto,estimated-low,male,2026,愛知県
p_651f12f847bd,s_85ffe71c1f67,林 竜佑,はやし りゅうゆう,Ryuyu Hayashi,auto-unverified,male,2027,愛知県
p_4b010e16a39d,s_edc856477e1f,林 謙吾,はやし けんご,Kengo Hayashi,estimated-high,male,2025,愛知県
p_9bdc91ae3a8a,s_85ffe71c1f67,柴田一輝,しばた かずき,Kazuki Shibata,estimated-medium,male,2025,愛知県
p_1af779fe2521,s_d8237756d8de,森春喜,もり はるき,Haruki Mori,estimated-medium,male,2027,愛知県
p_8fa992662bdc,s_85ffe71c1f67,森本 来生,もりもと らいき,Raiki Morimoto,estimated-low,male,2028,愛知県
p_79f519304fc4,s_b51c6d9857ca,樋口 来美,ひぐち くるみ,Kurumi Higuchi,estimated-low,female,2028,愛知県
p_259c0065f1aa,s_edc856477e1f,横田 蒼汰,よこた あおた,Aota Yokota,auto-unverified,male,2026,愛知県
p_49c9c1c8baf2,s_b51c6d9857ca,橋口仁海,はしぐち ひとみ,Hitomi Hashiguchi,estimated-low,female,2025,愛知県
p_4ee0b2f610f5,s_b51c6d9857ca,橋口心海,はしぐち ここみ,Kokomi Hashiguchi,estimated-low,female,2025,愛知県
p_c0bfbb21116f,s_5e90519dd240,水田 結依,みずた ゆい,Yui Mizuta,estimated-high,female,2026,愛知県
p_62f8d070de73,s_d8237756d8de,水谷 海琉,みずたに かいる,Kairu Mizutani,estimated-medium,male,2026,愛知県
p_7e2a0176f4f7,s_d8237756d8de,水谷 衛斗,みずたに えいと,Eito Mizutani,estimated-medium,male,2028,愛知県
p_49bf2fc00aec,s_85ffe71c1f67,水野 優,みずの ゆう,Yu Mizuno,estimated-medium,female,2027,愛知県
p_769a023822db,s_edc856477e1f,池上 桃子,いけがみ ももこ,Momoko Ikegami,estimated-high,female,2027,愛知県
p_1e77b8ab61c2,s_e9d5ca370d42,池田美彩樹,いけだ みさき,Misaki Ikeda,estimated-low,female,2024,愛知県
p_4fe619755d4e,s_edc856477e1f,河田圭介,かわだ けいすけ,Keisuke Kawada,estimated-medium,male,2024,愛知県
p_156e0c4c0ed9,,浜口 紘,はまぐち ひろ,Hiro Hamaguchi,auto-unverified,male,,愛知県
p_b23f490a0b8f,s_46e722a7387f,深谷 奈央,ふかや なお,Nao Fukaya,estimated-high,female,2028,愛知県
p_29192fec6536,s_5e90519dd240,清本 美波,きよもと みなみ,Minami Kiyomoto,estimated-medium,female,2024,愛知県
p_8fe8ad8d6c1f,s_5a816aa493ad,渡辺 匠,わたなべ たくみ,Takumi Watanabe,estimated-high,male,2026,愛知県
p_75dac5a119e1,s_46e722a7387f,溝口 心奏,みぞぐち かなで,Kanade Mizoguchi,estimated-medium,female,2028,愛知県
p_e0c1ab11c49c,s_c47e2ad91958,澤田 健太郎,さわだ けんたろう,Kentaro Sawada,estimated-high,male,2028,愛知県
p_15870a0bb63e,s_edc856477e1f,濱口 潤,はまぐち じゅん,Jun Hamaguchi,estimated-medium,male,2027,愛知県
p_0ade17c38b7a,s_edc856477e1f,濱田 苺果,はまだ いちか,Ichika Hamada,estimated-medium,female,2027,愛知県
p_1210617cacd5,s_edc856477e1f,濵口 潤,はまぐち じゅん,Jun Hamaguchi,estimated-medium,male,2027,愛知県
p_1b761cc0a495,s_edc856477e1f,濵口 紘,はまぐち ひろ,Hiro Hamaguchi,estimated-low,male,2028,愛知県
p_aaf3fd13f861,,瀧田 琥白,たきた こしろ,Koshiro Takita,auto-unverified,male,,愛知県
p_1245906cf5c8,s_46e722a7387f,熊坂 和奏,くまさか わかな,Wakana Kumasaka,estimated-medium,female,2028,愛知県
p_6779382beac3,s_e9d5ca370d42,猪腰 和翔,いのこし かずと,Kazuto Inokoshi,estimated-low,male,2027,愛知県
p_e851f4650fd5,s_5a816aa493ad,田中駿吉,たなか しゅんきち,Shunkichi Tanaka,auto-unverified,male,,愛知県
p_2d60603a3047,s_5a816aa493ad,申 東宙,しん とうま,Toma Shin,estimated-low,male,2026,愛知県
p_809eb1ad5f7b,s_5a816aa493ad,申 英栽,しん えいさい,Eisai Shin,auto-unverified,male,2028,愛知県
p_fc7240d29117,s_5a816aa493ad,矢部 銀士,やべ ぎんじ,Ginji Yabe,estimated-medium,male,2026,愛知県
p_0b1ac28dd3a6,s_c47e2ad91958,矢野 仁貴,やの まさき,Masaki Yano,estimated-low,male,2025,愛知県
p_e678f991df9f,s_c47e2ad91958,矢野 仁貴,やの まさき,Masaki Yano,estimated-low,mixed,2025,愛知県
p_ff16d18f3415,s_b51c6d9857ca,石丸 由依,いしまる ゆい,Yui Ishimaru,auto-unverified,female,2029,愛知県
p_a0c33ea52045,s_b51c6d9857ca,石井 菜花,いしい なのか,Nanoka Ishii,estimated-medium,female,2027,愛知県
p_fc664f1522ef,s_e9d5ca370d42,石垣 大夢,いしがき たいむ,Taimu Ishigaki,auto-unverified,male,2028,愛知県
p_e170fc6eef57,s_edc856477e1f,石田 剛士,いしだ たけし,Takeshi Ishida,estimated-medium,male,2028,愛知県
p_81f4373992b9,s_46e722a7387f,神谷 桃歌,かみや ももか,Momoka Kamiya,estimated-medium,female,2024,愛知県
p_555ab529d5ee,s_e9d5ca370d42,稲垣 嘉人,いながき よしと,Yoshito Inagaki,estimated-high,male,2026,愛知県
p_4098750cef80,s_85ffe71c1f67,稲垣 百花,いながき ももか,Momoka Inagaki,estimated-medium,female,2027,愛知県
p_ad85f009039c,s_a4d2bcaf761d,稲鍋 吏恩,いねなべ りおん,Rion Inenabe,auto-unverified,male,2027,愛知県
p_f055086fb32f,s_e9d5ca370d42,竹下 裕斗,たけした ゆうと,Yuto Takeshita,auto-unverified,male,2028,愛知県
p_e19d9ba2cb9a,s_d8237756d8de,與那城萌花,よなしろ もえか,Moeka Yonashiro,estimated-medium,female,2028,愛知県
p_453d505fe885,s_85ffe71c1f67,花井 力,はない ちから,Chikara Hanai,estimated-high,male,2026,愛知県
p_ee49400ad6c6,s_85ffe71c1f67,荒井 士隆,あらい さむらいたかし,Samuraitakashi Arai,auto-unverified,male,2027,愛知県
p_98e99721e858,s_a4d2bcaf761d,荒川 真彩,あらかわ まことさい,Makotosai Arakawa,auto-unverified,female,2026,愛知県
p_9206e907f6aa,s_c47e2ad91958,荒木 佑哉,あらき ゆうや,Yuya Araki,auto-unverified,male,2028,愛知県
p_dd8be8ec6099,s_c47e2ad91958,萬 慶太,まん けいた,Keita Man,auto-unverified,male,2028,愛知県
p_88e473752070,s_a4d2bcaf761d,藤原 有斗,ふじわら ゆうと,Yuto Fujiwara,auto-unverified,male,2028,愛知県
p_19a270a0eeed,s_d8237756d8de,蟹江俊翔,かにえ しゅんと,Shunto Kanie,estimated-low,male,2026,愛知県
p_486a45d409ca,s_e9d5ca370d42,西村 乃飛,にしむら のひ,Nohi Nishimura,auto-unverified,male,2026,愛知県
p_a2b9d114f4a7,s_a4d2bcaf761d,西村 謙伸,にしむら けんしん,Kenshin Nishimura,auto-unverified,male,2026,愛知県
p_446a75d1b409,s_85ffe71c1f67,西村 雷蔵,にしむら らいぞう,Raizo Nishimura,estimated-high,male,2026,愛知県
p_dc643959c37d,s_c47e2ad91958,谷口 恵悟,たにぐち めぐみさとし,Megumisatoshi Taniguchi,auto-unverified,male,2028,愛知県
p_1edd8af5ae7c,s_e9d5ca370d42,辻村 和輝,つじむら かずき,Kazuki Tsujimura,estimated-high,male,2027,愛知県
p_42d96fae752e,s_b51c6d9857ca,酒井 遼也,さかい りょうや,Ryoya Sakai,estimated-high,male,2025,愛知県
p_adf14392b4c6,s_b51c6d9857ca,酒井 遼也,さかい りょうや,Ryoya Sakai,estimated-high,mixed,2025,愛知県
p_9d9237901a5d,s_85ffe71c1f67,里城之介,さとしろ ゆきすけ,Yukisuke Satoshiro,estimated-low,male,2026,愛知県
p_5b8be6dc16f2,s_a4d2bcaf761d,野村 和暖,のむら わだん,Wadan Nomura,auto-unverified,male,2028,愛知県
p_4e8f576ddb7c,s_b51c6d9857ca,金澤 秀紀,かなざわ ひでき,Hideki Kanazawa,auto-unverified,male,2029,愛知県
p_acc1b0cfdb1a,s_5e90519dd240,金谷 一希,かなや かずき,Kazuki Kanaya,estimated-medium,female,2025,愛知県
p_2293d72baf9f,s_5e90519dd240,金谷 希優,かなや のあ,Noa Kanaya,estimated-low,female,2027,愛知県
p_b56989c09aa3,s_46e722a7387f,鈴木 らら,すずき らら,Rara Suzuki,estimated-high,female,2024,愛知県
p_6e37627e3c40,s_d8237756d8de,鈴木 健真,すずき けんしん,Kenshin Suzuki,estimated-low,male,2027,愛知県
p_d12717e94987,s_85ffe71c1f67,鈴木 希実也,すずき きみや,Kimiya Suzuki,estimated-medium,male,2025,愛知県
p_453ee50e903a,s_b51c6d9857ca,鈴木 星那,すずき せな,Sena Suzuki,estimated-high,male,2028,愛知県
p_ad9ce39a8a67,s_e9d5ca370d42,鈴木香里奈,すずき かりな,Karina Suzuki,estimated-high,female,2026,愛知県
p_8a29d2c37fc5,s_d8237756d8de,長屋亮汰,ながや りょうた,Ryota Nagaya,estimated-medium,male,2025,愛知県
p_ec8cef14afa7,s_edc856477e1f,長谷川 莉久,はせがわ りきゅう,Rikyu Hasegawa,auto-unverified,male,2029,愛知県
p_3062ad733bfc,s_85ffe71c1f67,関谷 善成,せきや よしなり,Yoshinari Sekiya,auto-unverified,male,2027,愛知県
p_f4dd8c922c9a,s_d8237756d8de,陳 麒宇,ちん きう,Kiu Chin,auto-unverified,male,2029,愛知県
p_797fa5dd948f,s_85ffe71c1f67,高津 世和,たかつ せな,Sena Takatsu,estimated-low,female,2027,愛知県
p_7f7c9bb06d13,s_b51c6d9857ca,髙栁 天馬,てんま,Tenma,auto-unverified,male,2029,愛知県
p_56c6f09f3ce3,s_e9d5ca370d42,黒宮 真利,くろみや まさとし,Masatoshi Kuromiya,auto-unverified,female,2028,愛知県
p_4b67ee61cc40,s_342ac33e9c52,三浦 百枝,みうら ももえ,Momoe Miura,estimated-high,female,2027,新潟県
p_9b769ae62653,s_342ac33e9c52,依田悠誠,よだ ゆうせい,Yusei Yoda,estimated-medium,male,2028,新潟県
p_832cc94fef2a,s_342ac33e9c52,倉持 凪,くらもち なぎ,Nagi Kuramochi,estimated-high,female,2024,新潟県
p_3cac1f196e4c,s_342ac33e9c52,古澤泰樹,ふるさわ たいき,Taiki Furusawa,estimated-medium,male,2026,新潟県
p_a2dbca258af4,s_342ac33e9c52,吉田 沙羅,よしだ さら,Sara Yoshida,estimated-high,female,2026,新潟県
p_9e56ad4979ba,s_342ac33e9c52,塚田 翔大,つかだ しょうだい,Shodai Tsukada,estimated-medium,male,2027,新潟県
p_3b10ba57ec3d,s_342ac33e9c52,塚田 翔太,つかだ しょうた,Shota Tsukada,estimated-high,male,,新潟県
p_adbde600e227,s_342ac33e9c52,夏川 琉衣,なつかわ るい,Rui Natsukawa,estimated-medium,female,2026,新潟県
p_7ec06f6166d9,s_342ac33e9c52,大久保 花,おおくぼ はな,Hana Okubo,estimated-high,female,2028,新潟県
p_3cb18137f87c,s_342ac33e9c52,大杉 霧空,おおすぎ きりそら,Kirisora Oosugi,auto-unverified,male,2029,新潟県
p_ef8a87f9222f,s_342ac33e9c52,小林 尚史,こばやし たかし,Takashi Kobayashi,estimated-medium,male,2025,新潟県
p_badf11f3766a,s_342ac33e9c52,廣野 里彩,ひろの りさ,Risa Hirono,estimated-medium,female,2027,新潟県
p_b47479874dad,s_342ac33e9c52,星野 泰輝,ほしの やすしてる,Yasushiteru Hoshino,auto-unverified,male,2029,新潟県
p_8eb38dcb00ad,s_342ac33e9c52,星野煌貴,ほしの こうき,Koki Hoshino,estimated-medium,male,2028,新潟県
p_14564acee135,s_342ac33e9c52,晝間 心大,ひるま しんた,Shinta Hiruma,estimated-low,male,2029,新潟県
p_d48d8021b1f9,s_342ac33e9c52,橋詰 海斗,はしづめ かいと,Kaito Hashizume,estimated-medium,male,2025,新潟県
p_fb755f35b93b,s_342ac33e9c52,水谷 俊介,みずたに しゅんすけ,Shunsuke Mizutani,estimated-medium,male,2026,新潟県
p_4bf87fe94593,s_342ac33e9c52,渡邊 結斗,わたなべ けつと,Ketsuto Watanabe,auto-unverified,male,2026,新潟県
p_f24a6db056c3,s_342ac33e9c52,田口青空,たぐち そら,Sora Taguchi,estimated-medium,male,2025,新潟県
p_f3ada79d8ebe,s_342ac33e9c52,疋田大河,ひきた たいが,Taiga Hikita,estimated-medium,male,2025,新潟県
p_13dcf4592f50,s_dd90d94a532c,目黒風,めぐろ ふう,Fu Meguro,estimated-medium,female,2028,新潟県
p_48d0494b0fd6,s_342ac33e9c52,相浦大輝,あいうら だいき,Daiki Aiura,estimated-medium,male,2025,新潟県
p_518ae4902ea0,s_342ac33e9c52,石塚 絢海,いしづか あやみ,Ayami Ishizuka,estimated-medium,female,2028,新潟県
p_459003b3afd1,s_342ac33e9c52,秋元 健太郎,あきもと けんたろう,Kentaro Akimoto,estimated-high,male,2028,新潟県
p_18568a45be0f,s_342ac33e9c52,竹丸理世,たけまる りせ,Rise Takemaru,estimated-medium,female,2028,新潟県
p_59e52c96535a,s_342ac33e9c52,荻窪 蒼,おぎくぼ あお,Ao Ogikubo,estimated-medium,female,,新潟県
p_e3ddd9df4754,s_342ac33e9c52,荻窪 蒼萊,おぎくぼ あおらい,Aorai Ogikubo,auto-unverified,female,,新潟県
p_a66ea1bc8c61,s_410e3d076e90,西脇 真帆,にしわき まほ,Maho Nishiwaki,estimated-high,female,2025,新潟県
p_2216ccf8da05,s_410e3d076e90,西脇優衣,にしわき ゆい,Yui Nishiwaki,estimated-high,female,2028,新潟県
p_85826f911a0b,s_342ac33e9c52,遠藤 美空,えんどう みそら,Misora Endo,estimated-medium,female,2027,新潟県
p_85151168fe7d,s_342ac33e9c52,関 翔汰,せき しょうた,Shota Seki,estimated-high,male,2025,新潟県
p_f745536adfd4,s_342ac33e9c52,馬庭隼人,まにわ はやと,Hayato Maniwa,estimated-medium,male,2027,新潟県
p_87a8bae582fe,s_342ac33e9c52,高松 寧々,たかまつ ねね,Nene Takamatsu,auto-unverified,female,2028,新潟県
p_e5ac0b94fa1c,s_342ac33e9c52,髙松寧々,たかまつ ねね,Nene Takamatsu,estimated-high,female,2028,新潟県
p_3ff80bf83de2,s_dd90d94a532c,鶴巻 悠斗,つるまき ゆうと,Yuto Tsurumaki,auto-unverified,male,2028,新潟県
p_a092ceb9f2fd,s_8ef0769d3e8e,三宅なほか,みやけ なほか,Nahoka Miyake,estimated-high,female,2027,東京
p_ab1b3b3a4655,s_8179aa0ee352,三川誠人,みかわ まさと,Masato Mikawa,estimated-medium,male,2027,東京
p_04f339e59e7e,s_f5a39b512737,三林陽太朗,みばやし ようたろう,Yotaro Mibayashi,estimated-medium,male,2026,東京
p_204d78220866,s_2a070a1cb46d,三浦一汰,みうら いった,Itta Miura,estimated-medium,male,2027,東京
p_9931a18f2445,s_3e442e07e298,上田蓮,うえだ れん,Ren Ueda,estimated-high,male,2028,東京
p_502de0189588,s_a0e2f2f2cd6a,下原あおい,しもはら あおい,Aoi Shimohara,estimated-medium,female,2027,東京
p_6b85beedec8b,s_afbabb7d8dd1,中澤結,なかざわ ゆい,Yui Nakazawa,estimated-medium,female,2028,東京
p_91053be7f454,s_a0e2f2f2cd6a,中畑陽,なかはた はる,Haru Nakahata,estimated-low,male,2026,東京
p_80e9d44063a7,s_1e94b4f5a91d,乃木優太,のぎ ゆうた,Yuta Nogi,estimated-high,male,2026,東京
p_a6e89ada27ea,s_a0e2f2f2cd6a,井上杏莉沙,いのうえ ありさ,Arisa Inoe,estimated-low,female,2027,東京
p_4a9d5b5b2a26,s_f5a39b512737,佐々木優成,ささき ゆうせい,Yusei Sasaki,estimated-high,male,2027,東京
p_b16b7037be2e,s_2724a997c1b0,佐藤心翼,さとう しんすけ,Shinsuke Sato,estimated-low,male,2026,東京
p_bfe99c32ee3c,s_7458539bd506,佐藤風花,さとう ふうか,Fuka Sato,estimated-medium,female,2028,東京
p_21af823a14f9,s_afbabb7d8dd1,吉実里音菜,よしざね りおな,Riona Yoshizane,estimated-low,female,2028,東京
p_b7d3841a0e1f,s_8179aa0ee352,吉野伊織,よしの いおり,Iori Yoshino,estimated-high,male,2027,東京
p_ba14081a9545,s_a0e2f2f2cd6a,坂狩花蓮,さかがり かれん,Karen Sakagari,estimated-low,female,2027,東京
p_3b8affe495de,s_8ef0769d3e8e,大和田匠海,おおわだ たくみ,Takumi Owada,estimated-high,male,2026,東京
p_4b04ddd46c0d,s_80a4d3f53b6b,太田瞳,おおた ひとみ,Hitomi Ota,estimated-high,female,2026,東京
p_bb24222c9ea3,s_80a4d3f53b6b,宇津木歩,うつぎ あゆみ,Ayumi Utsugi,estimated-medium,female,2026,東京
p_10a605d84559,s_1e94b4f5a91d,宮坂駿佑,みやさか しゅんすけ,Shunsuke Miyasaka,estimated-high,male,2026,東京
p_fed2d45b28bf,s_ddb029b717c5,小暮沙奈,こぐれ さな,Sana Kogure,estimated-high,female,2027,東京
p_a09bb517ac0c,s_3e442e07e298,小木曽櫂,おぎ そかい,Sokai Ogi,estimated-low,male,2028,東京
p_ba7522f30eca,s_f7a5d0014840,小林咲愛,こばやし さあ,Saa Kobayashi,estimated-low,female,2026,東京
p_86dcce64c662,s_80a4d3f53b6b,尾中りね,おなか りね,Rine Onaka,estimated-medium,female,2026,東京
p_edcdd597e8c9,s_2bc5e4c331b5,岡野有彩,おかの ありさ,Arisa Okano,estimated-medium,female,2028,東京
p_f6d47def55da,s_5785f2e944c1,岩木美憂奈,いわき みゆな,Miyuna Iwaki,estimated-medium,female,2026,東京
p_edc6e0cb9311,s_afbabb7d8dd1,岩谷楓花,いわや ふうか,Fuka Iwaya,estimated-medium,female,2026,東京
p_42b079c02090,s_827f5edb0228,川原莉緒,かわはら りお,Rio Kawahara,estimated-medium,female,2027,東京
p_27bee7119c03,s_f5a39b512737,市邉壮真,いちべ そうま,Soma Ichibe,estimated-low,male,2027,東京
p_ca8a5fd97d49,s_1e94b4f5a91d,戸塚琉心,とつか りゅうしん,Ryushin Totsuka,estimated-medium,male,2027,東京
p_bdab335aa3d7,s_ae791066fa91,本橋史菜,もとはし ふみな,Fumina Motohashi,estimated-medium,female,2027,東京
p_bfb23f3dbc61,s_f7a5d0014840,村田京獅郎,むらた きょうしろう,Kyoshiro Murata,estimated-medium,male,2026,東京
p_03c14ee31888,s_d7504861b3d6,村田朋香,むらた ともか,Tomoka Murata,estimated-high,female,2027,東京
p_b23e07b7f100,s_b2beaafdfb7e,林香蓮,はやし かれん,Karen Hayashi,estimated-high,female,2026,東京
p_800fc9fe46bb,s_2724a997c1b0,柳瀬準,やなせ じゅん,Jun Yanase,estimated-medium,male,2026,東京
p_0d4098c8ff58,s_8ef0769d3e8e,根本太郎,ねもと たろう,Taro Nemoto,estimated-high,male,2026,東京
p_082135686152,s_76d15361f4e0,椿由次郎,つばき よしじろう,Yoshijiro Tsubaki,estimated-medium,male,2026,東京
p_5676a56b9ab8,s_8ef0769d3e8e,楳原恵瑠奈,うめはら える,Eru Umehara,estimated-low,female,2027,東京
p_5dbbf3dd2431,s_3a6aa7a58020,毎熊慶治,まいくま けいじ,Keiji Maikuma,estimated-medium,male,2026,東京
p_fd774f74fe04,s_afbabb7d8dd1,瀧川芽生,たきがわ めい,Mei Takigawa,estimated-medium,female,2027,東京
p_6d924643e073,s_ddb029b717c5,田中菜月,たなか なつき,Natsuki Tanaka,estimated-high,female,2027,東京
p_ba06dd84a39c,s_2724a997c1b0,田邊仁洋,たなべ ひとひろ,Hitohiro Tanabe,estimated-low,male,2026,東京
p_950fddbf8023,s_55c30ff32f11,白田乃々花,しろた ののか,Nonoka Shirota,estimated-medium,female,2028,東京
p_6eeba08340b9,s_3e442e07e298,矢成遥斗,やなり はると,Haruto Yanari,estimated-low,male,2027,東京
p_5db019580e29,s_a0e2f2f2cd6a,石井凛,いしい りん,Rin Ishii,estimated-high,female,2027,東京
p_04f30cb95c9d,s_8ef0769d3e8e,石田紅葉,いしだ もみじ,Momiji Ishida,estimated-medium,female,2028,東京
p_3bfff6e5cb7b,s_1e94b4f5a91d,竹原周吾,たけはら しゅうご,Shugo Takehara,estimated-medium,male,2026,東京
p_72987277e59b,s_2bc5e4c331b5,義那桃子,ぎな ももこ,Momoko Gina,estimated-low,female,2028,東京
p_a1b9da5d7d78,s_6329398cb913,衣川佳杜,きぬかわ かいと,Kaito Kinukawa,estimated-low,male,2028,東京
p_7caa3ea5e81d,s_3a6aa7a58020,野島颯太,のじま そうた,Sota Nojima,estimated-high,male,2027,東京
p_dbee845257f0,s_1e94b4f5a91d,金野遼太郎,こんの りょうたろう,Ryotaro Konno,estimated-medium,male,2026,東京
p_9e550adeb9d2,s_3e442e07e298,陀安楓,だやす かえで,Kaede Dayasu,estimated-low,male,2027,東京
p_deee924dcb35,s_afbabb7d8dd1,須崎雄都,すざき ゆうと,Yuto Suzaki,estimated-medium,male,2026,東京
p_7cfef296e6f3,s_3a6aa7a58020,高島琉,たかしま りゅう,Ryu Takashima,estimated-medium,male,2028,東京
p_afba03852442,s_335529095e60,高橋桜月,たかはし おうが,Oga Takahashi,estimated-low,male,2028,東京
p_8cd1f028fda4,s_335529095e60,高橋流桜,たかはし るか,Ruka Takahashi,estimated-low,male,2026,東京
p_abd8126ece8a,s_2724a997c1b0,髙屋駿,たかや しゅん,Shun Takaya,estimated-medium,male,2026,東京
p_b5475602f21e,s_8ef0769d3e8e,髙橋美琴,たかはし みこと,Mikoto Takahashi,estimated-high,female,2027,東京
p_866916a4a484,s_8ef0769d3e8e,髙橋翔,たかはし しょう,Sho Takahashi,estimated-medium,male,2026,東京
p_61a9da315782,s_8179aa0ee352,髙橋雅楽助,たかはし うたのすけ,Utanosuke Takahashi,estimated-low,male,2026,東京
p_9ad58e278cdc,s_8179aa0ee352,齋藤克実,さいとう かつみ,Katsumi Saito,estimated-high,male,2027,東京
p_b5d5859b149e,s_a9b568567222,上村 大和,うえむら やまと,Yamato Uemura,estimated-medium,male,2025,東京都
p_b05e13d360be,s_7458539bd506,上田澪空,うえだ みく,Miku Ueda,estimated-low,female,2024,東京都
p_954c551b684d,s_6329398cb913,上野 航良,うえの こうら,Kora Ueno,estimated-low,male,2028,東京都
p_4820c4a20cca,s_80a4d3f53b6b,中原拓飛,なかはら たくと,Takuto Nakahara,estimated-low,male,2025,東京都
p_b8b66e18c3cc,s_66b68dc6bca4,中山 真尋,なかやま まひろ,Mahiro Nakayama,estimated-high,male,2025,東京都
p_1f26259b8d0b,s_a9b568567222,中山怜音,なかやま れのん,Renon Nakayama,estimated-medium,male,2027,東京都
p_77445924b56d,s_7458539bd506,中村 友里愛,なかむら ゆうりあい,Yuriai Nakamura,auto-unverified,female,,東京都
p_c97456a9461b,s_3a6aa7a58020,中田 大賀,なかた おおが,Oga Nakata,estimated-medium,male,2027,東京都
p_287b1c7796d0,s_3a6aa7a58020,中野識司,なかの さとし,Satoshi Nakano,estimated-low,male,2025,東京都
p_4eaae26c1673,s_7458539bd506,二宮 真央,にのみや まお,Mao Ninomiya,estimated-high,female,2025,東京都
p_e232df3fdae1,s_2724a997c1b0,五十嵐 凛,いがらし りん,Rin Igarashi,estimated-high,female,2027,東京都
p_88698d7e68e3,s_6329398cb913,井上 洸祐,いのうえ こうすけ,Kosuke Inoe,estimated-high,male,2027,東京都
p_2cdf93cfeec7,s_2724a997c1b0,井上 葵姫,いのうえ あき,Aki Inoe,estimated-low,female,2024,東京都
p_743d7a90e4f8,s_a9b568567222,伊藤 美輝,いとう みき,Miki Ito,estimated-low,female,2026,東京都
p_1bcba2d58ec2,s_3a6aa7a58020,佐藤 星河,さとう せいが,Seiga Sato,estimated-medium,male,2025,東京都
p_011bbc3208dd,s_7458539bd506,佐藤 色葉,さとう いろは,Iroha Sato,auto-unverified,female,,東京都
p_7149afd52308,s_7458539bd506,佐藤甘菜,さとう かんな,Kanna Sato,estimated-low,female,2024,東京都
p_5ec187ffbd4d,s_7458539bd506,佐藤陽花,さとう はるか,Haruka Sato,estimated-medium,female,2028,東京都
p_0dc956e88c33,s_afbabb7d8dd1,作家 叶真,さっか かなま,Kanama Sakka,estimated-low,male,2028,東京都
p_89519db06eee,s_2bc5e4c331b5,加藤 健真,かとう けんしん,Kenshin Kato,estimated-low,male,2028,東京都
p_76a2a81d6f3e,s_a9b568567222,加藤 舞桜,かとう まお,Mao Kato,estimated-medium,female,2028,東京都
p_20c8cf89562d,s_e777cf4bb2ae,吉田悠,よしだ はるか,Haruka Yoshida,estimated-low,male,2027,東京都
p_d5a417f904e3,s_3a6aa7a58020,外岩戸 晟士,そといわと せいじ,Seiji Sotoiwato,estimated-low,male,2026,東京都
p_960959c9deef,s_3a6aa7a58020,大川 弥紘,おおかわ やひろ,Yahiro Okawa,estimated-medium,male,2028,東京都
p_31f7d8b225f0,s_3a6aa7a58020,大江 幸太郎,おおえ こうたろう,Kotaro Ooe,auto-unverified,male,,東京都
p_c907c9e0d42f,s_2724a997c1b0,大野 柚果,おおの ゆずか,Yuzuka Ono,estimated-medium,female,2027,東京都
p_f931d4b3fc57,s_2724a997c1b0,大野陽奈子,おおの ひなこ,Hinako Ono,estimated-high,female,2025,東京都
p_fa3d61c5ce66,s_6329398cb913,奥田亮太朗,おくだ りょうたろう,Ryotaro Okuda,estimated-high,male,2028,東京都
p_36648b62c10f,s_afbabb7d8dd1,妹尾健生,せのお けんせい,Kensei Seno,estimated-low,male,2028,東京都
p_018eb7bb7b57,s_a9b568567222,宇田川 理茶度,うだがわ りさど,Ricardo Udagawa,estimated-low,male,2026,東京都
p_f5c2b13a6a39,s_afbabb7d8dd1,寺島 羽琉,てらしま はる,Haru Terashima,auto-unverified,male,,東京都
p_25bcb9243e16,s_3a6aa7a58020,小俣 柚葉,おまた ゆずは,Yuzuha Omata,estimated-medium,female,2024,東京都
p_3d8e4a0c18be,s_2724a997c1b0,小俣百合菜,おまた ゆりな,Yurina Omata,estimated-medium,female,2027,東京都
p_73b58a615823,s_6329398cb913,小形 颯,おがた はやて,Hayate Ogata,estimated-medium,male,2029,東京都
p_61ceb434b199,s_3a6aa7a58020,小林 康成,こばやし やすなり,Yasunari Kobayashi,estimated-high,male,2027,東京都
p_d94377abe4d6,s_2bc5e4c331b5,小林 麟太郎,こばやし りんたろう,Rintaro Kobayashi,estimated-high,male,2026,東京都
p_682391911107,s_3a6aa7a58020,小谷 海斗,こたに かいと,Kaito Kotani,estimated-medium,male,2026,東京都
p_2f5576c2a633,s_7458539bd506,山口心愛,やまぐち ここあ,Kokoa Yamaguchi,estimated-medium,female,2028,東京都
p_d372ff16f0c7,s_afbabb7d8dd1,山崎 暖真,やまざき はるま,Haruma Yamazaki,estimated-medium,male,2028,東京都
p_639e46eb935a,s_7458539bd506,岡安優菜,おかやす ゆうな,Yuna Okayasu,estimated-high,female,2025,東京都
p_62e68c89b68a,s_80a4d3f53b6b,岡悠太郎,おか ゆうたろう,Yutaro Oka,estimated-high,male,2025,東京都
p_210d2d7c452d,s_a9b568567222,岡田 麻愛,おかだ まなみ,Manami Okada,estimated-low,female,2028,東京都
p_11482d423aac,s_afbabb7d8dd1,崔 恩健,さい おんけん,Onken Choi,estimated-low,male,2028,東京都
p_012a1da5d79d,s_afbabb7d8dd1,成松峻,なりまつ しゅん,Shun Narimatsu,estimated-medium,male,2027,東京都
p_74020918f46d,s_a9b568567222,戸塚あい,とつか あい,Ai Totsuka,estimated-high,female,2028,東京都
p_7afd4b043437,s_2724a997c1b0,戸張 美音,とばり みおん,Mion Tobari,estimated-medium,female,2028,東京都
p_2f0f45479a97,s_3a6aa7a58020,折茂詠太郎,おりも えいたろう,Eitaro Orimo,estimated-medium,male,2026,東京都
p_076c0aaed9c8,s_a9b568567222,新井 小桃,あらい こもも,Komomo Arai,estimated-high,female,2026,東京都
p_28b2e59ee9b5,s_7458539bd506,新地 真美夏,しんち まみか,Mamika Shinchi,estimated-medium,female,2026,東京都
p_9a42266fc482,s_2724a997c1b0,日高 妃菜,ひだか ひな,Hina Hidaka,estimated-high,female,2024,東京都
p_a7ca720c84a3,s_a9b568567222,木暮凌太,こぐれ りょうた,Ryota Kogure,estimated-high,male,2026,東京都
p_5ffbdf767c29,s_a9b568567222,本 大志,ほん たいし,Taishi Hon,estimated-low,male,2024,東京都
p_dd475f446cb4,s_2724a997c1b0,杉山 来應,すぎやま らいおう,Raio Sugiyama,estimated-low,male,2026,東京都
p_4a2a4fb50295,s_80a4d3f53b6b,村山拓海,むらやま たくみ,Takumi Murayama,estimated-high,male,2027,東京都
p_20ab6614d6af,s_3a6aa7a58020,村田 咲,むらた さく,Saku Murata,estimated-medium,male,2025,東京都
p_db87158769c4,s_7458539bd506,柳原 由依,やなぎはら ゆい,Yui Yanagihara,estimated-high,female,2026,東京都
p_8b8997d2c626,s_7458539bd506,榎本 梨華,えのもと りか,Rika Enomoto,auto-unverified,female,,東京都
p_a18a8ef234cc,s_ddb029b717c5,永谷 葉,ながたに よう,Yo Nagatani,estimated-low,female,2027,東京都
p_d64ad0203e99,s_8ef0769d3e8e,江川 昴,えがわ すばる,Subaru Egawa,estimated-high,male,2028,東京都
p_110e664c77c9,s_3a6aa7a58020,清本 貴秀,きよもと たかひで,Takahide Kiyomoto,estimated-medium,male,2027,東京都
p_93c8d688bcee,s_3a6aa7a58020,清水 心結,しみず みゆ,Miyu Shimizu,estimated-medium,female,2027,東京都
p_54b20a6ebacf,s_3a6aa7a58020,清水 拳斗,しみず けんと,Kento Shimizu,estimated-high,male,2024,東京都
p_1e89d163bf66,s_a9b568567222,清水 蔵之介,しみず くらのすけ,Kuranosuke Shimizu,estimated-high,male,2024,東京都
p_0ed3d60989bf,s_2bc5e4c331b5,清水悠太郎,しみず ゆうたろう,Yutaro Shimizu,estimated-high,male,2025,東京都
p_8fba978017e0,s_3a6aa7a58020,清野 桜貴,せいの おうき,Oki Seino,estimated-low,male,2025,東京都
p_32b042fd7142,s_2bc5e4c331b5,渡辺晃祥,わたなべ こうしょう,Kosho Watanabe,estimated-low,male,2024,東京都
p_53a34a90c5db,s_3a6aa7a58020,渡邊 築樹,わたなべ つきき,Tsukiki Watanabe,estimated-low,male,2027,東京都
p_cb282cb10ede,s_3a6aa7a58020,滝田 詠夢,たきた えいむ,Eimu Takita,estimated-low,male,2026,東京都
p_fe9ace6b1fbf,s_3a6aa7a58020,滝田 詠夢,たきた えいむ,Eimu Takita,estimated-low,mixed,2026,東京都
p_1442ab2b61cf,s_2724a997c1b0,猪狩 瑞夏,いがり みずか,Mizuka Igari,estimated-medium,female,2026,東京都
p_1d820e629460,s_6329398cb913,田中 天晴,たなか てんせい,Tensei Tanaka,estimated-low,male,2025,東京都
p_f0e063ad458e,s_3a6aa7a58020,矢後 英俊,やご ひでとし,Hidetoshi Yago,estimated-medium,male,2027,東京都
p_6fa14a09686b,s_2bc5e4c331b5,福永未來,ふくなが みらい,Mirai Fukunaga,estimated-high,male,2024,東京都
p_7a9332982857,s_a9b568567222,竹花 颯汰,たけはな そうた,Sota Takehana,estimated-medium,male,2026,東京都
p_b99e0443e58a,s_afbabb7d8dd1,網代 雄介,あじろ ゆうすけ,Yusuke Ajiro,estimated-high,male,2029,東京都
p_2d5368dc84b0,s_2bc5e4c331b5,芳賀恵夏,はが えな,Ena Haga,estimated-low,female,2026,東京都
p_e5b76e9be2ed,s_7458539bd506,茶木 詩央,ちゃき しお,Shio Chaki,estimated-medium,female,2024,東京都
p_72a1ce6b191a,s_323b329aab3d,荒木 結衣,あらき ゆい,Yui Araki,estimated-high,female,2027,東京都
p_cd093d70a8da,s_7458539bd506,萩生田みらん,はぎうだ みらん,Miran Hagiuda,estimated-medium,female,2025,東京都
p_e9401a1728de,s_2bc5e4c331b5,藤井 海斗,ふじい かいと,Kaito Fujii,estimated-high,male,2028,東京都
p_d24a247aef31,s_2bc5e4c331b5,西原 一翔,にしはら かずと,Kazuto Nishihara,estimated-low,male,2027,東京都
p_e711dc588947,s_3a6aa7a58020,西山知里,にしやま ちさと,Chisato Nishiyama,estimated-medium,female,2024,東京都
p_76565dd601a5,s_7458539bd506,西澤 美李,にしざわ みり,Miri Nishizawa,estimated-low,female,2026,東京都
p_d59eb6ea805d,s_a0e2f2f2cd6a,西澤 香那,にしざわ かな,Kana Nishizawa,estimated-high,female,2024,東京都
p_303676ad213c,s_2bc5e4c331b5,辛宇振,しん うしん,Ushin Shin,estimated-low,male,2027,東京都
p_b19876828c13,s_2bc5e4c331b5,金子佳矢,かねこ かや,Kaya Kaneko,estimated-medium,male,2024,東京都
p_c45d4fbd4048,s_f5a39b512737,金杉元明,かなすぎ もとあき,Motoaki Kanasugi,estimated-medium,male,2026,東京都
p_9202706b181b,s_3a6aa7a58020,鈴木 境人,すずき けいと,Keito Suzuki,estimated-low,male,2029,東京都
p_30ead3061194,s_a9b568567222,鈴木 能々子,すずき ののこ,Nonoko Suzuki,estimated-medium,female,2025,東京都
p_9ee1c30b8e75,s_a9b568567222,鈴木 花風,すずき ふうか,Fuka Suzuki,estimated-low,female,2028,東京都
p_e89571773799,s_2724a997c1b0,鈴木瀬菜,すずき せな,Sena Suzuki,estimated-high,female,2028,東京都
p_06a66d007060,s_a9b568567222,長谷川千遥,はせがわ ちはる,Chiharu Hasegawa,estimated-medium,female,2029,東京都
p_6b3277f120a2,s_80a4d3f53b6b,長谷川拓斗,はせがわ たくと,Takuto Hasegawa,estimated-high,male,2025,東京都
p_c2eeda2c0b05,s_2bc5e4c331b5,関山 蒼,せきやま あお,Ao Sekiyama,estimated-medium,male,2028,東京都
p_934b95348245,s_80a4d3f53b6b,須藤晶,すどう あきら,Akira Sudo,estimated-medium,male,2025,東京都
p_c48e5229fe88,s_2724a997c1b0,高田嘩琳,たかだ かりん,Karin Takada,estimated-medium,female,2025,東京都
p_57cc9a24c4c4,s_2724a997c1b0,髙田 嘩琳,たかだ かりん,Karin Takada,estimated-medium,female,2025,東京都
p_ee91c827ace6,s_6329398cb913,黒川 凌央,くろかわ りお,Rio Kurokawa,estimated-medium,male,2028,東京都
p_f38cfb0c9813,s_7a1a6a66633e,奥賀 由椎,おくが ゆい,Yui Okuga,estimated-low,female,2028,栃木
p_22acb7a9e3e7,s_7a1a6a66633e,水沼 茉子,みずぬま まこ,Mako Mizunuma,auto-unverified,female,2029,栃木
p_493b093ac93f,s_48bfd402636b,下村 剛,しもむら つよし,Tsuyoshi Shimomura,estimated-high,male,2024,栃木県
p_fcc309d8b15a,s_2897929bacbf,中川 虎ノ介,なかがわ とらのすけ,Toranosuke Nakagawa,estimated-high,male,2024,栃木県
p_4e425754a6fa,s_2897929bacbf,中川虎之介,なかがわ とらのすけ,Toranosuke Nakagawa,estimated-high,male,2024,栃木県
p_ff4b56058731,s_ce032c81797e,二渡 行夏,ふたわたり いちか,Ichika Futawatari,estimated-low,female,2026,栃木県
p_8132b3625e3c,s_48bfd402636b,井上 修志,いのうえ おさむこころざし,Osamukokorozashi Inoe,auto-unverified,male,2029,栃木県
p_a57a2f86ff9f,s_48bfd402636b,井上 笑慈,いのうえ えいじ,Eiji Inoe,estimated-low,male,2025,栃木県
p_559d7dff5092,s_48bfd402636b,仙澤 綾人,せんざわ あやと,Ayato Senzawa,estimated-medium,male,2027,栃木県
p_00e91cfe7a79,s_48bfd402636b,佐藤 ミラー,さとう みらー,Miller Sato,estimated-high,male,2027,栃木県
p_d9959c450a0f,s_48bfd402636b,冨田 真起明,とみた まこときめい,Makotokimei Tomita,auto-unverified,male,2029,栃木県
p_6cd6c4a894be,s_2897929bacbf,千葉紫音,ちば しおん,Shion Chiba,estimated-high,male,2027,栃木県
p_1318ee721a39,s_48bfd402636b,吉川 京希,よしかわ きょうまれ,Kyomare Yoshikawa,auto-unverified,female,,栃木県
p_1eabbb62f3f9,s_48bfd402636b,坂井 花衣,さかい はない,Hanai Sakai,auto-unverified,female,2029,栃木県
p_26018d8e7787,s_48bfd402636b,大森 未来,おおもり みらい,Mirai Omori,estimated-high,female,2027,栃木県
p_214cf92b826d,s_a6f5bdba3f45,大金 夏美,たいきん なつみ,Natsumi Taikin,auto-unverified,female,,栃木県
p_84d0828ed0e1,s_2897929bacbf,安孫子大祐,あびこ だいすけ,Daisuke Abiko,estimated-high,male,2024,栃木県
p_fb1c5683fcd2,s_48bfd402636b,寺田晏路,てらだ あんじ,Anji Terada,estimated-low,male,2027,栃木県
p_54be68493874,s_48bfd402636b,小口満里奈,こぐち まりな,Marina Koguchi,estimated-high,female,2028,栃木県
p_1094dbe54729,s_48bfd402636b,尾形 昊海,おがた こううみ,Koumi Ogata,auto-unverified,male,,栃木県
p_f81c989ebe7c,s_2897929bacbf,山崎 悠介,やまざき ゆうすけ,Yusuke Yamazaki,estimated-high,male,2028,栃木県
p_d7a0265f76e2,s_48bfd402636b,山本実希,やまもと みき,Miki Yamamoto,estimated-high,female,2025,栃木県
p_4f1911950617,s_48bfd402636b,岩井 礼歩,いわい らいほ,Raiho Iwai,estimated-low,male,2027,栃木県
p_3734f3bc49ce,s_48bfd402636b,峯村 怜,みねむら れい,Rei Minemura,auto-unverified,male,2029,栃木県
p_75d0f188224e,s_48bfd402636b,島津翔太,しまづ しょうた,Shota Shimazu,estimated-high,male,2025,栃木県
p_4dd0a025ed0d,s_48bfd402636b,川﨑 太耀,かわさき たよう,Tayo Kawasaki,auto-unverified,male,2028,栃木県
p_ad609df05fee,s_2897929bacbf,常盤 和也,ときわ かずや,Kazuya Tokiwa,estimated-high,male,2025,栃木県
p_3c3644ab8988,s_48bfd402636b,後藤 泰成,ごとう やすなり,Yasunari Goto,estimated-high,male,2028,栃木県
p_d0cc05e59a7c,s_48bfd402636b,手塚舞,てづか まい,Mai Tezuka,estimated-high,female,2029,栃木県
p_161e022585dc,s_48bfd402636b,斎藤 旬一,さいとう しゅんいち,Shunichi Saito,estimated-medium,male,2027,栃木県
p_6aed5e28876d,s_48bfd402636b,本 結歩,ほん けつほ,Ketsuho Hon,auto-unverified,female,,栃木県
p_780f305c8c0e,s_2897929bacbf,条谷 海翔,じょうたに かいと,Kaito Jotani,auto-unverified,male,,栃木県
p_db55ad6141d8,s_2897929bacbf,条谷 莉央,じょうたに りお,Rio Jotani,auto-unverified,male,,栃木県
p_687edef328e2,s_a6f5bdba3f45,松枝未倖,まつえだ みゆき,Miyuki Matsueda,estimated-low,female,2026,栃木県
p_0fb583ef5a83,s_48bfd402636b,林田 遼汰,はやしだ りょうた,Ryota Hayashida,estimated-high,male,2028,栃木県
p_976bf2e86a3b,s_48bfd402636b,森口ユリナ,もりぐち ゆりな,Yurina Moriguchi,estimated-high,female,2027,栃木県
p_ac33a290b64b,s_2897929bacbf,森川 暖汰,もりかわ はると,Haruto Morikawa,estimated-medium,male,2027,栃木県
p_f96b2dd835bc,s_48bfd402636b,森田 元大,もりた もとひろ,Motohiro Morita,estimated-low,male,2026,栃木県
p_2cc3378846be,s_2897929bacbf,森田 大悟,もりた だいご,Daigo Morita,estimated-high,male,2028,栃木県
p_f953babce395,s_48bfd402636b,橋本圭市,はしもと けいいち,Keiichi Hashimoto,estimated-high,male,2026,栃木県
p_435183ba6ce8,s_48bfd402636b,武井大也,たけい だいや,Daiya Takei,estimated-medium,male,2027,栃木県
p_9fa7b4c1d5ed,s_48bfd402636b,武澤 晋之介,たけざわ すすむゆきすけ,Susumuyukisuke Takezawa,auto-unverified,male,,栃木県
p_10189063f636,s_2897929bacbf,水沼 勇太,みずぬま ゆうた,Yuta Mizunuma,estimated-medium,male,2027,栃木県
p_d05f19ab1c37,s_2897929bacbf,渡邊優名利,わたなべ ゆなり,Yunari Watanabe,estimated-low,male,2028,栃木県
p_16cd5279a4c6,s_2897929bacbf,福田 有成,ふくだ ありなり,Arinari Fukuda,estimated-low,male,2024,栃木県
p_695f8ecc3c45,s_2897929bacbf,篠原獅童,しのはら しどう,Shido Shinohara,estimated-medium,male,2027,栃木県
p_638eb26731e3,s_2897929bacbf,粂谷 海翔,くめたに かいと,Kaito Kumetani,estimated-medium,male,2026,栃木県
p_60e7f5e50263,s_2897929bacbf,粂谷 莉央,くめたに りお,Rio Kumetani,estimated-medium,male,2029,栃木県
p_328e71ef66c6,s_48bfd402636b,藤﨑 沙羅,ふじさき さら,Sara Fujisaki,estimated-high,female,2027,栃木県
p_cbe29f684a58,s_48bfd402636b,西田 吏玖,にしだ りく,Riku Nishida,estimated-high,male,2028,栃木県
p_06d148316f85,s_48bfd402636b,辻 結名,つじ ゆいな,Yuina Tsuji,estimated-medium,female,2025,栃木県
p_769e9447beef,s_2897929bacbf,鄭 顕羽,てい けんはね,Kenhane Tei,auto-unverified,male,2029,栃木県
p_334a89c6b959,s_a2efc4e67aed,須田信乃介,すだ しんのすけ,Shinnosuke Suda,estimated-medium,male,2024,栃木県
p_0d732ba9efe7,s_48bfd402636b,額賀 智也,ぬかが ともや,Tomoya Nukaga,estimated-medium,male,2028,栃木県
p_6396fd94a35d,s_48bfd402636b,高木 暢仁,たかぎ のぶひと,Nobuhito Takagi,estimated-medium,male,2027,栃木県
p_0478d952bf4e,s_48bfd402636b,高浦 維吹,たかうら いぶき,Ibuki Takaura,estimated-medium,male,,栃木県
p_6c6ca58a3283,s_48bfd402636b,髙木 暢仁,たかぎ のぶひと,Nobuhito Takagi,estimated-medium,male,2027,栃木県
p_e4233530308e,s_48bfd402636b,髙浦 維吹,たかうら いぶき,Ibuki Takaura,estimated-medium,male,2029,栃木県
p_7cc28b1b2f03,s_a6f5bdba3f45,齋藤 愛桜,さいとう あいら,Aira Saito,estimated-low,female,2025,栃木県
p_7a6683e3f26b,s_48bfd402636b,齋藤旬一,さいとう しゅんいち,Shunichi Saito,estimated-medium,male,2027,栃木県
p_bca5e1d5d1ff,s_800e39e1904a,森下 佳音,もりした かのん,Kanon Morishita,estimated-high,female,2028,沖縄
p_34bb0e0c056a,s_8c40d40ebb12,與儀 夢,よぎ ゆめ,Yume Yogi,estimated-medium,male,2028,沖縄
p_cd0717fc4922,s_9c55f6b4b647,萩原 すいみ,はぎわら すいみ,Suimi Hagiwara,estimated-high,female,2028,沖縄
p_64f7f382606b,s_9c55f6b4b647,仲村梓,なかむら あずさ,Azusa Nakamura,estimated-high,female,2026,沖縄県
p_4808bff2576b,s_800e39e1904a,前里 奈々,まえさと なな,Nana Maesato,estimated-medium,female,2025,沖縄県
p_7ad58dce11f1,s_0733912e62c8,吉﨑 カイト,よしざき かいと,Kaito Yoshizaki,auto-unverified,male,2029,沖縄県
p_13059df98b28,s_0733912e62c8,吉﨑 マーナ,よしざき まーな,Mana Yoshizaki,estimated-high,female,2026,沖縄県
p_3e7ac3c875ac,s_800e39e1904a,名嘉 千翔,なか ちか,Chika Naka,auto-unverified,female,2028,沖縄県
p_13d1de7ca619,s_9c55f6b4b647,呉屋 萌々子,ごや ほう々こ,Ho(kurikaesi)ko Goya,auto-unverified,female,2029,沖縄県
p_4593dcfcf790,s_9c55f6b4b647,呉屋 陽星,ごや ひなせ,Hinase Goya,estimated-low,male,2027,沖縄県
p_cd843e5c1a29,s_9c55f6b4b647,呉屋 陽星,ごや ひなせ,Hinase Goya,estimated-low,mixed,2027,沖縄県
p_af993cb5acf1,s_9c55f6b4b647,塚原 大雅,つかはら たいが,Taiga Tsukahara,estimated-high,male,2026,沖縄県
p_cb2da0893c43,s_9c55f6b4b647,塚原茉里香,つかはら まりか,Marika Tsukahara,estimated-high,female,2025,沖縄県
p_a8ae78902d71,s_9c55f6b4b647,宮城 ジョセフ,みやぎ じょせふ,Josefu Miyagi,auto-unverified,male,2029,沖縄県
p_205acbef2bb6,s_9c55f6b4b647,宮浦 拓都,みやうら たくと,Takuto Miyaura,estimated-medium,male,2029,沖縄県
p_0fcd068d09e4,s_9c55f6b4b647,宮野絆央,みやの はお,Hao Miyano,estimated-low,female,2027,沖縄県
p_47d71213d728,s_9c55f6b4b647,山本 龍之介,やまもと りゅうのすけ,Ryunosuke Yamamoto,estimated-high,male,2027,沖縄県
p_0ff2a8ece794,s_9c55f6b4b647,山本 龍之介,やまもと りゅうのすけ,Ryunosuke Yamamoto,estimated-high,mixed,2027,沖縄県
p_5f2c946bbef3,s_9c55f6b4b647,廣木 直翔,ひろき なおと,Naoto Hiroki,estimated-medium,male,2029,沖縄県
p_165f2e716676,s_9c55f6b4b647,徳重 藍,とくしげ あい,Ai Tokushige,estimated-medium,female,2027,沖縄県
p_36d9971721e4,s_9c55f6b4b647,新垣 くらら,あらかき くらら,Kurara Arakaki,estimated-medium,female,2026,沖縄県
p_81167b9cc243,s_9c55f6b4b647,新垣 くらら,あらかき くらら,Kurara Arakaki,estimated-medium,mixed,,沖縄県
p_9eafbf5af593,s_9c55f6b4b647,東恩納 昊貴,ひがしおんな こうき,Koki Higashionna,estimated-medium,male,2027,沖縄県
p_9272f2eecc0e,s_9c55f6b4b647,東恩納 昊貴,ひがしおんな こうき,Koki Higashionna,estimated-medium,mixed,2027,沖縄県
p_29f6e3a7777d,,比嘉玲王,ひが れお,Reo Higa,estimated-high,male,,沖縄県
p_a9e4691c3c69,s_624727c6e1ff,浦崎涼,うらさき すず,Suzu Urasaki,estimated-low,female,2025,沖縄県
p_7641f9099b87,s_9c55f6b4b647,海老澤愛泉,えびさわ あいみ,Aimi Ebisawa,estimated-low,female,2029,沖縄県
p_a4eae45f14e6,s_9c55f6b4b647,片岡 彩実里,かたおか あみり,Amiri Kataoka,estimated-low,female,2027,沖縄県
p_5435eddf39a7,s_9c55f6b4b647,玉城 豪華,たましろ きらら,Kirara Tamashiro,estimated-low,mixed,,沖縄県
p_5e1bdea73025,s_9c55f6b4b647,玉城豪華,たましろ きらら,Kirara Tamashiro,estimated-low,female,2026,沖縄県
p_1e7a69bb3a1b,s_9c55f6b4b647,當山 由菜,とうやま ゆな,Yuna Toyama,estimated-medium,female,2026,沖縄県
p_223809c2740a,s_9c55f6b4b647,當山 由菜,とうやま ゆな,Yuna Toyama,estimated-medium,mixed,,沖縄県
p_28175b6a2eda,s_800e39e1904a,與儀 小桜,よぎ こざくら,Kozakura Yogi,estimated-medium,female,2025,沖縄県
p_08fdbab55084,s_9c55f6b4b647,荻原すいみ,おぎわら すいみ,Suimi Ogiwara,estimated-medium,female,2028,沖縄県
p_d080f24ebccf,s_9c55f6b4b647,長野 姫詩,ながの ひめの,Himeno Nagano,estimated-low,female,2028,沖縄県
p_0b31a7112f52,s_9c55f6b4b647,関華,せき はな,Hana Seki,estimated-low,female,2027,沖縄県
p_fc6fe05fbeea,s_3413bba001e6,中島 のの愛,なかじま ののあい,Nonoai Nakajima,auto-unverified,female,2027,滋賀
p_35a76917470b,s_7d68450a0120,佐々 心花,さっさ こはな,Kohana Sassa,auto-unverified,female,2029,滋賀
p_b0cd54ea3b0f,s_938965e5cc9c,小川 大鷲,おがわ おおわし,Oowashi Ogawa,auto-unverified,male,2029,滋賀
p_118a471b6a26,s_0e2122f064e6,川口 晃祐,かわぐち あきらすけ,Akirasuke Kawaguchi,auto-unverified,male,2027,滋賀
p_7740ab373f7a,s_7d68450a0120,竹田 妃菜,たけだ ひな,Hina Takeda,estimated-high,female,2029,滋賀
p_ba4a0280bef5,s_7d68450a0120,赤松 真帆,あかまつ まほ,Maho Akamatsu,estimated-high,female,2029,滋賀
p_4251b672aa34,s_4169d7b3d6e2,三浦 春舞,みうら はるま,Haruma Miura,estimated-low,female,2024,滋賀県
p_cf94e0b129e8,s_7d68450a0120,三浦 由楽,みうら ゆらく,Yuraku Miura,auto-unverified,female,,滋賀県
p_4b48f4acba21,s_7d68450a0120,中村 心,なかむら こころ,Kokoro Nakamura,estimated-high,female,2024,滋賀県
p_0cce52b6e4a1,s_7d68450a0120,井上 姫花,いのうえ ひめか,Himeka Inoe,estimated-medium,female,2026,滋賀県
p_a517f5d62d69,s_7d68450a0120,佐々 心美,さっさ ここみ,Kokomi Sassa,estimated-medium,female,2027,滋賀県
p_21e3c6d665c3,s_7d68450a0120,佐藤心裕,さとう みひろ,Mihiro Sato,estimated-low,female,2029,滋賀県
p_bf16ec3d7aac,,八木 佑弥,やぎ ゆうや,Yuya Yagi,estimated-high,male,,滋賀県
p_ab9a44201da5,s_7d68450a0120,北畠沙彩,きたばたけ さあや,Saaya Kitabatake,estimated-medium,female,2024,滋賀県
p_3dc66c7b80da,s_7d68450a0120,吉川 采香,よしかわ あやか,Ayaka Yoshikawa,estimated-medium,female,2027,滋賀県
p_c15f3bac6b20,s_7d68450a0120,天羽 さくら,あもう さくら,Sakura Amo,estimated-medium,female,2024,滋賀県
p_bbb1f5bba6b9,s_7d68450a0120,山下 萌寧,やました もね,Mone Yamashita,estimated-medium,female,2029,滋賀県
p_8c0894f620d3,s_7d68450a0120,山本紗愛,やまもと さら,Sara Yamamoto,estimated-medium,female,2024,滋賀県
p_39933cac5cf6,,川口 晃佑,かわぐち こうすけ,Kosuke Kawaguchi,estimated-medium,male,,滋賀県
p_4809dd579c13,s_7d68450a0120,徳永 歩,とくなが あゆみ,Ayumi Tokunaga,estimated-medium,female,2024,滋賀県
p_afefad5b7aae,s_7d68450a0120,德永歩,とくなが あゆみ,Ayumi Tokunaga,estimated-medium,female,2024,滋賀県
p_ef883f52eaef,s_7d68450a0120,本村 紅音,もとむら あかね,Akane Motomura,estimated-low,female,2029,滋賀県
p_1927add38583,s_7d68450a0120,松本 陽愛,まつもと ひより,Hiyori Matsumoto,estimated-medium,female,2027,滋賀県
p_56c7f269eba9,s_7d68450a0120,石田 渚,いしだ なぎさ,Nagisa Ishida,estimated-high,female,2029,滋賀県
p_3beddef0e77c,s_7d68450a0120,神鳥ひかる,かんどり ひかる,Hikaru Kandori,estimated-medium,female,2024,滋賀県
p_c7d487f28ae2,s_7d68450a0120,赤松 渚,あかまつ なぎさ,Nagisa Akamatsu,estimated-high,female,2024,滋賀県
p_141d8fea9cfe,s_7d68450a0120,赤松 美波,あかまつ みなみ,Minami Akamatsu,estimated-high,female,2027,滋賀県
p_1abe9d1f4e18,s_7d68450a0120,長岡真穂,ながおか まほ,Maho Nagaoka,estimated-high,female,2027,滋賀県
p_a298c4c4c625,s_7d68450a0120,閼伽井雫月,あかい しづく,Shizuku Akai,estimated-low,female,2027,滋賀県
p_8acc96d05973,s_7d68450a0120,黑﨑美羽,くろさき みう,Miu Kurosaki,estimated-medium,female,2026,滋賀県
p_030136bef78d,s_7d68450a0120,黒崎 美羽,くろさき みう,Miu Kurosaki,estimated-medium,female,2026,滋賀県
p_a193a13f27e9,s_7d68450a0120,黒﨑 美羽,くろさき みう,Miu Kurosaki,estimated-medium,female,2026,滋賀県
p_c2d0e2f10b18,s_217547d712e3,中川 史琉,なかがわ しりゅう,Shiryu Nakagawa,auto-unverified,male,2027,熊本
p_c1b4b51c2aa5,s_217547d712e3,吉木 壮太郎,よしき そうたろう,Sotaro Yoshiki,auto-unverified,male,2027,熊本
p_04337f409aeb,s_3bd5728507cc,小林 希紗姫,こばやし まれさひめ,Maresahime Kobayashi,auto-unverified,female,2027,熊本
p_aa3a1e3c6511,s_3bd5728507cc,村山 郁愛,むらやま いくあい,Ikuai Murayama,auto-unverified,female,2027,熊本
p_d264bec2c67a,s_3bd5728507cc,落合 虹凪,おちあい にじなぎ,Nijinagi Ochiai,auto-unverified,female,2027,熊本
p_94b14d233ec7,s_217547d712e3,上霞希歩,うえかすみ まれほ,Mareho Uekasumi,auto-unverified,female,2025,熊本県
p_d3c85a77b08f,s_3bd5728507cc,久我 健心,くが けんしん,Kenshin Kuga,estimated-medium,male,2026,熊本県
p_2ea677e4328c,,久我健心,くが けんしん,Kenshin Kuga,estimated-medium,male,,熊本県
p_af080bb3ec56,s_3bd5728507cc,冨田 大翔,とみた ひろと,Hiroto Tomita,estimated-medium,male,2024,熊本県
p_b27070b3d8a2,s_217547d712e3,出田蒼海,いでた そうかい,Sokai Ideta,auto-unverified,male,2025,熊本県
p_050e9e99e699,s_3bd5728507cc,園田 柚稀,そのだ ゆずき,Yuzuki Sonoda,estimated-medium,male,2028,熊本県
p_a0719a7ee756,s_217547d712e3,外木塲礼央,そときば れお,Reo Sotokiba,auto-unverified,male,2026,熊本県
p_d481c1bdfaa3,s_217547d712e3,大嶋隆太郎,おおしま りゅうたろう,Ryutaro Oshima,auto-unverified,male,2026,熊本県
p_c5cc26d02ec3,s_3bd5728507cc,太田 佳来,おおた からい,Karai Ota,auto-unverified,female,2027,熊本県
p_4fb0aed9c7a9,s_3bd5728507cc,山崎太喜,やまざき たいき,Taiki Yamazaki,estimated-medium,male,2027,熊本県
p_27daa1cf7301,s_217547d712e3,山崎颯介,やまざき さつすけ,Satsusuke Yamazaki,auto-unverified,male,2026,熊本県
p_069322292880,s_217547d712e3,岩下知樹,いわした ともき,Tomoki Iwashita,auto-unverified,male,2025,熊本県
p_d3bfb2131993,s_3bd5728507cc,川越 玲奈,かわごえ れいな,Reina Kawagoe,auto-unverified,female,2028,熊本県
p_313902e2969c,s_217547d712e3,幸治透弥,こうじ とうるや,Toruya Koji,auto-unverified,male,,熊本県
p_868da1edb888,s_3bd5728507cc,後藤 彩吹,ごとう あやぶき,Ayabuki Goto,auto-unverified,female,2029,熊本県
p_5483a8ca9c15,s_3bd5728507cc,才藤大桜,さいとう だいさく,Daisaku Saito,estimated-low,male,2028,熊本県
p_ba83834e8a4c,s_217547d712e3,本田 夢麗,ほんだ ゆら,Yura Honda,estimated-low,female,2026,熊本県
p_95d5dae71c45,s_217547d712e3,杉本楓夏,すぎもと ふうか,Fuka Sugimoto,auto-unverified,female,,熊本県
p_6b8d03f97758,s_3bd5728507cc,村田 可朋,むらた かほ,Kaho Murata,estimated-low,female,2024,熊本県
p_102fd6414193,s_3bd5728507cc,林亜如華,はやし あゆか,Ayuka Hayashi,estimated-low,female,2024,熊本県
p_6ec32c95989e,s_3bd5728507cc,林田 万輪,はやしだ まりん,Marin Hayashida,estimated-low,female,2027,熊本県
p_d54d3297a322,s_217547d712e3,柴木遼人,しばき りょうと,Ryoto Shibaki,auto-unverified,male,2028,熊本県
p_9d888470de81,s_3bd5728507cc,橋本 紅葉,はしもと もみじ,Momiji Hashimoto,estimated-medium,female,2028,熊本県
p_46c99a01a72f,s_3bd5728507cc,浦上 唯那,うらがみ ただな,Tadana Uragami,auto-unverified,female,2028,熊本県
p_3545e8198ec3,s_ff4f6bc5a584,渡部セリーヌ清香,わたなべ せりーぬきよか,Celine Kiyoka Watanabe,estimated-medium,female,2024,熊本県
p_24fd520f7e82,s_3bd5728507cc,田上 桜,たがみ さくら,Sakura Tagami,estimated-medium,female,2026,熊本県
p_2a23fa2328d1,s_3bd5728507cc,美麗 智志,みれい さとし,Satoshi Mirei,auto-unverified,male,2026,熊本県
p_f00c8f79ef39,s_3bd5728507cc,荒木 清太郎,あらき せいたろう,Seitaro Araki,estimated-high,male,2029,熊本県
p_e33490eaaead,,荒木 清太郎,あらき せいたろう,Seitaro Araki,estimated-high,male,,熊本県
p_9442de52a7a8,s_217547d712e3,蓑手 陽和,みのて ひより,Hiyori Minote,estimated-medium,male,2026,熊本県
p_40fd987bd6ee,,蓑手 陽和,みのて ひより,Hiyori Minote,estimated-medium,male,,熊本県
p_d933a4f82e41,s_217547d712e3,藤田美怜,ふじた びれい,Birei Fujita,auto-unverified,female,2026,熊本県
p_7fdcc08582a3,s_3bd5728507cc,西山 こころ,にしやま こころ,Kokoro Nishiyama,estimated-high,female,2026,熊本県
p_9aea09534832,,西川優臣,にしかわ まさおみ,Masaomi Nishikawa,estimated-low,male,,熊本県
p_e06767f4a0e8,s_76447f70b1d8,中越 叶夢,なかごし かなむ,Kanamu Nakagoshi,estimated-low,male,2027,石川県
p_f8b2e836d2a9,s_76447f70b1d8,佐藤 一幸,さとう かずゆき,Kazuyuki Sato,estimated-high,male,2025,石川県
p_66a8fed25be6,,光成颯,ひかる なるはや,Naruhaya Hikaru,estimated-low,male,,石川県
p_a4fcc73c9688,s_76447f70b1d8,勝見莉衣,かつみ りい,Rii Katsumi,estimated-medium,female,2025,石川県
p_b327e4b2b968,s_76447f70b1d8,堀内 斗夢,ほりうち とむ,Tomu Horiuchi,estimated-medium,male,2027,石川県
p_158930960485,s_76447f70b1d8,山中麻由奈,やまなか まゆな,Mayuna Yamanaka,estimated-high,female,2026,石川県
p_abd654018373,s_76447f70b1d8,山本琥太郎,やまもと こたろう,Kotaro Yamamoto,estimated-high,male,2028,石川県
p_7d55f2434a8e,s_76447f70b1d8,山田 翠咲,やまだ みさき,Misaki Yamada,estimated-low,female,2027,石川県
p_180972f16416,s_76447f70b1d8,木下 紗菜,きのした さな,Sana Kinoshita,estimated-high,female,2028,石川県
p_cd5ce9d9cbe3,s_76447f70b1d8,杉浦 菜美,すぎうら なみ,Nami Sugiura,estimated-high,female,2028,石川県
p_122cdc598a35,s_76447f70b1d8,杉野あかね,すぎの あかね,Akane Sugino,estimated-high,female,2029,石川県
p_34f56498e4ea,s_76447f70b1d8,永井 友大,ながい ともひろ,Tomohiro Nagai,estimated-medium,male,2026,石川県
p_3ef77c2186a6,,高木暢仁,たかぎ のぶひと,Nobuhito Takagi,estimated-medium,male,,石川県
p_4df204b52f0e,s_12d6731d0335,二瓶心結,にへい みゆ,Miyu Nihei,estimated-medium,female,2028,神奈川
p_da84de89ab38,s_b181ddaa04b1,仲山心優,なかやま みゆ,Miyu Nakayama,estimated-low,female,2027,神奈川
p_d09c379f5b10,s_b181ddaa04b1,伊丹渚紗,いたみ なぎさ,Nagisa Itami,estimated-medium,female,2028,神奈川
p_5d536cb96ee4,s_1751639b2c30,伊藤愛花,いとう あいか,Aika Ito,estimated-medium,female,2026,神奈川
p_101b1fa6bb59,s_93623e1ed02f,佐藤巡,さとう めぐる,Meguru Sato,estimated-low,male,2027,神奈川
p_b4fe31371c06,s_1751639b2c30,佐藤彰真,さとう しょうま,Shoma Sato,estimated-medium,male,2028,神奈川
p_ecef0f1336ff,s_b8e8b845c652,勝又悠護,かつまた ゆうご,Yugo Katsumata,estimated-high,male,2027,神奈川
p_a515d29533c7,s_1b7a9caba754,名取遼馬,なとり りょうま,Ryoma Natori,estimated-high,male,2027,神奈川
p_5e0121e607f9,s_a00dcd546657,坂口幸多,さかぐち こうた,Kota Sakaguchi,estimated-high,male,2026,神奈川
p_a859865d176c,s_1751639b2c30,大野佑果,おおの ゆうか,Yuka Ono,estimated-high,female,2027,神奈川
p_12769e2e3e5e,s_1b7a9caba754,奥田理央,おくだ りお,Rio Okuda,estimated-high,male,2026,神奈川
p_364514955d0f,s_12d6731d0335,山口璃乃,やまぐち りの,Rino Yamaguchi,estimated-high,female,2028,神奈川
p_a01d745e23ea,s_3d4cd80a8f2f,山崎大輝,やまざき だいき,Daiki Yamazaki,estimated-high,male,2026,神奈川
p_1a05bbb7857b,s_1b7a9caba754,島田皓,しまだ こう,Ko Shimada,estimated-medium,male,2026,神奈川
p_8c96ca489dce,s_12d6731d0335,川名美々子,かわな みみこ,Mimiko Kawana,estimated-high,female,2026,神奈川
p_ad6e22edb5a9,s_12d6731d0335,新井 瑠華,あらい るはな,Ruhana Arai,auto-unverified,female,,神奈川
p_60fe01216723,s_1b7a9caba754,杉本浩瑛,すぎもと こうえい,Koei Sugimoto,estimated-medium,male,2027,神奈川
p_0e01cfabc46a,s_bc203d36a1e9,柿澤 琢真,かきざわ たくま,Takuma Kakizawa,estimated-high,male,2024,神奈川
p_6b87ae2d55a5,s_1751639b2c30,森千晴,もり ちはる,Chiharu Mori,estimated-high,female,2027,神奈川
p_af715053c624,s_1751639b2c30,江藤理斗,えとう りと,Rito Eto,estimated-medium,male,2027,神奈川
p_5bfae31ccaf7,s_12d6731d0335,澤野志穂里,さわの しほり,Shihori Sawano,estimated-high,female,2027,神奈川
p_ccc718051c54,s_1751639b2c30,畠山みくる,はたけやま みくる,Mikuru Hatakeyama,estimated-high,female,2028,神奈川
p_004181f78557,s_b181ddaa04b1,茂木心菜,もてぎ ここな,Kokona Motegi,estimated-high,female,2026,神奈川
p_b51437039b75,s_1751639b2c30,荻窪翼,おぎくぼ つばさ,Tsubasa Ogikubo,estimated-medium,male,2027,神奈川
p_b8cef0d2ce7b,s_b8e8b845c652,藤本竜生,ふじもと りゅうせい,Ryusei Fujimoto,estimated-medium,male,2026,神奈川
p_17043739ba87,s_12d6731d0335,西村 優虎,にしむら ゆうとら,Yutora Nishimura,auto-unverified,male,,神奈川
p_9dfa2a5066e7,s_1751639b2c30,鈴木遥,すずき はるか,Haruka Suzuki,estimated-high,female,2026,神奈川
p_7c42ccfdfc64,s_3d4cd80a8f2f,関隼介,せき しゅんすけ,Shunsuke Seki,estimated-high,male,2027,神奈川
p_8ca598bb8072,s_bc203d36a1e9,高村 仁香,たかむら にか,Nika Takamura,estimated-medium,female,2027,神奈川
p_5e47a2092716,s_e9318f4365cc,齋藤紘,さいとう ひろ,Hiro Saito,estimated-low,male,2028,神奈川
p_e4a79e14c71a,s_1751639b2c30,佐藤 温真,さとう おんまこと,Onmakoto Sato,auto-unverified,male,2026,神奈川県
p_a95a05fa32bc,s_b8e8b845c652,坂倉拓未,さかくら たくみ,Takumi Sakakura,estimated-medium,male,2028,神奈川県
p_f7acf4f4efd3,s_1751639b2c30,大久保 海,おおくぼ かい,Kai Okubo,estimated-medium,male,2024,神奈川県
p_8e6599998b19,,山崎 絆太,やまざき きずなた,Kizunata Yamazaki,auto-unverified,male,,神奈川県
p_4c5ca3dda4c9,s_0626310f7b3b,松谷 孝,まつや たかし,Takashi Matsuya,estimated-medium,male,2026,神奈川県
p_af054d402281,s_1b7a9caba754,片岡 謙,かたおか けん,Ken Kataoka,estimated-high,male,2024,神奈川県
p_0f6bd30fe48f,s_0495c33e0f31,田村 琉煌,たむら りゅうき,Ryuki Tamura,estimated-low,male,2025,神奈川県
p_50e7f0a0a3bf,s_1751639b2c30,番匠 信幸,ばんしょう のぶゆき,Nobuyuki Bansho,estimated-medium,male,2026,神奈川県
p_1754eb84867c,s_b8e8b845c652,翁 浩宇,おきな こうう,Kou Okina,estimated-low,male,2028,神奈川県
p_0b07649876dc,s_8a1a77408f2d,近藤 直杜,こんどう なおと,Naoto Kondo,estimated-medium,male,2024,神奈川県
p_db2c5c0dc7da,s_41a2b3c59cc7,七澤 謙太,ななさわ けんた,Kenta Nanasawa,estimated-medium,male,2029,福井県
p_13a5459aff60,s_41a2b3c59cc7,三浦 悠雅,みうら ゆうか,Yuka Miura,estimated-low,female,2024,福井県
p_1530754fdb14,s_41a2b3c59cc7,三輪 紅音,みわ あかね,Akane Miwa,estimated-low,female,2024,福井県
p_2bd0a4002ba2,s_41a2b3c59cc7,丹羽 諒,たんば りょう,Ryo Tanba,auto-unverified,male,2029,福井県
p_65d8c5f019bb,s_41a2b3c59cc7,信藤 希,しんどう のぞみ,Nozomi Shindo,estimated-medium,female,2027,福井県
p_7d7f109ca600,s_41a2b3c59cc7,光成 颯,みつなり はやて,Hayate Mitsunari,estimated-medium,male,2027,福井県
p_f6d26f7bba1a,s_41a2b3c59cc7,八田凱斗,はった がいと,Gaito Hatta,estimated-high,male,2027,福井県
p_2818853ba019,s_41a2b3c59cc7,加野 大葵,かの だいき,Daiki Kano,estimated-low,male,2025,福井県
p_318669551087,s_41a2b3c59cc7,千葉 凛,ちば りん,Rin Chiba,estimated-high,female,2029,福井県
p_267fd1fabd0b,s_41a2b3c59cc7,吉田 遼雅,よしだ りょうまさ,Ryomasa Yoshida,auto-unverified,male,2028,福井県
p_3df3f93c0e6f,s_41a2b3c59cc7,和田凱斗,わだ がいと,Gaito Wada,estimated-high,male,2028,福井県
p_0b0ebc1a397a,s_41a2b3c59cc7,土屋 姫心,つちや ひめこころ,Himekokoro Tsuchiya,auto-unverified,female,2027,福井県
p_3a06e4e574b4,s_41a2b3c59cc7,奥村 憲剛,おくむら けんご,Kengo Okumura,estimated-medium,male,2026,福井県
p_c6ef86fea92d,s_41a2b3c59cc7,宇苗 蒼空,うなえ そら,Sora Unae,estimated-low,male,2028,福井県
p_ea536fb1a3fa,s_41a2b3c59cc7,小島 駿斗,こじま はやと,Hayato Kojima,estimated-medium,male,2028,福井県
p_df63b87c60a5,s_41a2b3c59cc7,山田龍輝,やまだ りゅうき,Ryuki Yamada,estimated-high,male,2025,福井県
p_64940be2493b,s_41a2b3c59cc7,山﨑愛結,やまざき あゆ,Ayu Yamazaki,estimated-medium,female,2025,福井県
p_6917f0a5d54c,s_41a2b3c59cc7,岡田健太郎,おかだ けんたろう,Kentaro Okada,estimated-high,male,2028,福井県
p_f539a44fd6df,s_41a2b3c59cc7,木村小梅,きむら こうめ,Kome Kimura,estimated-medium,female,2028,福井県
p_cd83a56a571e,s_41a2b3c59cc7,松山 怜生,まつやま れい,Rei Matsuyama,estimated-low,male,2024,福井県
p_6f36d9679ef9,s_41a2b3c59cc7,松山 茉生,まつやま まお,Mao Matsuyama,estimated-medium,male,2027,福井県
p_ec9d719f3671,s_41a2b3c59cc7,松山 茉生,まつやま まお,Mao Matsuyama,estimated-medium,mixed,2027,福井県
p_bee209bb4eef,s_41a2b3c59cc7,松岡 杏樹,まつおか あんじゅ,Anju Matsuoka,estimated-medium,female,2025,福井県
p_c45bb4b09831,s_41a2b3c59cc7,柳谷ひよ,やなぎや ひよ,Hiyo Yanagiya,estimated-medium,female,2027,福井県
p_53a95ee28b2a,s_41a2b3c59cc7,栁川 藤次郎,やながわ とうじろう,Tojiro Yanagawa,estimated-high,male,2027,福井県
p_5d198e573593,s_41a2b3c59cc7,横内 優奈,よこうち ゆうな,Yuna Yokochi,auto-unverified,female,2028,福井県
p_95a951ddf1e0,s_41a2b3c59cc7,橋場 心那,はしば こころな,Kokorona Hashiba,auto-unverified,female,2029,福井県
p_f6c1e4b83083,s_41a2b3c59cc7,永田 智之,ながた ともゆき,Tomoyuki Nagata,estimated-medium,male,2024,福井県
p_a1345285f626,s_41a2b3c59cc7,江坂実桜,えさか みお,Mio Esaka,estimated-medium,female,2027,福井県
p_83a6676c893d,s_41a2b3c59cc7,河北 拓真,かほく たくま,Takuma Kahoku,auto-unverified,male,2028,福井県
p_a366386d5e62,s_41a2b3c59cc7,清本 貴秀,きよもと たかひで,Takahide Kiyomoto,estimated-medium,male,2027,福井県
p_b99d7019ee38,s_41a2b3c59cc7,清本 貴秀,きよもと たかひで,Takahide Kiyomoto,estimated-medium,mixed,2027,福井県
p_f17a426590bb,s_41a2b3c59cc7,畑凪咲,はた なぎさ,Nagisa Hata,estimated-high,female,2028,福井県
p_713dd75a963a,s_41a2b3c59cc7,竹内ゆい,たけうち ゆい,Yui Takeuchi,estimated-high,female,2025,福井県
p_b7793ce7745b,s_41a2b3c59cc7,藤井 響,ふじい ひびき,Hibiki Fujii,estimated-medium,male,2026,福井県
p_39bc8696aaee,,藤井 響,ふじい ひびき,Hibiki Fujii,estimated-medium,male,,福井県
p_cf2636092e0c,s_41a2b3c59cc7,金城 慶二,きんじょう よしに,Yoshini Kinjo,auto-unverified,male,2026,福井県
p_c401da16c93b,s_41a2b3c59cc7,金岡 璃古,かねおか りこ,Riko Kaneoka,estimated-medium,female,2029,福井県
p_befdd8b59aee,s_41a2b3c59cc7,鈴木 友渚,すずき ともなぎさ,Tomonagisa Suzuki,auto-unverified,female,2028,福井県
p_4a479d5a3060,s_41a2b3c59cc7,髙岸 花織,たかぎし かおり,Kaori Takagishi,auto-unverified,female,2026,福井県
p_9f38b25d7d79,s_41a2b3c59cc7,髙木 楓夏,たかぎ ふうか,Fuka Takagi,auto-unverified,female,2028,福井県
p_27579d8a3298,s_fc0f0d5307be,中村 愛琉,なかむら あいりゅう,Airyu Nakamura,auto-unverified,female,2028,福岡
p_80d267796ea7,,中畑 愛子,なかはた あいこ,Aiko Nakahata,auto-unverified,female,,福岡
p_d190dee91949,,久間 奏音,ひさま そうおと,Sooto Hisama,auto-unverified,female,,福岡
p_69cc4b0a6ec4,s_b7ec200d395d,仲村 力彪,なかむら ちからひょう,Chikarahyo Nakamura,auto-unverified,male,2028,福岡
p_81d91b8c6922,,原 彩心,はら あみ,Ami Hara,estimated-low,female,,福岡
p_ab1556dc4780,s_fc0f0d5307be,吉住 百華,よしずみ ももか,Momoka Yoshizumi,auto-unverified,female,2028,福岡
p_9762e941e5d2,s_b8c76eaf3b20,吹上 勇志,ふきあげ ゆうし,Yushi Fukiage,auto-unverified,male,2028,福岡
p_0f5962048bb5,s_b6e12dbd9382,呉 越謙,くれ えつけん,Etsuken Kure,auto-unverified,male,2027,福岡
p_22dd8d20401e,,土肥 康太郎,とい こうたろう,Kotaro Toi,auto-unverified,male,,福岡
p_92c7a4215ad9,,大町 晋太郎,おおまち しんたろう,Shintaro Omachi,estimated-high,male,,福岡
p_1ee01c3eaed4,,大賀 愛娘,おおが あこ,Ako Oga,estimated-low,female,,福岡
p_ef91070ef45b,,太郎良 心,たろうりょう こころ,Kokoro Taroryo,auto-unverified,female,,福岡
p_50c83c82fd0f,s_b8c76eaf3b20,宮田 硫斗,みやた りゅうと,Ryuto Miyata,auto-unverified,male,2027,福岡
p_a6a8e101b92f,,寺田 慶史,てらだ よしし,Yoshishi Terada,auto-unverified,male,,福岡
p_c39d9884d5ef,,山本 大勢,やまもと たいせい,Taisei Yamamoto,estimated-medium,male,,福岡
p_8fb98bc58f53,,山本 武蔵,やまもと むさし,Musashi Yamamoto,estimated-high,male,,福岡
p_748ec01406a5,,山田 菜摘,やまだ なつみ,Natsumi Yamada,auto-unverified,female,,福岡
p_a3b98041b29a,s_b7ec200d395d,岩井田 莉愛奈,いわいた りあな,Riana Iwaita,auto-unverified,female,2027,福岡
p_dd22bb2509a6,,岩本 丞弘,いわもと すけひろ,Sukehiro Iwamoto,estimated-low,male,,福岡
p_aec9ed1afe8f,,平井 愛華,ひらい あいか,Aika Hirai,auto-unverified,female,,福岡
p_c587106e08f3,,新谷 華,しんたに はな,Hana Shintani,estimated-low,female,,福岡
p_a02b7fb60067,s_b8c76eaf3b20,有永 執真,ありなが しつまこと,Shitsumakoto Arinaga,auto-unverified,male,2028,福岡
p_40a6787eda96,s_fb75790c8cd7,杉山 あすか,すぎやま あすか,Asuka Sugiyama,auto-unverified,female,2027,福岡
p_83b9c5f8cbaf,,松岡 廉太郎,まつおか れんたろう,Rentaro Matsuoka,auto-unverified,male,,福岡
p_838048a454d6,,松本 愛未,まつもと まなみ,Manami Matsumoto,estimated-medium,female,,福岡
p_16d09cda5fac,,森山 潤一,もりやま じゅんいち,Jun'ichi Moriyama,auto-unverified,male,,福岡
p_e52e172ce3b1,s_b8c76eaf3b20,橋本 奈音,はしもと なおと,Naoto Hashimoto,auto-unverified,female,2028,福岡
p_ca26fa4a99fb,s_57c0db2221b3,洪 徳,こう とく,Toku Ko,auto-unverified,female,2027,福岡
p_c30d3e0004a5,s_57c0db2221b3,洪 德,こう,Ko,auto-unverified,female,2027,福岡
p_7b07fe1ade5f,,渡辺 櫂人,わたなべ かいと,Kaito Watanabe,estimated-high,male,,福岡
p_280a4e4dc003,s_0ec642ed4585,為田 大空,ためだ おおぞら,Oozora Tameda,auto-unverified,male,2027,福岡
p_84749aa9803a,,熊谷 槙斗,くまがや まきと,Makito Kumagaya,auto-unverified,male,,福岡
p_f69bf7e75588,,白垣 美空,しらかき みそら,Misora Shirakaki,estimated-medium,female,,福岡
p_a545dec0f8b5,,秋吉 龍翔,あきよし りゅうしょう,Ryusho Akiyoshi,auto-unverified,male,,福岡
p_53f262f93e03,,立石 光輝,たていし こうき,Koki Tateishi,auto-unverified,male,,福岡
p_b4d1179bbcab,s_e08bb1163342,藤木 蓮音,ふじき はすおと,Hasuoto Fujiki,auto-unverified,male,2028,福岡
p_2cedaa52cec0,,谷口 凛音,たにぐち りんね,Rinne Taniguchi,auto-unverified,female,,福岡
p_83106ac543a9,s_b8c76eaf3b20,谷口 凜音,たにぐち りんね,Rinne Taniguchi,auto-unverified,female,2028,福岡
p_c45f49a62b05,s_b8c76eaf3b20,重谷 花乃,じゅうたに はなの,Hanano Jutani,auto-unverified,female,2027,福岡
p_dfbcac371e99,s_b8c76eaf3b20,金井 更紗,かない さらさ,Sarasa Kanai,auto-unverified,female,2027,福岡
p_0a8a3e58664a,s_b8c76eaf3b20,鎌田 理古,かまだ りこ,Riko Kamada,auto-unverified,female,2028,福岡
p_daa54aabca48,,関野 来希,せきの らいき,Raiki Sekino,estimated-medium,male,,福岡
p_f2c01c65d827,,須崎 日愛,すざき ひより,Hiyori Suzaki,estimated-low,female,,福岡
p_c014f613b819,,高倉 瑠伊,たかくら るい,Rui Takakura,estimated-medium,male,,福岡
p_a4d43f724ff9,s_b8c76eaf3b20,三明 優太,みあけ ゆうた,Yuta Miake,estimated-low,male,2028,福岡県
p_a6cd244068ba,s_b8c76eaf3b20,三明 蓮,みあけ れん,Ren Miake,estimated-low,male,2026,福岡県
p_7ffdfb98d52f,s_b8c76eaf3b20,三明桜子,みつ みおこ,Mioko Mitsu,estimated-low,female,2024,福岡県
p_76a0a80098d3,s_e08bb1163342,下山 志龍,しもやま しりゅう,Shiryu Shimoyama,estimated-medium,male,2028,福岡県
p_6184a5443b2f,s_01f9287c00d4,中間 理桜,なかま りお,Rio Nakama,estimated-medium,female,2026,福岡県
p_676ea2696d5a,s_b7ec200d395d,丸尾 海七,まるお みな,Mina Maruo,estimated-low,female,2027,福岡県
p_d366ed920ed1,s_b8c76eaf3b20,井ノ下愛華,いのした あいか,Aika Inoshita,estimated-medium,female,2025,福岡県
p_7cc02db63e16,s_b8c76eaf3b20,井上來虹,いのうえ らにじ,Raniji Inoe,estimated-low,female,2027,福岡県
p_dd46a863ce9b,s_b8c76eaf3b20,佐野 祐空,さの ゆあ,Yua Sano,estimated-low,male,2029,福岡県
p_016805a5a5c5,s_b8c76eaf3b20,出利葉 翔太郎,でりば しょうたろう,Shotaro Deriba,estimated-low,male,2024,福岡県
p_c96e73911c78,s_b8c76eaf3b20,加藤 蓮,かとう れん,Ren Kato,estimated-high,male,2028,福岡県
p_7333cd1bf20a,s_e08bb1163342,原 彩心,はら あみ,Ami Hara,estimated-low,female,2028,福岡県
p_82179e382631,s_e08bb1163342,古賀 凛子,こが りんこ,Rinko Koga,estimated-high,female,2029,福岡県
p_8a8f7ee0beef,s_e08bb1163342,古賀 凜子,こが りんこ,Rinko Koga,auto-unverified,female,2029,福岡県
p_e6a6ce927ecc,s_e08bb1163342,古賀遼平,こが りょうへい,Ryohei Koga,estimated-high,male,2026,福岡県
p_ee6c81710171,s_b8c76eaf3b20,叶 結衣,かのう ゆい,Yui Kano,estimated-medium,female,2026,福岡県
p_9aa54481c1ac,s_0ec642ed4585,吉永 匡一郎,よしなが きょういちろう,Kyoichiro Yoshinaga,estimated-high,male,2026,福岡県
p_d1001131052e,s_b8c76eaf3b20,吉田夢瑠,よしだ ゆめる,Yumeru Yoshida,estimated-medium,female,2026,福岡県
p_b77993655184,s_b8c76eaf3b20,大地 悠遥,おおち ゆうと,Yuto Ochi,estimated-low,male,2025,福岡県
p_f4f16c957650,s_b8c76eaf3b20,大地 陸遥,おおち りくと,Rikuto Ochi,estimated-low,male,2026,福岡県
p_897017c904ac,s_b8c76eaf3b20,大町晋太郎,おおまち しんたろう,Shintaro Omachi,estimated-high,male,2028,福岡県
p_5c49b06ffb63,s_0ec642ed4585,大賀愛娘,おおが あこ,Ako Oga,estimated-low,female,2028,福岡県
p_9cfec99840b0,s_b8c76eaf3b20,宗岡琴音,むねおか ことね,Kotone Muneoka,estimated-medium,female,2029,福岡県
p_d2b481686e4a,s_b8c76eaf3b20,宮原 大舞,みやはら だいまい,Daimai Miyahara,auto-unverified,female,2029,福岡県
p_06e43dc8d586,s_b7ec200d395d,宮城柚,みやぎ ゆず,Yuzu Miyagi,estimated-medium,female,2026,福岡県
p_4210c294906b,s_b8c76eaf3b20,宮田 琉斗,みやた りゅうと,Ryuto Miyata,estimated-high,male,2027,福岡県
p_cc2bd5a026d5,s_b7ec200d395d,寺本 朱利,てらもと しゅり,Shuri Teramoto,estimated-medium,female,2028,福岡県
p_298cb0383697,s_b8c76eaf3b20,小嶋 真莉菜,こじま まりな,Marina Kojima,estimated-high,female,2025,福岡県
p_9e4df7b0b064,s_b7ec200d395d,小湊 鈴蘭,こみなと すずらん,Suzuran Kominato,estimated-medium,female,2026,福岡県
p_a3055a83363a,s_b8c76eaf3b20,小野 翼,おの つばさ,Tsubasa Ono,estimated-high,male,2025,福岡県
p_c92c9eab61b8,s_b7ec200d395d,尻枝 萌華,しりえだ もえか,Moeka Shirieda,estimated-medium,female,2026,福岡県
p_ccc34608528b,s_b7ec200d395d,山崎太喜,やまざき たいき,Taiki Yamazaki,estimated-medium,male,2027,福岡県
p_8f0f1b22a633,s_b8c76eaf3b20,山川 雄太郎,やまかわ ゆうたろう,Yutaro Yamakawa,estimated-medium,male,2024,福岡県
p_b46d0d7494f3,s_e08bb1163342,山本大勢,やまもと たいせい,Taisei Yamamoto,estimated-medium,male,2026,福岡県
p_32550ee052ee,s_b8c76eaf3b20,山本武蔵,やまもと むさし,Musashi Yamamoto,estimated-high,male,2027,福岡県
p_6488c0ce96f2,s_e08bb1163342,山﨑 義也,やまざき よしや,Yoshiya Yamazaki,estimated-medium,male,2027,福岡県
p_14ae9ea1044a,s_b8c76eaf3b20,岩本丞弘,いわもと すけひろ,Sukehiro Iwamoto,estimated-low,male,2028,福岡県
p_2eb052792962,s_b8c76eaf3b20,川口心路,かわぐち こころ,Kokoro Kawaguchi,estimated-low,female,2024,福岡県
p_8f30fa86e336,s_b8c76eaf3b20,左 奈々,ひだり なな,Nana Hidari,estimated-medium,female,2025,福岡県
p_428fd9fe5c1e,s_e08bb1163342,廣吉 優梨菜,ひろよし ゆりな,Yurina Hiroyoshi,estimated-medium,female,2028,福岡県
p_087c2d86b6b8,s_b7ec200d395d,新垣 快加,あらかき かいか,Kaika Arakaki,estimated-low,female,2026,福岡県
p_77ad52ee8232,s_e08bb1163342,春山 愛,はるやま あい,Ai Haruyama,estimated-medium,female,2024,福岡県
p_b39493b10fa7,s_b8c76eaf3b20,會津 誠之輔,あいづ せいのすけ,Seinosuke Aizu,estimated-medium,male,2025,福岡県
p_835f4fb00d88,s_1c6c89c05f6a,木村智哉,きむら ともや,Tomoya Kimura,estimated-high,male,2025,福岡県
p_bce25459acb1,s_b8c76eaf3b20,松本 愛未,まつもと まなみ,Manami Matsumoto,estimated-medium,female,2026,福岡県
p_abf9eccc71ad,,林田 聖也,はやしだ せいや,Seiya Hayashida,auto-unverified,male,,福岡県
p_0a597a9a40e1,s_b8c76eaf3b20,横尾みのり,よこお みのり,Minori Yoko,estimated-high,female,2025,福岡県
p_9bd9407db91b,s_e08bb1163342,橋本 ゆう,はしもと ゆう,Yu Hashimoto,estimated-high,female,2028,福岡県
p_73bae3ecae08,s_b7ec200d395d,橋本紅葉,はしもと もみじ,Momiji Hashimoto,estimated-medium,female,2028,福岡県
p_353678be2515,s_b7ec200d395d,永山藍生,ながやま あおい,Aoi Nagayama,estimated-medium,female,2028,福岡県
p_95b6254c9597,s_b8c76eaf3b20,池田勝汰,いけだ しょうた,Shota Ikeda,estimated-medium,male,2025,福岡県
p_eb111f3fafa0,s_b7ec200d395d,海老沢 源太朗,えびさわ げんたろう,Gentaro Ebisawa,estimated-medium,male,2026,福岡県
p_30ec82d9d7e5,s_0ec642ed4585,渋井 将嗣,しぶい しょうつぐ,Shotsugu Shibui,auto-unverified,male,2029,福岡県
p_337cdfc47cf7,s_b5f4468268e4,渡辺櫂人,わたなべ かいと,Kaito Watanabe,estimated-high,male,2026,福岡県
p_07f570bb758b,s_b8c76eaf3b20,渡邉 希風,わたなべ まれかぜ,Marekaze Watanabe,auto-unverified,female,2029,福岡県
p_2e3fbdd85951,s_b8c76eaf3b20,湯浅 優大,ゆあさ ゆうだい,Yudai Yuasa,estimated-high,male,2027,福岡県
p_a1c8c9ce2d32,s_b8c76eaf3b20,濱渦 一輝,はまうず かずき,Kazuki Hamauzu,auto-unverified,male,2028,福岡県
p_0e925bc3be32,s_b7ec200d395d,猪野花美優,いの かみゆ,Kamiyu Ino,estimated-low,female,2028,福岡県
p_e1b81a3917c2,s_b8c76eaf3b20,生杉 奏馬,なますぎ そううま,Souma Namasugi,auto-unverified,male,2027,福岡県
p_75e3cb3aaf82,s_b7ec200d395d,畠田 瑠,はただ る,Ru Hatada,estimated-low,female,2026,福岡県
p_4ba25d10b8de,s_e08bb1163342,白垣美空,しらかき みそら,Misora Shirakaki,estimated-medium,female,2027,福岡県
p_30a8b7fe1f46,s_b7ec200d395d,矢谷 彩華,やたに あやか,Ayaka Yatani,auto-unverified,female,2029,福岡県
p_0d2e69b6e4d6,s_b7ec200d395d,神田 陽色,かんだ ひいろ,Hiiro Kanda,estimated-medium,female,2028,福岡県
p_31815f87eba2,s_b7ec200d395d,福崎凛々,ふくざき りり,Riri Fukuzaki,estimated-medium,female,2028,福岡県
p_169c4b6ea4fb,s_b8c76eaf3b20,稲田 堅心,いなだ けんしん,Kenshin Inada,estimated-low,male,2028,福岡県
p_bf4535296eef,s_b7ec200d395d,立石惺愛,たていし せいあ,Seia Tateishi,estimated-low,female,2029,福岡県
p_a7d67c8a7005,s_b8c76eaf3b20,花田 幸之助,はなだ こうのすけ,Konosuke Hanada,estimated-high,male,2028,福岡県
p_0580b70d849f,s_b8c76eaf3b20,華卓逸,はな たくいつ,Takuitsu Hana,estimated-low,female,2027,福岡県
p_a2c1bd3739c6,s_b5f4468268e4,藤井 謙太郎,ふじい けんたろう,Kentaro Fujii,auto-unverified,male,2027,福岡県
p_707d00ea36ea,s_b8c76eaf3b20,藤本 愛菜,ふじもと まな,Mana Fujimoto,estimated-medium,female,2025,福岡県
p_cdd99505b93b,s_e08bb1163342,西嶋 元風,にしじま もとかぜ,Motokaze Nishijima,estimated-low,male,2026,福岡県
p_d369c9c229dd,s_b7ec200d395d,豊田 ヒカル,とよだ ひかる,Hikaru Toyoda,estimated-medium,female,2026,福岡県
p_6ce7f206e116,s_b8c76eaf3b20,金堂 麗李,こんどう れいり,Reiri Kondo,estimated-low,female,2025,福岡県
p_71f215dc0adb,s_e08bb1163342,関野 晃希,せきの こうき,Koki Sekino,estimated-high,male,2024,福岡県
p_dc3eb12e2e16,s_e08bb1163342,関野 来希,せきの らいき,Raiki Sekino,estimated-medium,male,2028,福岡県
p_f3abce8b45b4,s_e08bb1163342,関野雄希,せきの ゆうき,Yuki Sekino,estimated-high,male,2025,福岡県
p_5be9e594065d,s_b7ec200d395d,青山 礼華,あおやま れいはな,Reihana Aoyama,auto-unverified,female,2029,福岡県
p_98ac394e6d60,s_b8c76eaf3b20,須崎日愛,すざき ひより,Hiyori Suzaki,estimated-low,female,2028,福岡県
p_a4180ea33a1c,s_b8c76eaf3b20,須﨑 日愛,すす ひより,Hiyori Susu,auto-unverified,female,2028,福岡県
p_67eedb8559d1,s_ac2de1cbafab,飯泉瑠偉,いいずみ るい,Rui Iizumi,estimated-medium,female,2025,福岡県
p_edce42b584d1,s_e08bb1163342,高倉 瑠伊,たかくら るい,Rui Takakura,estimated-medium,male,2029,福岡県
p_8e5322e4ef66,s_7165f431f384,中田 隼人,なかた はやと,Hayato Nakata,estimated-medium,male,2029,福島県
p_70229cb6df96,s_61cdc382b4a1,佐野夏奈,さの かな,Kana Sano,estimated-medium,female,2024,福島県
p_4962dc629520,s_7165f431f384,佐野美奈,さの みな,Mina Sano,estimated-high,female,2025,福島県
p_ae11cf09a54e,s_7165f431f384,塩田 大喜,しおだ だいき,Daiki Shioda,estimated-medium,male,2028,福島県
p_9d34f3586442,s_7165f431f384,太田 美羽,おおた みう,Miu Ota,estimated-medium,female,2026,福島県
p_fd47eb80ee02,s_7165f431f384,小山田泰雅,おやまだ たいが,Taiga Oyamada,estimated-medium,male,2024,福島県
p_40e53e52f239,s_7165f431f384,小林 航大,こばやし こうだい,Kodai Kobayashi,estimated-high,male,2025,福島県
p_132727410974,s_79448bbad0ae,小針遥花,こばり はるか,Haruka Kobari,estimated-medium,female,2024,福島県
p_3bd47b0382ce,s_7165f431f384,岸波 雄煌,きしなみ おすこう,Osuko Kishinami,auto-unverified,male,2029,福島県
p_cd2a5d4dfde2,s_7165f431f384,島川 優真,しまかわ ゆうま,Yuma Shimakawa,estimated-medium,male,2024,福島県
p_bd817c3063bb,s_7165f431f384,川島来鋭,かわしま らいと,Raito Kawashima,estimated-low,male,2027,福島県
p_71327b43f83c,s_7165f431f384,斉藤和瑛,さいとう かずあき,Kazuaki Saito,estimated-low,male,2026,福島県
p_502dd4674c79,s_7165f431f384,會田 煌己,あいだ こうおのれ,Koonore Aida,auto-unverified,male,2026,福島県
p_30391a4439a3,s_ccfa67ff6e2e,板垣 結叶,いたがき ゆいか,Yuika Itagaki,estimated-medium,female,2025,福島県
p_803b0420f015,s_7165f431f384,植村 夏帆,うえむら かほ,Kaho Uemura,auto-unverified,female,2027,福島県
p_4d2363fcf68f,s_7165f431f384,横田 彪五,よこた ひょうご,Hyogo Yokota,estimated-high,male,2028,福島県
p_ddbc2bf93a1c,s_7165f431f384,武内 擢真,たけうち たくま,Takuma Takeuchi,estimated-low,male,2026,福島県
p_58a36aa54ac7,s_7165f431f384,水野 恵介,みずの けいすけ,Keisuke Mizuno,auto-unverified,male,2026,福島県
p_b8cd4bdb8b4d,,江上 蒼,えがみ あお,Ao Egami,auto-unverified,male,,福島県
p_7099e3d36437,s_7165f431f384,田﨑 芙橙,たた ふだいだい,Fudaidai Tata,auto-unverified,male,2029,福島県
p_8b8ac487034d,s_7165f431f384,石井 絢,いしい あや,Aya Ishii,estimated-medium,male,2027,福島県
p_24864d33d930,s_7165f431f384,藤田 虹空,ふじた にじそら,Nijisora Fujita,auto-unverified,male,2026,福島県
p_f290c8bc5588,s_6dcaa623c584,西山 大翔,にしやま ひろと,Hiroto Nishiyama,estimated-medium,male,2026,福島県
p_97291dbf098f,s_7165f431f384,野地 陽向,のじ ひなた,Hinata Noji,estimated-medium,male,2024,福島県
p_a3c9700d5b39,s_7165f431f384,須藤 仁,すどう じん,Jin Sudo,estimated-medium,male,2029,福島県
p_96bd2bc4459f,s_7165f431f384,首藤 姫奈,しゅとう ひな,Hina Shuto,auto-unverified,female,2028,福島県
p_50fbec37c5ed,s_7165f431f384,齋藤 和瑛,さいとう かずあき,Kazuaki Saito,estimated-low,male,2026,福島県
p_aa0bebf75611,s_797707024749,安藤 優仁,あんどう ゆうじん,Yujin Ando,auto-unverified,male,,秋田
p_3b8c2f8315e3,s_797707024749,齊藤 柚稀,さいとう ゆずき,Yuzuki Saito,auto-unverified,female,2027,秋田
p_9f70cdf24df8,,畠山 凌輔,はたけやま りょうすけ,Ryosuke Hatakeyama,auto-unverified,male,,秋田県
p_99be3913b447,,藤田 慶吾,ふじた よしわれ,Yoshiware Fujita,auto-unverified,male,,秋田県
p_03685dab3b47,s_92f420d093ef,鈴木柊里,すずき しゅり,Shuri Suzuki,estimated-low,female,2026,群馬
p_d6dddbcf7c53,s_0fc3c47c24fc,二宮佳音,にのみや かのん,Kanon Ninomiya,estimated-high,female,2025,群馬県
p_f183befd8306,s_87891602c328,井田 悠愛,いだ ゆうあい,Yuai Ida,auto-unverified,female,2028,群馬県
p_6e9527575e7b,s_87891602c328,井草 星那,いぐさ せな,Sena Igusa,estimated-high,male,2025,群馬県
p_22710dc98cb4,s_87891602c328,井草 璃音,いぐさ りおん,Rion Igusa,estimated-medium,female,2028,群馬県
p_06a632c41b66,s_8e792169d4ee,内田空汰,うちだ そうた,Sota Uchida,estimated-medium,male,2027,群馬県
p_e8c768239df5,s_87891602c328,加藤 延,かとう のぶ,Nobu Kato,estimated-low,male,2027,群馬県
p_021345d6f846,s_87891602c328,原 蓮太朗,はら れんたろう,Rentaro Hara,estimated-high,male,2026,群馬県
p_0d278d0ccd4a,s_0fc3c47c24fc,大和 江菜,やまと こうな,Kona Yamato,auto-unverified,female,2027,群馬県
p_fad715bcff72,s_87891602c328,大竹 冬真,おおたけ とうま,Toma Otake,estimated-medium,male,2027,群馬県
p_60b89a0cfd46,s_87891602c328,奈良 玲美,なら れいみ,Reimi Nara,auto-unverified,female,2029,群馬県
p_08a5ba3b1607,s_87891602c328,小野田寧々,おのだ ねね,Nene Onoda,estimated-high,female,2024,群馬県
p_a7a635ce7930,s_8e792169d4ee,島田 楽生人,しまだ らいと,Raito Shimada,estimated-low,male,2028,群馬県
p_785fe259b7b8,s_87891602c328,松本宗司郎,まつもと そうしろう,Soshiro Matsumoto,estimated-high,male,2027,群馬県
p_bbde19787e7f,s_87891602c328,松本花仔乃,まつもと かしの,Kashino Matsumoto,estimated-low,female,2025,群馬県
p_37bbdf0b9668,s_8e792169d4ee,柴崎 心杏,しばさき こころあんず,Kokoroanzu Shibasaki,auto-unverified,female,2029,群馬県
p_adcfe0f643b3,s_87891602c328,横田 こころ,よこた こころ,Kokoro Yokota,estimated-high,female,2028,群馬県
p_09f9c0770a48,s_87891602c328,横田ここる,よこた ここる,Kokoru Yokota,estimated-high,female,2028,群馬県
p_94f9a51e18e9,s_8e792169d4ee,石川遼,いしかわ りょう,Ryo Ishikawa,estimated-high,male,2027,群馬県
p_b953061d2a9d,s_62ca2ec8c7fb,端無くるみ,はなし くるみ,Kurumi Hanashi,estimated-low,female,2028,群馬県
p_666b027714a7,s_87891602c328,篠崎 夢叶,しのざき ゆめか,Yumeka Shinozaki,auto-unverified,female,,群馬県
p_7775a9bc70d0,s_87891602c328,篠﨑 夢叶,しのしの ゆめか,Yumeka Shinoshino,auto-unverified,female,2029,群馬県
p_7742429a92c7,s_8e792169d4ee,臼田 藍,うすだ あい,Ai Usuda,estimated-high,female,2027,群馬県
p_2ecac73c3cb8,s_8e792169d4ee,谷 寧々,たに ねね,Nene Tani,estimated-high,female,2025,群馬県
p_27a0a02972bb,s_87891602c328,豊嶋 柾晴,とよしま まさはる,Masaharu Toyoshima,estimated-medium,male,2027,群馬県
p_f346048c92b7,s_87891602c328,赤尾 風音,あかお かざね,Kazane Akao,estimated-medium,male,2026,群馬県
p_51c21a049ff5,s_87891602c328,金子 綺良,かねこ きら,Kira Kaneko,estimated-medium,female,2028,群馬県
p_c0e8269d9598,s_87891602c328,須永 さくら,すなが さくら,Sakura Sunaga,estimated-high,female,2027,群馬県
p_c5fb4b19fc40,s_87891602c328,須藤大雅,すどう たいが,Taiga Sudo,estimated-high,male,2028,群馬県
p_7ff660b77701,s_8e792169d4ee,飯塚龍之介,いいづか りゅうのすけ,Ryunosuke Iizuka,estimated-high,male,2027,群馬県
p_3299ebd59b26,s_8e792169d4ee,高井 海翔,たかい かいと,Kaito Takai,estimated-high,male,2028,群馬県
p_2ef9acd1890d,s_87891602c328,齋藤 晟名,さいとう せいめい,Seimei Saito,auto-unverified,male,2029,群馬県
p_f1877ef13f1b,s_dac6ae063b27,中井萌音,なかい もね,Mone Nakai,estimated-medium,female,2026,茨城
p_341d577ab6d1,s_a5ec368cd0d7,中田大賀,なかた おおが,Oga Nakata,estimated-medium,male,2027,茨城
p_71ae22324d4b,s_85f3c9ca8b96,佐々木悠乃,ささき ゆの,Yuno Sasaki,estimated-medium,female,2026,茨城
p_ed82dd9b2ee0,s_a8c7bd530cf1,内海理央,うつみ りお,Rio Utsumi,estimated-high,female,2028,茨城
p_877029469411,s_a5ec368cd0d7,小林康成,こばやし やすなり,Yasunari Kobayashi,estimated-high,male,2027,茨城
p_e6c8e07ce403,s_a5ec368cd0d7,岡崎僚,おかざき りょう,Ryo Okazaki,estimated-high,male,2027,茨城
p_c6a322e6ba7a,s_cdfede7e7633,岡崎心星,おかざき みせ,Mise Okazaki,estimated-low,female,2026,茨城
p_f7a26d404a3f,s_dac6ae063b27,後藤瑠奈,ごとう るな,Runa Goto,estimated-high,female,2028,茨城
p_c406937d5689,s_dac6ae063b27,木村楓子,きむら ふうこ,Fuko Kimura,estimated-medium,female,2027,茨城
p_dd126ea8f1be,s_a5ec368cd0d7,江川みなみ,えがわ みなみ,Minami Egawa,estimated-high,female,2026,茨城
p_09303b1bc481,s_dac6ae063b27,河野海来,こうの みらい,Mirai Kono,estimated-medium,female,2027,茨城
p_a2bf87f195a0,s_85f3c9ca8b96,片岡愛彩,かたおか あいさ,Aisa Kataoka,estimated-low,female,2026,茨城
p_1b84674141b6,s_a5ec368cd0d7,矢内一匡,やない かずまさ,Kazumasa Yanai,estimated-medium,male,2026,茨城
p_473b8ab29cf6,s_a5ec368cd0d7,遠藤実千友,えんどう みちゆ,Michiyu Endo,estimated-low,female,2026,茨城
p_a28a8211eb97,s_a8c7bd530cf1,関柚花,せき ゆずか,Yuzuka Seki,estimated-medium,female,2028,茨城
p_205c593f03bb,s_a5ec368cd0d7,鳥井心愛,とりい ここあ,Kokoa Torii,estimated-medium,female,2028,茨城
p_9a1631754abc,s_87ac57e93407,三次凪,みつぎ なぎ,Nagi Mitsugi,estimated-medium,female,2025,茨城県
p_b086d7386d60,s_dac6ae063b27,三神 凛果,みかみ りんか,Rinka Mikami,estimated-high,female,2028,茨城県
p_b76a7c5e8963,s_85f3c9ca8b96,上原 嘉連,うえはら かれん,Karen Uehara,estimated-low,male,2027,茨城県
p_35548ff26b99,s_85f3c9ca8b96,不破 羚園,ふわ れいその,Reisono Fuwa,auto-unverified,male,,茨城県
p_ccd9055ccb44,s_a5ec368cd0d7,中垣 颯斗,なかがき はやと,Hayato Nakagaki,auto-unverified,male,,茨城県
p_c3455a4e1f66,s_85f3c9ca8b96,中谷 桜里奈,なかたに さりな,Sarina Nakatani,estimated-low,female,2029,茨城県
p_377a2702f113,s_dac6ae063b27,二階堂恵莉,にかいどう えり,Eri Nikaido,estimated-high,female,2025,茨城県
p_a4efaf2c840b,s_85f3c9ca8b96,五月女 愛來,さおとめ あいら,Aira Saotome,estimated-low,female,2027,茨城県
p_91a3ca8eed5d,s_a5ec368cd0d7,亥飼 陽,いかい はる,Haru Ikai,estimated-low,male,2024,茨城県
p_31219039dd33,s_dac6ae063b27,人見乃瑠亜,ひとみ のるあ,Norua Hitomi,estimated-medium,female,2025,茨城県
p_792e1b75f827,s_dac6ae063b27,人見陽乃亜,ひとみ ひのあ,Hinoa Hitomi,estimated-low,female,2027,茨城県
p_3c0a9222b5ea,s_d553d5b6b903,仁科 優花,にしな ゆうか,Yuka Nishina,estimated-medium,female,2028,茨城県
p_b035a937958d,s_a5ec368cd0d7,伊藤 磨裟矢,いとう まさや,Masaya Ito,auto-unverified,male,2028,茨城県
p_73e95e5f8dec,s_85f3c9ca8b96,佐々木 颯太,ささき そうた,Sota Sasaki,estimated-high,male,2029,茨城県
p_7c624aab5eb0,s_85f3c9ca8b96,佐藤 涼音,さとう すずね,Suzune Sato,estimated-medium,female,2028,茨城県
p_e9ab53306479,s_a5ec368cd0d7,佐藤愛実,さとう あみ,Ami Sato,estimated-medium,female,2026,茨城県
p_1b269c69f17e,s_a5ec368cd0d7,倉本怜奈,くらもと れいな,Reina Kuramoto,estimated-high,female,2024,茨城県
p_be496450f8e4,s_85f3c9ca8b96,児玉 桃,こだま もも,Momo Kodama,estimated-high,female,2028,茨城県
p_f17948242832,s_a8c7bd530cf1,八木沢浩心郎,やぎさわ こうしろう,Koshiro Yagisawa,estimated-low,male,2025,茨城県
p_9ae62d8cdcd9,s_a8c7bd530cf1,八木沢迦音,やぎさわ かのん,Kanon Yagisawa,estimated-low,male,2028,茨城県
p_5bca3f794a2b,s_a8c7bd530cf1,出口 千加志,でぐち ちかし,Chikashi Deguchi,estimated-medium,male,2025,茨城県
p_d6e1b76d3889,s_85f3c9ca8b96,前田 維吹,まえだ いぶき,Ibuki Maeda,estimated-high,male,2027,茨城県
p_cb50a12609c7,s_85f3c9ca8b96,加藤 麗奈,かとう れいな,Reina Kato,estimated-high,female,2025,茨城県
p_a182bfe88985,s_dac6ae063b27,勝田 花菜,かつた はなな,Hanana Katsuta,estimated-medium,female,2025,茨城県
p_d979fa43446c,s_85f3c9ca8b96,土屋 オードリ,つちや おーどり,Oodori Tsuchiya,auto-unverified,female,2028,茨城県
p_e6cff97ee795,s_85f3c9ca8b96,土屋 愁,つちや しゅう,Shu Tsuchiya,estimated-high,male,2028,茨城県
p_b37527612d31,s_85f3c9ca8b96,土屋オードリー,つちや おーどりー,Audrey Tsuchiya,estimated-high,female,2028,茨城県
p_4cc240ae5c16,s_a5ec368cd0d7,坪井乃杏,つぼい のあ,Noa Tsuboi,estimated-medium,female,2025,茨城県
p_d7fc52abd490,s_dac6ae063b27,堀 彰吾,ほり しょうご,Shogo Hori,estimated-high,male,2026,茨城県
p_3fc2e898819d,s_dac6ae063b27,堀 鉄平,ほり てっぺい,Teppei Hori,estimated-high,male,2024,茨城県
p_f3b01cfb91d3,s_85f3c9ca8b96,堤 俊太郎,つつみ しゅんたろう,Shuntaro Tsutsumi,estimated-high,male,2026,茨城県
p_4b54a1a1ef79,s_a5ec368cd0d7,大久保 麻波浪,おおくぼ まはろ,Maharo Okubo,estimated-low,male,2025,茨城県
p_3d164103f67c,s_85f3c9ca8b96,大原 寧々,おおはら ねね,Nene Ohara,estimated-high,female,2025,茨城県
p_9ac6477327b5,s_85f3c9ca8b96,大塚 恵冬,おおつか えと,Eto Otsuka,estimated-low,male,2026,茨城県
p_e7576ac2d985,s_a5ec368cd0d7,大川希唯,おおかわ きい,Kii Okawa,estimated-low,female,2028,茨城県
p_97744589735f,s_85f3c9ca8b96,奥本万里亜,おくもと まりあ,Maria Okumoto,estimated-high,female,2026,茨城県
p_113093af80b4,s_d553d5b6b903,安藤絹,あんどう きぬ,Kinu Ando,estimated-medium,female,2029,茨城県
p_aacb32f4fc86,s_a5ec368cd0d7,富山拓海,とみやま たくみ,Takumi Tomiyama,estimated-medium,male,2026,茨城県
p_eab041291d4a,s_85f3c9ca8b96,寺本 湧亮,てらもと ゆうすけ,Yusuke Teramoto,estimated-low,male,2025,茨城県
p_3ba11dda4f49,s_a5ec368cd0d7,寺蓮太郎,てら れんたろう,Rentaro Tera,estimated-low,male,2028,茨城県
p_ba7284b09eb8,s_a5ec368cd0d7,寺門虎太朗,てらかど こたろう,Kotaro Terakado,estimated-medium,male,2029,茨城県
p_546f5162d34b,s_85f3c9ca8b96,小林 龍竺,こばやし りゅうじく,Ryujiku Kobayashi,estimated-low,male,2025,茨城県
p_ddb8be6808be,s_a5ec368cd0d7,小池愛莉,こいけ あいり,Airi Koike,estimated-high,female,2025,茨城県
p_a00dd3471824,s_a5ec368cd0d7,屋木太空,やぎ たく,Taku Yagi,estimated-low,male,2026,茨城県
p_c9b2fdce8a81,s_85f3c9ca8b96,山崎 咲寿,やまざき さく,Saku Yamazaki,estimated-low,male,2026,茨城県
p_10095c800b43,s_85f3c9ca8b96,山林 芽生,やまばやし めい,Mei Yamabayashi,estimated-medium,female,2029,茨城県
p_3053f34ae4ba,s_85f3c9ca8b96,山﨑咲寿,やまざき さく,Saku Yamazaki,estimated-low,male,2026,茨城県
p_88345b5a060d,s_85f3c9ca8b96,岡部 ゆい,おかべ ゆい,Yui Okabe,estimated-high,female,2026,茨城県
p_74538d515df6,s_a5ec368cd0d7,崎浜 ゆい,さきはま ゆい,Yui Sakihama,estimated-medium,female,2027,茨城県
p_6dbaf7c7c431,s_dac6ae063b27,市村翔太郎,いちむら しょうたろう,Shotaro Ichimura,estimated-high,male,2024,茨城県
p_6c21c74b6cc0,s_dac6ae063b27,平尾遥,ひらお はるか,Haruka Hirao,estimated-high,female,2024,茨城県
p_b40f63ddc39d,s_a5ec368cd0d7,庄司 泰蔵,しょうじ たいぞう,Taizo Shoji,auto-unverified,male,2026,茨城県
p_33b1c85e4702,s_85f3c9ca8b96,後根 愛斗,うしろね まなと,Manato Ushirone,estimated-low,male,2025,茨城県
p_60b08903561d,s_a5ec368cd0d7,後藤田凛,ごとう かりん,Karin Goto,estimated-low,female,2026,茨城県
p_1bdfdba18316,s_85f3c9ca8b96,戸髙 玲奈,とだか れいな,Reina Todaka,estimated-medium,female,2027,茨城県
p_c8a71d4370c4,s_85f3c9ca8b96,提俊太郎,ひさげ しゅんたろう,Shuntaro Hisage,estimated-low,male,2026,茨城県
p_9107773a23fe,s_dac6ae063b27,新井 俐奈,あらい りな,Rina Arai,estimated-high,female,2027,茨城県
p_c2cf61b5e259,s_85f3c9ca8b96,方 羽涵,ほう うかん,Ukan Ho,estimated-low,female,2027,茨城県
p_d4f43031e284,s_854742f3d61b,春川 雄亮,はるかわ ゆうすけ,Yusuke Harukawa,estimated-medium,male,2028,茨城県
p_48743e65f201,s_d553d5b6b903,本田愛来,ほんだ あいら,Aira Honda,estimated-medium,female,2028,茨城県
p_93fbb9613822,s_a8c7bd530cf1,杉森 拓斗,すぎもり たくと,Takuto Sugimori,estimated-high,male,2026,茨城県
p_83c47da05192,s_d553d5b6b903,松井 琳空海,まつい りくう,Riku Matsui,estimated-low,male,2025,茨城県
p_c558c01f1c0d,s_a5ec368cd0d7,松原 柊亜,まつばら しゅうあ,Shua Matsubara,estimated-low,female,2025,茨城県
p_3e051ceb0f7d,s_85f3c9ca8b96,松尾 桃子,まつお ももこ,Momoko Matsuo,estimated-high,female,2026,茨城県
p_9dc02346ac81,s_dac6ae063b27,林 愛輝美,はやし あきみ,Akimi Hayashi,estimated-low,female,2027,茨城県
p_b8fd5863919b,s_a5ec368cd0d7,林 誠人,はやし まさと,Masato Hayashi,estimated-medium,male,2027,茨城県
p_462c55385b7e,s_dac6ae063b27,林ソフィヤ,はやし そふぃや,Sofiya Hayashi,estimated-high,female,2028,茨城県
p_b16ef82cdef8,s_d553d5b6b903,柳沢 瑠李,やなぎさわ るり,Ruri Yanagisawa,auto-unverified,male,2029,茨城県
p_914dd46004d4,s_a8c7bd530cf1,柴田悠希,しばた はるき,Haruki Shibata,estimated-medium,male,2026,茨城県
p_bd987b01435b,s_a5ec368cd0d7,桑村美穂,くわむら みほ,Miho Kuwamura,estimated-medium,female,2024,茨城県
p_1aac75074fbd,s_a5ec368cd0d7,植田桔千乃,うえだ きちの,Kichino Ueda,estimated-low,female,2026,茨城県
p_514cbb0bece9,s_85f3c9ca8b96,横山椿咲,よこやま つばさ,Tsubasa Yokoyama,estimated-low,female,2026,茨城県
p_ac2b64da9f43,s_a5ec368cd0d7,櫻庭京太郎,さくらば きょうたろう,Kyotaro Sakuraba,estimated-high,male,2029,茨城県
p_ff1d254522ae,s_d553d5b6b903,永田 愛梨,ながた あいり,Airi Nagata,estimated-medium,female,2026,茨城県
p_dd4977c08a66,s_85f3c9ca8b96,泉端 駿佑,せんたん しゅんすけ,Shunsuke Sentan,auto-unverified,male,2025,茨城県
p_e161660408be,s_85f3c9ca8b96,浜田 ゆず,はまだ ゆず,Yuzu Hamada,auto-unverified,female,2029,茨城県
p_b24ba348b2b5,s_d553d5b6b903,清藤 羽琉,せいとう はる,Haru Seito,estimated-low,female,,茨城県
p_879d2689d366,s_85f3c9ca8b96,渋井 晃太郎,しぶい こうたろう,Kotaro Shibui,estimated-medium,male,2026,茨城県
p_462d9b49d343,s_a8c7bd530cf1,渡辺 咲香,わたなべ さやか,Sayaka Watanabe,estimated-medium,female,2026,茨城県
p_2a74a826b47c,s_a5ec368cd0d7,渡邊 築樹,わたなべ つきき,Tsukiki Watanabe,estimated-low,male,2027,茨城県
p_2ddfbd6b2f70,s_85f3c9ca8b96,渡部 琴,わたなべ こと,Koto Watanabe,estimated-medium,female,2028,茨城県
p_027eee77def5,s_dac6ae063b27,濱 朱姫,はま あき,Aki Hama,estimated-low,female,2026,茨城県
p_c9c6c664fc5a,s_85f3c9ca8b96,田中 佑樹,たなか ゆうき,Yuki Tanaka,estimated-high,male,2025,茨城県
p_ab11b00dc09d,s_dac6ae063b27,田中 澄南里,たなか すなり,Sunari Tanaka,estimated-low,female,2025,茨城県
p_9f8c3ad75ba3,s_85f3c9ca8b96,田村 萌来美,たむら もくみ,Mokumi Tamura,estimated-low,female,2026,茨城県
p_1991eeec969c,s_a5ec368cd0d7,畑中日葉莉,はたなか ひまり,Himari Hatanaka,estimated-medium,female,2029,茨城県
p_41d1512968d6,s_d553d5b6b903,白田 乃々花,しろた ののか,Nonoka Shirota,estimated-medium,female,,茨城県
p_5fb69cbb9158,s_a8c7bd530cf1,磯﨑 玲杏,いそいそ れいあんず,Reianzu Isoiso,auto-unverified,female,,茨城県
p_fc8de073501d,s_a5ec368cd0d7,福崎 美々,ふくざき みみ,Mimi Fukuzaki,estimated-medium,female,2026,茨城県
p_964f8588cc9c,s_85f3c9ca8b96,福武 采実,ふくたけ さいみ,Saimi Fukutake,auto-unverified,female,2029,茨城県
p_12308451a084,s_85f3c9ca8b96,稲村 かぐや,いなむら かぐや,Kaguya Inamura,auto-unverified,female,2029,茨城県
p_792fb43f3dfc,s_a8c7bd530cf1,粟野 泰成,あわの やすなり,Yasunari Awano,estimated-medium,male,2026,茨城県
p_f18bcb4b6020,s_a5ec368cd0d7,美谷 珠梨,みたに じゅり,Juri Mitani,estimated-medium,female,2026,茨城県
p_42f3a59809e1,s_85f3c9ca8b96,菊田 ひな,きくた ひな,Hina Kikuta,estimated-medium,female,2026,茨城県
p_db6e9f10b16a,s_dac6ae063b27,藤沼 龍平,ふじぬま りゅうへい,Ryuhei Fujinuma,estimated-medium,male,2024,茨城県
p_a3b3b82fb1c6,s_a5ec368cd0d7,西山 修生,にしやま しゅうせい,Shusei Nishiyama,estimated-high,male,2028,茨城県
p_40aa7eceab96,s_85f3c9ca8b96,赤星 丈琉,あかぼし たけりゅう,Takeryu Akaboshi,auto-unverified,male,2029,茨城県
p_2d11e1623170,s_85f3c9ca8b96,赤木 健誠,あかぎ たけしまこと,Takeshimakoto Akagi,auto-unverified,male,2029,茨城県
p_ece7c9725290,s_dac6ae063b27,遠藤桂音,えんどう かのん,Kanon Endo,estimated-medium,female,2025,茨城県
p_9af129e06e5c,s_85f3c9ca8b96,重原純奈,しげはら じゅんな,Junna Shigehara,estimated-medium,female,2029,茨城県
p_3dc9e594910a,s_85f3c9ca8b96,金 拿仕,きん だし,Dashi Kin,auto-unverified,female,2025,茨城県
p_a57cfe0c3a51,s_a5ec368cd0d7,金久保太樹,かなくぼ たいき,Taiki Kanakubo,estimated-medium,male,2026,茨城県
p_359b2bcb10ab,s_a5ec368cd0d7,金子 愼之介,かねこ しんのすけ,Shinnosuke Kaneko,estimated-high,male,2024,茨城県
p_88484a1b0631,s_54d2d29cb554,金子 未来,かねこ みらい,Mirai Kaneko,estimated-high,male,2027,茨城県
p_421c862c321d,s_a5ec368cd0d7,金子 楽來,かねこ らら,Rara Kaneko,estimated-low,male,2025,茨城県
p_def3f24f4a24,s_85f3c9ca8b96,金森 渉真,かなもり しょうま,Shoma Kanamori,estimated-low,male,2025,茨城県
p_6f7262edef31,s_31ce171858bc,鈴木 柚生,すずき ゆずき,Yuzuki Suzuki,estimated-low,male,2024,茨城県
p_334b18d2f796,s_85f3c9ca8b96,長澤 愛羅,ながさわ あいら,Aira Nagasawa,estimated-high,female,2026,茨城県
p_949fc0be2314,s_854742f3d61b,間中鈴子,まなか すずこ,Suzuko Manaka,estimated-medium,female,2025,茨城県
p_48f6198a7f9f,s_85f3c9ca8b96,飯島 早織,いいじま さおり,Saori Iijima,estimated-high,female,2024,茨城県
p_ed1609ac0371,s_d553d5b6b903,飯田柚月,いいだ ゆづき,Yuzuki Iida,estimated-high,female,2029,茨城県
p_5d86ab2ebb59,s_85f3c9ca8b96,高木杏衣,たかぎ あい,Ai Takagi,estimated-medium,female,2029,茨城県
p_58af8fc92b99,s_a5ec368cd0d7,高橋亜莉澄,たかはし ありす,Arisu Takahashi,estimated-medium,female,2027,茨城県
p_e1c5a84d7ae1,s_85f3c9ca8b96,髙橋 一真,たかはし かずま,Kazuma Takahashi,estimated-medium,male,2025,茨城県
p_e588583fd277,s_85f3c9ca8b96,鳥井 心愛,とりい ここあ,Kokoa Torii,estimated-medium,female,,茨城県
p_450e3d0f5848,s_85f3c9ca8b96,黒木 夢,くろき ゆめ,Yume Kuroki,estimated-high,female,2027,茨城県
p_f6f74c6de815,s_85f3c9ca8b96,黒木 宝,くろき たから,Takara Kuroki,estimated-medium,female,2026,茨城県
p_d38f2c7a9e56,s_85f3c9ca8b96,黒須愛生,くろす あいき,Aiki Kurosu,estimated-low,female,2028,茨城県
p_4990cf8918d3,s_b69b111b1022,北村 舞,きたむら まい,Mai Kitamura,auto-unverified,female,2027,長崎
p_b55f62c037da,s_b69b111b1022,平野 諒真,ひらの りょうまこと,Ryomakoto Hirano,auto-unverified,male,2027,長崎
p_cee0c519152a,s_b69b111b1022,金城 旬,きんじょう じゅん,Jun Kinjo,auto-unverified,male,2027,長崎
p_946cd1e41ede,s_b69b111b1022,前山 平蔵,まえやま へいぞう,Heizo Maeyama,auto-unverified,male,2028,長崎県
p_f4a9ffa4aa8e,,坂本佳祐,さかもと けいすけ,Keisuke Sakamoto,estimated-high,male,,長崎県
p_f27f1076e0e7,s_b69b111b1022,大串 純也,おおぐし じゅんや,Junya Ogushi,auto-unverified,male,2026,長崎県
p_29486ff13fda,s_b69b111b1022,大柿 天嵩,おおがき たかすう,Takasu Ogaki,estimated-low,male,2024,長崎県
p_1f156b898d55,,杉崎聖仁,すぎざき まさひと,Masahito Sugizaki,estimated-low,male,,長崎県
p_fc8357c477b2,s_b69b111b1022,松永 帆加,まつなが ほか,Hoka Matsunaga,auto-unverified,female,2029,長崎県
p_47ac7a42f5e6,s_b69b111b1022,樋口 瑚子,ひぐち ここ,Koko Higuchi,estimated-medium,female,2026,長崎県
p_bd5eabfbfaca,s_b69b111b1022,比嘉 琉太,ひが りゅうた,Ryuta Higa,auto-unverified,male,2028,長崎県
p_0a98fda6e180,s_b69b111b1022,藤井 太己,ふじい たいき,Taiki Fujii,estimated-low,male,2024,長崎県
p_9583b8d02a32,s_b69b111b1022,西山 凜,にしやま りん,Rin Nishiyama,auto-unverified,female,2029,長崎県
p_62e213f51f87,s_ccd034f608a0,浅田彩七,あさだ あやな,Ayana Asada,estimated-medium,female,2026,長野
p_60494a06869b,s_36e9502eb9e8,上原 論悟,うえはら ろんご,Rongo Uehara,estimated-low,male,2024,長野県
p_f37ad7115c4b,,中條 晃希,ちゅうじょう こうき,Koki Chujo,auto-unverified,male,,長野県
p_583b72ecc6a1,s_36e9502eb9e8,久保田 快人,くぼた かいにん,Kainin Kubota,auto-unverified,male,,長野県
p_eb4b5d7e3fe1,s_36e9502eb9e8,久保田快斗,くぼた かいと,Kaito Kubota,estimated-high,male,2026,長野県
p_c02e72bf0f56,s_36e9502eb9e8,仁科汰一,にしな たいち,Taichi Nishina,estimated-medium,male,2025,長野県
p_65bcb1c834f9,s_36e9502eb9e8,大屋 珠季,おおや じゅり,Juri Oya,estimated-low,female,2025,長野県
p_cf12b9439eed,s_441f4f6df622,大谷 麗音,おおたに れおん,Reon Otani,estimated-medium,female,2026,長野県
p_0554c60e64c1,s_36e9502eb9e8,小原ひなた,おはら ひなた,Hinata Ohara,estimated-medium,female,2025,長野県
p_fa38a9eeddb9,s_36e9502eb9e8,小林洋大,こばやし ようた,Yota Kobayashi,estimated-low,male,2025,長野県
p_8ae6beb2e67f,s_36e9502eb9e8,市村龍我,いちむら りゅうが,Ryuga Ichimura,estimated-high,male,2024,長野県
p_5016b4d8357b,s_36e9502eb9e8,手塚 彩馨,てづか あやか,Ayaka Tezuka,estimated-low,female,2024,長野県
p_09e4d055c79b,s_36e9502eb9e8,松本 律太郎,まつもと りつたろう,Ritsutaro Matsumoto,estimated-high,male,2026,長野県
p_9e6daeb105d7,s_36e9502eb9e8,海江田乃愛,かいえだ のあ,Noa Kaieda,estimated-high,female,2024,長野県
p_c8bab74a3d68,s_36e9502eb9e8,清水 葵生,しみず あおい,Aoi Shimizu,estimated-medium,female,2026,長野県
p_68286eaec266,s_36e9502eb9e8,片岡 愛彩,かたおか あいさ,Aisa Kataoka,estimated-low,female,2026,長野県
p_d17b773bebd7,s_36e9502eb9e8,犬飼 泰我,いぬかい たいが,Taiga Inukai,estimated-medium,male,2024,長野県
p_97632cc4a43a,s_edafed45d1cd,花村 秀太,はなむら しゅうた,Shuta Hanamura,estimated-medium,male,2024,長野県
p_b8a4805f594d,s_36e9502eb9e8,野村太一,のむら たいち,Taichi Nomura,estimated-high,male,2028,長野県
p_5d9ef38389c2,s_36e9502eb9e8,金澤 和夢,かなざわ かずむ,Kazumu Kanazawa,estimated-low,male,2027,長野県
p_c74642b46a6d,s_c10c94c9d3b1,佐々木 俊輔,ささき しゅんすけ,Shunsuke Sasaki,estimated-high,male,2025,青森県
p_87d2fd5e5cd9,s_c10c94c9d3b1,佐藤 心々,さとう ここ,Koko Sato,estimated-medium,female,2026,青森県
p_4d757c1f5a06,s_c10c94c9d3b1,北岡優菜,きたおか ゆうな,Yuna Kitaoka,estimated-high,female,2028,青森県
p_2f3d4cf64f07,s_c10c94c9d3b1,塩谷 凛太郎,しおや りんたろう,Rintaro Shioya,auto-unverified,male,,青森県
p_b22173cc5b66,s_c10c94c9d3b1,塩谷 凜太郎,しおや りんたろう,Rintaro Shioya,estimated-medium,male,2027,青森県
p_819825802723,s_c10c94c9d3b1,守山 真央,もりやま まお,Mao Moriyama,estimated-high,female,2028,青森県
p_192c959e1301,s_c10c94c9d3b1,小山内祐太,おさない ゆうた,Yuta Osanai,estimated-high,male,2025,青森県
p_c368472206ee,s_c10c94c9d3b1,小山萌々香,こやま ももか,Momoka Koyama,estimated-medium,female,2027,青森県
p_215fe5d3ac83,s_c10c94c9d3b1,小泉 星空斗,こいずみ せなと,Senato Koizumi,estimated-low,male,2027,青森県
p_6b7e104dda9f,s_c10c94c9d3b1,峯田竜空,みねた りく,Riku Mineta,estimated-low,male,2027,青森県
p_3b7a727a6065,s_c10c94c9d3b1,島川 桃子,しまかわ ももこ,Momoko Shimakawa,estimated-medium,female,2027,青森県
p_4ea76e596461,s_c10c94c9d3b1,斎藤 優空,さいとう ゆあ,Yua Saito,estimated-low,male,2027,青森県
p_e381f4e138ff,,桜庭 禄碩,さくらば ろくせき,Rokuseki Sakuraba,estimated-low,male,,青森県
p_bd591d42d952,s_087036b6bc16,桜庭禄碩,さくらば ろくせき,Rokuseki Sakuraba,estimated-low,male,2026,青森県
p_b0f0fb422663,s_c10c94c9d3b1,梅本 りさ,うめもと りさ,Risa Umemoto,estimated-high,female,2027,青森県
p_6410ae848361,s_c10c94c9d3b1,横山 元気,よこやま げんき,Genki Yokoyama,estimated-high,male,2025,青森県
p_3a44005969a5,s_c10c94c9d3b1,江口琴遥,えぐち ことは,Kotoha Eguchi,estimated-low,female,2025,青森県
p_4d27091a71d9,s_c10c94c9d3b1,町屋 朱理,まちや あかり,Akari Machiya,auto-unverified,female,2026,青森県
p_228908214ba8,s_c10c94c9d3b1,茂木美桜,もてぎ みお,Mio Motegi,estimated-high,female,2027,青森県
p_549255bc7192,s_c10c94c9d3b1,野田 昊佑,のだ こうゆう,Koyu Noda,auto-unverified,male,2026,青森県
p_bd783b2a6c5d,s_c10c94c9d3b1,高田将,たかだ しょう,Sho Takada,estimated-medium,male,2026,青森県
p_455daddd4a2d,s_c10c94c9d3b1,髙田 将,たかだ しょう,Sho Takada,estimated-medium,male,2026,青森県
p_4b7ac2b9100b,,齋藤 優空,さいとう ゆあ,Yua Saito,estimated-low,male,,青森県
p_163d999de309,s_b690341377f5,中村 礼,なかむら あや,Aya Nakamura,estimated-low,female,2027,静岡
p_099b2fc06419,s_d9444aace1c0,井野上蓮美,いの うれみ,Uremi Ino,estimated-low,female,2028,静岡
p_8747d3747d77,s_7b6d968bd956,伊東 稜生,いとう りょうなま,Ryonama Ito,auto-unverified,male,2028,静岡
p_8e489240e03f,s_b690341377f5,伊藤 翔夢,いとう しょうゆめ,Shoyume Ito,auto-unverified,male,2027,静岡
p_cbb71bf8d6d3,s_3df8e02184a0,伊藤優志,いとう ゆうし,Yushi Ito,estimated-medium,male,2026,静岡
p_7b9157b04a1f,s_b690341377f5,和田 聖矢,わだ せいや,Seiya Wada,auto-unverified,male,2029,静岡
p_d0d8943c2c9d,s_b690341377f5,土屋 比華里,つちや ひかり,Hikari Tsuchiya,estimated-low,female,2027,静岡
p_5e7dd43a6407,s_1fe31b1cc6ef,大塚結太,おおつか ゆうた,Yuta Otsuka,estimated-medium,male,2026,静岡
p_b2b3491ec224,s_1fe31b1cc6ef,川西葉太,かわにし ようた,Yota Kawanishi,estimated-high,male,2026,静岡
p_bfd07b0c17df,s_b690341377f5,木村 大志,きむら たいし,Taishi Kimura,estimated-medium,male,2027,静岡
p_a31089262d75,s_b690341377f5,杉嵜 良輔,すぎさき りょうすけ,Ryosuke Sugisaki,auto-unverified,male,2027,静岡
p_7a681a9fe06d,s_0a9426271bda,森島 萌乃華,もりしま ほのか,Honoka Morishima,estimated-medium,female,2026,静岡
p_d9f0aef7647a,s_b690341377f5,橋本 壮大,はしもと そうた,Sota Hashimoto,estimated-medium,male,2027,静岡
p_167169c31e90,s_b690341377f5,水口 響稀,みずぐち きょうまれ,Kyomare Mizuguchi,auto-unverified,male,2028,静岡
p_fc8cfadd6f88,s_7b6d968bd956,浦田 裕斗,うらた ゆうと,Yuto Urata,auto-unverified,male,2027,静岡
p_288a1e8afc22,s_7b6d968bd956,海野日鞠,うみの ひまり,Himari Umino,estimated-high,female,2027,静岡
p_ae113075d0f6,s_7b6d968bd956,渡邊万稟,わたなべ まりん,Marin Watanabe,estimated-low,female,2026,静岡
p_93e579453da7,s_7b6d968bd956,澤村 龍也,さわむら たつや,Tatsuya Sawamura,auto-unverified,male,2027,静岡
p_526059829a68,s_b690341377f5,瀬崎 颯太,せざき そうた,Sota Sezaki,auto-unverified,male,2029,静岡
p_61a7ee42106f,s_b690341377f5,田邊 琉斗,たなべ りゅうと,Ryuto Tanabe,estimated-high,male,2027,静岡
p_c2800a11baa2,s_3df8e02184a0,石津谷憲,いしづ たにのり,Taninori Ishizu,estimated-low,male,2026,静岡
p_1fc230df1e7b,s_7b6d968bd956,稲葉 遥輝,いなば はるき,Haruki Inaba,auto-unverified,male,2028,静岡
p_e8427c54c5b3,s_b690341377f5,米山 妃香,よねやま きさきかおり,Kisakikaori Yoneyama,auto-unverified,female,2028,静岡
p_774e0d721621,s_1fe31b1cc6ef,藤田浩之進,ふじた こうのしん,Konoshin Fujita,estimated-medium,male,2026,静岡
p_63be4117bc63,s_b690341377f5,遠藤 くるみ,えんどう くるみ,Kurumi Endo,estimated-high,female,2029,静岡
p_c15e56e4b7c5,s_b690341377f5,鈴木 沙和子,すずき さわこ,Sawako Suzuki,auto-unverified,female,2029,静岡
p_02822b22fb70,s_b690341377f5,鈴木凱斗,すずき がいと,Gaito Suzuki,estimated-high,male,2026,静岡
p_aa01ca13f01a,s_3df8e02184a0,鈴木唯良,すずき ゆいら,Yuira Suzuki,estimated-low,male,2026,静岡
p_a154d1e603a9,s_b690341377f5,飯倉啓介,いいくら けいすけ,Keisuke Iikura,estimated-medium,male,2026,静岡
p_6db891fb7417,s_e55839974314,髙坂信一郎,こうさか しんいちろう,Shinichiro Kosaka,estimated-medium,male,2026,静岡
p_6cf8be7cd99b,s_1fe31b1cc6ef,世良 拓海,せら たくみ,Takumi Sera,auto-unverified,male,2029,静岡県
p_972dd7b8637a,s_3df8e02184a0,中林惺磨,なかばやし せいま,Seima Nakabayashi,auto-unverified,male,2028,静岡県
p_87bdc6682308,s_1fe31b1cc6ef,大橋 莉生,おおはし りお,Rio Ohashi,estimated-medium,female,2026,静岡県
p_36cd83c7c3f1,s_1fe31b1cc6ef,安藤 夏帆,あんどう かほ,Kaho Ando,auto-unverified,female,2027,静岡県
p_95c1ece21b1f,s_1fe31b1cc6ef,小林 浬衣南,こばやし かいりころもみなみ,Kairikoromominami Kobayashi,auto-unverified,female,2028,静岡県
p_afb1177b2ad8,s_1fe31b1cc6ef,山下 遥都,やました はるかみやこ,Harukamiyako Yamashita,auto-unverified,male,2029,静岡県
p_de63fc97b6f5,s_3df8e02184a0,山﨑 康太,やまざき こうた,Kota Yamazaki,auto-unverified,male,2028,静岡県
p_f52cecd96813,s_1fe31b1cc6ef,平野瑚羽,ひらの こはね,Kohane Hirano,estimated-low,female,2026,静岡県
p_cce384c1c024,s_3df8e02184a0,後藤 輝,ごとう ひかる,Hikaru Goto,estimated-low,male,2028,静岡県
p_7daa7478f64b,s_3df8e02184a0,松本 拓也,まつもと たくや,Takuya Matsumoto,estimated-high,male,2028,静岡県
p_8b66c53bd24c,s_3df8e02184a0,森山 瑞妍,もりやま みずき,Mizuki Moriyama,estimated-low,female,2027,静岡県
p_f82c09d0b6ef,s_3df8e02184a0,森山 瑞姸,もりやま ずいけん,Zuiken Moriyama,auto-unverified,female,,静岡県
p_7c3c24f76115,s_1fe31b1cc6ef,永田 愛梨,ながた あいり,Airi Nagata,estimated-medium,female,2026,静岡県
p_5dc8d4b20815,s_1fe31b1cc6ef,谷﨑 日哉,たにたに にちや,Nichiya Tanitani,auto-unverified,male,2029,静岡県
p_e0806facd0b8,s_1fe31b1cc6ef,野中 将真,のなか しょうま,Shoma Nonaka,estimated-high,male,2027,静岡県
p_acd9cb995120,s_f70ec7070620,阿部 羽流斗,あべ はると,Haruto Abe,estimated-medium,male,2026,静岡県
p_2409da60d09f,s_a22b15289e80,髙坂信一郎,こうさか しんいちろう,Shinichiro Kosaka,estimated-medium,male,2026,静岡県
p_1115ff4520dd,s_3d4e36e7db84,中村翔英,なかむら しょうえい,Shoei Nakamura,auto-unverified,male,2025,香川
p_1a2878250232,s_f96471890c81,口中凌也,こうちゅう りょうや,Ryoya Kochu,auto-unverified,male,2025,香川
p_23fa56e9f9c4,s_aa5305e6f77f,塩田星香,しおだ せいか,Seika Shioda,estimated-low,male,2028,香川
p_8e91bcb4c5b5,s_aa5305e6f77f,宇野博揮,うの ひろしき,Hiroshiki Uno,auto-unverified,male,2025,香川
p_c31217e463bf,s_aa5305e6f77f,安藤微香,あんどう ほのか,Honoka Ando,estimated-low,female,2027,香川
p_b3f638bfebf5,s_aa5305e6f77f,山下微,やました ほのか,Honoka Yamashita,estimated-low,female,2027,香川
p_126f567b17df,s_aa5305e6f77f,文唯芽,ぶん ただめ,Tadame Bun,auto-unverified,female,2029,香川
p_18dbc1d838c1,s_148d8f84b4c9,木村新一郎,きむら しんいちろう,Shin'ichiro Kimura,auto-unverified,male,2026,香川
p_d1a2b31131ea,s_148d8f84b4c9,木村浩一郎,きむら こういちろう,Koichiro Kimura,auto-unverified,male,2029,香川
p_4fd250f1ed69,s_aa5305e6f77f,村上莉穂,むらかみ りほ,Riho Murakami,auto-unverified,female,2029,香川
p_6cb41a9912ea,s_148d8f84b4c9,松村寿威,まつむら じゅい,Jui Matsumura,estimated-low,male,2028,香川
p_fdfd9c3b5887,s_aa5305e6f77f,松田徠夢,まつだ らいむ,Raimu Matsuda,estimated-high,male,2028,香川
p_43833c307024,s_aa5305e6f77f,石川実愛香,いしかわ みあか,Miaka Ishikawa,estimated-medium,female,2026,香川
p_1351167f49e0,s_aa5305e6f77f,金田望愛,かねだ ぼうあい,Boai Kaneda,auto-unverified,female,2029,香川
p_4dd6d17eb772,s_aa5305e6f77f,長屋志基,ながや こころざしもと,Kokorozashimoto Nagaya,auto-unverified,male,2029,香川
p_636fa3bff8a7,s_148d8f84b4c9,鵜足朋花,うたり ともか,Tomoka Utari,auto-unverified,female,2029,香川
p_2711c3d4ac64,s_aa5305e6f77f,三谷颯,みたに はやて,Hayate Mitani,estimated-medium,male,2024,香川県
p_2857ae6fb5e0,s_148d8f84b4c9,中村龍世,なかむら りゅうせい,Ryusei Nakamura,estimated-medium,male,2028,香川県
p_2d24f397e55d,s_aa5305e6f77f,久保椛音,くぼ かのん,Kanon Kubo,estimated-medium,female,2029,香川県
p_c1b4deac019f,s_aa5305e6f77f,今田 一輝,いまだ かずき,Kazuki Imada,estimated-medium,male,2026,香川県
p_ce921bf44a17,s_aa5305e6f77f,前田絢音,まえだ あやね,Ayane Maeda,estimated-high,female,2029,香川県
p_bc6ff9c4f0b1,s_aa5305e6f77f,古瀬みさき,ふるせ みさき,Misaki Furuse,estimated-medium,female,2024,香川県
p_9932421e4c06,s_148d8f84b4c9,土井 かれん,どい かれん,Karen Doi,estimated-high,female,2025,香川県
p_4ecd8d4cf4c5,s_aa5305e6f77f,堤恒瑛,つつみ こうえい,Koei Tsutsumi,estimated-low,male,2027,香川県
p_51ab228e43d4,s_aa5305e6f77f,堤恒英,つつみ こうえい,Koei Tsutsumi,estimated-low,male,2027,香川県
p_47822cb28bb7,s_aa5305e6f77f,塩田星,しおだ せい,Sei Shioda,estimated-low,male,2028,香川県
p_5ec3537fd525,s_aa5305e6f77f,大塚 晃輝,おおつか こうき,Koki Otsuka,estimated-high,male,2029,香川県
p_2506b5865c86,s_aa5305e6f77f,安藤微,あんどう ほのか,Honoka Ando,estimated-low,female,2027,香川県
p_35a6e6de004f,s_148d8f84b4c9,小林桃幸,こばやし ももこ,Momoko Kobayashi,estimated-low,female,2025,香川県
p_489bea2b7a6d,s_aa5305e6f77f,山崎 晴稀,やまざき はるき,Haruki Yamazaki,estimated-medium,female,2027,香川県
p_2e6f46827f63,s_aa5305e6f77f,山﨑 晴稀,やまざき はるき,Haruki Yamazaki,estimated-medium,female,2027,香川県
p_f9a9bd5d517c,s_148d8f84b4c9,平星颯真,ひらほし そうま,Soma Hirahoshi,estimated-low,male,2028,香川県
p_c4b15aa76e3c,s_aa5305e6f77f,松井 琳空海,まつい りくう,Riku Matsui,estimated-low,male,2025,香川県
p_360286390898,,松井琳空海,まつい りくう,Riku Matsui,estimated-low,male,,香川県
p_6df17f9ee441,s_aa5305e6f77f,松浦 秀,まつうら しゅう,Shu Matsura,estimated-medium,male,2029,香川県
p_32a4ff9a2c1c,s_aa5305e6f77f,松浦葵,まつうら あおい,Aoi Matsura,estimated-high,female,2024,香川県
p_5f214604898f,s_aa5305e6f77f,柏木杏寿美,かしわぎ あずみ,Azumi Kashiwagi,estimated-low,female,2028,香川県
p_15fe53160283,s_148d8f84b4c9,森村 美優,もりむら みゆ,Miyu Morimura,estimated-medium,female,2025,香川県
p_c058bb3e8d1b,s_aa5305e6f77f,橋本 恭輔,はしもと きょうすけ,Kyosuke Hashimoto,estimated-high,male,2029,香川県
p_f23ec43efaf6,s_aa5305e6f77f,田所さあら,たどころ さあら,Saara Tadokoro,estimated-high,female,2024,香川県
p_5c86d778864a,s_aa5305e6f77f,石川 実愛,いしかわ みあ,Mia Ishikawa,estimated-medium,female,2026,香川県
p_3792500949e9,s_aa5305e6f77f,秋山 一道,あきやま かずみち,Kazumichi Akiyama,estimated-medium,male,2024,香川県
p_3770f0256961,s_aa5305e6f77f,秦瑠美奈,はた るみな,Rumina Hata,estimated-medium,female,2028,香川県
p_3ef238249494,s_aa5305e6f77f,竹井 一起,たけい かずき,Kazuki Takei,estimated-medium,male,2028,香川県
p_72cfdc309bed,s_aa5305e6f77f,西山 陽斗,にしやま はると,Haruto Nishiyama,estimated-high,male,2026,香川県
p_2843bcacabd9,s_148d8f84b4c9,鏡原 良功斗,かがみはら りょうこうと,Ryokoto Kagamihara,estimated-low,male,2026,香川県
p_2189d8875fa7,,鏡原 良功斗,かがみはら りょうこうと,Ryokoto Kagamihara,estimated-low,male,,香川県
p_9a866e83f014,s_aa5305e6f77f,鏡原良功斗,かがみはら りょうこうと,Ryokoto Kagamihara,estimated-low,male,2026,香川県
p_b81203957a73,s_aa5305e6f77f,香川倫穂,かがわ みちほ,Michiho Kagawa,estimated-low,female,2024,香川県
p_89f1a739cb9d,s_4506666400a5,中村蘭,なかむら らん,Ran Nakamura,estimated-medium,female,2029,高知
p_4cab8f75e4f9,s_7e4bb78e7080,中越悠貴,なかごし ゆうき,Yuki Nakagoshi,estimated-medium,male,2028,高知
p_6d25a2f64164,s_20e63ae546ab,佐賀野倖生,さがの こうせい,Kosei Sagano,estimated-medium,male,2026,高知
p_b22f94ce9d73,s_20e63ae546ab,佐賀野裕生,さがの ゆうせい,Yusei Sagano,estimated-medium,male,2027,高知
p_65cfc4e47e87,s_79897201076c,公文勘介,くもん かんすけ,Kansuke Kumon,estimated-medium,male,2026,高知
p_c6daac98b568,s_20e63ae546ab,塩見櫻子,しおみ さくらこ,Sakurako Shiomi,estimated-high,female,2026,高知
p_642ffa584fc3,s_4506666400a5,奥田 櫂吏,おくだ かいり,Kairi Okuda,auto-unverified,male,2029,高知
p_d5e63ed79655,s_20e63ae546ab,小川 琴海,おがわ きんかい,Kinkai Ogawa,auto-unverified,female,2029,高知
p_2ea190bd4336,s_7e4bb78e7080,山本龍,やまもと りゅう,Ryu Yamamoto,auto-unverified,male,2029,高知
p_2232f3b5b2d6,s_20e63ae546ab,横畠詠侍,よこばたけ えいじ,Eiji Yokobatake,estimated-medium,male,2026,高知
p_954aca56639b,s_20e63ae546ab,河村朋輝,かわむら ともき,Tomoki Kawamura,estimated-high,male,2028,高知
p_64423db9749e,s_20e63ae546ab,浅田結菜,あさだ ゆいな,Yuina Asada,estimated-medium,female,2026,高知
p_f82b069f1d53,s_4506666400a5,渡部叶愛,わたなべ かのうあい,Kanoai Watanabe,auto-unverified,female,2029,高知
p_d3b5af1f0eac,s_20e63ae546ab,澤村志吹,さわむら しぶき,Shibuki Sawamura,estimated-low,male,2028,高知
p_131c5699a2d1,s_20e63ae546ab,瓦谷巴琉,かわらや はる,Haru Kawaraya,estimated-low,male,2028,高知
p_2a4ae048501a,s_20e63ae546ab,田路颯大,とうじ そうた,Sota Toji,estimated-low,male,2026,高知
p_592761168902,s_20e63ae546ab,甲藤 悠馬,かっとう ゆうま,Yuma Katto,auto-unverified,male,2029,高知
p_06c668bf104c,s_7e4bb78e7080,町田虎汰朗,まちだ とらたあきら,Torataakira Machida,auto-unverified,male,2029,高知
p_a3bb6698cbd9,s_20e63ae546ab,秦琉汰朗,はた りゅうたろう,Ryutaro Hata,estimated-medium,male,2027,高知
p_3b0dfbe45de3,s_79897201076c,笹岡博斗,ささおか ひろと,Hiroto Sasaoka,estimated-medium,male,2026,高知
p_724cefa2ea0b,s_4506666400a5,篠原佑汰,しのはら ゆうた,Yuta Shinohara,estimated-high,male,2026,高知
p_7a6dab82542f,s_20e63ae546ab,藤井佑朱,ふじい ゆず,Yuzu Fujii,estimated-low,female,2028,高知
p_71cf050ed101,s_4506666400a5,西内 乃彩,にしうち のさい,Nosai Nishiuchi,auto-unverified,female,2029,高知
p_8f52b0c56cfd,s_20e63ae546ab,青嶋滉,あおしま こう,Ko Aoshima,estimated-medium,male,2026,高知
p_a679fdcdad74,s_20e63ae546ab,髙橋一心,たかはし いっしん,Isshin Takahashi,estimated-medium,male,2028,高知
p_c76eb79f5e09,s_20e63ae546ab,中杉 桜盛,なかすぎ おうせい,Osei Nakasugi,estimated-low,male,2026,高知県
p_39d34683fa12,s_20e63ae546ab,中村 巴南,なかむら はな,Hana Nakamura,estimated-low,female,2025,高知県
p_2a0cbb474f0a,s_4506666400a5,中澤樹,なかざわ いつき,Itsuki Nakazawa,estimated-medium,male,2026,高知県
p_dc85fd33151b,s_20e63ae546ab,久保川明愛,くぼかわ めいあ,Meia Kubokawa,estimated-low,female,2028,高知県
p_2ae92e9a0de6,s_24c4adbf7544,井上 蒼海奈,いのうえ あみな,Amina Inoe,estimated-low,female,2026,高知県
p_c8dcf2c63f66,s_20e63ae546ab,井村結寧,いむら ゆいね,Yuine Imura,estimated-medium,female,2026,高知県
p_cd92af479e49,s_20e63ae546ab,今西早和,いまにし さわ,Sawa Imanishi,estimated-medium,female,2026,高知県
p_3add325159ea,s_4506666400a5,佐藤 圭太,さとう けいた,Keita Sato,estimated-high,male,2027,高知県
p_089b1ae128b7,s_20e63ae546ab,佐藤 小洛,さとう こらく,Koraku Sato,estimated-low,female,2026,高知県
p_53010e69b4ab,s_20e63ae546ab,佐藤梨乃,さとう りの,Rino Sato,estimated-high,female,2027,高知県
p_eb56989255c1,s_20e63ae546ab,佐賀野 祐生,さがの ゆうせい,Yusei Sagano,estimated-medium,male,2027,高知県
p_4f1cd99ec901,s_4506666400a5,前川 実桜,まえかわ みお,Mio Maekawa,estimated-medium,female,2028,高知県
p_1d4d1088a115,s_20e63ae546ab,原田健太朗,はらだ けんたろう,Kentaro Harada,estimated-high,male,2025,高知県
p_2c9cc24e582c,s_20e63ae546ab,堀部葵,ほりべ あおい,Aoi Horibe,estimated-high,female,2025,高知県
p_733683d620e7,s_4506666400a5,富永 球平,とみなが きゅうへい,Kyuhei Tominaga,estimated-medium,male,2029,高知県
p_bbd0f729c332,s_4506666400a5,小松 大洋,こまつ たいよう,Taiyo Komatsu,estimated-medium,male,2025,高知県
p_6d2589b430cc,s_79897201076c,岸本千空,きしもと ちあき,Chiaki Kishimoto,estimated-low,female,2024,高知県
p_4589ab6a689f,s_20e63ae546ab,岸本貴裕,きしもと たかひろ,Takahiro Kishimoto,estimated-high,male,2028,高知県
p_e02f0b75ca41,s_20e63ae546ab,曽山堅士朗,そやま けんしろう,Kenshiro Soyama,estimated-medium,male,2026,高知県
p_021b4c31a087,s_4506666400a5,村尾 実咲,むらお みさき,Misaki Murao,estimated-high,female,2025,高知県
p_afd14f62f07a,s_20e63ae546ab,松下奏,まつした かなで,Kanade Matsushita,estimated-medium,male,2026,高知県
p_0e9a45e86d89,s_4506666400a5,柴尾 羽梨,しばお はなり,Hanari Shibao,estimated-low,female,2026,高知県
p_b9f35d9908d1,s_4506666400a5,森下 紘,もりした ひろ,Hiro Morishita,estimated-low,male,2029,高知県
p_7ce4377d5546,s_20e63ae546ab,森本 寿叶,もりもと ことか,Kotoka Morimoto,estimated-low,female,2028,高知県
p_fc1a3d799932,s_4506666400a5,武中 鈴音,たけなか すずね,Suzune Takenaka,estimated-medium,female,2026,高知県
p_166d479b2d16,s_4506666400a5,浅田 千年樹,あさだ ちとせ,Chitose Asada,estimated-low,male,2026,高知県
p_e046340bc5b5,s_20e63ae546ab,海江田翔生,かいえだ しょうせい,Shosei Kaieda,estimated-medium,male,2026,高知県
p_c405186693bd,s_20e63ae546ab,田中姫生,たなか ひなせ,Hinase Tanaka,estimated-low,female,2024,高知県
p_541a9497dc0a,s_20e63ae546ab,田口夏鈴,たぐち かりん,Karin Taguchi,estimated-medium,female,2024,高知県
p_4c9cade9037b,s_4506666400a5,石原 麻羽,いしはら まう,Mau Ishihara,estimated-low,female,2024,高知県
p_1d635bd24b32,s_4506666400a5,神部芽依,かんべ めい,Mei Kanbe,estimated-medium,female,2025,高知県
p_9b569e2efdf8,s_20e63ae546ab,福住 あい,ふくずみ あい,Ai Fukuzumi,estimated-high,female,2024,高知県
p_106ba4f2eb89,s_4506666400a5,福原 渡夢,ふくはら とむ,Tomu Fukuhara,estimated-medium,male,2025,高知県
p_99a251ece013,s_e82ed2e3f826,藤田侑,ふじた ゆう,Yu Fujita,estimated-medium,female,2025,高知県
p_a944fb158d32,s_20e63ae546ab,谷口舜,たにぐち しゅん,Shun Taniguchi,estimated-high,male,2028,高知県
p_8c0ebaa6b026,s_4506666400a5,貴志聡斗,きし あきと,Akito Kishi,estimated-low,male,2027,高知県
p_fed2fc9ff9e5,s_4506666400a5,露谷 咲真,つゆたに さくま,Sakuma Tsuyutani,estimated-medium,male,2025,高知県
p_13eb1c0836c2,s_4506666400a5,露谷 斗真,つゆたに とうま,Toma Tsuyutani,estimated-medium,male,2028,高知県
p_92b082a86fe3,,中山雄太,なかやま ゆうた,Yuta Nakayama,estimated-high,male,,鹿児島
p_df09134fe8ea,s_097702d9c532,中島 愛子,なかじま あいこ,Aiko Nakajima,auto-unverified,female,2027,鹿児島
p_483cc4f3ba4e,,久保大地,くぼ おおち,Ochi Kubo,estimated-low,male,,鹿児島
p_bb95e1204eb3,,井上哲翔,いのうえ さとししょう,Satoshisho Inoe,auto-unverified,male,,鹿児島
p_073adf6eda5b,,井上幸大,いのうえ こうだい,Kodai Inoe,auto-unverified,male,,鹿児島
p_f6527340366e,,坂元心咲,さかもと みさき,Misaki Sakamoto,auto-unverified,female,,鹿児島
p_f0ee448e09de,,外薗海理,がいえん うみり,Umiri Gaien,auto-unverified,male,,鹿児島
p_dae079d29447,,大山李徠,おおやま すももらい,Sumomorai Ooyama,auto-unverified,male,,鹿児島
p_75857e616dc4,,小関いち乃,おぜき いちの,Ichino Ozeki,auto-unverified,female,,鹿児島
p_e49b85165237,,岡留夢叶,おかどめ ゆめか,Yumeka Okadome,estimated-medium,female,,鹿児島
p_a94cc6abe68f,,岩川礼央,いわかわ れお,Reo Iwakawa,estimated-medium,male,,鹿児島
p_804c32e80f32,,救仁郷咲人,きゅうひとしさと さきにん,Sakinin Kyuhitoshisato,auto-unverified,male,,鹿児島
p_9d89153aae43,s_0ad17359a6f4,有村 瑠花,ありむら るか,Ruka Arimura,auto-unverified,female,2027,鹿児島
p_f3abf05c9c66,,比良田凛子,ひらた りんこ,Rinko Hirata,auto-unverified,female,,鹿児島
p_f0a3249d3466,s_097702d9c532,淵脇 蓮栞,ふちわき はすしおり,Hasushiori Fuchiwaki,auto-unverified,female,2028,鹿児島
p_f479af3e8774,,清川正裕,きよかわ まさひろ,Masahiro Kiyokawa,auto-unverified,male,,鹿児島
p_c4b03f476d3e,,生野郁哉,いくの いくや,Ikuya Ikuno,auto-unverified,male,,鹿児島
p_6963a295d5c3,s_097702d9c532,祝儀園 魁努,しゅうぎその かいつとむ,Kaitsutomu Shugisono,auto-unverified,male,2028,鹿児島
p_db8dd61ad389,,福留岬,ふくとめ みさき,Misaki Fukutome,estimated-medium,female,,鹿児島
p_1ba22cf2a1f0,,竹元煌貴,たけもと こうき,Koki Takemoto,auto-unverified,male,,鹿児島
p_2a22a72c200a,,重原大志,しげはら たいし,Taishi Shigehara,estimated-medium,male,,鹿児島
p_892879e181a0,s_40baa2617c53,野原 彩音,のはら あやね,Ayane Nohara,auto-unverified,female,2028,鹿児島
p_97b4c8162655,,鳩宿夢叶,はとじゅく ゆめか,Yumeka Hatojuku,estimated-low,female,,鹿児島
p_75828c0875d2,,鶴田倖氷,つるた こうこおり,Kokoori Tsuruta,auto-unverified,female,,鹿児島
p_785164166b74,s_097702d9c532,上木 梨唯人,うえき なしただにん,Nashitadanin Ueki,auto-unverified,male,2027,鹿児島県
p_260f0805c89b,s_0ad17359a6f4,上野 剣慎,うえの つるぎしん,Tsurugishin Ueno,auto-unverified,male,2028,鹿児島県
p_8dc9d46d6fe9,s_0ad17359a6f4,下ノ堀 功太,したのほり こうた,Kota Shitanohori,auto-unverified,male,2029,鹿児島県
p_46e5b923494a,,中山 晴太,なかやま はるた,Haruta Nakayama,estimated-medium,male,,鹿児島県
p_eb40204c85f8,s_0ad17359a6f4,中山雄太,なかやま ゆうた,Yuta Nakayama,estimated-high,male,2028,鹿児島県
p_bc53114c7ad6,s_0ad17359a6f4,山下 心暖,やました こはる,Koharu Yamashita,estimated-medium,female,2024,鹿児島県
p_f48b98928636,s_da81a7181a98,岩川礼央,いわかわ れお,Reo Iwakawa,estimated-medium,male,2028,鹿児島県
p_906a4ad84ddf,s_097702d9c532,新庄音也,しんじょう おとや,Otoya Shinjo,estimated-high,male,2024,鹿児島県
p_d77c0b37acf4,s_097702d9c532,東 倫杏,あずま りんあんず,Rinanzu Azuma,auto-unverified,female,2028,鹿児島県
p_cead287f1bc4,s_0ad17359a6f4,濵屋 心温,こころおん,Kokoroon,auto-unverified,female,2026,鹿児島県
p_9b8fbcf0c596,s_097702d9c532,田中柊,たなか しゅう,Shu Tanaka,estimated-medium,male,2024,鹿児島県
p_1fd7205b8f08,s_097702d9c532,矢内 大喜,やない だいき,Daiki Yanai,estimated-medium,male,2024,鹿児島県
p_147fed75f7b3,s_0ad17359a6f4,福留岬,ふくとめ みさき,Misaki Fukutome,estimated-medium,female,2027,鹿児島県
p_b25cb381544e,s_097702d9c532,米 誠ノ心,よね せいのしん,Seinoshin Yone,estimated-low,male,2024,鹿児島県
p_b3d5df4a6fcb,s_0ad17359a6f4,米山 遼,よねやま りょう,Ryo Yoneyama,estimated-high,male,2025,鹿児島県
p_129e1e4b1603,s_0ad17359a6f4,重原大志,しげはら たいし,Taishi Shigehara,estimated-medium,male,2025,鹿児島県
p_18f82a84a177,s_097702d9c532,鳩宿夢叶,はとじゅく ゆめか,Yumeka Hatojuku,estimated-low,female,2028,鹿児島県
