tournament_key,team_name,player_key,score,counted
kougoren-summer-2023-boys-team,埼玉栄,p_1fd95dd87b13,138,True
kougoren-summer-2023-boys-team,埼玉栄,p_d0754cd2d96f,144,True
kougoren-summer-2023-boys-team,埼玉栄,p_c93eabe1f993,75,True
kougoren-summer-2023-boys-team,埼玉栄,p_e8c12e31d574,147,True
kougoren-summer-2023-boys-team,埼玉栄,p_c901fcbc9ee5,71,True
kougoren-summer-2023-boys-team,日章学園,p_3d049e44ac38,145,True
kougoren-summer-2023-boys-team,日章学園,p_923541ad13cc,140,True
kougoren-summer-2023-boys-team,日章学園,p_f050d0a9a634,141,True
kougoren-summer-2023-boys-team,日章学園,p_2497e5573734,78,False
kougoren-summer-2023-boys-team,日章学園,p_053f231abd02,78,False
kougoren-summer-2023-boys-team,千葉黎明,p_304293aa6182,136,True
kougoren-summer-2023-boys-team,千葉黎明,p_960f3b1a529c,148,True
kougoren-summer-2023-boys-team,千葉黎明,p_e5c310df61d9,144,True
kougoren-summer-2023-boys-team,千葉黎明,p_a3434de15ecb,155,False
kougoren-summer-2023-boys-team,千葉黎明,p_a384aa206b2e,,False
kougoren-summer-2023-boys-team,作新学院,p_84d0828ed0e1,142,True
kougoren-summer-2023-boys-team,作新学院,p_638eb26731e3,142,True
kougoren-summer-2023-boys-team,作新学院,p_ad609df05fee,163,False
kougoren-summer-2023-boys-team,作新学院,p_4e425754a6fa,149,True
kougoren-summer-2023-boys-team,作新学院,p_16cd5279a4c6,,False
kougoren-summer-2023-boys-team,代々木,p_8fba978017e0,150,True
kougoren-summer-2023-boys-team,代々木,p_682391911107,69,True
kougoren-summer-2023-boys-team,代々木,p_d5a417f904e3,151,True
kougoren-summer-2023-boys-team,代々木,p_54b20a6ebacf,142,True
kougoren-summer-2023-boys-team,代々木,p_cb282cb10ede,74,True
kougoren-summer-2023-boys-team,開志国際,p_ef8a87f9222f,143,True
kougoren-summer-2023-boys-team,開志国際,p_85151168fe7d,80,False
kougoren-summer-2023-boys-team,開志国際,p_48d0494b0fd6,150,True
kougoren-summer-2023-boys-team,開志国際,p_d48d8021b1f9,141,True
kougoren-summer-2023-boys-team,開志国際,p_f3ada79d8ebe,81,False
kougoren-summer-2023-boys-team,興國,p_a8489d4f7edb,144,True
kougoren-summer-2023-boys-team,興國,p_1c48fe97b52e,151,True
kougoren-summer-2023-boys-team,興國,p_4ee0287c2050,142,True
kougoren-summer-2023-boys-team,興國,p_7a5468c416b9,72,True
kougoren-summer-2023-boys-team,興國,p_d1138f5ceb65,79,False
kougoren-summer-2023-boys-team,ウェルネス,p_91a3ca8eed5d,145,True
kougoren-summer-2023-boys-team,ウェルネス,p_359b2bcb10ab,147,True
kougoren-summer-2023-boys-team,ウェルネス,p_4b54a1a1ef79,146,True
kougoren-summer-2023-boys-team,ウェルネス,p_421c862c321d,159,False
kougoren-summer-2023-boys-team,関西,p_a7450e0def29,143,True
kougoren-summer-2023-boys-team,関西,p_a976ef0822b9,147,True
kougoren-summer-2023-boys-team,関西,p_cd4dd4c5c596,148,True
kougoren-summer-2023-boys-team,関西,p_4c30ef1665d7,82,False
kougoren-summer-2023-boys-team,関西,p_4448470cb9d6,83,False
kougoren-summer-2023-boys-team,福井工大福井,p_cd83a56a571e,139,True
kougoren-summer-2023-boys-team,福井工大福井,p_f6c1e4b83083,152,True
kougoren-summer-2023-boys-team,福井工大福井,p_2818853ba019,149,True
kougoren-summer-2023-boys-team,福井工大福井,p_b7793ce7745b,151,True
kougoren-summer-2023-boys-team,沖学園,p_8f0f1b22a633,148,True
kougoren-summer-2023-boys-team,沖学園,p_b77993655184,145,True
kougoren-summer-2023-boys-team,沖学園,p_a3055a83363a,153,True
kougoren-summer-2023-boys-team,沖学園,p_f4f16c957650,151,True
kougoren-summer-2023-boys-team,滝川第二,p_04629650bd7d,143,True
kougoren-summer-2023-boys-team,滝川第二,p_803460ca3ee2,150,True
kougoren-summer-2023-boys-team,滝川第二,p_4724802af27b,156,True
kougoren-summer-2023-boys-team,滝川第二,p_9624857481ec,79,False
kougoren-summer-2023-boys-team,滝川第二,p_eaa71aeeb618,71,True
kougoren-summer-2023-boys-team,東北,p_d648574401e8,160,True
kougoren-summer-2023-boys-team,東北,p_219d2c4fc20e,72,True
kougoren-summer-2023-boys-team,東北,p_5f9826789651,140,True
kougoren-summer-2023-boys-team,東北,p_5e936ddeaaee,151,True
kougoren-summer-2023-boys-team,東北,p_383681a34082,78,False
kougoren-summer-2023-boys-team,奈良育英,p_c79c646bc378,165,False
kougoren-summer-2023-boys-team,奈良育英,p_1e3797b345de,,False
kougoren-summer-2023-boys-team,奈良育英,p_7db0a73ed0d3,142,True
kougoren-summer-2023-boys-team,奈良育英,p_75843fb2eccb,153,True
kougoren-summer-2023-boys-team,奈良育英,p_d14b9f205a4f,145,True
kougoren-summer-2023-boys-team,福岡第一,p_71f215dc0adb,153,True
kougoren-summer-2023-boys-team,福岡第一,p_f3abce8b45b4,148,True
kougoren-summer-2023-boys-team,福岡第一,p_cdd99505b93b,151,True
kougoren-summer-2023-boys-team,福岡第一,p_b46d0d7494f3,145,True
kougoren-summer-2023-boys-team,明秀日立,p_6dbaf7c7c431,155,True
kougoren-summer-2023-boys-team,明秀日立,p_d7fc52abd490,160,False
kougoren-summer-2023-boys-team,明秀日立,p_db6e9f10b16a,146,True
kougoren-summer-2023-boys-team,明秀日立,p_3fc2e898819d,142,True
kougoren-summer-2023-boys-team,目黒日大,p_018eb7bb7b57,151,True
kougoren-summer-2023-boys-team,目黒日大,p_7a9332982857,77,False
kougoren-summer-2023-boys-team,目黒日大,p_b5d5859b149e,148,True
kougoren-summer-2023-boys-team,目黒日大,p_1e89d163bf66,144,True
kougoren-summer-2023-boys-team,目黒日大,p_a7ca720c84a3,83,False
kougoren-summer-2023-boys-team,ルネサンス,p_def3f24f4a24,163,False
kougoren-summer-2023-boys-team,ルネサンス,p_3053f34ae4ba,156,True
kougoren-summer-2023-boys-team,ルネサンス,p_879d2689d366,136,True
kougoren-summer-2023-boys-team,ルネサンス,p_546f5162d34b,151,True
kougoren-summer-2023-boys-team,中部大第一,p_a715b8456e79,146,True
kougoren-summer-2023-boys-team,中部大第一,p_8a29d2c37fc5,157,True
kougoren-summer-2023-boys-team,中部大第一,p_179f7ad8f9d6,80,False
kougoren-summer-2023-boys-team,中部大第一,p_62f8d070de73,142,True
kougoren-summer-2023-boys-team,中部大第一,p_9a897a6a356f,78,False
kougoren-summer-2023-boys-team,三重,p_b81e0d175e7e,148,True
kougoren-summer-2023-boys-team,三重,p_a71331d4cdbd,150,True
kougoren-summer-2023-boys-team,三重,p_8abc490f12cd,164,False
kougoren-summer-2023-boys-team,三重,p_f585d642fd1e,147,True
kougoren-summer-2023-boys-team,高知中央,p_106ba4f2eb89,149,True
kougoren-summer-2023-boys-team,高知中央,p_bbd0f729c332,149,True
kougoren-summer-2023-boys-team,高知中央,p_fed2fc9ff9e5,151,True
kougoren-summer-2023-boys-team,高知中央,p_166d479b2d16,154,True
kougoren-summer-2023-boys-team,西武台千葉,p_72753c283d77,139,True
kougoren-summer-2023-boys-team,西武台千葉,p_29d1b4391381,152,True
kougoren-summer-2023-boys-team,西武台千葉,p_3f98c7fe71ab,167,False
kougoren-summer-2023-boys-team,西武台千葉,p_3a8afc409918,155,True
kougoren-summer-2023-boys-team,西武台千葉,p_5a5f9f2b351b,,False
kougoren-summer-2023-boys-team,水戸啓明,p_5bca3f794a2b,147,True
kougoren-summer-2023-boys-team,水戸啓明,p_f17948242832,88,False
kougoren-summer-2023-boys-team,水戸啓明,p_792fb43f3dfc,153,True
kougoren-summer-2023-boys-team,水戸啓明,p_93fbb9613822,150,True
kougoren-summer-2023-boys-team,水戸啓明,p_914dd46004d4,85,False
kougoren-summer-2023-boys-team,四学香川西,p_c4b15aa76e3c,148,True
kougoren-summer-2023-boys-team,四学香川西,p_72cfdc309bed,149,True
kougoren-summer-2023-boys-team,四学香川西,p_3792500949e9,80,True
kougoren-summer-2023-boys-team,四学香川西,p_9a866e83f014,79,False
kougoren-summer-2023-boys-team,四学香川西,p_2711c3d4ac64,161,True
kougoren-summer-2023-boys-team,早稲田実業,p_32b042fd7142,85,False
kougoren-summer-2023-boys-team,早稲田実業,p_6fa14a09686b,157,True
kougoren-summer-2023-boys-team,早稲田実業,p_d94377abe4d6,150,True
kougoren-summer-2023-boys-team,早稲田実業,p_b19876828c13,149,True
kougoren-summer-2023-boys-team,早稲田実業,p_0ed3d60989bf,88,False
kougoren-summer-2023-boys-team,高川学園,p_b5f41bb19871,144,True
kougoren-summer-2023-boys-team,高川学園,p_94fe62448342,,False
kougoren-summer-2023-boys-team,高川学園,p_81df45968b6f,160,True
kougoren-summer-2023-boys-team,高川学園,p_8245505bdd24,153,True
kougoren-summer-2023-boys-team,佐久長聖,p_60494a06869b,163,True
kougoren-summer-2023-boys-team,佐久長聖,p_d17b773bebd7,147,True
kougoren-summer-2023-boys-team,佐久長聖,p_8ae6beb2e67f,89,False
kougoren-summer-2023-boys-team,佐久長聖,p_fa38a9eeddb9,82,False
kougoren-summer-2023-boys-team,佐久長聖,p_09e4d055c79b,150,True
kougoren-summer-2023-boys-team,学法石川,p_97291dbf098f,153,True
kougoren-summer-2023-boys-team,学法石川,p_cd2a5d4dfde2,164,True
kougoren-summer-2023-boys-team,学法石川,p_fd47eb80ee02,88,False
kougoren-summer-2023-boys-team,学法石川,p_40e53e52f239,74,True
kougoren-summer-2023-boys-team,学法石川,p_71327b43f83c,157,True
kougoren-summer-2023-boys-team,千葉学芸,p_75bce31bca8a,158,True
kougoren-summer-2023-boys-team,千葉学芸,p_272aa557f51c,79,True
kougoren-summer-2023-boys-team,千葉学芸,p_c276ebee1654,155,True
kougoren-summer-2023-boys-team,千葉学芸,p_ff63d7d26dd6,148,True
kougoren-summer-2023-boys-team,千葉学芸,p_f5995d2b83e4,104,False
kougoren-summer-2023-boys-team,大阪桐蔭,p_44eb21e8e6e3,157,True
kougoren-summer-2023-boys-team,大阪桐蔭,p_6e28797c40e2,80,False
kougoren-summer-2023-boys-team,大阪桐蔭,p_44ba028ff15c,155,True
kougoren-summer-2023-boys-team,大阪桐蔭,p_d1186e6e17c6,150,True
kougoren-summer-2023-boys-team,大阪桐蔭,p_c76567a15443,81,False
kougoren-summer-2023-boys-team,札幌光星,p_cb829bd6de65,87,False
kougoren-summer-2023-boys-team,札幌光星,p_ba14add791d7,104,False
kougoren-summer-2023-boys-team,札幌光星,p_e7902a3b55d5,157,True
kougoren-summer-2023-boys-team,札幌光星,p_239ffdba2cad,153,True
kougoren-summer-2023-boys-team,札幌光星,p_1ffd6a1fbdce,153,True
kougoren-summer-2023-boys-team,栄徳,p_50cfee56f9f7,174,True
kougoren-summer-2023-boys-team,栄徳,p_4fe619755d4e,93,False
kougoren-summer-2023-boys-team,栄徳,p_4b010e16a39d,143,True
kougoren-summer-2023-boys-team,栄徳,p_bd9693cd137f,149,True
kougoren-summer-2023-boys-team,栄徳,p_7242c13d3825,86,True
kougoren-summer-2023-boys-team,柳ヶ浦,p_76f2ca33d4c0,162,True
kougoren-summer-2023-boys-team,柳ヶ浦,p_cb859e94daa6,156,True
kougoren-summer-2023-boys-team,柳ヶ浦,p_ab3081f39970,167,True
kougoren-summer-2023-boys-team,柳ヶ浦,p_fc01fc98eadc,155,True
kougoren-summer-2023-boys-team,樟南,p_1fd7205b8f08,147,True
kougoren-summer-2023-boys-team,樟南,p_906a4ad84ddf,181,True
kougoren-summer-2023-boys-team,樟南,p_b25cb381544e,150,True
kougoren-summer-2023-boys-team,樟南,p_9b8fbcf0c596,182,True
kougoren-summer-2023-boys-team,駒大苫小牧,p_289b4b8feadc,149,True
kougoren-summer-2023-boys-team,駒大苫小牧,p_7975bdb87980,196,False
kougoren-summer-2023-boys-team,駒大苫小牧,p_5be50f59fcd7,167,True
kougoren-summer-2023-boys-team,駒大苫小牧,p_faf9754a9c43,167,True
kougoren-summer-2023-boys-team,大阪学院大学,p_d825126a127b,,False
kougoren-summer-2023-boys-team,大阪学院大学,p_a53cfd94e6ed,,False
kougoren-summer-2023-boys-team,大阪学院大学,p_93e276a4e26f,,False
kougoren-summer-2023-boys-team,大阪学院大学,p_4e7c28090223,,False
kougoren-summer-2023-boys-team,大阪学院大学,p_50131c3b956b,,False
kougoren-summer-2023-girls-team,日章学園,p_7d6d91ad5aea,131,True
kougoren-summer-2023-girls-team,日章学園,p_23549cffe8eb,146,True
kougoren-summer-2023-girls-team,日章学園,p_24ca7e07ca82,137,True
kougoren-summer-2023-girls-team,日章学園,p_3cafeb2c2e72,137,True
kougoren-summer-2023-girls-team,聖霊,p_81f4373992b9,137,True
kougoren-summer-2023-girls-team,聖霊,p_b56989c09aa3,137,True
kougoren-summer-2023-girls-team,聖霊,p_3ba59568c34a,156,False
kougoren-summer-2023-girls-team,聖霊,p_9bf5bf2b3cb7,142,True
kougoren-summer-2023-girls-team,明秀日立,p_a182bfe88985,138,True
kougoren-summer-2023-girls-team,明秀日立,p_ab11b00dc09d,141,True
kougoren-summer-2023-girls-team,明秀日立,p_ece7c9725290,140,True
kougoren-summer-2023-girls-team,明秀日立,p_6c21c74b6cc0,143,True
kougoren-summer-2023-girls-team,好文学園,p_b9cd64eae388,146,False
kougoren-summer-2023-girls-team,好文学園,p_7456b53ca9c0,140,True
kougoren-summer-2023-girls-team,好文学園,p_49e1acf26c38,137,True
kougoren-summer-2023-girls-team,好文学園,p_1d3d02e31ed3,141,True
kougoren-summer-2023-girls-team,ＥＣＣ学園,p_c7d487f28ae2,145,True
kougoren-summer-2023-girls-team,ＥＣＣ学園,p_afefad5b7aae,136,True
kougoren-summer-2023-girls-team,ＥＣＣ学園,p_4b48f4acba21,138,True
kougoren-summer-2023-girls-team,ＥＣＣ学園,p_c15f3bac6b20,82,False
kougoren-summer-2023-girls-team,沖学園,p_7ffdfb98d52f,140,True
kougoren-summer-2023-girls-team,沖学園,p_707d00ea36ea,141,True
kougoren-summer-2023-girls-team,沖学園,p_8f30fa86e336,142,False
kougoren-summer-2023-girls-team,沖学園,p_ee6c81710171,139,True
kougoren-summer-2023-girls-team,滝川第二,p_8058c022ed49,143,True
kougoren-summer-2023-girls-team,滝川第二,p_79db46374779,73,True
kougoren-summer-2023-girls-team,滝川第二,p_80610e21f296,73,False
kougoren-summer-2023-girls-team,滝川第二,p_749032f7d7b8,138,True
kougoren-summer-2023-girls-team,滝川第二,p_178dcd447ef8,141,True
kougoren-summer-2023-girls-team,ルネサンス大阪,p_59644ea9b5da,143,True
kougoren-summer-2023-girls-team,ルネサンス大阪,p_0f24f9d5b58a,154,False
kougoren-summer-2023-girls-team,ルネサンス大阪,p_eace10b62647,140,True
kougoren-summer-2023-girls-team,ルネサンス大阪,p_df6ffed4c1eb,139,True
kougoren-summer-2023-girls-team,奈良育英,p_e7f7585d2198,141,True
kougoren-summer-2023-girls-team,奈良育英,p_7324ad4cf33f,144,True
kougoren-summer-2023-girls-team,奈良育英,p_14785c08bdb9,76,False
kougoren-summer-2023-girls-team,奈良育英,p_7cd4779f8ad6,73,False
kougoren-summer-2023-girls-team,奈良育英,p_0f7879aa2fb2,141,True
kougoren-summer-2023-girls-team,ルネサンス,p_3d164103f67c,153,True
kougoren-summer-2023-girls-team,ルネサンス,p_514cbb0bece9,148,True
kougoren-summer-2023-girls-team,ルネサンス,p_334b18d2f796,141,True
kougoren-summer-2023-girls-team,ルネサンス,p_48f6198a7f9f,139,True
kougoren-summer-2023-girls-team,共立女子第二,p_28b2e59ee9b5,137,True
kougoren-summer-2023-girls-team,共立女子第二,p_639e46eb935a,146,True
kougoren-summer-2023-girls-team,共立女子第二,p_cd093d70a8da,146,True
kougoren-summer-2023-girls-team,共立女子第二,p_b05e13d360be,157,False
kougoren-summer-2023-girls-team,千葉黎明,p_b377780347f3,75,False
kougoren-summer-2023-girls-team,千葉黎明,p_d1a9df45d016,144,True
kougoren-summer-2023-girls-team,千葉黎明,p_a3fb3120d4c2,144,True
kougoren-summer-2023-girls-team,千葉黎明,p_45d8f3f19285,142,True
kougoren-summer-2023-girls-team,東北,p_9fb05ff58aaf,140,True
kougoren-summer-2023-girls-team,東北,p_c83df2ac82c8,79,False
kougoren-summer-2023-girls-team,東北,p_77eef2f34b61,150,True
kougoren-summer-2023-girls-team,東北,p_723505c28ac8,76,True
kougoren-summer-2023-girls-team,東北,p_8957b7305de5,146,True
kougoren-summer-2023-girls-team,埼玉栄,p_94310d8d9ea9,154,True
kougoren-summer-2023-girls-team,埼玉栄,p_cf6b21900e43,142,True
kougoren-summer-2023-girls-team,埼玉栄,p_877fc2e1cb34,143,True
kougoren-summer-2023-girls-team,埼玉栄,p_651cd183a45e,149,True
kougoren-summer-2023-girls-team,ウェルネス,p_1b269c69f17e,157,False
kougoren-summer-2023-girls-team,ウェルネス,p_bd987b01435b,141,True
kougoren-summer-2023-girls-team,ウェルネス,p_c558c01f1c0d,140,True
kougoren-summer-2023-girls-team,ウェルネス,p_60b08903561d,153,True
kougoren-summer-2023-girls-team,明徳義塾,p_9b569e2efdf8,144,True
kougoren-summer-2023-girls-team,明徳義塾,p_541a9497dc0a,143,True
kougoren-summer-2023-girls-team,明徳義塾,p_39d34683fa12,147,True
kougoren-summer-2023-girls-team,明徳義塾,p_c405186693bd,79,False
kougoren-summer-2023-girls-team,エナジック,p_cb2da0893c43,152,True
kougoren-summer-2023-girls-team,エナジック,p_64f7f382606b,146,True
kougoren-summer-2023-girls-team,エナジック,p_36d9971721e4,143,True
kougoren-summer-2023-girls-team,エナジック,p_5e1bdea73025,149,True
kougoren-summer-2023-girls-team,熊本国府,p_102fd6414193,145,True
kougoren-summer-2023-girls-team,熊本国府,p_7fdcc08582a3,151,True
kougoren-summer-2023-girls-team,熊本国府,p_24fd520f7e82,74,True
kougoren-summer-2023-girls-team,熊本国府,p_6b8d03f97758,143,True
kougoren-summer-2023-girls-team,誉,p_29192fec6536,144,True
kougoren-summer-2023-girls-team,誉,p_8a48a962ed73,150,True
kougoren-summer-2023-girls-team,誉,p_acc1b0cfdb1a,157,False
kougoren-summer-2023-girls-team,誉,p_c0bfbb21116f,144,True
kougoren-summer-2023-girls-team,誉,p_f599c5c151d2,,False
kougoren-summer-2023-girls-team,第一薬科大付,p_d369c9c229dd,152,True
kougoren-summer-2023-girls-team,第一薬科大付,p_06e43dc8d586,147,True
kougoren-summer-2023-girls-team,第一薬科大付,p_75e3cb3aaf82,139,True
kougoren-summer-2023-girls-team,第一薬科大付,p_087c2d86b6b8,80,False
kougoren-summer-2023-girls-team,第一薬科大付,p_c92c9eab61b8,80,False
kougoren-summer-2023-girls-team,大阪桐蔭,p_2f0d5dfc872d,145,True
kougoren-summer-2023-girls-team,大阪桐蔭,p_0112f750997d,155,True
kougoren-summer-2023-girls-team,大阪桐蔭,p_0ff67db8c53d,156,False
kougoren-summer-2023-girls-team,大阪桐蔭,p_c020e4ba41cc,140,True
kougoren-summer-2023-girls-team,岡山理大附,p_49a55ecd22ca,151,True
kougoren-summer-2023-girls-team,岡山理大附,p_13a3acfb2f5a,146,True
kougoren-summer-2023-girls-team,岡山理大附,p_22e08e623ca7,150,True
kougoren-summer-2023-girls-team,岡山理大附,p_f6bc81eed66e,145,True
kougoren-summer-2023-girls-team,柳ヶ浦,p_097e5f666547,150,True
kougoren-summer-2023-girls-team,柳ヶ浦,p_c66e68679dd8,146,True
kougoren-summer-2023-girls-team,柳ヶ浦,p_83cf465f7e18,151,True
kougoren-summer-2023-girls-team,柳ヶ浦,p_020c7523a557,147,True
kougoren-summer-2023-girls-team,福井工大福井,p_13a5459aff60,146,True
kougoren-summer-2023-girls-team,福井工大福井,p_1530754fdb14,157,True
kougoren-summer-2023-girls-team,福井工大福井,p_bee209bb4eef,144,True
kougoren-summer-2023-girls-team,福井工大福井,p_64940be2493b,156,True
kougoren-summer-2023-girls-team,開志国際,p_a2dbca258af4,147,True
kougoren-summer-2023-girls-team,開志国際,p_adbde600e227,157,True
kougoren-summer-2023-girls-team,開志国際,p_832cc94fef2a,139,True
kougoren-summer-2023-girls-team,津田学園,p_ee149d85f2df,147,True
kougoren-summer-2023-girls-team,津田学園,p_6aec2b82632c,144,True
kougoren-summer-2023-girls-team,津田学園,p_4dde8dd1c885,154,True
kougoren-summer-2023-girls-team,高川学園,p_6f31e27407be,146,True
kougoren-summer-2023-girls-team,高川学園,p_25377319dcf5,154,True
kougoren-summer-2023-girls-team,高川学園,p_5508c3d4c4eb,157,True
kougoren-summer-2023-girls-team,高川学園,p_2eadff96973a,151,True
kougoren-summer-2023-girls-team,岐阜聖徳学園,p_42d7483aee6e,77,True
kougoren-summer-2023-girls-team,岐阜聖徳学園,p_060efe2a875a,157,True
kougoren-summer-2023-girls-team,岐阜聖徳学園,p_e71d78c07103,146,True
kougoren-summer-2023-girls-team,岐阜聖徳学園,p_65add199d8b2,149,True
kougoren-summer-2023-girls-team,目黒日大,p_743d7a90e4f8,140,True
kougoren-summer-2023-girls-team,目黒日大,p_076c0aaed9c8,165,True
kougoren-summer-2023-girls-team,目黒日大,p_30ead3061194,146,True
kougoren-summer-2023-girls-team,作陽学園,p_352b8addc24d,148,True
kougoren-summer-2023-girls-team,作陽学園,p_f5da61efd010,153,True
kougoren-summer-2023-girls-team,作陽学園,p_9d453d9c01fb,79,False
kougoren-summer-2023-girls-team,作陽学園,p_cd334a563a4e,156,True
kougoren-summer-2023-girls-team,作陽学園,p_0afe9a45804e,80,False
kougoren-summer-2023-girls-team,四学香川西,p_32a4ff9a2c1c,140,True
kougoren-summer-2023-girls-team,四学香川西,p_b81203957a73,155,True
kougoren-summer-2023-girls-team,四学香川西,p_f23ec43efaf6,162,True
kougoren-summer-2023-girls-team,四学香川西,p_5c86d778864a,,False
kougoren-summer-2023-girls-team,四学香川西,p_bc6ff9c4f0b1,167,False
kougoren-summer-2023-girls-team,佐久長聖,p_9e6daeb105d7,153,True
kougoren-summer-2023-girls-team,佐久長聖,p_5016b4d8357b,148,True
kougoren-summer-2023-girls-team,佐久長聖,p_65bcb1c834f9,81,False
kougoren-summer-2023-girls-team,佐久長聖,p_0554c60e64c1,164,True
kougoren-summer-2023-girls-team,佐久長聖,p_68286eaec266,78,True
kougoren-summer-2023-girls-team,日体大荏原,p_2cdf93cfeec7,160,True
kougoren-summer-2023-girls-team,日体大荏原,p_f931d4b3fc57,171,False
kougoren-summer-2023-girls-team,日体大荏原,p_c48e5229fe88,143,True
kougoren-summer-2023-girls-team,日体大荏原,p_9a42266fc482,158,True
kougoren-summer-2023-girls-team,日体大荏原,p_1442ab2b61cf,,False
kougoren-summer-2023-girls-team,高知中央,p_4c9cade9037b,149,True
kougoren-summer-2023-girls-team,高知中央,p_1d635bd24b32,156,True
kougoren-summer-2023-girls-team,高知中央,p_021b4c31a087,161,True
kougoren-summer-2023-girls-team,高知中央,p_fc1a3d799932,159,True
kougoren-summer-2023-girls-team,北海学園,p_28904d7f29d5,153,True
kougoren-summer-2023-girls-team,北海学園,p_6423f90a4942,161,True
kougoren-summer-2023-girls-team,北海学園,p_01f21fe485f4,163,True
kougoren-summer-2023-girls-team,盛岡中央,p_07669e46b0d3,166,True
kougoren-summer-2023-girls-team,盛岡中央,p_a4812296233e,154,True
kougoren-summer-2023-girls-team,盛岡中央,p_c58a7b50d4da,161,True
kougoren-summer-2023-girls-team,盛岡中央,p_3da47f36fab4,165,True
kougoren-summer-2024-boys-team,千葉黎明,p_a384aa206b2e,40,False
kougoren-summer-2024-boys-team,千葉黎明,p_960f3b1a529c,69,True
kougoren-summer-2024-boys-team,千葉黎明,p_5a0fb3bde7ee,38,False
kougoren-summer-2024-boys-team,千葉黎明,p_e5c310df61d9,69,True
kougoren-summer-2024-boys-team,千葉黎明,p_30a9c5afa6af,67,True
kougoren-summer-2024-boys-team,興國,p_7a5468c416b9,65,True
kougoren-summer-2024-boys-team,興國,p_6dd5591645cf,74,True
kougoren-summer-2024-boys-team,興國,p_46aace4d7844,72,True
kougoren-summer-2024-boys-team,興國,p_f59758657549,71,True
kougoren-summer-2024-boys-team,興國,p_f3e691d94880,,False
kougoren-summer-2024-boys-team,沖学園,p_b77993655184,72,True
kougoren-summer-2024-boys-team,沖学園,p_a3055a83363a,85,False
kougoren-summer-2024-boys-team,沖学園,p_f4f16c957650,70,True
kougoren-summer-2024-boys-team,沖学園,p_a6cd244068ba,65,True
kougoren-summer-2024-boys-team,日章学園,p_4b61e36993d7,73,True
kougoren-summer-2024-boys-team,日章学園,p_e8d18b80e595,73,True
kougoren-summer-2024-boys-team,日章学園,p_3d049e44ac38,69,True
kougoren-summer-2024-boys-team,日章学園,p_417b499a6f29,71,True
kougoren-summer-2024-boys-team,大阪学院大学,p_93e276a4e26f,69,True
kougoren-summer-2024-boys-team,大阪学院大学,p_496a5e3cbb35,38,False
kougoren-summer-2024-boys-team,大阪学院大学,p_fb9e04716073,74,True
kougoren-summer-2024-boys-team,大阪学院大学,p_50131c3b956b,36,True
kougoren-summer-2024-boys-team,大阪学院大学,p_58a18642a4f4,69,True
kougoren-summer-2024-boys-team,三重,p_23f9066849f7,70,True
kougoren-summer-2024-boys-team,三重,p_8abc490f12cd,75,True
kougoren-summer-2024-boys-team,三重,p_a71331d4cdbd,77,False
kougoren-summer-2024-boys-team,三重,p_b81e0d175e7e,68,True
kougoren-summer-2024-boys-team,埼玉栄,p_c901fcbc9ee5,70,True
kougoren-summer-2024-boys-team,埼玉栄,p_10c119b31a15,73,True
kougoren-summer-2024-boys-team,埼玉栄,p_9bbe62441b1a,70,True
kougoren-summer-2024-boys-team,埼玉栄,p_38981dbdc223,39,True
kougoren-summer-2024-boys-team,埼玉栄,p_0626cf54afc3,39,False
kougoren-summer-2024-boys-team,開志国際,p_ef8a87f9222f,77,True
kougoren-summer-2024-boys-team,開志国際,p_f3ada79d8ebe,75,True
kougoren-summer-2024-boys-team,開志国際,p_48d0494b0fd6,72,True
kougoren-summer-2024-boys-team,開志国際,p_d48d8021b1f9,67,True
kougoren-summer-2024-boys-team,開志国際,p_85151168fe7d,,False
kougoren-summer-2024-boys-team,東大阪大柏原,p_eb8e817b9057,73,True
kougoren-summer-2024-boys-team,東大阪大柏原,p_0876153fcdc9,38,True
kougoren-summer-2024-boys-team,東大阪大柏原,p_1638dea067c4,78,True
kougoren-summer-2024-boys-team,東大阪大柏原,p_fc7f3f269a1c,63,True
kougoren-summer-2024-boys-team,東大阪大柏原,p_3208daf7eecc,42,False
kougoren-summer-2024-boys-team,作新学院,p_ad609df05fee,73,True
kougoren-summer-2024-boys-team,作新学院,p_638eb26731e3,70,True
kougoren-summer-2024-boys-team,作新学院,p_10189063f636,76,True
kougoren-summer-2024-boys-team,作新学院,p_695f8ecc3c45,38,True
kougoren-summer-2024-boys-team,作新学院,p_6cd6c4a894be,38,True
kougoren-summer-2024-boys-team,代々木,p_cb282cb10ede,37,True
kougoren-summer-2024-boys-team,代々木,p_287b1c7796d0,40,False
kougoren-summer-2024-boys-team,代々木,p_682391911107,71,True
kougoren-summer-2024-boys-team,代々木,p_8fba978017e0,73,True
kougoren-summer-2024-boys-team,代々木,p_1bcba2d58ec2,72,True
kougoren-summer-2024-boys-team,柳ヶ浦,p_cb859e94daa6,66,True
kougoren-summer-2024-boys-team,柳ヶ浦,p_2fcfec474e0a,82,False
kougoren-summer-2024-boys-team,柳ヶ浦,p_36147e627394,74,True
kougoren-summer-2024-boys-team,柳ヶ浦,p_dc89263d9283,76,True
kougoren-summer-2024-boys-team,岐阜聖徳学園,p_867743227469,70,True
kougoren-summer-2024-boys-team,岐阜聖徳学園,p_e1ec3fb6a831,39,False
kougoren-summer-2024-boys-team,岐阜聖徳学園,p_9aa48c696a56,38,False
kougoren-summer-2024-boys-team,岐阜聖徳学園,p_88591d7275bb,72,True
kougoren-summer-2024-boys-team,岐阜聖徳学園,p_fb0d11a190f3,75,True
kougoren-summer-2024-boys-team,栄徳,p_4b010e16a39d,70,True
kougoren-summer-2024-boys-team,栄徳,p_dfec56160b36,,False
kougoren-summer-2024-boys-team,栄徳,p_bd9693cd137f,72,True
kougoren-summer-2024-boys-team,栄徳,p_1210617cacd5,75,True
kougoren-summer-2024-boys-team,栄徳,p_59117c3d5dca,82,False
kougoren-summer-2024-boys-team,高知中央,p_106ba4f2eb89,36,False
kougoren-summer-2024-boys-team,高知中央,p_bbd0f729c332,71,True
kougoren-summer-2024-boys-team,高知中央,p_fed2fc9ff9e5,77,True
kougoren-summer-2024-boys-team,高知中央,p_166d479b2d16,71,True
kougoren-summer-2024-boys-team,高知中央,p_2a0cbb474f0a,41,True
kougoren-summer-2024-boys-team,作陽学園,p_33bd629728d0,71,True
kougoren-summer-2024-boys-team,作陽学園,p_3d6d81af48f4,40,False
kougoren-summer-2024-boys-team,作陽学園,p_864d4d7cda15,73,True
kougoren-summer-2024-boys-team,作陽学園,p_a76aee3d91c0,38,True
kougoren-summer-2024-boys-team,作陽学園,p_1cc2545643f4,76,True
kougoren-summer-2024-boys-team,佐野日大,p_a57a2f86ff9f,72,True
kougoren-summer-2024-boys-team,佐野日大,p_f953babce395,35,True
kougoren-summer-2024-boys-team,佐野日大,p_00e91cfe7a79,80,False
kougoren-summer-2024-boys-team,佐野日大,p_6396fd94a35d,75,True
kougoren-summer-2024-boys-team,佐野日大,p_435183ba6ce8,37,True
kougoren-summer-2024-boys-team,水戸啓明,p_f17948242832,81,True
kougoren-summer-2024-boys-team,水戸啓明,p_93fbb9613822,71,True
kougoren-summer-2024-boys-team,水戸啓明,p_914dd46004d4,76,True
kougoren-summer-2024-boys-team,水戸啓明,p_5bca3f794a2b,74,True
kougoren-summer-2024-boys-team,目黒日大,p_7a9332982857,74,True
kougoren-summer-2024-boys-team,目黒日大,p_018eb7bb7b57,83,True
kougoren-summer-2024-boys-team,目黒日大,p_1f26259b8d0b,,False
kougoren-summer-2024-boys-team,目黒日大,p_a7ca720c84a3,74,True
kougoren-summer-2024-boys-team,目黒日大,p_b5d5859b149e,74,True
kougoren-summer-2024-boys-team,中部大第一,p_62f8d070de73,75,True
kougoren-summer-2024-boys-team,中部大第一,p_9a897a6a356f,74,True
kougoren-summer-2024-boys-team,中部大第一,p_1af779fe2521,75,True
kougoren-summer-2024-boys-team,中部大第一,p_19a270a0eeed,39,True
kougoren-summer-2024-boys-team,中部大第一,p_8a29d2c37fc5,37,True
kougoren-summer-2024-boys-team,ルネサンス,p_546f5162d34b,76,True
kougoren-summer-2024-boys-team,ルネサンス,p_def3f24f4a24,78,True
kougoren-summer-2024-boys-team,ルネサンス,p_879d2689d366,74,True
kougoren-summer-2024-boys-team,ルネサンス,p_9ac6477327b5,72,True
kougoren-summer-2024-boys-team,東北,p_219d2c4fc20e,38,True
kougoren-summer-2024-boys-team,東北,p_d648574401e8,80,True
kougoren-summer-2024-boys-team,東北,p_8afe7e2626f0,72,True
kougoren-summer-2024-boys-team,東北,p_55cd66805551,37,True
kougoren-summer-2024-boys-team,東北,p_a8271f55de68,77,True
kougoren-summer-2024-boys-team,日ノ本学園,p_c3f6d8ef99ff,72,True
kougoren-summer-2024-boys-team,日ノ本学園,p_9067dac8674a,43,False
kougoren-summer-2024-boys-team,日ノ本学園,p_b5edbddadafc,74,True
kougoren-summer-2024-boys-team,日ノ本学園,p_1b03cfa34604,39,False
kougoren-summer-2024-boys-team,日ノ本学園,p_5b4a001e91fc,76,True
kougoren-summer-2024-boys-team,明大八王子,p_62e68c89b68a,82,True
kougoren-summer-2024-boys-team,明大八王子,p_6b3277f120a2,99,False
kougoren-summer-2024-boys-team,明大八王子,p_934b95348245,69,True
kougoren-summer-2024-boys-team,明大八王子,p_4820c4a20cca,71,True
kougoren-summer-2024-boys-team,明大八王子,p_4a2a4fb50295,,False
kougoren-summer-2024-boys-team,ウェルネス,p_4b54a1a1ef79,66,True
kougoren-summer-2024-boys-team,ウェルネス,p_421c862c321d,43,False
kougoren-summer-2024-boys-team,ウェルネス,p_a57cfe0c3a51,77,True
kougoren-summer-2024-boys-team,ウェルネス,p_2a74a826b47c,42,False
kougoren-summer-2024-boys-team,ウェルネス,p_a00dd3471824,80,True
kougoren-summer-2024-boys-team,佐久長聖,p_c02e72bf0f56,77,True
kougoren-summer-2024-boys-team,佐久長聖,p_fa38a9eeddb9,39,False
kougoren-summer-2024-boys-team,佐久長聖,p_09e4d055c79b,80,True
kougoren-summer-2024-boys-team,佐久長聖,p_5d9ef38389c2,73,True
kougoren-summer-2024-boys-team,佐久長聖,p_eb4b5d7e3fe1,36,True
kougoren-summer-2024-boys-team,大阪桐蔭,p_cec6de9b8cff,76,True
kougoren-summer-2024-boys-team,大阪桐蔭,p_44eb21e8e6e3,75,True
kougoren-summer-2024-boys-team,大阪桐蔭,p_cc9d3dab077a,74,True
kougoren-summer-2024-boys-team,札幌光星,p_239ffdba2cad,77,True
kougoren-summer-2024-boys-team,札幌光星,p_e7902a3b55d5,77,True
kougoren-summer-2024-boys-team,札幌光星,p_1ffd6a1fbdce,73,True
kougoren-summer-2024-boys-team,札幌光星,p_bb1d99c85d01,39,True
kougoren-summer-2024-boys-team,札幌光星,p_23bca0d67f31,40,False
kougoren-summer-2024-boys-team,福岡第一,p_f3abce8b45b4,72,True
kougoren-summer-2024-boys-team,福岡第一,p_cdd99505b93b,78,True
kougoren-summer-2024-boys-team,福岡第一,p_e6a6ce927ecc,89,False
kougoren-summer-2024-boys-team,福岡第一,p_6488c0ce96f2,76,True
kougoren-summer-2024-boys-team,明徳義塾,p_1d4d1088a115,39,True
kougoren-summer-2024-boys-team,明徳義塾,p_e02f0b75ca41,80,True
kougoren-summer-2024-boys-team,明徳義塾,p_e046340bc5b5,41,False
kougoren-summer-2024-boys-team,明徳義塾,p_afd14f62f07a,72,True
kougoren-summer-2024-boys-team,明徳義塾,p_c76eb79f5e09,76,True
kougoren-summer-2024-boys-team,八戸光星,p_6410ae848361,77,True
kougoren-summer-2024-boys-team,八戸光星,p_c74642b46a6d,76,True
kougoren-summer-2024-boys-team,八戸光星,p_192c959e1301,44,False
kougoren-summer-2024-boys-team,八戸光星,p_b22173cc5b66,79,True
kougoren-summer-2024-boys-team,八戸光星,p_215fe5d3ac83,40,True
kougoren-summer-2024-boys-team,関西,p_4c30ef1665d7,77,True
kougoren-summer-2024-boys-team,関西,p_ce7d046256cf,79,True
kougoren-summer-2024-boys-team,関西,p_72db5a47fd24,75,True
kougoren-summer-2024-boys-team,関西,p_1eea717174a5,44,False
kougoren-summer-2024-boys-team,関西,p_8fa03cff7bf1,40,False
kougoren-summer-2024-boys-team,広島国際学院,p_8d9c836d6591,76,True
kougoren-summer-2024-boys-team,広島国際学院,p_ec1f839b2728,71,True
kougoren-summer-2024-boys-team,広島国際学院,p_db439ed023d0,87,True
kougoren-summer-2024-boys-team,広島国際学院,p_495e52695a19,85,True
kougoren-summer-2024-boys-team,拓大紅陵,p_256535f5008f,77,True
kougoren-summer-2024-boys-team,拓大紅陵,p_6913255876ff,92,False
kougoren-summer-2024-boys-team,拓大紅陵,p_1ceaf7db253d,81,True
kougoren-summer-2024-boys-team,拓大紅陵,p_3bad7f2103cf,,False
kougoren-summer-2024-boys-team,拓大紅陵,p_383211dd9918,81,True
kougoren-summer-2024-boys-team,愛工大名電,p_d12717e94987,77,True
kougoren-summer-2024-boys-team,愛工大名電,p_dab88686d3b2,83,True
kougoren-summer-2024-boys-team,愛工大名電,p_9bdc91ae3a8a,87,True
kougoren-summer-2024-boys-team,愛工大名電,p_9d9237901a5d,81,True
kougoren-summer-2024-boys-team,駒大苫小牧,p_5be50f59fcd7,78,True
kougoren-summer-2024-boys-team,駒大苫小牧,p_27465782b217,125,False
kougoren-summer-2024-boys-team,駒大苫小牧,p_faf9754a9c43,78,True
kougoren-summer-2024-boys-team,駒大苫小牧,p_62ee23bebe32,92,True
kougoren-summer-2024-boys-team,津田学園,p_0441143668cf,89,True
kougoren-summer-2024-boys-team,津田学園,p_ac008408f80b,94,True
kougoren-summer-2024-boys-team,津田学園,p_e564c4eaa789,74,True
kougoren-summer-2024-girls-team,大阪桐蔭,p_6da6bd5e2422,65,True
kougoren-summer-2024-girls-team,大阪桐蔭,p_d513047c765b,69,True
kougoren-summer-2024-girls-team,大阪桐蔭,p_b333a6e1b497,74,True
kougoren-summer-2024-girls-team,大阪桐蔭,p_34367665cc28,72,True
kougoren-summer-2024-girls-team,ルネサンス大阪,p_b985391a9e17,75,True
kougoren-summer-2024-girls-team,ルネサンス大阪,p_819200456317,70,True
kougoren-summer-2024-girls-team,ルネサンス大阪,p_59644ea9b5da,74,True
kougoren-summer-2024-girls-team,ルネサンス大阪,p_eace10b62647,63,True
kougoren-summer-2024-girls-team,生光学園,p_d81636ee30c8,68,True
kougoren-summer-2024-girls-team,生光学園,p_337fbda9a2c4,72,True
kougoren-summer-2024-girls-team,生光学園,p_f9c6dfb74262,74,True
kougoren-summer-2024-girls-team,生光学園,p_162e1defbd9b,69,True
kougoren-summer-2024-girls-team,エナジック,p_64f7f382606b,69,True
kougoren-summer-2024-girls-team,エナジック,p_36d9971721e4,72,True
kougoren-summer-2024-girls-team,エナジック,p_a4eae45f14e6,,False
kougoren-summer-2024-girls-team,エナジック,p_165f2e716676,68,True
kougoren-summer-2024-girls-team,エナジック,p_0fcd068d09e4,75,True
kougoren-summer-2024-girls-team,沖学園,p_d366ed920ed1,76,False
kougoren-summer-2024-girls-team,沖学園,p_8f30fa86e336,69,True
kougoren-summer-2024-girls-team,沖学園,p_707d00ea36ea,66,True
kougoren-summer-2024-girls-team,沖学園,p_ee6c81710171,73,True
kougoren-summer-2024-girls-team,奈良育英,p_7cd4779f8ad6,68,True
kougoren-summer-2024-girls-team,奈良育英,p_0f7879aa2fb2,76,True
kougoren-summer-2024-girls-team,奈良育英,p_14785c08bdb9,69,True
kougoren-summer-2024-girls-team,奈良育英,p_82f644e6aac5,36,True
kougoren-summer-2024-girls-team,奈良育英,p_a65b488a89d1,37,False
kougoren-summer-2024-girls-team,ウェルネス,p_c558c01f1c0d,69,True
kougoren-summer-2024-girls-team,ウェルネス,p_4cc240ae5c16,73,True
kougoren-summer-2024-girls-team,ウェルネス,p_1aac75074fbd,74,True
kougoren-summer-2024-girls-team,ウェルネス,p_e9ab53306479,72,True
kougoren-summer-2024-girls-team,埼玉栄,p_cf6b21900e43,73,True
kougoren-summer-2024-girls-team,埼玉栄,p_94310d8d9ea9,74,True
kougoren-summer-2024-girls-team,埼玉栄,p_651cd183a45e,69,True
kougoren-summer-2024-girls-team,埼玉栄,p_df01c3468ae5,36,True
kougoren-summer-2024-girls-team,埼玉栄,p_61687d2e02ef,33,True
kougoren-summer-2024-girls-team,日章学園,p_23549cffe8eb,72,True
kougoren-summer-2024-girls-team,日章学園,p_397980d3d041,74,True
kougoren-summer-2024-girls-team,日章学園,p_600c5b641e40,72,True
kougoren-summer-2024-girls-team,日章学園,p_24ca7e07ca82,68,True
kougoren-summer-2024-girls-team,共立女子第二,p_639e46eb935a,34,True
kougoren-summer-2024-girls-team,共立女子第二,p_cd093d70a8da,73,True
kougoren-summer-2024-girls-team,共立女子第二,p_28b2e59ee9b5,70,True
kougoren-summer-2024-girls-team,共立女子第二,p_76565dd601a5,41,False
kougoren-summer-2024-girls-team,共立女子第二,p_db87158769c4,71,True
kougoren-summer-2024-girls-team,中部大第一,p_17717826902f,72,True
kougoren-summer-2024-girls-team,中部大第一,p_57ba0b858ebc,68,True
kougoren-summer-2024-girls-team,中部大第一,p_667b78008a97,73,True
kougoren-summer-2024-girls-team,中部大第一,p_0e0a6d77ea9a,72,True
kougoren-summer-2024-girls-team,中部大第一,p_ff7b2ddc665f,,False
kougoren-summer-2024-girls-team,ＥＣＣ学園,p_a193a13f27e9,70,True
kougoren-summer-2024-girls-team,ＥＣＣ学園,p_0cce52b6e4a1,75,True
kougoren-summer-2024-girls-team,ＥＣＣ学園,p_141d8fea9cfe,,False
kougoren-summer-2024-girls-team,ＥＣＣ学園,p_1927add38583,73,True
kougoren-summer-2024-girls-team,ＥＣＣ学園,p_3dc66c7b80da,70,True
kougoren-summer-2024-girls-team,滝川第二,p_749032f7d7b8,69,True
kougoren-summer-2024-girls-team,滝川第二,p_1fedd8d3c221,74,True
kougoren-summer-2024-girls-team,滝川第二,p_3ca577aca71f,71,True
kougoren-summer-2024-girls-team,滝川第二,p_4ddc0b759977,37,True
kougoren-summer-2024-girls-team,滝川第二,p_178dcd447ef8,46,False
kougoren-summer-2024-girls-team,ルネサンス,p_334b18d2f796,73,True
kougoren-summer-2024-girls-team,ルネサンス,p_9f8c3ad75ba3,67,True
kougoren-summer-2024-girls-team,ルネサンス,p_1bdfdba18316,75,True
kougoren-summer-2024-girls-team,ルネサンス,p_a4efaf2c840b,78,True
kougoren-summer-2024-girls-team,福井工大福井,p_713dd75a963a,75,False
kougoren-summer-2024-girls-team,福井工大福井,p_bee209bb4eef,72,True
kougoren-summer-2024-girls-team,福井工大福井,p_64940be2493b,,False
kougoren-summer-2024-girls-team,福井工大福井,p_a1345285f626,71,True
kougoren-summer-2024-girls-team,福井工大福井,p_65d8c5f019bb,72,True
kougoren-summer-2024-girls-team,誉,p_f599c5c151d2,80,False
kougoren-summer-2024-girls-team,誉,p_2293d72baf9f,70,True
kougoren-summer-2024-girls-team,誉,p_c0bfbb21116f,72,True
kougoren-summer-2024-girls-team,誉,p_acc1b0cfdb1a,74,True
kougoren-summer-2024-girls-team,大分,p_e1a27e5f367b,70,True
kougoren-summer-2024-girls-team,大分,p_c1234ff8b628,73,True
kougoren-summer-2024-girls-team,大分,p_6f6e8e2a7cea,83,True
kougoren-summer-2024-girls-team,大分,p_788733a3dbf6,73,True
kougoren-summer-2024-girls-team,第一薬科大付,p_06e43dc8d586,74,True
kougoren-summer-2024-girls-team,第一薬科大付,p_087c2d86b6b8,75,True
kougoren-summer-2024-girls-team,第一薬科大付,p_9e4df7b0b064,72,True
kougoren-summer-2024-girls-team,第一薬科大付,p_676ea2696d5a,72,True
kougoren-summer-2024-girls-team,佐野日大,p_d7a0265f76e2,70,True
kougoren-summer-2024-girls-team,佐野日大,p_06d148316f85,76,True
kougoren-summer-2024-girls-team,佐野日大,p_328e71ef66c6,72,True
kougoren-summer-2024-girls-team,佐野日大,p_26018d8e7787,76,True
kougoren-summer-2024-girls-team,佐野日大,p_976bf2e86a3b,,False
kougoren-summer-2024-girls-team,千葉黎明,p_d1a9df45d016,72,True
kougoren-summer-2024-girls-team,千葉黎明,p_351b2a8e31f0,74,True
kougoren-summer-2024-girls-team,千葉黎明,p_a3fb3120d4c2,73,True
kougoren-summer-2024-girls-team,千葉黎明,p_9eb27ca5bd00,39,False
kougoren-summer-2024-girls-team,千葉黎明,p_71d0693003db,37,True
kougoren-summer-2024-girls-team,ルネサンス豊田,p_4ee0b2f610f5,74,True
kougoren-summer-2024-girls-team,ルネサンス豊田,p_b35c69b4b1eb,74,True
kougoren-summer-2024-girls-team,ルネサンス豊田,p_49c9c1c8baf2,76,True
kougoren-summer-2024-girls-team,ルネサンス豊田,p_44dc112d0688,72,True
kougoren-summer-2024-girls-team,岡山理大附,p_22e08e623ca7,35,True
kougoren-summer-2024-girls-team,岡山理大附,p_aac75e397fae,46,False
kougoren-summer-2024-girls-team,岡山理大附,p_ff5bd5250f1d,74,True
kougoren-summer-2024-girls-team,岡山理大附,p_82fe45d98c26,81,True
kougoren-summer-2024-girls-team,岡山理大附,p_4db02e02dfe2,71,True
kougoren-summer-2024-girls-team,日ノ本学園,p_3b82819554f8,72,True
kougoren-summer-2024-girls-team,日ノ本学園,p_7c3971b6a192,41,False
kougoren-summer-2024-girls-team,日ノ本学園,p_efcdf1178614,75,True
kougoren-summer-2024-girls-team,日ノ本学園,p_0935e9ee882f,37,True
kougoren-summer-2024-girls-team,日ノ本学園,p_a340f72cdccb,75,True
kougoren-summer-2024-girls-team,開志国際,p_adbde600e227,74,True
kougoren-summer-2024-girls-team,開志国際,p_badf11f3766a,76,True
kougoren-summer-2024-girls-team,開志国際,p_4b67ee61cc40,85,False
kougoren-summer-2024-girls-team,開志国際,p_a2dbca258af4,70,True
kougoren-summer-2024-girls-team,開志国際,p_85826f911a0b,,False
kougoren-summer-2024-girls-team,拓大紅陵,p_beedf1c32727,78,True
kougoren-summer-2024-girls-team,拓大紅陵,p_f15552e3628f,80,True
kougoren-summer-2024-girls-team,拓大紅陵,p_cbd41accd89d,72,True
kougoren-summer-2024-girls-team,拓大紅陵,p_a8ef8de036cc,73,True
kougoren-summer-2024-girls-team,拓大紅陵,p_f934893a76db,,False
kougoren-summer-2024-girls-team,日体大荏原,p_57cc9a24c4c4,69,True
kougoren-summer-2024-girls-team,日体大荏原,p_f931d4b3fc57,80,True
kougoren-summer-2024-girls-team,日体大荏原,p_e232df3fdae1,72,True
kougoren-summer-2024-girls-team,日体大荏原,p_c907c9e0d42f,45,False
kougoren-summer-2024-girls-team,日体大荏原,p_3d8e4a0c18be,44,False
kougoren-summer-2024-girls-team,明秀日立,p_a182bfe88985,75,True
kougoren-summer-2024-girls-team,明秀日立,p_027eee77def5,78,False
kougoren-summer-2024-girls-team,明秀日立,p_ab11b00dc09d,73,True
kougoren-summer-2024-girls-team,明秀日立,p_ece7c9725290,74,True
kougoren-summer-2024-girls-team,明秀日立,p_9dc02346ac81,,False
kougoren-summer-2024-girls-team,目黒日大,p_30ead3061194,77,True
kougoren-summer-2024-girls-team,目黒日大,p_076c0aaed9c8,76,True
kougoren-summer-2024-girls-team,目黒日大,p_743d7a90e4f8,70,True
kougoren-summer-2024-girls-team,東北,p_77eef2f34b61,39,False
kougoren-summer-2024-girls-team,東北,p_a70b592979b7,74,True
kougoren-summer-2024-girls-team,東北,p_9fb05ff58aaf,77,True
kougoren-summer-2024-girls-team,東北,p_44bc86c5585c,38,True
kougoren-summer-2024-girls-team,東北,p_b3e0ce2a625f,76,True
kougoren-summer-2024-girls-team,高知中央,p_1d635bd24b32,71,True
kougoren-summer-2024-girls-team,高知中央,p_021b4c31a087,78,True
kougoren-summer-2024-girls-team,高知中央,p_fc1a3d799932,76,True
kougoren-summer-2024-girls-team,高知中央,p_0e9a45e86d89,80,False
kougoren-summer-2024-girls-team,岐阜聖徳学園,p_060efe2a875a,39,False
kougoren-summer-2024-girls-team,岐阜聖徳学園,p_42d7483aee6e,72,True
kougoren-summer-2024-girls-team,岐阜聖徳学園,p_a66cbac96328,43,False
kougoren-summer-2024-girls-team,岐阜聖徳学園,p_1bad73dc7167,78,True
kougoren-summer-2024-girls-team,岐阜聖徳学園,p_aec32e99f29f,75,True
kougoren-summer-2024-girls-team,広島国際学院,p_c7f067d35b3f,71,True
kougoren-summer-2024-girls-team,広島国際学院,p_30687829b4d4,75,True
kougoren-summer-2024-girls-team,広島国際学院,p_557652bde254,47,False
kougoren-summer-2024-girls-team,広島国際学院,p_47234b9ed48b,44,False
kougoren-summer-2024-girls-team,広島国際学院,p_2f8015f9d83c,79,True
kougoren-summer-2024-girls-team,浜松学芸,p_7c3c24f76115,72,True
kougoren-summer-2024-girls-team,浜松学芸,p_87bdc6682308,75,True
kougoren-summer-2024-girls-team,浜松学芸,p_f52cecd96813,78,True
kougoren-summer-2024-girls-team,金沢学院大附,p_a4fcc73c9688,73,True
kougoren-summer-2024-girls-team,金沢学院大附,p_158930960485,80,True
kougoren-summer-2024-girls-team,金沢学院大附,p_7d55f2434a8e,74,True
kougoren-summer-2024-girls-team,作陽学園,p_f08d57deef48,84,True
kougoren-summer-2024-girls-team,作陽学園,p_f5da61efd010,74,True
kougoren-summer-2024-girls-team,作陽学園,p_9c9de2fa3270,76,True
kougoren-summer-2024-girls-team,作陽学園,p_a3f883059200,81,True
kougoren-summer-2024-girls-team,札幌光星,p_0dde23d8dede,78,True
kougoren-summer-2024-girls-team,札幌光星,p_ef7b014cf4d6,80,True
kougoren-summer-2024-girls-team,札幌光星,p_21e05942b0c8,74,True
kougoren-summer-2024-girls-team,札幌光星,p_2311bf72417e,,False
kougoren-summer-2024-girls-team,八戸光星,p_87d2fd5e5cd9,42,False
kougoren-summer-2024-girls-team,八戸光星,p_c368472206ee,81,True
kougoren-summer-2024-girls-team,八戸光星,p_b0f0fb422663,78,True
kougoren-summer-2024-girls-team,八戸光星,p_3b7a727a6065,81,True
kougoren-summer-2024-girls-team,八戸光星,p_228908214ba8,45,True
kougoren-summer-2025-boys-team,埼玉栄,p_6018094cd0c0,68,True
kougoren-summer-2025-boys-team,埼玉栄,p_4947a9a742a8,67,True
kougoren-summer-2025-boys-team,埼玉栄,p_e8c5625d2c92,65,True
kougoren-summer-2025-boys-team,埼玉栄,p_10c119b31a15,68,False
kougoren-summer-2025-boys-team,埼玉栄,p_9bbe62441b1a,,False
kougoren-summer-2025-boys-team,興國,p_aff0240e505b,66,True
kougoren-summer-2025-boys-team,興國,p_f59758657549,67,True
kougoren-summer-2025-boys-team,興國,p_f3e691d94880,67,True
kougoren-summer-2025-boys-team,興國,p_46aace4d7844,68,False
kougoren-summer-2025-boys-team,興國,p_d1138f5ceb65,,False
kougoren-summer-2025-boys-team,代々木,p_f0e063ad458e,88,False
kougoren-summer-2025-boys-team,代々木,p_682391911107,67,True
kougoren-summer-2025-boys-team,代々木,p_cb282cb10ede,70,True
kougoren-summer-2025-boys-team,代々木,p_d5a417f904e3,65,True
kougoren-summer-2025-boys-team,代々木,p_2f0f45479a97,,False
kougoren-summer-2025-boys-team,大阪学院大学,p_58a18642a4f4,67,True
kougoren-summer-2025-boys-team,大阪学院大学,p_4e7c28090223,70,True
kougoren-summer-2025-boys-team,大阪学院大学,p_50131c3b956b,70,True
kougoren-summer-2025-boys-team,大阪学院大学,p_fb9e04716073,72,False
kougoren-summer-2025-boys-team,大阪学院大学,p_cce29baa1bed,,False
kougoren-summer-2025-boys-team,大阪桐蔭,p_8edb56369a53,66,True
kougoren-summer-2025-boys-team,大阪桐蔭,p_6f46ceae1915,71,True
kougoren-summer-2025-boys-team,大阪桐蔭,p_dfda00cc8726,70,True
kougoren-summer-2025-boys-team,大阪桐蔭,p_cc9d3dab077a,73,False
kougoren-summer-2025-boys-team,大阪桐蔭,p_b0ba77d21805,,False
kougoren-summer-2025-boys-team,佐野日大,p_0fb583ef5a83,71,True
kougoren-summer-2025-boys-team,佐野日大,p_6c6ca58a3283,66,True
kougoren-summer-2025-boys-team,佐野日大,p_4f1911950617,73,True
kougoren-summer-2025-boys-team,佐野日大,p_00e91cfe7a79,73,False
kougoren-summer-2025-boys-team,佐野日大,p_f953babce395,,False
kougoren-summer-2025-boys-team,福井工大福井,p_6917f0a5d54c,71,True
kougoren-summer-2025-boys-team,福井工大福井,p_3a06e4e574b4,79,False
kougoren-summer-2025-boys-team,福井工大福井,p_a366386d5e62,73,True
kougoren-summer-2025-boys-team,福井工大福井,p_6f36d9679ef9,71,True
kougoren-summer-2025-boys-team,福井工大福井,p_53a95ee28b2a,,False
kougoren-summer-2025-boys-team,広島国際学院,p_8d9c836d6591,74,True
kougoren-summer-2025-boys-team,広島国際学院,p_ec1f839b2728,73,True
kougoren-summer-2025-boys-team,広島国際学院,p_0b36b81de360,68,True
kougoren-summer-2025-boys-team,広島国際学院,p_db439ed023d0,84,False
kougoren-summer-2025-boys-team,広島国際学院,p_495e52695a19,,False
kougoren-summer-2025-boys-team,滝川第二,p_b21f1f6c2430,148,True
kougoren-summer-2025-boys-team,滝川第二,p_3398672e07e0,148,True
kougoren-summer-2025-boys-team,滝川第二,p_f24544304816,144,True
kougoren-summer-2025-boys-team,滝川第二,p_1ef5903ae38b,,False
kougoren-summer-2025-boys-team,滝川第二,p_f59c98c3d8a7,143,True
kougoren-summer-2025-boys-team,作新学院,p_695f8ecc3c45,79,False
kougoren-summer-2025-boys-team,作新学院,p_d05f19ab1c37,155,True
kougoren-summer-2025-boys-team,作新学院,p_10189063f636,143,True
kougoren-summer-2025-boys-team,作新学院,p_638eb26731e3,143,True
kougoren-summer-2025-boys-team,作新学院,p_ac33a290b64b,72,True
kougoren-summer-2025-boys-team,杉並学院,p_36648b62c10f,156,True
kougoren-summer-2025-boys-team,杉並学院,p_0dc956e88c33,153,True
kougoren-summer-2025-boys-team,杉並学院,p_d372ff16f0c7,143,True
kougoren-summer-2025-boys-team,杉並学院,p_012a1da5d79d,141,True
kougoren-summer-2025-boys-team,杉並学院,p_11482d423aac,,False
kougoren-summer-2025-boys-team,沖学園,p_a6cd244068ba,141,True
kougoren-summer-2025-boys-team,沖学園,p_a7d67c8a7005,148,True
kougoren-summer-2025-boys-team,沖学園,p_a4d43f724ff9,148,True
kougoren-summer-2025-boys-team,沖学園,p_c96e73911c78,151,False
kougoren-summer-2025-boys-team,沖学園,p_2e3fbdd85951,,False
kougoren-summer-2025-boys-team,生光学園,p_111cedaec95c,147,True
kougoren-summer-2025-boys-team,生光学園,p_91f6a8ddc3f3,138,True
kougoren-summer-2025-boys-team,生光学園,p_9d708b61952c,153,True
kougoren-summer-2025-boys-team,生光学園,p_c8bea214eeb4,152,True
kougoren-summer-2025-boys-team,東北,p_70542d7875a5,146,True
kougoren-summer-2025-boys-team,東北,p_55cd66805551,149,True
kougoren-summer-2025-boys-team,東北,p_a8271f55de68,146,True
kougoren-summer-2025-boys-team,東北,p_0db5bccb6bbf,,False
kougoren-summer-2025-boys-team,東北,p_7f9b8a1c4b45,150,True
kougoren-summer-2025-boys-team,千葉黎明,p_e5c310df61d9,139,True
kougoren-summer-2025-boys-team,千葉黎明,p_30a9c5afa6af,145,True
kougoren-summer-2025-boys-team,千葉黎明,p_1a1ca566aa2e,161,True
kougoren-summer-2025-boys-team,千葉黎明,p_b4eccaa45ec3,163,True
kougoren-summer-2025-boys-team,栄徳,p_bd9693cd137f,151,True
kougoren-summer-2025-boys-team,栄徳,p_1210617cacd5,149,True
kougoren-summer-2025-boys-team,栄徳,p_59117c3d5dca,74,True
kougoren-summer-2025-boys-team,栄徳,p_fa8c6da28468,79,False
kougoren-summer-2025-boys-team,栄徳,p_1b761cc0a495,140,True
kougoren-summer-2025-boys-team,目黒日大,p_a7ca720c84a3,153,True
kougoren-summer-2025-boys-team,目黒日大,p_018eb7bb7b57,152,True
kougoren-summer-2025-boys-team,目黒日大,p_7a9332982857,146,True
kougoren-summer-2025-boys-team,目黒日大,p_1f26259b8d0b,145,True
kougoren-summer-2025-boys-team,大分,p_1f518c5ac155,147,True
kougoren-summer-2025-boys-team,大分,p_11d9203c0ed9,147,True
kougoren-summer-2025-boys-team,大分,p_1f9d298fc422,148,True
kougoren-summer-2025-boys-team,大分,p_8867e5239a74,173,False
kougoren-summer-2025-boys-team,高知中央,p_166d479b2d16,140,True
kougoren-summer-2025-boys-team,高知中央,p_2a0cbb474f0a,82,False
kougoren-summer-2025-boys-team,高知中央,p_13eb1c0836c2,151,True
kougoren-summer-2025-boys-team,高知中央,p_8c0ebaa6b026,153,True
kougoren-summer-2025-boys-team,高知中央,p_3add325159ea,80,False
kougoren-summer-2025-boys-team,作陽学園,p_b9934fec500e,150,True
kougoren-summer-2025-boys-team,作陽学園,p_4ba75653e0bf,73,True
kougoren-summer-2025-boys-team,作陽学園,p_f5cbfbe28c7f,159,False
kougoren-summer-2025-boys-team,作陽学園,p_864d4d7cda15,77,True
kougoren-summer-2025-boys-team,作陽学園,p_a76aee3d91c0,147,True
kougoren-summer-2025-boys-team,札幌光星,p_c5faae34e583,166,True
kougoren-summer-2025-boys-team,札幌光星,p_1ffd6a1fbdce,141,True
kougoren-summer-2025-boys-team,札幌光星,p_bb1d99c85d01,156,True
kougoren-summer-2025-boys-team,札幌光星,p_23bca0d67f31,75,True
kougoren-summer-2025-boys-team,札幌光星,p_9602d5f2a561,75,True
kougoren-summer-2025-boys-team,中部大第一,p_62f8d070de73,,False
kougoren-summer-2025-boys-team,中部大第一,p_9a897a6a356f,145,True
kougoren-summer-2025-boys-team,中部大第一,p_7e2a0176f4f7,156,True
kougoren-summer-2025-boys-team,中部大第一,p_2f109bda3218,154,True
kougoren-summer-2025-boys-team,中部大第一,p_19a270a0eeed,71,True
kougoren-summer-2025-boys-team,ウェルネス,p_2a74a826b47c,165,True
kougoren-summer-2025-boys-team,ウェルネス,p_a00dd3471824,156,True
kougoren-summer-2025-boys-team,ウェルネス,p_3ba11dda4f49,153,True
kougoren-summer-2025-boys-team,ウェルネス,p_a3b3b82fb1c6,148,True
kougoren-summer-2025-boys-team,日章学園,p_417b499a6f29,148,True
kougoren-summer-2025-boys-team,日章学園,p_e8d18b80e595,150,True
kougoren-summer-2025-boys-team,日章学園,p_cf4e5678f258,79,True
kougoren-summer-2025-boys-team,日章学園,p_4b61e36993d7,,False
kougoren-summer-2025-boys-team,日章学園,p_ca914816bab2,153,True
kougoren-summer-2025-boys-team,佐久長聖,p_eb4b5d7e3fe1,153,True
kougoren-summer-2025-boys-team,佐久長聖,p_09e4d055c79b,156,True
kougoren-summer-2025-boys-team,佐久長聖,p_5d9ef38389c2,143,True
kougoren-summer-2025-boys-team,佐久長聖,p_b8a4805f594d,181,False
kougoren-summer-2025-boys-team,柳ヶ浦,p_36147e627394,151,True
kougoren-summer-2025-boys-team,柳ヶ浦,p_dc89263d9283,80,False
kougoren-summer-2025-boys-team,柳ヶ浦,p_2fcfec474e0a,147,True
kougoren-summer-2025-boys-team,柳ヶ浦,p_507cd607e610,80,False
kougoren-summer-2025-boys-team,柳ヶ浦,p_8b6c3d3c1bde,155,True
kougoren-summer-2025-boys-team,岐阜聖徳学園,p_9aa48c696a56,154,True
kougoren-summer-2025-boys-team,岐阜聖徳学園,p_7bdcc086c5a5,,False
kougoren-summer-2025-boys-team,岐阜聖徳学園,p_88591d7275bb,148,True
kougoren-summer-2025-boys-team,岐阜聖徳学園,p_fb0d11a190f3,151,True
kougoren-summer-2025-boys-team,ルネサンス,p_879d2689d366,158,True
kougoren-summer-2025-boys-team,ルネサンス,p_c8a71d4370c4,161,True
kougoren-summer-2025-boys-team,ルネサンス,p_9ac6477327b5,159,True
kougoren-summer-2025-boys-team,ルネサンス,p_3053f34ae4ba,137,True
kougoren-summer-2025-boys-team,八戸光星,p_bd783b2a6c5d,168,True
kougoren-summer-2025-boys-team,八戸光星,p_b22173cc5b66,146,True
kougoren-summer-2025-boys-team,八戸光星,p_4ea76e596461,157,True
kougoren-summer-2025-boys-team,八戸光星,p_6b7e104dda9f,157,True
kougoren-summer-2025-boys-team,八戸光星,p_215fe5d3ac83,,False
kougoren-summer-2025-boys-team,日ノ本,p_9067dac8674a,85,False
kougoren-summer-2025-boys-team,日ノ本,p_1b03cfa34604,156,True
kougoren-summer-2025-boys-team,日ノ本,p_5b4a001e91fc,152,True
kougoren-summer-2025-boys-team,日ノ本,p_5aa227256f31,149,True
kougoren-summer-2025-boys-team,日ノ本,p_39ff5712de36,80,False
kougoren-summer-2025-boys-team,拓大紅陵,p_3bad7f2103cf,159,True
kougoren-summer-2025-boys-team,拓大紅陵,p_0a7ced24240a,85,False
kougoren-summer-2025-boys-team,拓大紅陵,p_383211dd9918,147,True
kougoren-summer-2025-boys-team,拓大紅陵,p_9b80f9ba0539,153,True
kougoren-summer-2025-boys-team,拓大紅陵,p_3ce97ac6c51b,84,False
kougoren-summer-2025-boys-team,開志国際,p_f745536adfd4,159,True
kougoren-summer-2025-boys-team,開志国際,p_459003b3afd1,155,True
kougoren-summer-2025-boys-team,開志国際,p_9b769ae62653,,False
kougoren-summer-2025-boys-team,開志国際,p_fb755f35b93b,163,True
kougoren-summer-2025-boys-team,開志国際,p_8eb38dcb00ad,151,True
kougoren-summer-2025-boys-team,水戸啓明,p_9ae62d8cdcd9,169,True
kougoren-summer-2025-boys-team,水戸啓明,p_914dd46004d4,164,True
kougoren-summer-2025-boys-team,水戸啓明,p_93fbb9613822,153,True
kougoren-summer-2025-boys-team,水戸啓明,p_792fb43f3dfc,149,True
kougoren-summer-2025-boys-team,津田学園,p_e564c4eaa789,137,True
kougoren-summer-2025-boys-team,津田学園,p_0441143668cf,162,True
kougoren-summer-2025-boys-team,津田学園,p_1b485c581650,168,True
kougoren-summer-2025-boys-team,前橋育英,p_7ff660b77701,161,True
kougoren-summer-2025-boys-team,前橋育英,p_94f9a51e18e9,214,False
kougoren-summer-2025-boys-team,前橋育英,p_06a632c41b66,181,True
kougoren-summer-2025-boys-team,前橋育英,p_a7a635ce7930,145,True
kougoren-summer-2025-boys-team,学園札幌,p_88a4375f721d,158,True
kougoren-summer-2025-boys-team,学園札幌,p_b1b01ce805c4,200,True
kougoren-summer-2025-boys-team,学園札幌,p_32fdb174a7e4,163,True
kougoren-summer-2025-boys-team,学園札幌,p_f68fc96c1939,204,False
kougoren-summer-2025-girls-team,ＥＣＣ学園,p_0cce52b6e4a1,72,False
kougoren-summer-2025-girls-team,ＥＣＣ学園,p_141d8fea9cfe,67,True
kougoren-summer-2025-girls-team,ＥＣＣ学園,p_1927add38583,70,True
kougoren-summer-2025-girls-team,ＥＣＣ学園,p_a193a13f27e9,68,True
kougoren-summer-2025-girls-team,ＥＣＣ学園,p_a298c4c4c625,,False
kougoren-summer-2025-girls-team,大阪桐蔭,p_50b9871f1b00,73,False
kougoren-summer-2025-girls-team,大阪桐蔭,p_d513047c765b,70,True
kougoren-summer-2025-girls-team,大阪桐蔭,p_b333a6e1b497,72,True
kougoren-summer-2025-girls-team,大阪桐蔭,p_6da6bd5e2422,66,True
kougoren-summer-2025-girls-team,大阪桐蔭,p_c105472b7654,,False
kougoren-summer-2025-girls-team,ルネサンス,p_9f8c3ad75ba3,71,True
kougoren-summer-2025-girls-team,ルネサンス,p_88345b5a060d,71,False
kougoren-summer-2025-girls-team,ルネサンス,p_1bdfdba18316,68,True
kougoren-summer-2025-girls-team,ルネサンス,p_334b18d2f796,70,True
kougoren-summer-2025-girls-team,麗澤瑞浪,p_9d69fe716ab3,69,True
kougoren-summer-2025-girls-team,麗澤瑞浪,p_78ee39141502,72,False
kougoren-summer-2025-girls-team,麗澤瑞浪,p_93f584819486,71,True
kougoren-summer-2025-girls-team,麗澤瑞浪,p_41aced5b33ac,69,True
kougoren-summer-2025-girls-team,麗澤瑞浪,p_fd8900e6d1a7,,False
kougoren-summer-2025-girls-team,沖学園,p_0580b70d849f,72,True
kougoren-summer-2025-girls-team,沖学園,p_98ac394e6d60,77,False
kougoren-summer-2025-girls-team,沖学園,p_bce25459acb1,70,True
kougoren-summer-2025-girls-team,沖学園,p_ee6c81710171,68,True
kougoren-summer-2025-girls-team,沖学園,p_d1001131052e,,False
kougoren-summer-2025-girls-team,埼玉栄,p_61687d2e02ef,72,True
kougoren-summer-2025-girls-team,埼玉栄,p_df01c3468ae5,70,True
kougoren-summer-2025-girls-team,埼玉栄,p_399785dbe815,74,False
kougoren-summer-2025-girls-team,埼玉栄,p_651cd183a45e,69,True
kougoren-summer-2025-girls-team,埼玉栄,p_9723f3b98f80,,False
kougoren-summer-2025-girls-team,共立女子第二,p_db87158769c4,72,True
kougoren-summer-2025-girls-team,共立女子第二,p_76565dd601a5,70,True
kougoren-summer-2025-girls-team,共立女子第二,p_5ec187ffbd4d,76,False
kougoren-summer-2025-girls-team,共立女子第二,p_28b2e59ee9b5,70,True
kougoren-summer-2025-girls-team,共立女子第二,p_2f5576c2a633,,False
kougoren-summer-2025-girls-team,エナジックスポーツ,p_165f2e716676,73,True
kougoren-summer-2025-girls-team,エナジックスポーツ,p_d080f24ebccf,78,True
kougoren-summer-2025-girls-team,エナジックスポーツ,p_0fcd068d09e4,78,False
kougoren-summer-2025-girls-team,エナジックスポーツ,p_a4eae45f14e6,74,True
kougoren-summer-2025-girls-team,エナジックスポーツ,p_0b31a7112f52,,False
kougoren-summer-2025-girls-team,日章学園,p_97f97d97209e,140,True
kougoren-summer-2025-girls-team,日章学園,p_e65df58011a0,145,True
kougoren-summer-2025-girls-team,日章学園,p_397980d3d041,145,True
kougoren-summer-2025-girls-team,日章学園,p_23549cffe8eb,,False
kougoren-summer-2025-girls-team,日章学園,p_9354c48936f6,167,False
kougoren-summer-2025-girls-team,明秀日立,p_027eee77def5,145,True
kougoren-summer-2025-girls-team,明秀日立,p_9107773a23fe,141,True
kougoren-summer-2025-girls-team,明秀日立,p_9dc02346ac81,146,True
kougoren-summer-2025-girls-team,明秀日立,p_792e1b75f827,147,True
kougoren-summer-2025-girls-team,明秀日立,p_462c55385b7e,,False
kougoren-summer-2025-girls-team,東北,p_9fb05ff58aaf,145,True
kougoren-summer-2025-girls-team,東北,p_c83df2ac82c8,144,True
kougoren-summer-2025-girls-team,東北,p_b3e0ce2a625f,143,True
kougoren-summer-2025-girls-team,東北,p_b77e19f80167,79,False
kougoren-summer-2025-girls-team,東北,p_92aaa624664a,77,False
kougoren-summer-2025-girls-team,滝川第二,p_36c9b0a14d4a,141,True
kougoren-summer-2025-girls-team,滝川第二,p_53564baa517f,152,False
kougoren-summer-2025-girls-team,滝川第二,p_fce7a3746694,,False
kougoren-summer-2025-girls-team,滝川第二,p_5fdeabbcdb14,148,True
kougoren-summer-2025-girls-team,滝川第二,p_e333de2d16a4,144,True
kougoren-summer-2025-girls-team,ルネサンス豊田,p_a0c33ea52045,148,True
kougoren-summer-2025-girls-team,ルネサンス豊田,p_ac159ca3b2dc,156,False
kougoren-summer-2025-girls-team,ルネサンス豊田,p_79f519304fc4,138,True
kougoren-summer-2025-girls-team,ルネサンス豊田,p_b35c69b4b1eb,147,True
kougoren-summer-2025-girls-team,佐野日大,p_328e71ef66c6,142,True
kougoren-summer-2025-girls-team,佐野日大,p_54be68493874,147,True
kougoren-summer-2025-girls-team,佐野日大,p_26018d8e7787,147,True
kougoren-summer-2025-girls-team,第一薬大付,p_353678be2515,143,True
kougoren-summer-2025-girls-team,第一薬大付,p_0e925bc3be32,78,True
kougoren-summer-2025-girls-team,第一薬大付,p_cc2bd5a026d5,146,True
kougoren-summer-2025-girls-team,第一薬大付,p_0d2e69b6e4d6,77,False
kougoren-summer-2025-girls-team,第一薬大付,p_31815f87eba2,149,True
kougoren-summer-2025-girls-team,中部大第一,p_57ba0b858ebc,143,True
kougoren-summer-2025-girls-team,中部大第一,p_17717826902f,148,True
kougoren-summer-2025-girls-team,中部大第一,p_0e0a6d77ea9a,75,False
kougoren-summer-2025-girls-team,中部大第一,p_667b78008a97,149,True
kougoren-summer-2025-girls-team,中部大第一,p_e19d9ba2cb9a,76,True
kougoren-summer-2025-girls-team,作陽学園,p_cc2ca2835c17,160,False
kougoren-summer-2025-girls-team,作陽学園,p_a3f883059200,77,True
kougoren-summer-2025-girls-team,作陽学園,p_ec8739fc8971,145,True
kougoren-summer-2025-girls-team,作陽学園,p_f5da61efd010,145,True
kougoren-summer-2025-girls-team,作陽学園,p_23cdf95b9a5f,72,True
kougoren-summer-2025-girls-team,日体大荏原,p_3d8e4a0c18be,168,True
kougoren-summer-2025-girls-team,日体大荏原,p_e89571773799,81,False
kougoren-summer-2025-girls-team,日体大荏原,p_7afd4b043437,137,True
kougoren-summer-2025-girls-team,日体大荏原,p_e232df3fdae1,140,True
kougoren-summer-2025-girls-team,日体大荏原,p_c907c9e0d42f,83,True
kougoren-summer-2025-girls-team,明徳義塾,p_c8dcf2c63f66,86,False
kougoren-summer-2025-girls-team,明徳義塾,p_089b1ae128b7,141,True
kougoren-summer-2025-girls-team,明徳義塾,p_cd92af479e49,85,False
kougoren-summer-2025-girls-team,明徳義塾,p_53010e69b4ab,153,True
kougoren-summer-2025-girls-team,明徳義塾,p_7ce4377d5546,147,True
kougoren-summer-2025-girls-team,拓大紅陵,p_a8ef8de036cc,144,True
kougoren-summer-2025-girls-team,拓大紅陵,p_cbd41accd89d,146,True
kougoren-summer-2025-girls-team,拓大紅陵,p_f934893a76db,79,False
kougoren-summer-2025-girls-team,拓大紅陵,p_b2ea0332a4fc,152,True
kougoren-summer-2025-girls-team,拓大紅陵,p_e7d7f7818735,77,False
kougoren-summer-2025-girls-team,目黒日大,p_743d7a90e4f8,65,True
kougoren-summer-2025-girls-team,目黒日大,p_076c0aaed9c8,163,False
kougoren-summer-2025-girls-team,目黒日大,p_9ee1c30b8e75,78,True
kougoren-summer-2025-girls-team,目黒日大,p_76a2a81d6f3e,153,True
kougoren-summer-2025-girls-team,目黒日大,p_210d2d7c452d,146,True
kougoren-summer-2025-girls-team,大阪学院大学,p_5d5495ea2956,82,False
kougoren-summer-2025-girls-team,大阪学院大学,p_93fc6dcd5e4e,148,True
kougoren-summer-2025-girls-team,大阪学院大学,p_d4d10c936d55,147,True
kougoren-summer-2025-girls-team,大阪学院大学,p_0b43cf0cd612,150,True
kougoren-summer-2025-girls-team,大阪学院大学,p_411ee2bb5b06,85,False
kougoren-summer-2025-girls-team,開志国際,p_adbde600e227,152,True
kougoren-summer-2025-girls-team,開志国際,p_badf11f3766a,151,True
kougoren-summer-2025-girls-team,開志国際,p_7ec06f6166d9,146,True
kougoren-summer-2025-girls-team,開志国際,p_a2dbca258af4,157,True
kougoren-summer-2025-girls-team,開志国際,p_18568a45be0f,,False
kougoren-summer-2025-girls-team,福井工大福井,p_a1345285f626,158,True
kougoren-summer-2025-girls-team,福井工大福井,p_65d8c5f019bb,138,True
kougoren-summer-2025-girls-team,福井工大福井,p_c45bb4b09831,92,False
kougoren-summer-2025-girls-team,福井工大福井,p_f539a44fd6df,82,False
kougoren-summer-2025-girls-team,福井工大福井,p_f17a426590bb,151,True
kougoren-summer-2025-girls-team,千葉黎明,p_a3fb3120d4c2,144,True
kougoren-summer-2025-girls-team,千葉黎明,p_9eb27ca5bd00,162,True
kougoren-summer-2025-girls-team,千葉黎明,p_71d0693003db,142,True
kougoren-summer-2025-girls-team,千葉黎明,p_c0fc3be78a4a,84,False
kougoren-summer-2025-girls-team,千葉黎明,p_83bddbf7952b,85,False
kougoren-summer-2025-girls-team,日ノ本,p_efcdf1178614,143,True
kougoren-summer-2025-girls-team,日ノ本,p_5fa68191860c,77,True
kougoren-summer-2025-girls-team,日ノ本,p_a2c5ed676d80,82,False
kougoren-summer-2025-girls-team,日ノ本,p_a340f72cdccb,154,True
kougoren-summer-2025-girls-team,日ノ本,p_f2f04c901001,154,True
kougoren-summer-2025-girls-team,岡山理大附,p_82fe45d98c26,152,True
kougoren-summer-2025-girls-team,岡山理大附,p_6166931611e2,83,False
kougoren-summer-2025-girls-team,岡山理大附,p_c25e5a8c91aa,77,True
kougoren-summer-2025-girls-team,岡山理大附,p_575900a7db70,158,True
kougoren-summer-2025-girls-team,岡山理大附,p_4db02e02dfe2,148,True
kougoren-summer-2025-girls-team,八戸光星,p_87d2fd5e5cd9,156,True
kougoren-summer-2025-girls-team,八戸光星,p_b0f0fb422663,143,True
kougoren-summer-2025-girls-team,八戸光星,p_3b7a727a6065,168,False
kougoren-summer-2025-girls-team,八戸光星,p_4d757c1f5a06,,False
kougoren-summer-2025-girls-team,八戸光星,p_228908214ba8,156,True
kougoren-summer-2025-girls-team,ウェルネス,p_1aac75074fbd,151,True
kougoren-summer-2025-girls-team,ウェルネス,p_74538d515df6,147,True
kougoren-summer-2025-girls-team,ウェルネス,p_e7576ac2d985,163,True
kougoren-summer-2025-girls-team,ウェルネス,p_e9ab53306479,162,True
kougoren-summer-2025-girls-team,奈良育英,p_82f644e6aac5,157,True
kougoren-summer-2025-girls-team,奈良育英,p_7685f9dbbb05,170,False
kougoren-summer-2025-girls-team,奈良育英,p_0d8030b40870,159,True
kougoren-summer-2025-girls-team,奈良育英,p_a65b488a89d1,153,True
kougoren-summer-2025-girls-team,高川学園,p_21dd136af2fa,162,True
kougoren-summer-2025-girls-team,高川学園,p_912ab347fb0b,173,True
kougoren-summer-2025-girls-team,高川学園,p_5a6bbe889fc3,155,True
kougoren-summer-2025-girls-team,高川学園,p_66eefe6b31ed,178,False
kougoren-summer-2025-girls-team,学園札幌,p_bb6277fb8bea,167,True
kougoren-summer-2025-girls-team,学園札幌,p_ce3b43a26ab5,156,True
kougoren-summer-2025-girls-team,学園札幌,p_cb60595e2639,174,True
kougoren-summer-2025-girls-team,学園札幌,p_a89bc2daed3a,111,False
kougoren-summer-2025-girls-team,駒大苫小牧,p_38926131aa44,144,True
kougoren-summer-2025-girls-team,駒大苫小牧,p_edfc5990ce10,238,True
kougoren-summer-2025-girls-team,駒大苫小牧,p_bddb9ad17a2f,172,True
kougoren-summer-2025-girls-team,岡崎城西,p_ad9ce39a8a67,,False
kougoren-summer-2025-girls-team,岡崎城西,p_78553065aef5,,False
kougoren-summer-2025-girls-team,岡崎城西,p_9758182437a7,,False
kougoren-summer-2026-boys-team,佐野日大,p_4f1911950617,65,True
kougoren-summer-2026-boys-team,佐野日大,p_0fb583ef5a83,73,False
kougoren-summer-2026-boys-team,佐野日大,p_6c6ca58a3283,71,True
kougoren-summer-2026-boys-team,佐野日大,p_00e91cfe7a79,63,True
kougoren-summer-2026-boys-team,佐野日大,p_e4233530308e,,False
kougoren-summer-2026-boys-team,興國,p_f3e691d94880,77,False
kougoren-summer-2026-boys-team,興國,p_fdbe57eaea98,71,True
kougoren-summer-2026-boys-team,興國,p_aff0240e505b,68,True
kougoren-summer-2026-boys-team,興國,p_f59758657549,67,True
kougoren-summer-2026-boys-team,興國,p_df07813acc73,,False
kougoren-summer-2026-boys-team,エナジックスポーツ,p_9eafbf5af593,65,True
kougoren-summer-2026-boys-team,エナジックスポーツ,p_47d71213d728,76,True
kougoren-summer-2026-boys-team,エナジックスポーツ,p_5f2c946bbef3,80,False
kougoren-summer-2026-boys-team,エナジックスポーツ,p_4593dcfcf790,71,True
kougoren-summer-2026-boys-team,エナジックスポーツ,p_205acbef2bb6,,False
kougoren-summer-2026-boys-team,埼玉栄,p_e8c5625d2c92,67,True
kougoren-summer-2026-boys-team,埼玉栄,p_4947a9a742a8,73,True
kougoren-summer-2026-boys-team,埼玉栄,p_e82e43134667,73,True
kougoren-summer-2026-boys-team,埼玉栄,p_4b3f9997625a,75,False
kougoren-summer-2026-boys-team,埼玉栄,p_1deae722ed70,,False
kougoren-summer-2026-boys-team,大阪桐蔭,p_b0ba77d21805,70,True
kougoren-summer-2026-boys-team,大阪桐蔭,p_8edb56369a53,76,False
kougoren-summer-2026-boys-team,大阪桐蔭,p_dfda00cc8726,74,True
kougoren-summer-2026-boys-team,大阪桐蔭,p_cc9d3dab077a,69,True
kougoren-summer-2026-boys-team,大阪桐蔭,p_f49da0847337,,False
kougoren-summer-2026-boys-team,沖学園,p_dd46a863ce9b,76,False
kougoren-summer-2026-boys-team,沖学園,p_a7d67c8a7005,70,True
kougoren-summer-2026-boys-team,沖学園,p_c96e73911c78,72,True
kougoren-summer-2026-boys-team,沖学園,p_a4d43f724ff9,74,True
kougoren-summer-2026-boys-team,代々木,p_61ceb434b199,71,True
kougoren-summer-2026-boys-team,代々木,p_9202706b181b,77,True
kougoren-summer-2026-boys-team,代々木,p_c97456a9461b,79,False
kougoren-summer-2026-boys-team,代々木,p_110e664c77c9,68,True
kougoren-summer-2026-boys-team,代々木,p_53a34a90c5db,,False
kougoren-summer-2026-boys-team,滝川第二,p_1ef5903ae38b,77,False
kougoren-summer-2026-boys-team,滝川第二,p_564ee936894d,72,True
kougoren-summer-2026-boys-team,滝川第二,p_f59c98c3d8a7,74,True
kougoren-summer-2026-boys-team,滝川第二,p_fbfecd294a57,72,True
kougoren-summer-2026-boys-team,滝川第二,p_f3e19efdc2b2,,False
kougoren-summer-2026-boys-team,柳ヶ浦,p_2fcfec474e0a,148,True
kougoren-summer-2026-boys-team,柳ヶ浦,p_dc89263d9283,75,False
kougoren-summer-2026-boys-team,柳ヶ浦,p_36147e627394,141,True
kougoren-summer-2026-boys-team,柳ヶ浦,p_507cd607e610,72,True
kougoren-summer-2026-boys-team,柳ヶ浦,p_8b6c3d3c1bde,145,True
kougoren-summer-2026-boys-team,栄徳,p_15870a0bb63e,142,True
kougoren-summer-2026-boys-team,栄徳,p_59117c3d5dca,78,False
kougoren-summer-2026-boys-team,栄徳,p_1b761cc0a495,140,True
kougoren-summer-2026-boys-team,栄徳,p_fa8c6da28468,150,True
kougoren-summer-2026-boys-team,栄徳,p_e170fc6eef57,89,False
kougoren-summer-2026-boys-team,広島国際学院,p_495e52695a19,162,True
kougoren-summer-2026-boys-team,広島国際学院,p_0b36b81de360,137,True
kougoren-summer-2026-boys-team,広島国際学院,p_b8af4c57b698,138,True
kougoren-summer-2026-boys-team,広島国際学院,p_7cc573f353f2,,False
kougoren-summer-2026-boys-team,広島国際学院,p_d6e9e0f24ea1,161,True
kougoren-summer-2026-boys-team,大阪学院大学,p_58a18642a4f4,147,True
kougoren-summer-2026-boys-team,大阪学院大学,p_0b5e8a2fd78c,139,True
kougoren-summer-2026-boys-team,大阪学院大学,p_2d0f087ef426,151,True
kougoren-summer-2026-boys-team,大阪学院大学,p_cce29baa1bed,77,False
kougoren-summer-2026-boys-team,大阪学院大学,p_20a906600e3b,76,True
kougoren-summer-2026-boys-team,福井工大福井,p_f6d26f7bba1a,76,True
kougoren-summer-2026-boys-team,福井工大福井,p_7d7f109ca600,148,True
kougoren-summer-2026-boys-team,福井工大福井,p_c6ef86fea92d,77,False
kougoren-summer-2026-boys-team,福井工大福井,p_6917f0a5d54c,147,True
kougoren-summer-2026-boys-team,福井工大福井,p_db2c5c0dc7da,142,True
kougoren-summer-2026-boys-team,杉並学院,p_012a1da5d79d,144,True
kougoren-summer-2026-boys-team,杉並学院,p_d372ff16f0c7,145,True
kougoren-summer-2026-boys-team,杉並学院,p_0dc956e88c33,164,False
kougoren-summer-2026-boys-team,杉並学院,p_36648b62c10f,148,True
kougoren-summer-2026-boys-team,杉並学院,p_b99e0443e58a,,False
kougoren-summer-2026-boys-team,東北,p_1c7428e0f848,158,False
kougoren-summer-2026-boys-team,東北,p_c577706356af,145,True
kougoren-summer-2026-boys-team,東北,p_45e2422b61d1,148,True
kougoren-summer-2026-boys-team,東北,p_d45ad433a144,146,True
kougoren-summer-2026-boys-team,東北,p_b35752d027fb,,False
kougoren-summer-2026-boys-team,八戸光星,p_b22173cc5b66,149,True
kougoren-summer-2026-boys-team,八戸光星,p_4ea76e596461,146,True
kougoren-summer-2026-boys-team,八戸光星,p_6b7e104dda9f,145,True
kougoren-summer-2026-boys-team,八戸光星,p_215fe5d3ac83,159,False
kougoren-summer-2026-boys-team,作新学院,p_6cd6c4a894be,84,False
kougoren-summer-2026-boys-team,作新学院,p_10189063f636,143,True
kougoren-summer-2026-boys-team,作新学院,p_695f8ecc3c45,152,True
kougoren-summer-2026-boys-team,作新学院,p_d05f19ab1c37,147,True
kougoren-summer-2026-boys-team,作新学院,p_60e7f5e50263,79,False
kougoren-summer-2026-boys-team,千葉黎明,p_30a9c5afa6af,,False
kougoren-summer-2026-boys-team,千葉黎明,p_69d027df9df5,146,True
kougoren-summer-2026-boys-team,千葉黎明,p_1a1ca566aa2e,152,True
kougoren-summer-2026-boys-team,千葉黎明,p_766afd327396,154,True
kougoren-summer-2026-boys-team,千葉黎明,p_7554469aae45,74,True
kougoren-summer-2026-boys-team,開志国際,p_f745536adfd4,146,True
kougoren-summer-2026-boys-team,開志国際,p_459003b3afd1,164,True
kougoren-summer-2026-boys-team,開志国際,p_8eb38dcb00ad,148,True
kougoren-summer-2026-boys-team,開志国際,p_9b769ae62653,79,False
kougoren-summer-2026-boys-team,開志国際,p_14564acee135,79,True
kougoren-summer-2026-boys-team,高知中央,p_3add325159ea,171,False
kougoren-summer-2026-boys-team,高知中央,p_8c0ebaa6b026,160,True
kougoren-summer-2026-boys-team,高知中央,p_13eb1c0836c2,150,True
kougoren-summer-2026-boys-team,高知中央,p_b9f35d9908d1,140,True
kougoren-summer-2026-boys-team,高知中央,p_733683d620e7,,False
kougoren-summer-2026-boys-team,中部大第一,p_09dbc7a2dbe0,73,True
kougoren-summer-2026-boys-team,中部大第一,p_1af779fe2521,87,False
kougoren-summer-2026-boys-team,中部大第一,p_2f109bda3218,151,True
kougoren-summer-2026-boys-team,中部大第一,p_4efa938d2d7e,157,True
kougoren-summer-2026-boys-team,中部大第一,p_7e2a0176f4f7,147,True
kougoren-summer-2026-boys-team,関西,p_cfad229ecbcb,78,True
kougoren-summer-2026-boys-team,関西,p_1eea717174a5,148,True
kougoren-summer-2026-boys-team,関西,p_8fa03cff7bf1,158,False
kougoren-summer-2026-boys-team,関西,p_6cd607992f8a,149,True
kougoren-summer-2026-boys-team,関西,p_6e76404abea6,77,True
kougoren-summer-2026-boys-team,ウェルネス,p_ba7284b09eb8,162,True
kougoren-summer-2026-boys-team,ウェルネス,p_3ba11dda4f49,154,True
kougoren-summer-2026-boys-team,ウェルネス,p_b8fd5863919b,160,True
kougoren-summer-2026-boys-team,ウェルネス,p_a3b3b82fb1c6,144,True
kougoren-summer-2026-boys-team,ウェルネス,p_ac2b64da9f43,,False
kougoren-summer-2026-boys-team,四学香川西,p_3ef238249494,84,False
kougoren-summer-2026-boys-team,四学香川西,p_47822cb28bb7,157,True
kougoren-summer-2026-boys-team,四学香川西,p_6df17f9ee441,149,True
kougoren-summer-2026-boys-team,四学香川西,p_5ec3537fd525,156,True
kougoren-summer-2026-boys-team,四学香川西,p_c058bb3e8d1b,86,False
kougoren-summer-2026-boys-team,拓大紅陵,p_383211dd9918,143,True
kougoren-summer-2026-boys-team,拓大紅陵,p_6c87283e3c37,94,False
kougoren-summer-2026-boys-team,拓大紅陵,p_3ce97ac6c51b,158,True
kougoren-summer-2026-boys-team,拓大紅陵,p_1fdf22fb7104,89,False
kougoren-summer-2026-boys-team,拓大紅陵,p_f1dfb77bbe37,165,True
kougoren-summer-2026-boys-team,前橋育英,p_7ff660b77701,168,True
kougoren-summer-2026-boys-team,前橋育英,p_06a632c41b66,164,True
kougoren-summer-2026-boys-team,前橋育英,p_94f9a51e18e9,99,False
kougoren-summer-2026-boys-team,前橋育英,p_a7a635ce7930,140,True
kougoren-summer-2026-boys-team,前橋育英,p_3299ebd59b26,97,False
kougoren-summer-2026-boys-team,明大中野,p_fa3d61c5ce66,152,True
kougoren-summer-2026-boys-team,明大中野,p_954c551b684d,158,True
kougoren-summer-2026-boys-team,明大中野,p_ee91c827ace6,177,False
kougoren-summer-2026-boys-team,明大中野,p_73b58a615823,163,True
kougoren-summer-2026-boys-team,明大中野,p_88698d7e68e3,,False
kougoren-summer-2026-boys-team,立教新座,p_7d5078bd77aa,169,True
kougoren-summer-2026-boys-team,立教新座,p_e9c7706b4c57,161,True
kougoren-summer-2026-boys-team,立教新座,p_c0d654feb22a,147,True
kougoren-summer-2026-boys-team,立教新座,p_3c60ea8eed23,214,False
kougoren-summer-2026-boys-team,岡崎城西,p_1edd8af5ae7c,157,True
kougoren-summer-2026-boys-team,岡崎城西,p_6779382beac3,165,True
kougoren-summer-2026-boys-team,岡崎城西,p_f2f3fd59c0f4,158,True
kougoren-summer-2026-boys-team,岡崎城西,p_658a85330436,,False
kougoren-summer-2026-boys-team,岡崎城西,p_4146aac8999c,167,True
kougoren-summer-2026-boys-team,北海学園札幌,p_b1b01ce805c4,174,True
kougoren-summer-2026-boys-team,北海学園札幌,p_32fdb174a7e4,152,True
kougoren-summer-2026-boys-team,北海学園札幌,p_f68fc96c1939,198,False
kougoren-summer-2026-boys-team,北海学園札幌,p_d98dfefbf0fa,154,True
kougoren-summer-2026-boys-team,福岡第一,p_6488c0ce96f2,,False
kougoren-summer-2026-boys-team,福岡第一,p_dc3eb12e2e16,169,True
kougoren-summer-2026-boys-team,福岡第一,p_76a0a80098d3,164,True
kougoren-summer-2026-boys-team,福岡第一,p_edce42b584d1,151,True
kougoren-summer-2026-boys-team,早稲田実業,p_303676ad213c,85,False
kougoren-summer-2026-boys-team,早稲田実業,p_89519db06eee,159,True
kougoren-summer-2026-boys-team,早稲田実業,p_c2eeda2c0b05,165,True
kougoren-summer-2026-boys-team,早稲田実業,p_e9401a1728de,87,False
kougoren-summer-2026-boys-team,早稲田実業,p_d24a247aef31,163,True
kougoren-summer-2026-boys-team,札幌光星,p_23bca0d67f31,151,True
kougoren-summer-2026-boys-team,札幌光星,p_9602d5f2a561,169,True
kougoren-summer-2026-boys-team,札幌光星,p_2cebb1dde654,99,False
kougoren-summer-2026-boys-team,札幌光星,p_1180fd661ade,171,True
kougoren-summer-2026-boys-team,札幌光星,p_65667489db20,94,False
kougoren-summer-2026-boys-team,共愛学園,p_fad715bcff72,163,True
kougoren-summer-2026-boys-team,共愛学園,p_c5fb4b19fc40,151,True
kougoren-summer-2026-boys-team,共愛学園,p_e8c768239df5,186,True
kougoren-summer-2026-boys-team,共愛学園,p_785fe259b7b8,190,True
kougoren-summer-2026-boys-team,埼玉平成,p_999e2c2feae2,87,True
kougoren-summer-2026-boys-team,埼玉平成,p_8c1abe719068,86,True
kougoren-summer-2026-boys-team,埼玉平成,p_06882001f342,83,True
kougoren-summer-2026-girls-team,滝川第二,p_fce7a3746694,69,True
kougoren-summer-2026-girls-team,滝川第二,p_95a86fbf5001,70,False
kougoren-summer-2026-girls-team,滝川第二,p_a1a46c066aad,68,True
kougoren-summer-2026-girls-team,滝川第二,p_5fdeabbcdb14,69,True
kougoren-summer-2026-girls-team,滝川第二,p_69788e181a0f,,False
kougoren-summer-2026-girls-team,大阪学院大学,p_499033feaad0,68,True
kougoren-summer-2026-girls-team,大阪学院大学,p_72d375c61403,69,True
kougoren-summer-2026-girls-team,大阪学院大学,p_9834d3ac7f71,71,False
kougoren-summer-2026-girls-team,大阪学院大学,p_d4d10c936d55,69,True
kougoren-summer-2026-girls-team,大阪学院大学,p_0c7ba489f1d4,,False
kougoren-summer-2026-girls-team,麗澤瑞浪,p_9d69fe716ab3,71,True
kougoren-summer-2026-girls-team,麗澤瑞浪,p_7bf7c69350dd,71,True
kougoren-summer-2026-girls-team,麗澤瑞浪,p_78ee39141502,71,False
kougoren-summer-2026-girls-team,麗澤瑞浪,p_93f584819486,65,True
kougoren-summer-2026-girls-team,麗澤瑞浪,p_faff0f835d03,,False
kougoren-summer-2026-girls-team,ＥＣＣ学園,p_ef883f52eaef,71,False
kougoren-summer-2026-girls-team,ＥＣＣ学園,p_21e3c6d665c3,69,True
kougoren-summer-2026-girls-team,ＥＣＣ学園,p_1927add38583,68,True
kougoren-summer-2026-girls-team,ＥＣＣ学園,p_141d8fea9cfe,70,True
kougoren-summer-2026-girls-team,ＥＣＣ学園,p_bbb1f5bba6b9,,False
kougoren-summer-2026-girls-team,大阪桐蔭,p_50b9871f1b00,71,True
kougoren-summer-2026-girls-team,大阪桐蔭,p_b333a6e1b497,71,True
kougoren-summer-2026-girls-team,大阪桐蔭,p_d513047c765b,72,False
kougoren-summer-2026-girls-team,大阪桐蔭,p_6da6bd5e2422,65,True
kougoren-summer-2026-girls-team,大阪桐蔭,p_c105472b7654,,False
kougoren-summer-2026-girls-team,東北,p_92aaa624664a,73,False
kougoren-summer-2026-girls-team,東北,p_b77e19f80167,70,True
kougoren-summer-2026-girls-team,東北,p_b3e0ce2a625f,69,True
kougoren-summer-2026-girls-team,東北,p_44bc86c5585c,68,True
kougoren-summer-2026-girls-team,東北,p_051a248c3190,,False
kougoren-summer-2026-girls-team,ルネサンス,p_5d86ab2ebb59,72,True
kougoren-summer-2026-girls-team,ルネサンス,p_d38f2c7a9e56,74,False
kougoren-summer-2026-girls-team,ルネサンス,p_9af129e06e5c,71,True
kougoren-summer-2026-girls-team,ルネサンス,p_a4efaf2c840b,73,True
kougoren-summer-2026-girls-team,ルネサンス大阪,p_1d5bbefbf835,69,True
kougoren-summer-2026-girls-team,ルネサンス大阪,p_43b18ddb342d,72,True
kougoren-summer-2026-girls-team,ルネサンス大阪,p_3f8bca0cdb9b,77,True
kougoren-summer-2026-girls-team,ルネサンス大阪,p_3387126a983b,,False
kougoren-summer-2026-girls-team,ルネサンス豊田,p_b35c69b4b1eb,145,True
kougoren-summer-2026-girls-team,ルネサンス豊田,p_a0c33ea52045,142,True
kougoren-summer-2026-girls-team,ルネサンス豊田,p_ac159ca3b2dc,147,True
kougoren-summer-2026-girls-team,ルネサンス豊田,p_79f519304fc4,144,True
kougoren-summer-2026-girls-team,明秀日立,p_462c55385b7e,149,True
kougoren-summer-2026-girls-team,明秀日立,p_9107773a23fe,147,True
kougoren-summer-2026-girls-team,明秀日立,p_792e1b75f827,141,True
kougoren-summer-2026-girls-team,明秀日立,p_9dc02346ac81,142,True
kougoren-summer-2026-girls-team,明秀日立,p_b086d7386d60,,False
kougoren-summer-2026-girls-team,エナジックスポーツ,p_a4eae45f14e6,141,True
kougoren-summer-2026-girls-team,エナジックスポーツ,p_165f2e716676,150,True
kougoren-summer-2026-girls-team,エナジックスポーツ,p_0fcd068d09e4,139,True
kougoren-summer-2026-girls-team,エナジックスポーツ,p_7641f9099b87,77,False
kougoren-summer-2026-girls-team,エナジックスポーツ,p_0b31a7112f52,74,False
kougoren-summer-2026-girls-team,開志国際,p_85826f911a0b,,False
kougoren-summer-2026-girls-team,開志国際,p_badf11f3766a,142,True
kougoren-summer-2026-girls-team,開志国際,p_7ec06f6166d9,136,True
kougoren-summer-2026-girls-team,開志国際,p_18568a45be0f,159,True
kougoren-summer-2026-girls-team,開志国際,p_e5ac0b94fa1c,152,True
kougoren-summer-2026-girls-team,沖学園,p_7cc02db63e16,140,True
kougoren-summer-2026-girls-team,沖学園,p_0580b70d849f,146,True
kougoren-summer-2026-girls-team,沖学園,p_98ac394e6d60,163,False
kougoren-summer-2026-girls-team,沖学園,p_9cfec99840b0,144,True
kougoren-summer-2026-girls-team,第一薬大付,p_0d2e69b6e4d6,146,True
kougoren-summer-2026-girls-team,第一薬大付,p_cc2bd5a026d5,140,True
kougoren-summer-2026-girls-team,第一薬大付,p_0e925bc3be32,72,False
kougoren-summer-2026-girls-team,第一薬大付,p_73bae3ecae08,75,False
kougoren-summer-2026-girls-team,第一薬大付,p_bf4535296eef,145,True
kougoren-summer-2026-girls-team,目黒日大,p_9ee1c30b8e75,145,True
kougoren-summer-2026-girls-team,目黒日大,p_210d2d7c452d,144,True
kougoren-summer-2026-girls-team,目黒日大,p_74020918f46d,152,True
kougoren-summer-2026-girls-team,目黒日大,p_06a66d007060,146,True
kougoren-summer-2026-girls-team,埼玉栄,p_399785dbe815,147,True
kougoren-summer-2026-girls-team,埼玉栄,p_df01c3468ae5,145,True
kougoren-summer-2026-girls-team,埼玉栄,p_e53041307a86,70,True
kougoren-summer-2026-girls-team,埼玉栄,p_25be99a08cac,151,True
kougoren-summer-2026-girls-team,埼玉栄,p_9723f3b98f80,73,True
kougoren-summer-2026-girls-team,中部大第一,p_0e0a6d77ea9a,141,True
kougoren-summer-2026-girls-team,中部大第一,p_05d9ddb3360b,152,True
kougoren-summer-2026-girls-team,中部大第一,p_1284736e2fd3,81,False
kougoren-summer-2026-girls-team,中部大第一,p_e19d9ba2cb9a,75,False
kougoren-summer-2026-girls-team,中部大第一,p_25c18c49d9d6,145,True
kougoren-summer-2026-girls-team,日体大荏原,p_e232df3fdae1,73,True
kougoren-summer-2026-girls-team,日体大荏原,p_7afd4b043437,138,True
kougoren-summer-2026-girls-team,日体大荏原,p_c907c9e0d42f,151,True
kougoren-summer-2026-girls-team,日体大荏原,p_3d8e4a0c18be,153,True
kougoren-summer-2026-girls-team,日体大荏原,p_e89571773799,82,False
kougoren-summer-2026-girls-team,日章学園,p_29022def16f4,146,True
kougoren-summer-2026-girls-team,日章学園,p_97f97d97209e,149,True
kougoren-summer-2026-girls-team,日章学園,p_e65df58011a0,147,True
kougoren-summer-2026-girls-team,日章学園,p_d9e743920e56,147,True
kougoren-summer-2026-girls-team,日章学園,p_ae34ce66be62,,False
kougoren-summer-2026-girls-team,第一学院高校,p_3c0a9222b5ea,143,True
kougoren-summer-2026-girls-team,第一学院高校,p_ed1609ac0371,148,True
kougoren-summer-2026-girls-team,第一学院高校,p_113093af80b4,148,True
kougoren-summer-2026-girls-team,第一学院高校,p_48743e65f201,153,False
kougoren-summer-2026-girls-team,四学香川西,p_2e6f46827f63,153,True
kougoren-summer-2026-girls-team,四学香川西,p_5f214604898f,145,True
kougoren-summer-2026-girls-team,四学香川西,p_2d24f397e55d,147,True
kougoren-summer-2026-girls-team,四学香川西,p_ce921bf44a17,148,True
kougoren-summer-2026-girls-team,佐野日大,p_328e71ef66c6,139,True
kougoren-summer-2026-girls-team,佐野日大,p_26018d8e7787,150,True
kougoren-summer-2026-girls-team,佐野日大,p_54be68493874,157,True
kougoren-summer-2026-girls-team,佐野日大,p_d0cc05e59a7c,158,True
kougoren-summer-2026-girls-team,ウェルネス,p_1991eeec969c,151,True
kougoren-summer-2026-girls-team,ウェルネス,p_e7576ac2d985,157,True
kougoren-summer-2026-girls-team,ウェルネス,p_58af8fc92b99,158,True
kougoren-summer-2026-girls-team,ウェルネス,p_74538d515df6,142,True
kougoren-summer-2026-girls-team,福井工大福井,p_c45bb4b09831,158,True
kougoren-summer-2026-girls-team,福井工大福井,p_f17a426590bb,146,True
kougoren-summer-2026-girls-team,福井工大福井,p_c401da16c93b,143,True
kougoren-summer-2026-girls-team,福井工大福井,p_318669551087,157,True
kougoren-summer-2026-girls-team,拓大紅陵,p_8aa2b41b258a,77,True
kougoren-summer-2026-girls-team,拓大紅陵,p_d1812e1368ad,151,True
kougoren-summer-2026-girls-team,拓大紅陵,p_67d36599aff5,78,False
kougoren-summer-2026-girls-team,拓大紅陵,p_b2ea0332a4fc,150,True
kougoren-summer-2026-girls-team,拓大紅陵,p_ce53bca37327,149,True
kougoren-summer-2026-girls-team,福岡第一,p_4ba25d10b8de,151,True
kougoren-summer-2026-girls-team,福岡第一,p_9bd9407db91b,151,True
kougoren-summer-2026-girls-team,福岡第一,p_82179e382631,150,True
kougoren-summer-2026-girls-team,福岡第一,p_7333cd1bf20a,159,True
kougoren-summer-2026-girls-team,作陽学園,p_a3f883059200,152,True
kougoren-summer-2026-girls-team,作陽学園,p_cc2ca2835c17,157,True
kougoren-summer-2026-girls-team,作陽学園,p_29f1b2d42cc5,,False
kougoren-summer-2026-girls-team,作陽学園,p_96eda7680456,150,True
kougoren-summer-2026-girls-team,作陽学園,p_706e1d2a44ea,148,True
kougoren-summer-2026-girls-team,生光学園,p_f9c6dfb74262,141,True
kougoren-summer-2026-girls-team,生光学園,p_162e1defbd9b,154,True
kougoren-summer-2026-girls-team,生光学園,p_1e0a642b8fcd,157,True
kougoren-summer-2026-girls-team,金沢学院大附,p_7d55f2434a8e,149,True
kougoren-summer-2026-girls-team,金沢学院大附,p_180972f16416,153,True
kougoren-summer-2026-girls-team,金沢学院大附,p_cd5ce9d9cbe3,169,False
kougoren-summer-2026-girls-team,金沢学院大附,p_122cdc598a35,151,True
kougoren-summer-2026-girls-team,千葉黎明,p_71d0693003db,145,True
kougoren-summer-2026-girls-team,千葉黎明,p_c0fc3be78a4a,156,True
kougoren-summer-2026-girls-team,千葉黎明,p_f92f89a29265,84,False
kougoren-summer-2026-girls-team,千葉黎明,p_71f449662022,154,True
kougoren-summer-2026-girls-team,千葉黎明,p_5dca981dc4ef,77,False
kougoren-summer-2026-girls-team,八戸光星,p_228908214ba8,160,True
kougoren-summer-2026-girls-team,八戸光星,p_b0f0fb422663,141,True
kougoren-summer-2026-girls-team,八戸光星,p_4d757c1f5a06,163,True
kougoren-summer-2026-girls-team,八戸光星,p_819825802723,159,True
kougoren-summer-2026-girls-team,栄徳,p_8723d70ad018,164,True
kougoren-summer-2026-girls-team,栄徳,p_769a023822db,147,True
kougoren-summer-2026-girls-team,栄徳,p_0ade17c38b7a,162,True
kougoren-summer-2026-girls-team,北海学園札幌,p_bb6277fb8bea,154,True
kougoren-summer-2026-girls-team,北海学園札幌,p_ce3b43a26ab5,153,True
kougoren-summer-2026-girls-team,北海学園札幌,p_cb60595e2639,170,True
kougoren-summer-2026-girls-team,北海学園札幌,p_a89bc2daed3a,193,False
kougoren-summer-2026-girls-team,岡山理科大学附属,p_575900a7db70,163,True
kougoren-summer-2026-girls-team,岡山理科大学附属,p_c25e5a8c91aa,155,True
kougoren-summer-2026-girls-team,岡山理科大学附属,p_7ff972e7012c,170,False
kougoren-summer-2026-girls-team,岡山理科大学附属,p_79b4e283eb89,,False
kougoren-summer-2026-girls-team,岡山理科大学附属,p_cb22e2377ebb,161,True
kougoren-summer-2026-girls-team,広島国際学院,p_746a7811968c,167,True
kougoren-summer-2026-girls-team,広島国際学院,p_2f8015f9d83c,174,True
kougoren-summer-2026-girls-team,広島国際学院,p_9ef337563545,168,True
kougoren-summer-2026-girls-team,広島国際学院,p_ba2e19dd2d4f,151,True
kougoren-summer-2026-girls-team,日ノ本学園,p_a340f72cdccb,170,True
kougoren-summer-2026-girls-team,日ノ本学園,p_c5b0ee53839a,152,True
kougoren-summer-2026-girls-team,日ノ本学園,p_a24a52011386,170,True
kougoren-summer-2026-girls-team,日ノ本学園,p_f921d8697d5e,176,True
kougoren-summer-2026-girls-team,日ノ本学園,p_16a4db0b6588,,False
chubu-kougoren-summer-qualifier-2025-boys-team,福井工大福井,p_3a06e4e574b4,151,
chubu-kougoren-summer-qualifier-2025-boys-team,福井工大福井,p_53a95ee28b2a,149,
chubu-kougoren-summer-qualifier-2025-boys-team,福井工大福井,p_a366386d5e62,135,
chubu-kougoren-summer-qualifier-2025-boys-team,福井工大福井,p_6917f0a5d54c,137,
chubu-kougoren-summer-qualifier-2025-boys-team,中部大第一,p_2f109bda3218,156,
chubu-kougoren-summer-qualifier-2025-boys-team,中部大第一,p_9a897a6a356f,144,
chubu-kougoren-summer-qualifier-2025-boys-team,中部大第一,p_19a270a0eeed,79,
chubu-kougoren-summer-qualifier-2025-boys-team,中部大第一,p_62f8d070de73,140,
chubu-kougoren-summer-qualifier-2025-boys-team,栄徳,p_fa8c6da28468,155,
chubu-kougoren-summer-qualifier-2025-boys-team,栄徳,p_1b761cc0a495,154,
chubu-kougoren-summer-qualifier-2025-boys-team,栄徳,p_59117c3d5dca,71,
chubu-kougoren-summer-qualifier-2025-boys-team,栄徳,p_bd9693cd137f,143,
chubu-kougoren-summer-qualifier-2025-boys-team,岐阜聖徳学園,p_9aa48c696a56,157,
chubu-kougoren-summer-qualifier-2025-boys-team,岐阜聖徳学園,p_7bdcc086c5a5,163,
chubu-kougoren-summer-qualifier-2025-boys-team,岐阜聖徳学園,p_fb0d11a190f3,76,
chubu-kougoren-summer-qualifier-2025-boys-team,岐阜聖徳学園,p_88591d7275bb,155,
chubu-kougoren-summer-qualifier-2025-boys-team,津田学園,p_10eba2cbe4d7,168,
chubu-kougoren-summer-qualifier-2025-boys-team,津田学園,p_1b485c581650,157,
chubu-kougoren-summer-qualifier-2025-boys-team,津田学園,p_e564c4eaa789,146,
chubu-kougoren-summer-qualifier-2025-boys-team,岡崎城西,p_1edd8af5ae7c,153,
chubu-kougoren-summer-qualifier-2025-boys-team,岡崎城西,p_6779382beac3,167,
chubu-kougoren-summer-qualifier-2025-boys-team,岡崎城西,p_9820e70ff275,177,
chubu-kougoren-summer-qualifier-2025-boys-team,岡崎城西,p_f2f3fd59c0f4,152,
chubu-kougoren-summer-qualifier-2025-boys-team,愛工大名電,p_8fa992662bdc,159,
chubu-kougoren-summer-qualifier-2025-boys-team,愛工大名電,p_446a75d1b409,92,
chubu-kougoren-summer-qualifier-2025-boys-team,愛工大名電,p_453d505fe885,174,
chubu-kougoren-summer-qualifier-2025-boys-team,愛工大名電,p_9d9237901a5d,156,
chubu-kougoren-summer-qualifier-2025-boys-team,中部大春日丘,p_6db7cfd474ec,196,
chubu-kougoren-summer-qualifier-2025-boys-team,中部大春日丘,p_0833874779d8,167,
chubu-kougoren-summer-qualifier-2025-boys-team,中部大春日丘,p_67cb9e28952c,173,
chubu-kougoren-summer-qualifier-2025-boys-team,中部大春日丘,p_b27261799b95,156,
chubu-kougoren-summer-qualifier-2025-boys-team,麗澤瑞浪,p_1df113bd1ae1,159,
chubu-kougoren-summer-qualifier-2025-boys-team,麗澤瑞浪,p_fe5bd13ae656,219,
chubu-kougoren-summer-qualifier-2025-boys-team,麗澤瑞浪,p_03ea290be4a4,193,
chubu-kougoren-summer-qualifier-2025-boys-team,麗澤瑞浪,p_ef1465088432,169,
chubu-kougoren-summer-qualifier-2025-boys-team,金沢学院大附,p_b327e4b2b968,186,
chubu-kougoren-summer-qualifier-2025-boys-team,金沢学院大附,p_abd654018373,197,
chubu-kougoren-summer-qualifier-2025-boys-team,金沢学院大附,p_e06767f4a0e8,175,
chubu-kougoren-summer-qualifier-2025-boys-team,金沢学院大附,p_34f56498e4ea,171,
chubu-kougoren-summer-qualifier-2025-boys-team,星城,p_cac130fd03b5,84,
chubu-kougoren-summer-qualifier-2025-boys-team,星城,p_98fc98d5425a,186,
chubu-kougoren-summer-qualifier-2025-boys-team,星城,p_083e29ec909c,178,
chubu-kougoren-summer-qualifier-2025-boys-team,星城,p_f85c240ad956,180,
chubu-kougoren-summer-qualifier-2025-boys-team,東海学園,p_0c025b86bfd1,159,
chubu-kougoren-summer-qualifier-2025-boys-team,東海学園,p_bcaf798d9945,190,
chubu-kougoren-summer-qualifier-2025-boys-team,東海学園,p_6beb4a1970ec,192,
chubu-kougoren-summer-qualifier-2025-girls-team,中部大第一,p_e19d9ba2cb9a,151,
chubu-kougoren-summer-qualifier-2025-girls-team,中部大第一,p_57ba0b858ebc,142,
chubu-kougoren-summer-qualifier-2025-girls-team,中部大第一,p_ff7b2ddc665f,78,
chubu-kougoren-summer-qualifier-2025-girls-team,中部大第一,p_667b78008a97,144,
chubu-kougoren-summer-qualifier-2025-girls-team,麗澤瑞浪,p_9d69fe716ab3,73,
chubu-kougoren-summer-qualifier-2025-girls-team,麗澤瑞浪,p_41aced5b33ac,153,
chubu-kougoren-summer-qualifier-2025-girls-team,麗澤瑞浪,p_78ee39141502,145,
chubu-kougoren-summer-qualifier-2025-girls-team,麗澤瑞浪,p_93f584819486,148,
chubu-kougoren-summer-qualifier-2025-girls-team,ルネサンス豊田,p_a0c33ea52045,155,
chubu-kougoren-summer-qualifier-2025-girls-team,ルネサンス豊田,p_ac159ca3b2dc,153,
chubu-kougoren-summer-qualifier-2025-girls-team,ルネサンス豊田,p_79f519304fc4,152,
chubu-kougoren-summer-qualifier-2025-girls-team,ルネサンス豊田,p_b35c69b4b1eb,72,
chubu-kougoren-summer-qualifier-2025-girls-team,福井工大福井,p_f17a426590bb,150,
chubu-kougoren-summer-qualifier-2025-girls-team,福井工大福井,p_c45bb4b09831,161,
chubu-kougoren-summer-qualifier-2025-girls-team,福井工大福井,p_a1345285f626,153,
chubu-kougoren-summer-qualifier-2025-girls-team,福井工大福井,p_f539a44fd6df,166,
chubu-kougoren-summer-qualifier-2025-girls-team,岡崎城西,p_ad9ce39a8a67,169,
chubu-kougoren-summer-qualifier-2025-girls-team,岡崎城西,p_78553065aef5,148,
chubu-kougoren-summer-qualifier-2025-girls-team,岡崎城西,p_9758182437a7,149,
chubu-kougoren-summer-qualifier-2025-girls-team,金沢学院大附,p_180972f16416,157,
chubu-kougoren-summer-qualifier-2025-girls-team,金沢学院大附,p_7d55f2434a8e,145,
chubu-kougoren-summer-qualifier-2025-girls-team,金沢学院大附,p_158930960485,172,
chubu-kougoren-summer-qualifier-2025-girls-team,金沢学院大附,p_cd5ce9d9cbe3,169,
chubu-kougoren-summer-qualifier-2025-girls-team,誉,p_155e041d66d4,154,
chubu-kougoren-summer-qualifier-2025-girls-team,誉,p_2293d72baf9f,163,
chubu-kougoren-summer-qualifier-2025-girls-team,誉,p_c0bfbb21116f,152,
chubu-kougoren-summer-qualifier-2025-girls-team,栄徳,p_769a023822db,153,
chubu-kougoren-summer-qualifier-2025-girls-team,栄徳,p_0ade17c38b7a,197,
chubu-kougoren-summer-qualifier-2025-girls-team,栄徳,p_8723d70ad018,171,
chubu-kougoren-summer-qualifier-2025-girls-team,栄徳,p_5a0304df38fe,158,
chubu-kougoren-summer-qualifier-2025-girls-team,岐阜聖徳学園,p_aec32e99f29f,161,
chubu-kougoren-summer-qualifier-2025-girls-team,岐阜聖徳学園,p_a66cbac96328,178,
chubu-kougoren-summer-qualifier-2025-girls-team,岐阜聖徳学園,p_1bad73dc7167,168,
chubu-kougoren-summer-qualifier-2025-girls-team,愛工大名電,p_49bf2fc00aec,188,
chubu-kougoren-summer-qualifier-2025-girls-team,愛工大名電,p_4098750cef80,180,
chubu-kougoren-summer-qualifier-2025-girls-team,愛工大名電,p_797fa5dd948f,181,
chubu-kougoren-summer-qualifier-2025-girls-team,聖霊,p_b23f490a0b8f,189,
chubu-kougoren-summer-qualifier-2025-girls-team,聖霊,p_75dac5a119e1,196,
chubu-kougoren-summer-qualifier-2025-girls-team,聖霊,p_1245906cf5c8,195,
chugoku-kougoren-summer-qualifier-2025-boys-team,作陽学園,p_4ba75653e0bf,150,
chugoku-kougoren-summer-qualifier-2025-boys-team,作陽学園,p_864d4d7cda15,141,
chugoku-kougoren-summer-qualifier-2025-boys-team,作陽学園,p_f5cbfbe28c7f,156,
chugoku-kougoren-summer-qualifier-2025-boys-team,作陽学園,p_b9934fec500e,79,
chugoku-kougoren-summer-qualifier-2025-boys-team,作陽学園,p_1cc2545643f4,78,
chugoku-kougoren-summer-qualifier-2025-boys-team,広島国際学院,p_0b36b81de360,142,
chugoku-kougoren-summer-qualifier-2025-boys-team,広島国際学院,p_8d9c836d6591,146,
chugoku-kougoren-summer-qualifier-2025-boys-team,広島国際学院,p_ec1f839b2728,150,
chugoku-kougoren-summer-qualifier-2025-boys-team,広島国際学院,p_db439ed023d0,87,
chugoku-kougoren-summer-qualifier-2025-boys-team,広島国際学院,p_495e52695a19,84,
chugoku-kougoren-summer-qualifier-2025-boys-team,関西,p_ce7d046256cf,156,
chugoku-kougoren-summer-qualifier-2025-boys-team,関西,p_1eea717174a5,142,
chugoku-kougoren-summer-qualifier-2025-boys-team,関西,p_4448470cb9d6,155,
chugoku-kougoren-summer-qualifier-2025-boys-team,関西,p_72db5a47fd24,153,
chugoku-kougoren-summer-qualifier-2025-boys-team,広島県瀬戸内,p_fe3d505a18db,161,
chugoku-kougoren-summer-qualifier-2025-boys-team,広島県瀬戸内,p_2ef568df34fe,180,
chugoku-kougoren-summer-qualifier-2025-boys-team,広島県瀬戸内,p_12330b5914e1,173,
chugoku-kougoren-summer-qualifier-2025-boys-team,広島県瀬戸内,p_753184fd0bac,144,
chugoku-kougoren-summer-qualifier-2025-boys-team,広陵,p_0c03834a0616,164,
chugoku-kougoren-summer-qualifier-2025-boys-team,広陵,p_6e6e3220fa01,170,
chugoku-kougoren-summer-qualifier-2025-boys-team,広陵,p_cc631f653a3a,223,
chugoku-kougoren-summer-qualifier-2025-boys-team,広陵,p_f65160bfb162,287,
chugoku-kougoren-summer-qualifier-2025-boys-team,如水館,p_9dee11f299cf,232,
chugoku-kougoren-summer-qualifier-2025-boys-team,如水館,p_34ccc4a68d34,150,
chugoku-kougoren-summer-qualifier-2025-boys-team,如水館,p_37684d6e019f,221,
chugoku-kougoren-summer-qualifier-2025-boys-team,如水館,p_19868b5680c0,295,
chugoku-kougoren-summer-qualifier-2025-girls-team,作陽学園,p_a3f883059200,145,
chugoku-kougoren-summer-qualifier-2025-girls-team,作陽学園,p_ec8739fc8971,139,
chugoku-kougoren-summer-qualifier-2025-girls-team,作陽学園,p_23cdf95b9a5f,156,
chugoku-kougoren-summer-qualifier-2025-girls-team,作陽学園,p_cc2ca2835c17,88,
chugoku-kougoren-summer-qualifier-2025-girls-team,作陽学園,p_9c9de2fa3270,80,
chugoku-kougoren-summer-qualifier-2025-girls-team,岡山理科大学附属,p_c25e5a8c91aa,150,
chugoku-kougoren-summer-qualifier-2025-girls-team,岡山理科大学附属,p_575900a7db70,151,
chugoku-kougoren-summer-qualifier-2025-girls-team,岡山理科大学附属,p_82fe45d98c26,157,
chugoku-kougoren-summer-qualifier-2025-girls-team,岡山理科大学附属,p_6166931611e2,168,
chugoku-kougoren-summer-qualifier-2025-girls-team,高川学園,p_66eefe6b31ed,162,
chugoku-kougoren-summer-qualifier-2025-girls-team,高川学園,p_912ab347fb0b,175,
chugoku-kougoren-summer-qualifier-2025-girls-team,高川学園,p_5a6bbe889fc3,154,
chugoku-kougoren-summer-qualifier-2025-girls-team,高川学園,p_21dd136af2fa,150,
chugoku-kougoren-summer-qualifier-2025-girls-team,広島国際学院,p_2f8015f9d83c,148,
chugoku-kougoren-summer-qualifier-2025-girls-team,広島国際学院,p_47234b9ed48b,152,
chugoku-kougoren-summer-qualifier-2025-girls-team,広島国際学院,p_557652bde254,187,
chugoku-kougoren-summer-qualifier-2025-girls-team,広島国際学院,p_746a7811968c,175,
chugoku-kougoren-summer-qualifier-2025-girls-team,広島県瀬戸内,p_7e2f6e8aef0b,187,
chugoku-kougoren-summer-qualifier-2025-girls-team,広島県瀬戸内,p_ceb7355d4497,171,
chugoku-kougoren-summer-qualifier-2025-girls-team,広島県瀬戸内,p_d347c7a92912,156,
chugoku-kougoren-summer-qualifier-2025-girls-team,広島県瀬戸内,p_72f310d8db94,155,
chugoku-kougoren-summer-qualifier-2025-girls-team,広陵,p_b93c1ccd8bb2,185,
chugoku-kougoren-summer-qualifier-2025-girls-team,広陵,p_3816dfbb882e,221,
chugoku-kougoren-summer-qualifier-2025-girls-team,広陵,p_cff3cd2cbbc5,157,
kanto-kougoren-summer-qualifier-2025-boys-team,佐野日大,p_0fb583ef5a83,143,
kanto-kougoren-summer-qualifier-2025-boys-team,佐野日大,p_4f1911950617,73,
kanto-kougoren-summer-qualifier-2025-boys-team,佐野日大,p_6c6ca58a3283,147,
kanto-kougoren-summer-qualifier-2025-boys-team,佐野日大,p_00e91cfe7a79,142,
kanto-kougoren-summer-qualifier-2025-boys-team,佐野日大,p_f953babce395,67,
kanto-kougoren-summer-qualifier-2025-boys-team,埼玉栄,p_38981dbdc223,147,
kanto-kougoren-summer-qualifier-2025-boys-team,埼玉栄,p_4947a9a742a8,143,
kanto-kougoren-summer-qualifier-2025-boys-team,埼玉栄,p_10c119b31a15,138,
kanto-kougoren-summer-qualifier-2025-boys-team,埼玉栄,p_9bbe62441b1a,144,
kanto-kougoren-summer-qualifier-2025-boys-team,水戸啓明,p_9ae62d8cdcd9,152,
kanto-kougoren-summer-qualifier-2025-boys-team,水戸啓明,p_914dd46004d4,148,
kanto-kougoren-summer-qualifier-2025-boys-team,水戸啓明,p_93fbb9613822,142,
kanto-kougoren-summer-qualifier-2025-boys-team,水戸啓明,p_792fb43f3dfc,144,
kanto-kougoren-summer-qualifier-2025-boys-team,千葉黎明,p_e5c310df61d9,139,
kanto-kougoren-summer-qualifier-2025-boys-team,千葉黎明,p_30a9c5afa6af,143,
kanto-kougoren-summer-qualifier-2025-boys-team,千葉黎明,p_b4eccaa45ec3,152,
kanto-kougoren-summer-qualifier-2025-boys-team,千葉黎明,p_1a1ca566aa2e,159,
kanto-kougoren-summer-qualifier-2025-boys-team,開志国際,p_f745536adfd4,146,
kanto-kougoren-summer-qualifier-2025-boys-team,開志国際,p_459003b3afd1,145,
kanto-kougoren-summer-qualifier-2025-boys-team,開志国際,p_9b769ae62653,78,
kanto-kougoren-summer-qualifier-2025-boys-team,開志国際,p_fb755f35b93b,148,
kanto-kougoren-summer-qualifier-2025-boys-team,開志国際,p_8eb38dcb00ad,74,
kanto-kougoren-summer-qualifier-2025-boys-team,目黒日大,p_7a9332982857,143,
kanto-kougoren-summer-qualifier-2025-boys-team,目黒日大,p_1f26259b8d0b,156,
kanto-kougoren-summer-qualifier-2025-boys-team,目黒日大,p_018eb7bb7b57,142,
kanto-kougoren-summer-qualifier-2025-boys-team,目黒日大,p_a7ca720c84a3,152,
kanto-kougoren-summer-qualifier-2025-boys-team,作新学院,p_695f8ecc3c45,75,
kanto-kougoren-summer-qualifier-2025-boys-team,作新学院,p_d05f19ab1c37,152,
kanto-kougoren-summer-qualifier-2025-boys-team,作新学院,p_10189063f636,147,
kanto-kougoren-summer-qualifier-2025-boys-team,作新学院,p_638eb26731e3,145,
kanto-kougoren-summer-qualifier-2025-boys-team,作新学院,p_ac33a290b64b,72,
kanto-kougoren-summer-qualifier-2025-boys-team,代々木,p_d5a417f904e3,143,
kanto-kougoren-summer-qualifier-2025-boys-team,代々木,p_682391911107,144,
kanto-kougoren-summer-qualifier-2025-boys-team,代々木,p_2f0f45479a97,79,
kanto-kougoren-summer-qualifier-2025-boys-team,代々木,p_cb282cb10ede,152,
kanto-kougoren-summer-qualifier-2025-boys-team,代々木,p_f0e063ad458e,74,
kanto-kougoren-summer-qualifier-2025-boys-team,ルネサンス,p_e6cff97ee795,159,
kanto-kougoren-summer-qualifier-2025-boys-team,ルネサンス,p_f3b01cfb91d3,154,
kanto-kougoren-summer-qualifier-2025-boys-team,ルネサンス,p_9ac6477327b5,148,
kanto-kougoren-summer-qualifier-2025-boys-team,ルネサンス,p_3053f34ae4ba,138,
kanto-kougoren-summer-qualifier-2025-boys-team,拓大紅陵,p_383211dd9918,147,
kanto-kougoren-summer-qualifier-2025-boys-team,拓大紅陵,p_3bad7f2103cf,168,
kanto-kougoren-summer-qualifier-2025-boys-team,拓大紅陵,p_d104cdb0ffb4,147,
kanto-kougoren-summer-qualifier-2025-boys-team,拓大紅陵,p_9b80f9ba0539,150,
kanto-kougoren-summer-qualifier-2025-boys-team,佐久長聖,p_5d9ef38389c2,144,
kanto-kougoren-summer-qualifier-2025-boys-team,佐久長聖,p_eb4b5d7e3fe1,154,
kanto-kougoren-summer-qualifier-2025-boys-team,佐久長聖,p_09e4d055c79b,147,
kanto-kougoren-summer-qualifier-2025-boys-team,佐久長聖,p_b8a4805f594d,175,
kanto-kougoren-summer-qualifier-2025-boys-team,杉並学院,p_36648b62c10f,155,
kanto-kougoren-summer-qualifier-2025-boys-team,杉並学院,p_0dc956e88c33,154,
kanto-kougoren-summer-qualifier-2025-boys-team,杉並学院,p_d372ff16f0c7,154,
kanto-kougoren-summer-qualifier-2025-boys-team,杉並学院,p_012a1da5d79d,143,
kanto-kougoren-summer-qualifier-2025-boys-team,ウェルネス,p_a3b3b82fb1c6,150,
kanto-kougoren-summer-qualifier-2025-boys-team,ウェルネス,p_a00dd3471824,150,
kanto-kougoren-summer-qualifier-2025-boys-team,ウェルネス,p_2a74a826b47c,151,
kanto-kougoren-summer-qualifier-2025-boys-team,ウェルネス,p_877029469411,150,
kanto-kougoren-summer-qualifier-2025-boys-team,前橋育英,p_7ff660b77701,152,
kanto-kougoren-summer-qualifier-2025-boys-team,前橋育英,p_94f9a51e18e9,214,
kanto-kougoren-summer-qualifier-2025-boys-team,前橋育英,p_06a632c41b66,164,
kanto-kougoren-summer-qualifier-2025-boys-team,前橋育英,p_a7a635ce7930,149,
kanto-kougoren-summer-qualifier-2025-boys-team,共愛学園,p_f346048c92b7,154,
kanto-kougoren-summer-qualifier-2025-boys-team,共愛学園,p_27a0a02972bb,181,
kanto-kougoren-summer-qualifier-2025-boys-team,共愛学園,p_c5fb4b19fc40,86,
kanto-kougoren-summer-qualifier-2025-boys-team,共愛学園,p_021345d6f846,147,
kanto-kougoren-summer-qualifier-2025-boys-team,共愛学園,p_fad715bcff72,82,
kanto-kougoren-summer-qualifier-2025-boys-team,日大一,p_d64ad0203e99,154,
kanto-kougoren-summer-qualifier-2025-boys-team,日大一,p_0d4098c8ff58,164,
kanto-kougoren-summer-qualifier-2025-boys-team,日大一,p_3b8affe495de,196,
kanto-kougoren-summer-qualifier-2025-boys-team,日大一,p_866916a4a484,154,
kanto-kougoren-summer-qualifier-2025-boys-team,立教新座,p_7d5078bd77aa,154,
kanto-kougoren-summer-qualifier-2025-boys-team,立教新座,p_e9c7706b4c57,157,
kanto-kougoren-summer-qualifier-2025-boys-team,立教新座,p_a70c76bf74df,,
kanto-kougoren-summer-qualifier-2025-boys-team,立教新座,p_c0d654feb22a,161,
kanto-kougoren-summer-qualifier-2025-boys-team,立教新座,p_e3bf951c3cc0,113,
kanto-kougoren-summer-qualifier-2025-boys-team,明大中野,p_954c551b684d,158,
kanto-kougoren-summer-qualifier-2025-boys-team,明大中野,p_ee91c827ace6,165,
kanto-kougoren-summer-qualifier-2025-boys-team,明大中野,p_a1b9da5d7d78,171,
kanto-kougoren-summer-qualifier-2025-boys-team,明大中野,p_fa3d61c5ce66,156,
kanto-kougoren-summer-qualifier-2025-boys-team,日大,p_1754eb84867c,155,
kanto-kougoren-summer-qualifier-2025-boys-team,日大,p_a95a05fa32bc,152,
kanto-kougoren-summer-qualifier-2025-boys-team,日大,p_b8cef0d2ce7b,170,
kanto-kougoren-summer-qualifier-2025-boys-team,日大,p_ecef0f1336ff,185,
kanto-kougoren-summer-qualifier-2025-boys-team,早稲田実業,p_303676ad213c,156,
kanto-kougoren-summer-qualifier-2025-boys-team,早稲田実業,p_c2eeda2c0b05,164,
kanto-kougoren-summer-qualifier-2025-boys-team,早稲田実業,p_89519db06eee,168,
kanto-kougoren-summer-qualifier-2025-boys-team,早稲田実業,p_d94377abe4d6,158,
kanto-kougoren-summer-qualifier-2025-boys-team,浜松日体,p_c2800a11baa2,161,
kanto-kougoren-summer-qualifier-2025-boys-team,浜松日体,p_aa01ca13f01a,163,
kanto-kougoren-summer-qualifier-2025-boys-team,浜松日体,p_cbb71bf8d6d3,181,
kanto-kougoren-summer-qualifier-2025-boys-team,浜松日体,p_cce384c1c024,160,
kanto-kougoren-summer-qualifier-2025-boys-team,厚木北,p_50e7f0a0a3bf,147,
kanto-kougoren-summer-qualifier-2025-boys-team,厚木北,p_af715053c624,169,
kanto-kougoren-summer-qualifier-2025-boys-team,厚木北,p_b51437039b75,171,
kanto-kougoren-summer-qualifier-2025-boys-team,厚木北,p_b4fe31371c06,194,
kanto-kougoren-summer-qualifier-2025-boys-team,日大三島,p_02822b22fb70,163,
kanto-kougoren-summer-qualifier-2025-boys-team,日大三島,p_bfd07b0c17df,,
kanto-kougoren-summer-qualifier-2025-boys-team,日大三島,p_d9f0aef7647a,171,
kanto-kougoren-summer-qualifier-2025-boys-team,日大三島,p_a154d1e603a9,155,
kanto-kougoren-summer-qualifier-2025-boys-team,慶應,p_60fe01216723,214,
kanto-kougoren-summer-qualifier-2025-boys-team,慶應,p_12769e2e3e5e,179,
kanto-kougoren-summer-qualifier-2025-boys-team,慶應,p_a515d29533c7,163,
kanto-kougoren-summer-qualifier-2025-boys-team,慶應,p_1a05bbb7857b,157,
kanto-kougoren-summer-qualifier-2025-boys-team,日体大荏原,p_800fc9fe46bb,164,
kanto-kougoren-summer-qualifier-2025-boys-team,日体大荏原,p_b16b7037be2e,190,
kanto-kougoren-summer-qualifier-2025-boys-team,日体大荏原,p_ba06dd84a39c,95,
kanto-kougoren-summer-qualifier-2025-boys-team,日体大荏原,p_abd8126ece8a,156,
kanto-kougoren-summer-qualifier-2025-boys-team,浜松学芸,p_b2b3491ec224,160,
kanto-kougoren-summer-qualifier-2025-boys-team,浜松学芸,p_774e0d721621,177,
kanto-kougoren-summer-qualifier-2025-boys-team,浜松学芸,p_5e7dd43a6407,182,
kanto-kougoren-summer-qualifier-2025-boys-team,浜松学芸,p_e0806facd0b8,184,
kanto-kougoren-summer-qualifier-2025-boys-team,高輪,p_61a9da315782,156,
kanto-kougoren-summer-qualifier-2025-boys-team,高輪,p_b7d3841a0e1f,161,
kanto-kougoren-summer-qualifier-2025-boys-team,高輪,p_ab1b3b3a4655,204,
kanto-kougoren-summer-qualifier-2025-boys-team,高輪,p_9ad58e278cdc,212,
kanto-kougoren-summer-qualifier-2025-boys-team,埼玉平成,p_8c1abe719068,165,
kanto-kougoren-summer-qualifier-2025-boys-team,埼玉平成,p_999e2c2feae2,185,
kanto-kougoren-summer-qualifier-2025-boys-team,埼玉平成,p_06882001f342,191,
kanto-kougoren-summer-qualifier-2025-boys-team,埼玉平成,p_cb5b5f7877cb,176,
kanto-kougoren-summer-qualifier-2025-boys-team,学習院,p_80e9d44063a7,179,
kanto-kougoren-summer-qualifier-2025-boys-team,学習院,p_10a605d84559,175,
kanto-kougoren-summer-qualifier-2025-boys-team,学習院,p_dbee845257f0,206,
kanto-kougoren-summer-qualifier-2025-boys-team,学習院,p_ca8a5fd97d49,121,
kanto-kougoren-summer-qualifier-2025-boys-team,学習院,p_3bfff6e5cb7b,96,
kanto-kougoren-summer-qualifier-2025-boys-team,足立学園,p_c45d4fbd4048,164,
kanto-kougoren-summer-qualifier-2025-boys-team,足立学園,p_4a9d5b5b2a26,181,
kanto-kougoren-summer-qualifier-2025-boys-team,足立学園,p_27bee7119c03,230,
kanto-kougoren-summer-qualifier-2025-boys-team,足立学園,p_04f339e59e7e,216,
kanto-kougoren-summer-qualifier-2025-boys-team,浦和学院,p_1b1402f0a7af,201,
kanto-kougoren-summer-qualifier-2025-boys-team,浦和学院,p_501d380c17c6,237,
kanto-kougoren-summer-qualifier-2025-boys-team,浦和学院,p_85aa6d753e88,183,
kanto-kougoren-summer-qualifier-2025-boys-team,浦和学院,p_b538cb1dfd72,181,
kanto-kougoren-summer-qualifier-2025-boys-team,麻布,p_9e550adeb9d2,167,
kanto-kougoren-summer-qualifier-2025-boys-team,麻布,p_6eeba08340b9,190,
kanto-kougoren-summer-qualifier-2025-boys-team,麻布,p_9931a18f2445,212,
kanto-kougoren-summer-qualifier-2025-boys-team,麻布,p_a09bb517ac0c,310,
kanto-kougoren-summer-qualifier-2025-girls-team,埼玉栄,p_df01c3468ae5,148,
kanto-kougoren-summer-qualifier-2025-girls-team,埼玉栄,p_399785dbe815,143,
kanto-kougoren-summer-qualifier-2025-girls-team,埼玉栄,p_61687d2e02ef,144,
kanto-kougoren-summer-qualifier-2025-girls-team,埼玉栄,p_651cd183a45e,143,
kanto-kougoren-summer-qualifier-2025-girls-team,埼玉栄,p_b87570769433,84,
kanto-kougoren-summer-qualifier-2025-girls-team,拓大紅陵,p_a8ef8de036cc,144,
kanto-kougoren-summer-qualifier-2025-girls-team,拓大紅陵,p_e7d7f7818735,75,
kanto-kougoren-summer-qualifier-2025-girls-team,拓大紅陵,p_b2ea0332a4fc,143,
kanto-kougoren-summer-qualifier-2025-girls-team,拓大紅陵,p_cbd41accd89d,148,
kanto-kougoren-summer-qualifier-2025-girls-team,拓大紅陵,p_f934893a76db,88,
kanto-kougoren-summer-qualifier-2025-girls-team,ウェルネス,p_74538d515df6,147,
kanto-kougoren-summer-qualifier-2025-girls-team,ウェルネス,p_e9ab53306479,146,
kanto-kougoren-summer-qualifier-2025-girls-team,ウェルネス,p_1aac75074fbd,146,
kanto-kougoren-summer-qualifier-2025-girls-team,ウェルネス,p_58af8fc92b99,160,
kanto-kougoren-summer-qualifier-2025-girls-team,開志国際,p_adbde600e227,149,
kanto-kougoren-summer-qualifier-2025-girls-team,開志国際,p_badf11f3766a,151,
kanto-kougoren-summer-qualifier-2025-girls-team,開志国際,p_7ec06f6166d9,150,
kanto-kougoren-summer-qualifier-2025-girls-team,開志国際,p_a2dbca258af4,147,
kanto-kougoren-summer-qualifier-2025-girls-team,明秀日立,p_9107773a23fe,151,
kanto-kougoren-summer-qualifier-2025-girls-team,明秀日立,p_792e1b75f827,153,
kanto-kougoren-summer-qualifier-2025-girls-team,明秀日立,p_9dc02346ac81,145,
kanto-kougoren-summer-qualifier-2025-girls-team,明秀日立,p_027eee77def5,146,
kanto-kougoren-summer-qualifier-2025-girls-team,日体大荏原,p_c907c9e0d42f,85,
kanto-kougoren-summer-qualifier-2025-girls-team,日体大荏原,p_7afd4b043437,147,
kanto-kougoren-summer-qualifier-2025-girls-team,日体大荏原,p_3d8e4a0c18be,158,
kanto-kougoren-summer-qualifier-2025-girls-team,日体大荏原,p_e232df3fdae1,141,
kanto-kougoren-summer-qualifier-2025-girls-team,日体大荏原,p_e89571773799,76,
kanto-kougoren-summer-qualifier-2025-girls-team,ルネサンス,p_88345b5a060d,150,
kanto-kougoren-summer-qualifier-2025-girls-team,ルネサンス,p_d38f2c7a9e56,152,
kanto-kougoren-summer-qualifier-2025-girls-team,ルネサンス,p_b37527612d31,152,
kanto-kougoren-summer-qualifier-2025-girls-team,ルネサンス,p_1bdfdba18316,146,
kanto-kougoren-summer-qualifier-2025-girls-team,佐野日大,p_54be68493874,148,
kanto-kougoren-summer-qualifier-2025-girls-team,佐野日大,p_26018d8e7787,158,
kanto-kougoren-summer-qualifier-2025-girls-team,佐野日大,p_328e71ef66c6,143,
kanto-kougoren-summer-qualifier-2025-girls-team,目黒日大,p_076c0aaed9c8,164,
kanto-kougoren-summer-qualifier-2025-girls-team,目黒日大,p_76a2a81d6f3e,147,
kanto-kougoren-summer-qualifier-2025-girls-team,目黒日大,p_210d2d7c452d,75,
kanto-kougoren-summer-qualifier-2025-girls-team,目黒日大,p_9ee1c30b8e75,152,
kanto-kougoren-summer-qualifier-2025-girls-team,千葉黎明,p_71d0693003db,152,
kanto-kougoren-summer-qualifier-2025-girls-team,千葉黎明,p_c0fc3be78a4a,167,
kanto-kougoren-summer-qualifier-2025-girls-team,千葉黎明,p_83bddbf7952b,84,
kanto-kougoren-summer-qualifier-2025-girls-team,千葉黎明,p_a3fb3120d4c2,144,
kanto-kougoren-summer-qualifier-2025-girls-team,千葉黎明,p_9eb27ca5bd00,78,
kanto-kougoren-summer-qualifier-2025-girls-team,共立女子第二,p_db87158769c4,155,
kanto-kougoren-summer-qualifier-2025-girls-team,共立女子第二,p_5ec187ffbd4d,147,
kanto-kougoren-summer-qualifier-2025-girls-team,共立女子第二,p_bfe99c32ee3c,83,
kanto-kougoren-summer-qualifier-2025-girls-team,共立女子第二,p_2f5576c2a633,172,
kanto-kougoren-summer-qualifier-2025-girls-team,共愛学園,p_51c21a049ff5,168,
kanto-kougoren-summer-qualifier-2025-girls-team,共愛学園,p_22710dc98cb4,181,
kanto-kougoren-summer-qualifier-2025-girls-team,共愛学園,p_c0e8269d9598,164,
kanto-kougoren-summer-qualifier-2025-girls-team,共愛学園,p_09f9c0770a48,162,
kanto-kougoren-summer-qualifier-2025-girls-team,厚木北,p_9dfa2a5066e7,173,
kanto-kougoren-summer-qualifier-2025-girls-team,厚木北,p_ccc718051c54,158,
kanto-kougoren-summer-qualifier-2025-girls-team,厚木北,p_6b87ae2d55a5,175,
kanto-kougoren-summer-qualifier-2025-girls-team,厚木北,p_5d536cb96ee4,,
kanto-kougoren-summer-qualifier-2025-girls-team,西武学園文理,p_b66f79e80c51,162,
kanto-kougoren-summer-qualifier-2025-girls-team,西武学園文理,p_9f6e743cfe48,147,
kanto-kougoren-summer-qualifier-2025-girls-team,西武学園文理,p_3f276b871fbd,202,
kanto-kougoren-summer-qualifier-2025-girls-team,法政大学,p_a18a8ef234cc,148,
kanto-kougoren-summer-qualifier-2025-girls-team,法政大学,p_fed2d45b28bf,172,
kanto-kougoren-summer-qualifier-2025-girls-team,法政大学,p_6d924643e073,210,
kanto-kougoren-summer-qualifier-2025-girls-team,日大一,p_5676a56b9ab8,187,
kanto-kougoren-summer-qualifier-2025-girls-team,日大一,p_04f30cb95c9d,186,
kanto-kougoren-summer-qualifier-2025-girls-team,日大一,p_a092ceb9f2fd,197,
kanto-kougoren-summer-qualifier-2025-girls-team,日大一,p_b5475602f21e,167,
kanto-kougoren-summer-qualifier-2025-girls-team,杉並学院,p_fd774f74fe04,204,
kanto-kougoren-summer-qualifier-2025-girls-team,杉並学院,p_21af823a14f9,184,
kanto-kougoren-summer-qualifier-2025-girls-team,杉並学院,p_6b85beedec8b,87,
kanto-kougoren-summer-qualifier-2025-girls-team,杉並学院,p_edc6e0cb9311,168,
kanto-kougoren-summer-qualifier-2025-girls-team,麗澤,p_a3bc70c22163,233,
kanto-kougoren-summer-qualifier-2025-girls-team,麗澤,p_01e9cfe4e8c0,187,
kanto-kougoren-summer-qualifier-2025-girls-team,麗澤,p_329e48b9f62b,193,
kanto-kougoren-summer-qualifier-2025-girls-team,麗澤,p_10c56bcf4fb4,172,
kanto-kougoren-summer-qualifier-2025-girls-team,湘南学院,p_8c96ca489dce,247,
kanto-kougoren-summer-qualifier-2025-girls-team,湘南学院,p_5bfae31ccaf7,209,
kanto-kougoren-summer-qualifier-2025-girls-team,湘南学院,p_4df204b52f0e,187,
kanto-kougoren-summer-qualifier-2025-girls-team,湘南学院,p_364514955d0f,161,
kanto-kougoren-summer-qualifier-2025-girls-team,早稲田実業,p_2d5368dc84b0,150,
kanto-kougoren-summer-qualifier-2025-girls-team,早稲田実業,p_72987277e59b,209,
kanto-kougoren-summer-qualifier-2025-girls-team,早稲田実業,p_edcdd597e8c9,199,
kanto-kougoren-summer-qualifier-2025-girls-team,明大八王子高,p_4b04ddd46c0d,171,
kanto-kougoren-summer-qualifier-2025-girls-team,明大八王子高,p_bb24222c9ea3,229,
kanto-kougoren-summer-qualifier-2025-girls-team,明大八王子高,p_86dcce64c662,196,
kanto-kougoren-summer-qualifier-2025-girls-team,湘南工科大学附属,p_004181f78557,160,
kanto-kougoren-summer-qualifier-2025-girls-team,湘南工科大学附属,p_d09c379f5b10,181,
kanto-kougoren-summer-qualifier-2025-girls-team,湘南工科大学附属,p_da84de89ab38,256,
kanto-kougoren-summer-qualifier-2025-girls-team,日大櫻丘,p_502de0189588,157,
kanto-kougoren-summer-qualifier-2025-girls-team,日大櫻丘,p_5db019580e29,251,
kanto-kougoren-summer-qualifier-2025-girls-team,日大櫻丘,p_a6e89ada27ea,232,
kanto-kougoren-summer-qualifier-2025-girls-team,日大櫻丘,p_ba14081a9545,130,
kanto-kougoren-summer-qualifier-2025-girls-team,水戸啓明,p_462d9b49d343,,
kanto-kougoren-summer-qualifier-2025-girls-team,水戸啓明,p_a28a8211eb97,,
kanto-kougoren-summer-qualifier-2025-girls-team,水戸啓明,p_ed82dd9b2ee0,,
shikoku-kougoren-summer-qualifier-2025-boys-team,高知中央高,p_2a0cbb474f0a,162,
shikoku-kougoren-summer-qualifier-2025-boys-team,高知中央高,p_166d479b2d16,138,
shikoku-kougoren-summer-qualifier-2025-boys-team,高知中央高,p_8c0ebaa6b026,151,
shikoku-kougoren-summer-qualifier-2025-boys-team,高知中央高,p_3add325159ea,,
shikoku-kougoren-summer-qualifier-2025-boys-team,高知中央高,p_13eb1c0836c2,143,
shikoku-kougoren-summer-qualifier-2025-boys-team,生光学園高,p_111cedaec95c,152,
shikoku-kougoren-summer-qualifier-2025-boys-team,生光学園高,p_91f6a8ddc3f3,139,
shikoku-kougoren-summer-qualifier-2025-boys-team,生光学園高,p_9d708b61952c,149,
shikoku-kougoren-summer-qualifier-2025-boys-team,生光学園高,p_c8bea214eeb4,165,
shikoku-kougoren-summer-qualifier-2025-boys-team,明徳義塾高,p_e02f0b75ca41,157,
shikoku-kougoren-summer-qualifier-2025-boys-team,明徳義塾高,p_afd14f62f07a,74,
shikoku-kougoren-summer-qualifier-2025-boys-team,明徳義塾高,p_e046340bc5b5,75,
shikoku-kougoren-summer-qualifier-2025-boys-team,明徳義塾高,p_b22f94ce9d73,143,
shikoku-kougoren-summer-qualifier-2025-boys-team,明徳義塾高,p_4589ab6a689f,151,
shikoku-kougoren-summer-qualifier-2025-boys-team,四学香川西高,p_c1b4deac019f,149,
shikoku-kougoren-summer-qualifier-2025-boys-team,四学香川西高,p_72cfdc309bed,144,
shikoku-kougoren-summer-qualifier-2025-boys-team,四学香川西高,p_4ecd8d4cf4c5,155,
shikoku-kougoren-summer-qualifier-2025-boys-team,四学香川西高,p_47822cb28bb7,157,
shikoku-kougoren-summer-qualifier-2025-boys-team,四学香川西高,p_fdfd9c3b5887,,
shikoku-kougoren-summer-qualifier-2025-boys-team,高松中央高,p_2857ae6fb5e0,153,
shikoku-kougoren-summer-qualifier-2025-boys-team,高松中央高,p_6cb41a9912ea,174,
shikoku-kougoren-summer-qualifier-2025-boys-team,高松中央高,p_f9a9bd5d517c,,
shikoku-kougoren-summer-qualifier-2025-girls-team,明徳義塾高,p_089b1ae128b7,142,
shikoku-kougoren-summer-qualifier-2025-girls-team,明徳義塾高,p_7ce4377d5546,144,
shikoku-kougoren-summer-qualifier-2025-girls-team,明徳義塾高,p_53010e69b4ab,156,
shikoku-kougoren-summer-qualifier-2025-girls-team,明徳義塾高,p_c8dcf2c63f66,79,
shikoku-kougoren-summer-qualifier-2025-girls-team,明徳義塾高,p_cd92af479e49,83,
shikoku-kougoren-summer-qualifier-2025-girls-team,四学香川西高,p_5c86d778864a,,
shikoku-kougoren-summer-qualifier-2025-girls-team,四学香川西高,p_2506b5865c86,,
shikoku-kougoren-summer-qualifier-2025-girls-team,四学香川西高,p_2e6f46827f63,145,
shikoku-kougoren-summer-qualifier-2025-girls-team,四学香川西高,p_5f214604898f,144,
shikoku-kougoren-summer-qualifier-2025-girls-team,四学香川西高,p_3770f0256961,159,
shikoku-kougoren-summer-qualifier-2025-girls-team,生光学園高,p_e366e3105b05,155,
shikoku-kougoren-summer-qualifier-2025-girls-team,生光学園高,p_1e0a642b8fcd,163,
shikoku-kougoren-summer-qualifier-2025-girls-team,生光学園高,p_f9c6dfb74262,154,
shikoku-kougoren-summer-qualifier-2025-girls-team,生光学園高,p_162e1defbd9b,151,
shikoku-kougoren-summer-qualifier-2025-girls-team,高知中央高,p_fc1a3d799932,146,
shikoku-kougoren-summer-qualifier-2025-girls-team,高知中央高,p_0e9a45e86d89,159,
shikoku-kougoren-summer-qualifier-2025-girls-team,高知中央高,p_4f1cd99ec901,158,
kokusupo-2023-boys-team,東京都,p_1e89d163bf66,144,True
kokusupo-2023-boys-team,東京都,p_72753c283d77,136,True
kokusupo-2023-boys-team,東京都,p_4820c4a20cca,146,True
kokusupo-2023-boys-team,神奈川県,p_0b07649876dc,140,True
kokusupo-2023-boys-team,神奈川県,p_c9b2fdce8a81,147,True
kokusupo-2023-boys-team,神奈川県,p_5ffbdf767c29,139,True
kokusupo-2023-boys-team,福岡県,p_8f0f1b22a633,138,True
kokusupo-2023-boys-team,福岡県,p_b77993655184,141,True
kokusupo-2023-boys-team,福岡県,p_a6cd244068ba,148,True
kokusupo-2023-boys-team,埼玉県,p_1fd95dd87b13,142,True
kokusupo-2023-boys-team,埼玉県,p_d0754cd2d96f,141,True
kokusupo-2023-boys-team,埼玉県,p_c901fcbc9ee5,146,True
kokusupo-2023-boys-team,愛知県,p_f9d70a42cf0e,146,True
kokusupo-2023-boys-team,愛知県,p_42d96fae752e,147,True
kokusupo-2023-boys-team,愛知県,p_e72a5b29e4db,140,True
kokusupo-2023-boys-team,茨城県,p_91a3ca8eed5d,146,True
kokusupo-2023-boys-team,茨城県,p_792fb43f3dfc,142,True
kokusupo-2023-boys-team,茨城県,p_5bca3f794a2b,149,True
kokusupo-2023-boys-team,徳島県,p_91f6a8ddc3f3,144,True
kokusupo-2023-boys-team,徳島県,p_aaa78d3a9c10,145,True
kokusupo-2023-boys-team,徳島県,p_51fecf0a84a0,148,True
kokusupo-2023-boys-team,岐阜県,p_8b70dcf5ea2b,146,True
kokusupo-2023-boys-team,岐阜県,p_25c73155e68f,149,True
kokusupo-2023-boys-team,岐阜県,p_7fa642b2320e,149,True
kokusupo-2023-boys-team,広島県,p_753184fd0bac,145,True
kokusupo-2023-boys-team,広島県,p_ec1f839b2728,152,True
kokusupo-2023-boys-team,広島県,p_8d9c836d6591,148,True
kokusupo-2023-boys-team,鹿児島県,p_1f981841e819,155,True
kokusupo-2023-boys-team,鹿児島県,p_d5a417f904e3,143,True
kokusupo-2023-boys-team,鹿児島県,p_b25cb381544e,149,True
kokusupo-2023-boys-team,栃木県,p_84d0828ed0e1,145,True
kokusupo-2023-boys-team,栃木県,p_7a6683e3f26b,154,True
kokusupo-2023-boys-team,栃木県,p_ad609df05fee,148,True
kokusupo-2023-boys-team,山口県,p_a7c9b355a339,154,True
kokusupo-2023-boys-team,山口県,p_85e3716c0039,146,True
kokusupo-2023-boys-team,山口県,p_b5f41bb19871,149,True
kokusupo-2023-boys-team,大阪府,p_4ee0287c2050,141,True
kokusupo-2023-boys-team,大阪府,p_d825126a127b,165,True
kokusupo-2023-boys-team,大阪府,p_fc7f3f269a1c,144,True
kokusupo-2023-boys-team,新潟県,p_d48d8021b1f9,145,True
kokusupo-2023-boys-team,新潟県,p_f3ada79d8ebe,151,True
kokusupo-2023-boys-team,新潟県,p_85151168fe7d,155,True
kokusupo-2023-boys-team,北海道,p_25a08665e1a6,154,True
kokusupo-2023-boys-team,北海道,p_1ffd6a1fbdce,155,True
kokusupo-2023-boys-team,北海道,p_87b1183917e9,143,True
kokusupo-2023-boys-team,宮城県,p_5f9826789651,145,True
kokusupo-2023-boys-team,宮城県,p_383681a34082,156,True
kokusupo-2023-boys-team,宮城県,p_e68693e0f1a8,151,True
kokusupo-2023-boys-team,兵庫県,p_4e7c28090223,144,True
kokusupo-2023-boys-team,兵庫県,p_c3f6d8ef99ff,157,True
kokusupo-2023-boys-team,兵庫県,p_9624857481ec,151,True
kokusupo-2023-boys-team,福島県,p_40e53e52f239,149,True
kokusupo-2023-boys-team,福島県,p_f290c8bc5588,161,True
kokusupo-2023-boys-team,福島県,p_97291dbf098f,144,True
kokusupo-2023-boys-team,石川県,p_66a8fed25be6,153,True
kokusupo-2023-boys-team,石川県,p_3ef77c2186a6,149,True
kokusupo-2023-boys-team,石川県,p_f8b2e836d2a9,152,True
kokusupo-2023-boys-team,長崎県,p_29486ff13fda,139,True
kokusupo-2023-boys-team,長崎県,p_f4a9ffa4aa8e,151,True
kokusupo-2023-boys-team,長崎県,p_1f156b898d55,166,True
kokusupo-2023-boys-team,熊本県,p_af080bb3ec56,146,True
kokusupo-2023-boys-team,熊本県,p_2ea677e4328c,149,True
kokusupo-2023-boys-team,熊本県,p_9aea09534832,163,True
kokusupo-2023-boys-team,山形県,p_eb5620121ef1,148,True
kokusupo-2023-boys-team,山形県,p_ede0c9790624,151,True
kokusupo-2023-boys-team,山形県,p_1712baf4c20b,160,True
kokusupo-2023-boys-team,長野県,p_60494a06869b,157,True
kokusupo-2023-boys-team,長野県,p_09e4d055c79b,149,True
kokusupo-2023-boys-team,長野県,p_d17b773bebd7,153,True
kokusupo-2023-boys-team,沖縄県,p_9eafbf5af593,154,True
kokusupo-2023-boys-team,沖縄県,p_af993cb5acf1,158,True
kokusupo-2023-boys-team,沖縄県,p_29f6e3a7777d,148,True
kokusupo-2023-boys-team,香川県,p_360286390898,151,True
kokusupo-2023-boys-team,香川県,p_72cfdc309bed,153,True
kokusupo-2023-boys-team,香川県,p_3792500949e9,161,True
kokusupo-2023-boys-team,和歌山県,p_7a5468c416b9,152,True
kokusupo-2023-boys-team,和歌山県,p_555c9005c21b,153,True
kokusupo-2023-boys-team,和歌山県,p_4129a1a5b846,162,True
kokusupo-2023-boys-team,大分県,p_1f518c5ac155,160,True
kokusupo-2023-boys-team,大分県,p_8bfd31afc2a4,163,True
kokusupo-2023-boys-team,大分県,p_b02610ecc173,163,True
kokusupo-2023-boys-team,岡山県,p_a7450e0def29,145,True
kokusupo-2023-boys-team,岡山県,p_3c0eaff1fd4d,155,True
kokusupo-2023-boys-team,岡山県,p_3f8bec5f55ac,,True
kokusupo-2024-boys-team,宮崎県,p_5038c6e9f44c,135,True
kokusupo-2024-boys-team,宮崎県,p_4b61e36993d7,148,True
kokusupo-2024-boys-team,宮崎県,p_b93a2ade1d14,140,True
kokusupo-2024-boys-team,千葉県,p_b5d5859b149e,147,True
kokusupo-2024-boys-team,千葉県,p_960f3b1a529c,142,True
kokusupo-2024-boys-team,千葉県,p_e5c310df61d9,137,True
kokusupo-2024-boys-team,埼玉県,p_10c119b31a15,141,True
kokusupo-2024-boys-team,埼玉県,p_c901fcbc9ee5,147,True
kokusupo-2024-boys-team,埼玉県,p_0fb583ef5a83,141,True
kokusupo-2024-boys-team,愛知県,p_42d96fae752e,145,True
kokusupo-2024-boys-team,愛知県,p_0b1ac28dd3a6,141,True
kokusupo-2024-boys-team,愛知県,p_62f8d070de73,144,True
kokusupo-2024-boys-team,広島県,p_9856cb6df080,144,True
kokusupo-2024-boys-team,広島県,p_d0dbe3853339,145,True
kokusupo-2024-boys-team,広島県,p_8d9c836d6591,142,True
kokusupo-2024-boys-team,高知県,p_106ba4f2eb89,146,True
kokusupo-2024-boys-team,高知県,p_fed2fc9ff9e5,140,True
kokusupo-2024-boys-team,高知県,p_13eb1c0836c2,145,True
kokusupo-2024-boys-team,大阪府,p_fc7f3f269a1c,145,True
kokusupo-2024-boys-team,大阪府,p_58a18642a4f4,143,True
kokusupo-2024-boys-team,大阪府,p_cc9d3dab077a,144,True
kokusupo-2024-boys-team,兵庫県,p_f24544304816,141,True
kokusupo-2024-boys-team,兵庫県,p_f59758657549,149,True
kokusupo-2024-boys-team,兵庫県,p_1fea4c4fb7d8,143,True
kokusupo-2024-boys-team,福井県,p_f9d70a42cf0e,136,True
kokusupo-2024-boys-team,福井県,p_66a8fed25be6,148,True
kokusupo-2024-boys-team,福井県,p_39bc8696aaee,150,True
kokusupo-2024-boys-team,茨城県,p_5bca3f794a2b,139,True
kokusupo-2024-boys-team,茨城県,p_4b54a1a1ef79,145,True
kokusupo-2024-boys-team,茨城県,p_792fb43f3dfc,151,True
kokusupo-2024-boys-team,東京都,p_8fba978017e0,149,True
kokusupo-2024-boys-team,東京都,p_e8c5625d2c92,145,True
kokusupo-2024-boys-team,東京都,p_4820c4a20cca,141,True
kokusupo-2024-boys-team,栃木県,p_a57a2f86ff9f,158,True
kokusupo-2024-boys-team,栃木県,p_6396fd94a35d,139,True
kokusupo-2024-boys-team,栃木県,p_00e91cfe7a79,140,True
kokusupo-2024-boys-team,鹿児島県,p_d5a417f904e3,143,True
kokusupo-2024-boys-team,鹿児島県,p_46e5b923494a,152,True
kokusupo-2024-boys-team,鹿児島県,p_b3d5df4a6fcb,142,True
kokusupo-2024-boys-team,沖縄県,p_4593dcfcf790,142,True
kokusupo-2024-boys-team,沖縄県,p_9eafbf5af593,155,True
kokusupo-2024-boys-team,沖縄県,p_47d71213d728,140,True
kokusupo-2024-boys-team,青森県,p_c74642b46a6d,146,True
kokusupo-2024-boys-team,青森県,p_1918f4fdde64,148,True
kokusupo-2024-boys-team,青森県,p_e381f4e138ff,146,True
kokusupo-2024-boys-team,三重県,p_b81e0d175e7e,148,True
kokusupo-2024-boys-team,三重県,p_7c88749a4b5b,145,True
kokusupo-2024-boys-team,三重県,p_a07d9dcef2c0,147,True
kokusupo-2024-boys-team,大分県,p_1f518c5ac155,141,True
kokusupo-2024-boys-team,大分県,p_cb859e94daa6,148,True
kokusupo-2024-boys-team,大分県,p_2fcfec474e0a,151,True
kokusupo-2024-boys-team,香川県,p_72cfdc309bed,141,True
kokusupo-2024-boys-team,香川県,p_2189d8875fa7,151,True
kokusupo-2024-boys-team,香川県,p_2857ae6fb5e0,149,True
kokusupo-2024-boys-team,奈良県,p_aff0240e505b,145,True
kokusupo-2024-boys-team,奈良県,p_d14b9f205a4f,150,True
kokusupo-2024-boys-team,奈良県,p_3095d05306c5,147,True
kokusupo-2024-boys-team,新潟県,p_d48d8021b1f9,140,True
kokusupo-2024-boys-team,新潟県,p_f3ada79d8ebe,162,True
kokusupo-2024-boys-team,新潟県,p_ef8a87f9222f,145,True
kokusupo-2024-boys-team,岡山県,p_4448470cb9d6,149,True
kokusupo-2024-boys-team,岡山県,p_864d4d7cda15,143,True
kokusupo-2024-boys-team,岡山県,p_b9934fec500e,156,True
kokusupo-2024-boys-team,福岡県,p_f4f16c957650,149,True
kokusupo-2024-boys-team,福岡県,p_a6cd244068ba,151,True
kokusupo-2024-boys-team,福岡県,p_b77993655184,151,True
kokusupo-2024-boys-team,福島県,p_40e53e52f239,143,True
kokusupo-2024-boys-team,福島県,p_50fbec37c5ed,160,True
kokusupo-2024-boys-team,福島県,p_f290c8bc5588,150,True
kokusupo-2024-boys-team,長野県,p_c02e72bf0f56,162,True
kokusupo-2024-boys-team,長野県,p_5d9ef38389c2,148,True
kokusupo-2024-boys-team,長野県,p_09e4d055c79b,143,True
kokusupo-2024-boys-team,宮城県,p_219d2c4fc20e,153,True
kokusupo-2024-boys-team,宮城県,p_55cd66805551,148,True
kokusupo-2024-boys-team,宮城県,p_a8271f55de68,156,True
kokusupo-2024-boys-team,北海道,p_1ffd6a1fbdce,147,True
kokusupo-2024-boys-team,北海道,p_239ffdba2cad,166,True
kokusupo-2024-boys-team,北海道,p_c6ef86fea92d,158,True
kokusupo-2024-boys-team,島根県,p_6753b5a66cb2,155,True
kokusupo-2024-boys-team,島根県,p_a30d7dc2014a,154,True
kokusupo-2024-boys-team,島根県,p_cf951b4520cd,163,True
kokusupo-2024-boys-team,佐賀県,p_a3055a83363a,150,True
kokusupo-2024-boys-team,佐賀県,p_8732fde0c0d7,166,True
kokusupo-2024-boys-team,佐賀県,p_899d1fded482,166,True
kokusupo-2025-boys-team,栃木県,p_638eb26731e3,140,True
kokusupo-2025-boys-team,栃木県,p_00e91cfe7a79,135,True
kokusupo-2025-boys-team,栃木県,p_0fb583ef5a83,136,True
kokusupo-2025-boys-team,広島県,p_9856cb6df080,138,True
kokusupo-2025-boys-team,広島県,p_d0dbe3853339,139,True
kokusupo-2025-boys-team,広島県,p_753184fd0bac,137,True
kokusupo-2025-boys-team,福岡県,p_9aa54481c1ac,141,True
kokusupo-2025-boys-team,福岡県,p_f4f16c957650,140,True
kokusupo-2025-boys-team,福岡県,p_a6cd244068ba,138,True
kokusupo-2025-boys-team,兵庫県,p_f24544304816,146,True
kokusupo-2025-boys-team,兵庫県,p_9c93f0814f24,135,True
kokusupo-2025-boys-team,兵庫県,p_4e7c28090223,139,True
kokusupo-2025-boys-team,東京都,p_e8c5625d2c92,131,True
kokusupo-2025-boys-team,東京都,p_ff58b495c590,146,True
kokusupo-2025-boys-team,東京都,p_0626cf54afc3,145,True
kokusupo-2025-boys-team,福井県,p_e72a5b29e4db,133,True
kokusupo-2025-boys-team,福井県,p_f9d70a42cf0e,144,True
kokusupo-2025-boys-team,福井県,p_6917f0a5d54c,145,True
kokusupo-2025-boys-team,千葉県,p_e5c310df61d9,142,True
kokusupo-2025-boys-team,千葉県,p_6018094cd0c0,136,True
kokusupo-2025-boys-team,千葉県,p_0478d952bf4e,144,True
kokusupo-2025-boys-team,高知県,p_166d479b2d16,136,True
kokusupo-2025-boys-team,高知県,p_e046340bc5b5,152,True
kokusupo-2025-boys-team,高知県,p_13eb1c0836c2,137,True
kokusupo-2025-boys-team,香川県,p_c1b4deac019f,148,True
kokusupo-2025-boys-team,香川県,p_72cfdc309bed,137,True
kokusupo-2025-boys-team,香川県,p_2189d8875fa7,142,True
kokusupo-2025-boys-team,沖縄県,p_4593dcfcf790,147,True
kokusupo-2025-boys-team,沖縄県,p_9eafbf5af593,144,True
kokusupo-2025-boys-team,沖縄県,p_47d71213d728,140,True
kokusupo-2025-boys-team,宮崎県,p_5038c6e9f44c,129,True
kokusupo-2025-boys-team,宮崎県,p_417b499a6f29,155,True
kokusupo-2025-boys-team,宮崎県,p_e8d18b80e595,149,True
kokusupo-2025-boys-team,愛知県,p_62f8d070de73,143,True
kokusupo-2025-boys-team,愛知県,p_46785dba31a4,148,True
kokusupo-2025-boys-team,愛知県,p_dc5e9cd6a1c0,143,True
kokusupo-2025-boys-team,奈良県,p_aff0240e505b,141,True
kokusupo-2025-boys-team,奈良県,p_b0ba77d21805,149,True
kokusupo-2025-boys-team,奈良県,p_425650a00473,145,True
kokusupo-2025-boys-team,埼玉県,p_10c119b31a15,140,True
kokusupo-2025-boys-team,埼玉県,p_9bbe62441b1a,148,True
kokusupo-2025-boys-team,埼玉県,p_4947a9a742a8,148,True
kokusupo-2025-boys-team,大分県,p_1f518c5ac155,142,True
kokusupo-2025-boys-team,大分県,p_2fcfec474e0a,148,True
kokusupo-2025-boys-team,大分県,p_11d9203c0ed9,146,True
kokusupo-2025-boys-team,三重県,p_cb282cb10ede,152,True
kokusupo-2025-boys-team,三重県,p_e564c4eaa789,142,True
kokusupo-2025-boys-team,三重県,p_f585d642fd1e,146,True
kokusupo-2025-boys-team,宮城県,p_70542d7875a5,145,True
kokusupo-2025-boys-team,宮城県,p_55cd66805551,149,True
kokusupo-2025-boys-team,宮城県,p_c577706356af,149,True
kokusupo-2025-boys-team,長野県,p_40e136853b6a,155,True
kokusupo-2025-boys-team,長野県,p_5d9ef38389c2,137,True
kokusupo-2025-boys-team,長野県,p_09e4d055c79b,151,True
kokusupo-2025-boys-team,北海道,p_1ffd6a1fbdce,148,True
kokusupo-2025-boys-team,北海道,p_dcfaf6b8b8c9,144,True
kokusupo-2025-boys-team,北海道,p_23bca0d67f31,151,True
kokusupo-2025-boys-team,熊本県,p_2ea677e4328c,150,True
kokusupo-2025-boys-team,熊本県,p_40fd987bd6ee,147,True
kokusupo-2025-boys-team,熊本県,p_e33490eaaead,150,True
kokusupo-2025-boys-team,大阪府,p_2477285a7bd8,151,True
kokusupo-2025-boys-team,大阪府,p_50131c3b956b,145,True
kokusupo-2025-boys-team,大阪府,p_fb9e04716073,151,True
kokusupo-2025-boys-team,青森県,p_1918f4fdde64,143,True
kokusupo-2025-boys-team,青森県,p_0d68d4d5d135,151,True
kokusupo-2025-boys-team,青森県,p_e381f4e138ff,157,True
kokusupo-2025-boys-team,岡山県,p_864d4d7cda15,151,True
kokusupo-2025-boys-team,岡山県,p_b9934fec500e,146,True
kokusupo-2025-boys-team,岡山県,p_f5cbfbe28c7f,155,True
kokusupo-2025-boys-team,茨城県,p_792fb43f3dfc,143,True
kokusupo-2025-boys-team,茨城県,p_d7fc52abd490,158,True
kokusupo-2025-boys-team,茨城県,p_9ae62d8cdcd9,159,True
kokusupo-2025-boys-team,福島県,p_50fbec37c5ed,153,True
kokusupo-2025-boys-team,福島県,p_4d2363fcf68f,156,True
kokusupo-2025-boys-team,福島県,p_ddbc2bf93a1c,154,True
kokusupo-2025-boys-team,滋賀県,p_bf16ec3d7aac,157,True
kokusupo-2025-boys-team,滋賀県,p_64190e197d1d,152,True
kokusupo-2025-boys-team,滋賀県,p_39933cac5cf6,154,True
kokusupo-2025-boys-team,新潟県,p_9e56ad4979ba,163,True
kokusupo-2025-boys-team,新潟県,p_fb755f35b93b,155,True
kokusupo-2025-boys-team,新潟県,p_f745536adfd4,155,True
kokusupo-2025-boys-team,山口県,p_f284231cd267,160,True
kokusupo-2025-boys-team,山口県,p_37fb0dbe04d6,163,True
kokusupo-2025-boys-team,山口県,p_670f9aabb066,154,True
kokusupo-2026-boys-team,広島県,p_9856cb6df080,69,True
kokusupo-2026-boys-team,広島県,p_d0dbe3853339,67,True
kokusupo-2026-boys-team,広島県,p_ac62de877a24,71,True
kokusupo-2026-boys-team,埼玉県,p_4947a9a742a8,72,True
kokusupo-2026-boys-team,埼玉県,p_b4dd30f4477b,70,True
kokusupo-2026-boys-team,埼玉県,p_4b3f9997625a,69,True
kokusupo-2026-boys-team,福岡県,p_a4d43f724ff9,70,True
kokusupo-2026-boys-team,福岡県,p_a7d67c8a7005,72,True
kokusupo-2026-boys-team,福岡県,p_abf9eccc71ad,69,True
kokusupo-2026-boys-team,沖縄県,p_4593dcfcf790,69,True
kokusupo-2026-boys-team,沖縄県,p_47d71213d728,71,True
kokusupo-2026-boys-team,沖縄県,p_34bb0e0c056a,73,True
kokusupo-2026-boys-team,千葉県,p_6018094cd0c0,69,True
kokusupo-2026-boys-team,千葉県,p_5385f40d965e,72,True
kokusupo-2026-boys-team,千葉県,p_30a9c5afa6af,73,True
kokusupo-2026-boys-team,福井県,p_c6ef86fea92d,73,True
kokusupo-2026-boys-team,福井県,p_db2c5c0dc7da,71,True
kokusupo-2026-boys-team,福井県,p_66a8fed25be6,71,True
kokusupo-2026-boys-team,兵庫県,p_f59758657549,73,True
kokusupo-2026-boys-team,兵庫県,p_f59c98c3d8a7,76,True
kokusupo-2026-boys-team,兵庫県,p_5b4a001e91fc,69,True
kokusupo-2026-boys-team,宮崎県,p_5038c6e9f44c,72,True
kokusupo-2026-boys-team,宮崎県,p_c6603e91b881,77,True
kokusupo-2026-boys-team,宮崎県,p_e8d18b80e595,71,True
kokusupo-2026-boys-team,奈良県,p_aff0240e505b,75,True
kokusupo-2026-boys-team,奈良県,p_b0ba77d21805,72,True
kokusupo-2026-boys-team,奈良県,p_e9b3554dfb02,76,True
kokusupo-2026-boys-team,鹿児島県,p_260f0805c89b,74,True
kokusupo-2026-boys-team,鹿児島県,p_eb40204c85f8,74,True
kokusupo-2026-boys-team,鹿児島県,p_8dc9d46d6fe9,75,True
kokusupo-2026-boys-team,神奈川県,p_1754eb84867c,73,True
kokusupo-2026-boys-team,神奈川県,p_7f9637b583c5,77,True
kokusupo-2026-boys-team,神奈川県,p_8e6599998b19,75,True
kokusupo-2026-boys-team,愛知県,p_156e0c4c0ed9,75,True
kokusupo-2026-boys-team,愛知県,p_aaf3fd13f861,69,True
kokusupo-2026-boys-team,愛知県,p_2f109bda3218,81,True
kokusupo-2026-boys-team,大阪府,p_f49da0847337,74,True
kokusupo-2026-boys-team,大阪府,p_58a18642a4f4,72,True
kokusupo-2026-boys-team,大阪府,p_2c261e39dc44,79,True
kokusupo-2026-boys-team,東京都,p_012a1da5d79d,76,True
kokusupo-2026-boys-team,東京都,p_ff58b495c590,79,True
kokusupo-2026-boys-team,東京都,p_ef2ca5efd1b9,71,True
kokusupo-2026-boys-team,岐阜県,p_c6edd66c5936,76,True
kokusupo-2026-boys-team,岐阜県,p_46785dba31a4,72,True
kokusupo-2026-boys-team,岐阜県,p_14c193e31633,79,True
kokusupo-2026-boys-team,岡山県,p_b9934fec500e,75,True
kokusupo-2026-boys-team,岡山県,p_b41f5e85513f,80,True
kokusupo-2026-boys-team,岡山県,p_1eea717174a5,73,True
kokusupo-2026-boys-team,新潟県,p_8eb38dcb00ad,75,True
kokusupo-2026-boys-team,新潟県,p_b47479874dad,78,True
kokusupo-2026-boys-team,新潟県,p_f745536adfd4,76,True
kokusupo-2026-boys-team,高知県,p_b9f35d9908d1,71,True
kokusupo-2026-boys-team,高知県,p_8c0ebaa6b026,80,True
kokusupo-2026-boys-team,高知県,p_4589ab6a689f,78,True
kokusupo-2026-boys-team,青森県,p_1918f4fdde64,73,True
kokusupo-2026-boys-team,青森県,p_0d68d4d5d135,78,True
kokusupo-2026-boys-team,青森県,p_4b7ac2b9100b,80,True
kokusupo-2026-boys-team,山口県,p_f0810e1d3310,72,True
kokusupo-2026-boys-team,山口県,p_670f9aabb066,81,True
kokusupo-2026-boys-team,山口県,p_13ecc4b5f65d,79,True
kokusupo-2026-boys-team,宮城県,p_24d0354cad82,73,True
kokusupo-2026-boys-team,宮城県,p_c577706356af,76,True
kokusupo-2026-boys-team,宮城県,p_1c7428e0f848,84,True
kokusupo-2026-boys-team,福島県,p_4d2363fcf68f,71,True
kokusupo-2026-boys-team,福島県,p_b8cd4bdb8b4d,80,True
kokusupo-2026-boys-team,福島県,p_bd817c3063bb,82,True
kokusupo-2026-boys-team,北海道,p_23bca0d67f31,74,True
kokusupo-2026-boys-team,北海道,p_32fdb174a7e4,81,True
kokusupo-2026-boys-team,北海道,p_fce56b5c77d2,79,True
kokusupo-2026-boys-team,大分県,p_11d9203c0ed9,80,True
kokusupo-2026-boys-team,大分県,p_8b6c3d3c1bde,81,True
kokusupo-2026-boys-team,大分県,p_36147e627394,74,True
kokusupo-2026-boys-team,栃木県,p_0fb583ef5a83,74,True
kokusupo-2026-boys-team,栃木県,p_00e91cfe7a79,71,True
kokusupo-2026-boys-team,栃木県,p_ac33a290b64b,93,True
kokusupo-2026-boys-team,長野県,p_29331223b494,83,True
kokusupo-2026-boys-team,長野県,p_f37ad7115c4b,81,True
kokusupo-2026-boys-team,長野県,p_5d9ef38389c2,81,True
kokusupo-2026-boys-team,徳島県,p_9d708b61952c,86,True
kokusupo-2026-boys-team,徳島県,p_c8bea214eeb4,79,True
kokusupo-2026-boys-team,徳島県,p_f15f7d42821b,80,True
kokusupo-2026-boys-team,秋田県,p_99be3913b447,76,True
kokusupo-2026-boys-team,秋田県,p_9f70cdf24df8,87,True
kokusupo-2026-boys-team,秋田県,p_804ddb058da9,98,True
