tournament_key,player_key,position,tied,total_score,to_par,status,amateur,field_size,percentile,strokes_behind_winner,avg_differential
jga-japan-amateur-2024-boys,p_46aace4d7844,17,True,215,5,finished,True,147,89.1,,
jga-japan-amateur-2024-boys,p_91f6a8ddc3f3,17,True,215,5,finished,True,147,89.1,,
jga-japan-amateur-2024-boys,p_58a18642a4f4,41,True,218,8,finished,True,147,72.8,,
jga-japan-amateur-2024-boys,p_c901fcbc9ee5,62,True,223,13,finished,True,147,58.5,,
jga-japan-amateur-2024-boys,p_d48d8021b1f9,68,True,227,17,finished,True,147,54.4,,
jga-japan-amateur-2024-boys,p_83c47da05192,,False,148,8,cut,True,147,,,
jga-japan-amateur-2024-boys,p_f24544304816,,False,153,13,cut,True,147,,,
jga-japan-amateur-2024-boys,p_40e53e52f239,,False,157,17,cut,True,147,,,
jga-japan-amateur-2025-boys,p_88fd65d9723b,2,False,267,-13,finished,True,144,99.3,,
jga-japan-amateur-2025-boys,p_72cfdc309bed,33,True,282,2,finished,True,144,77.8,,
jga-japan-amateur-2025-boys,p_6c6ca58a3283,,False,145,5,cut,True,144,,,
jga-japan-amateur-2025-boys,p_f3e691d94880,,False,145,5,cut,True,144,,,
jga-japan-amateur-2025-boys,p_7487e144ab8d,,False,146,6,cut,True,144,,,
jga-japan-amateur-2025-boys,p_f24544304816,,False,147,7,cut,True,144,,,
jga-japan-amateur-2025-boys,p_96bd7e34ff7d,,False,147,7,cut,True,144,,,
jga-japan-amateur-2025-boys,p_58a18642a4f4,,False,147,7,cut,True,144,,,
jga-japan-amateur-2025-boys,p_d3c85a77b08f,,False,155,15,cut,True,144,,,
jga-japan-amateur-2026-boys,p_88fd65d9723b,11,True,282,-6,finished,True,143,93.0,,
jga-japan-amateur-2026-boys,p_f59c98c3d8a7,18,True,285,-3,finished,True,143,88.1,,
jga-japan-amateur-2026-boys,p_58a18642a4f4,39,True,292,4,finished,True,143,73.4,,
jga-japan-amateur-2026-boys,p_0478d952bf4e,,False,151,7,cut,True,143,,,
jga-japan-amateur-2026-boys,p_13eb1c0836c2,,False,151,7,cut,True,143,,,
jga-japan-amateur-2026-boys,p_4d2363fcf68f,,False,156,12,cut,True,143,,,
jga-japan-open-2024-boys,p_d4d24c8df6fe,,False,157,17,cut,True,120,,,
jga-japan-open-2024-boys,p_50131c3b956b,,False,159,19,cut,True,120,,,
jga-japan-open-2025-boys,p_88fd65d9723b,47,True,290,10,finished,True,120,61.7,,
jga-japan-open-2025-boys,p_923541ad13cc,59,True,295,15,finished,True,120,51.7,,
jga-japan-open-2025-boys,p_e8d18b80e595,,False,152,12,cut,True,120,,,
jga-japan-womens-amateur-2024-girls,p_749032f7d7b8,1,False,274,-14,finished,True,150,100.0,0,
jga-japan-womens-amateur-2024-girls,p_28b2e59ee9b5,2,False,279,-9,finished,True,150,99.3,5,
jga-japan-womens-amateur-2024-girls,p_6da6bd5e2422,23,False,289,1,finished,True,150,85.3,15,
jga-japan-womens-amateur-2024-girls,p_334b18d2f796,24,True,290,2,finished,True,150,84.7,16,
jga-japan-womens-amateur-2024-girls,p_2187044c22e0,37,True,292,4,finished,True,150,76.0,18,
jga-japan-womens-amateur-2024-girls,p_141d8fea9cfe,64,False,304,16,finished,True,150,58.0,30,
jga-japan-womens-amateur-2024-girls,p_6ec32c95989e,,False,148,4,cut,True,150,,,
jga-japan-womens-amateur-2025-girls,p_6da6bd5e2422,2,False,281,-7,finished,True,139,99.3,,
jga-japan-womens-amateur-2025-girls,p_334b18d2f796,4,True,284,-4,finished,True,139,97.8,,
jga-japan-womens-amateur-2025-girls,p_28b2e59ee9b5,8,True,287,-1,finished,True,139,95.0,,
jga-japan-womens-amateur-2025-girls,p_fa26d8f78fa0,8,True,287,-1,finished,True,139,95.0,,
jga-japan-womens-amateur-2025-girls,p_399785dbe815,13,True,289,1,finished,True,139,91.4,,
jga-japan-womens-amateur-2025-girls,p_428fd9fe5c1e,17,True,290,2,finished,True,139,88.5,,
jga-japan-womens-amateur-2025-girls,p_21e05942b0c8,33,True,295,7,finished,True,139,77.0,,
jga-japan-womens-amateur-2025-girls,p_5fdeabbcdb14,36,True,296,8,finished,True,139,74.8,,
jga-japan-womens-amateur-2025-girls,p_a8ef8de036cc,41,True,297,9,finished,True,139,71.2,,
jga-japan-womens-amateur-2025-girls,p_1bdfdba18316,,False,152,8,cut,True,139,,,
jga-japan-womens-amateur-2025-girls,p_2f5a0a295d78,,False,152,8,cut,True,139,,,
jga-japan-womens-amateur-2025-girls,p_328e71ef66c6,,False,152,8,cut,True,139,,,
jga-japan-womens-amateur-2025-girls,p_93c8d688bcee,,False,154,10,cut,True,139,,,
jga-japan-womens-amateur-2025-girls,p_79ec679d987a,,False,154,10,cut,True,139,,,
jga-japan-womens-amateur-2025-girls,p_9fb05ff58aaf,,False,160,16,cut,True,139,,,
jga-japan-womens-amateur-2026-girls,p_428fd9fe5c1e,2,False,278,-10,finished,True,138,99.3,,
jga-japan-womens-amateur-2026-girls,p_6da6bd5e2422,3,False,279,-9,finished,True,138,98.6,,
jga-japan-womens-amateur-2026-girls,p_5fdeabbcdb14,9,True,288,0,finished,True,138,94.2,,
jga-japan-womens-amateur-2026-girls,p_c105472b7654,13,True,290,2,finished,True,138,91.3,,
jga-japan-womens-amateur-2026-girls,p_95a86fbf5001,19,True,291,3,finished,True,138,87.0,,
jga-japan-womens-amateur-2026-girls,p_fa26d8f78fa0,21,True,292,4,finished,True,138,85.5,,
jga-japan-womens-amateur-2026-girls,p_1bdfdba18316,23,True,293,5,finished,True,138,84.1,,
jga-japan-womens-amateur-2026-girls,p_b333a6e1b497,39,True,297,9,finished,True,138,72.5,,
jga-japan-womens-amateur-2026-girls,p_ef883f52eaef,45,True,298,10,finished,True,138,68.1,,
jga-japan-womens-amateur-2026-girls,p_b24ba348b2b5,,False,148,4,cut,True,138,,,
jga-japan-womens-amateur-2026-girls,p_7ec06f6166d9,,False,149,5,cut,True,138,,,
jga-japan-womens-amateur-2026-girls,p_051a248c3190,,False,150,6,cut,True,138,,,
jga-japan-womens-open-2024-girls,p_6da6bd5e2422,16,True,287,-1,finished,True,120,87.5,,
jga-japan-womens-open-2024-girls,p_24ca7e07ca82,22,True,289,1,finished,True,120,82.5,,
jga-japan-womens-open-2024-girls,p_6741096b83e8,37,True,292,4,finished,True,120,70.0,,
jga-japan-womens-open-2024-girls,p_19fed87f3eb9,55,False,298,10,finished,True,120,55.0,,
jga-japan-womens-open-2024-girls,p_13059df98b28,56,True,299,11,finished,True,120,54.2,,
jga-japan-womens-open-2024-girls,p_36d9971721e4,,False,150,6,cut,True,120,,,
jga-japan-womens-open-2024-girls,p_749032f7d7b8,,False,150,6,cut,True,120,,,
jga-japan-womens-open-2024-girls,p_5bf754a96e40,,False,157,13,cut,True,120,,,
jga-japan-womens-open-2024-girls,p_9eb50e2556ad,,False,158,14,cut,True,120,,,
jga-japan-womens-open-2024-girls,p_7c3c24f76115,,False,160,16,cut,True,120,,,
jga-japan-womens-open-2024-girls,p_f0edef0ec6bf,,False,160,16,cut,True,120,,,
jga-japan-womens-open-2025-girls,p_428fd9fe5c1e,3,False,273,-15,finished,True,120,98.3,,
jga-japan-womens-open-2025-girls,p_1d5bbefbf835,21,True,279,-9,finished,True,120,83.3,,
jga-japan-womens-open-2025-girls,p_9f8c3ad75ba3,50,True,287,-1,finished,True,120,59.2,,
jga-japan-womens-open-2025-girls,p_fa26d8f78fa0,59,True,290,2,finished,True,120,51.7,,
jga-japan-womens-open-2025-girls,p_1bdfdba18316,61,True,291,3,finished,True,120,50.0,,
jga-japan-womens-open-2025-girls,p_e333de2d16a4,,False,145,1,cut,True,120,,,
jga-japan-womens-open-2025-girls,p_3c0a9222b5ea,,False,146,2,cut,True,120,,,
jga-japan-womens-open-2025-girls,p_5fdeabbcdb14,,False,146,2,cut,True,120,,,
jga-japan-womens-open-2025-girls,p_e232df3fdae1,,False,148,4,cut,True,120,,,
jga-japan-womens-open-2025-girls,p_1fdbcc81d6ee,,False,151,7,cut,True,120,,,
jga-japan-womens-open-2025-girls,p_75e3cb3aaf82,,False,159,15,cut,True,120,,,
jga-japan-womens-open-2025-girls,p_676ea2696d5a,,False,160,16,cut,True,120,,,
jga-japan-womens-open-2025-girls,p_eace10b62647,,False,,,dq,True,120,,,
jga-japan-womens-open-2026-girls,p_6da6bd5e2422,29,True,286,6,finished,True,120,76.7,,
jga-japan-womens-open-2026-girls,p_428fd9fe5c1e,39,True,288,8,finished,True,120,68.3,,
jga-japan-womens-open-2026-girls,p_95a86fbf5001,,False,147,7,cut,True,120,,,
jga-japan-womens-open-2026-girls,p_5fdeabbcdb14,,False,148,8,cut,True,120,,,
jga-japan-womens-open-2026-girls,p_499033feaad0,,False,148,8,cut,True,120,,,
jga-japan-womens-open-2026-girls,p_bbb1f5bba6b9,,False,148,8,cut,True,120,,,
jga-japan-womens-open-2026-girls,p_9dc02346ac81,,False,154,14,cut,True,120,,,
jga-japan-womens-open-2026-girls,p_02c8f3d7647e,,False,155,15,cut,True,120,,,
jga-junior-2023-boys-15-17,p_91f6a8ddc3f3,1,False,208,-5,finished,True,128,100.0,0,
jga-junior-2023-boys-15-17,p_a6ae7e1dce8f,2,True,208,-5,finished,True,128,99.2,0,
jga-junior-2023-boys-15-17,p_a7450e0def29,2,True,208,-5,finished,True,128,99.2,0,
jga-junior-2023-boys-15-17,p_94fe62448342,4,True,209,-4,finished,True,128,97.7,1,
jga-junior-2023-boys-15-17,p_d48d8021b1f9,4,True,209,-4,finished,True,128,97.7,1,
jga-junior-2023-boys-15-17,p_5ffbdf767c29,4,True,209,-4,finished,True,128,97.7,1,
jga-junior-2023-boys-15-17,p_1fd95dd87b13,4,True,209,-4,finished,True,128,97.7,1,
jga-junior-2023-boys-15-17,p_0b1ac28dd3a6,8,False,211,-2,finished,True,128,94.5,3,
jga-junior-2023-boys-15-17,p_923541ad13cc,9,False,212,-1,finished,True,128,93.8,4,
jga-junior-2023-boys-15-17,p_72753c283d77,10,True,213,0,finished,True,128,93.0,5,
jga-junior-2023-boys-15-17,p_cd83a56a571e,10,True,213,0,finished,True,128,93.0,5,
jga-junior-2023-boys-15-17,p_4ee0287c2050,10,True,213,0,finished,True,128,93.0,5,
jga-junior-2023-boys-15-17,p_1f981841e819,10,True,213,0,finished,True,128,93.0,5,
jga-junior-2023-boys-15-17,p_d17b773bebd7,14,True,214,1,finished,True,128,89.8,6,
jga-junior-2023-boys-15-17,p_42d96fae752e,14,True,214,1,finished,True,128,89.8,6,
jga-junior-2023-boys-15-17,p_3d049e44ac38,14,True,214,1,finished,True,128,89.8,6,
jga-junior-2023-boys-15-17,p_75843fb2eccb,14,True,214,1,finished,True,128,89.8,6,
jga-junior-2023-boys-15-17,p_792fb43f3dfc,14,True,214,1,finished,True,128,89.8,6,
jga-junior-2023-boys-15-17,p_25a08665e1a6,19,False,215,2,finished,True,128,85.9,7,
jga-junior-2023-boys-15-17,p_753184fd0bac,20,True,216,3,finished,True,128,85.2,8,
jga-junior-2023-boys-15-17,p_1e89d163bf66,20,True,216,3,finished,True,128,85.2,8,
jga-junior-2023-boys-15-17,p_0a98fda6e180,20,True,216,3,finished,True,128,85.2,8,
jga-junior-2023-boys-15-17,p_b81e0d175e7e,20,True,216,3,finished,True,128,85.2,8,
jga-junior-2023-boys-15-17,p_b13549b32bae,20,True,216,3,finished,True,128,85.2,8,
jga-junior-2023-boys-15-17,p_eb5620121ef1,20,True,216,3,finished,True,128,85.2,8,
jga-junior-2023-boys-15-17,p_54b20a6ebacf,20,True,216,3,finished,True,128,85.2,8,
jga-junior-2023-boys-15-17,p_6dd5591645cf,20,True,216,3,finished,True,128,85.2,8,
jga-junior-2023-boys-15-17,p_8245505bdd24,28,True,217,4,finished,True,128,78.9,9,
jga-junior-2023-boys-15-17,p_8b70dcf5ea2b,28,True,217,4,finished,True,128,78.9,9,
jga-junior-2023-boys-15-17,p_c901fcbc9ee5,28,True,217,4,finished,True,128,78.9,9,
jga-junior-2023-boys-15-17,p_97632cc4a43a,28,True,217,4,finished,True,128,78.9,9,
jga-junior-2023-boys-15-17,p_60494a06869b,28,True,217,4,finished,True,128,78.9,9,
jga-junior-2023-boys-15-17,p_3f8bec5f55ac,28,True,217,4,finished,True,128,78.9,9,
jga-junior-2023-boys-15-17,p_d0754cd2d96f,34,True,218,5,finished,True,128,74.2,10,
jga-junior-2023-boys-15-17,p_5f9826789651,34,True,218,5,finished,True,128,74.2,10,
jga-junior-2023-boys-15-17,p_fc7f3f269a1c,34,True,218,5,finished,True,128,74.2,10,
jga-junior-2023-boys-15-17,p_af080bb3ec56,34,True,218,5,finished,True,128,74.2,10,
jga-junior-2023-boys-15-17,p_a71331d4cdbd,34,True,218,5,finished,True,128,74.2,10,
jga-junior-2023-boys-15-17,p_638eb26731e3,39,True,219,6,finished,True,128,70.3,11,
jga-junior-2023-boys-15-17,p_304293aa6182,39,True,219,6,finished,True,128,70.3,11,
jga-junior-2023-boys-15-17,p_af993cb5acf1,39,True,219,6,finished,True,128,70.3,11,
jga-junior-2023-boys-15-17,p_d5a417f904e3,39,True,219,6,finished,True,128,70.3,11,
jga-junior-2023-boys-15-17,p_04a909c0c5dc,39,True,219,6,finished,True,128,70.3,11,
jga-junior-2023-boys-15-17,p_018eb7bb7b57,39,True,219,6,finished,True,128,70.3,11,
jga-junior-2023-boys-15-17,p_a715b8456e79,39,True,219,6,finished,True,128,70.3,11,
jga-junior-2023-boys-15-17,p_e5c310df61d9,39,True,219,6,finished,True,128,70.3,11,
jga-junior-2023-boys-15-17,p_46aace4d7844,47,True,220,7,finished,True,128,64.1,12,
jga-junior-2023-boys-15-17,p_a8489d4f7edb,47,True,220,7,finished,True,128,64.1,12,
jga-junior-2023-boys-15-17,p_b5d5859b149e,47,True,220,7,finished,True,128,64.1,12,
jga-junior-2023-boys-15-17,p_9ef4009408da,47,True,220,7,finished,True,128,64.1,12,
jga-junior-2023-boys-15-17,p_fed2fc9ff9e5,47,True,220,7,finished,True,128,64.1,12,
jga-junior-2023-boys-15-17,p_106ba4f2eb89,47,True,220,7,finished,True,128,64.1,12,
jga-junior-2023-boys-15-17,p_7d8e70bbe2b2,53,True,221,8,finished,True,128,59.4,13,
jga-junior-2023-boys-15-17,p_4e7c28090223,53,True,221,8,finished,True,128,59.4,13,
jga-junior-2023-boys-15-17,p_b77993655184,53,True,221,8,finished,True,128,59.4,13,
jga-junior-2023-boys-15-17,p_3fc2e898819d,56,True,222,9,finished,True,128,57.0,14,
jga-junior-2023-boys-15-17,p_dd10d90a3e8e,56,True,222,9,finished,True,128,57.0,14,
jga-junior-2023-boys-15-17,p_867743227469,56,True,222,9,finished,True,128,57.0,14,
jga-junior-2023-boys-15-17,p_496a5e3cbb35,59,True,223,10,finished,True,128,54.7,15,
jga-junior-2023-boys-15-17,p_f7acf4f4efd3,59,True,223,10,finished,True,128,54.7,15,
jga-junior-2023-boys-15-17,p_021345d6f846,61,False,224,11,finished,True,128,53.1,16,
jga-junior-2023-boys-15-17,p_d94377abe4d6,62,False,225,12,finished,True,128,52.3,17,
jga-junior-2023-boys-15-17,p_1ffd6a1fbdce,63,True,226,13,finished,True,128,51.6,18,
jga-junior-2023-boys-15-17,p_f050d0a9a634,63,True,226,13,finished,True,128,51.6,18,
jga-junior-2023-boys-15-17,p_c4b15aa76e3c,65,True,227,14,finished,True,128,50.0,19,
jga-junior-2023-boys-15-17,p_d1138f5ceb65,65,True,227,14,finished,True,128,50.0,19,
jga-junior-2023-boys-15-17,p_9442de52a7a8,67,False,228,15,finished,True,128,48.4,20,
jga-junior-2023-boys-15-17,p_682391911107,,False,149,7,cut,True,128,,,
jga-junior-2023-boys-15-17,p_239ffdba2cad,,False,149,7,cut,True,128,,,
jga-junior-2023-boys-15-17,p_d1186e6e17c6,,False,149,7,cut,True,128,,,
jga-junior-2023-boys-15-17,p_93e276a4e26f,,False,149,7,cut,True,128,,,
jga-junior-2023-boys-15-17,p_53bf13e56c87,,False,149,7,cut,True,128,,,
jga-junior-2023-boys-15-17,p_e8c12e31d574,,False,149,7,cut,True,128,,,
jga-junior-2023-boys-15-17,p_5bca3f794a2b,,False,149,7,cut,True,128,,,
jga-junior-2023-boys-15-17,p_d3ea964333d3,,False,149,7,cut,True,128,,,
jga-junior-2023-boys-15-17,p_0f6bd30fe48f,,False,149,7,cut,True,128,,,
jga-junior-2023-boys-15-17,p_6f7262edef31,,False,150,8,cut,True,128,,,
jga-junior-2023-boys-15-17,p_25c73155e68f,,False,150,8,cut,True,128,,,
jga-junior-2023-boys-15-17,p_359b2bcb10ab,,False,150,8,cut,True,128,,,
jga-junior-2023-boys-15-17,p_e642f565848c,,False,150,8,cut,True,128,,,
jga-junior-2023-boys-15-17,p_cd4dd4c5c596,,False,150,8,cut,True,128,,,
jga-junior-2023-boys-15-17,p_7c88749a4b5b,,False,150,8,cut,True,128,,,
jga-junior-2023-boys-15-17,p_a47f87ee3eb3,,False,151,9,cut,True,128,,,
jga-junior-2023-boys-15-17,p_8b3cca8f29ae,,False,151,9,cut,True,128,,,
jga-junior-2023-boys-15-17,p_cb282cb10ede,,False,151,9,cut,True,128,,,
jga-junior-2023-boys-15-17,p_864d4d7cda15,,False,151,9,cut,True,128,,,
jga-junior-2023-boys-15-17,p_fcc309d8b15a,,False,151,9,cut,True,128,,,
jga-junior-2023-boys-15-17,p_383681a34082,,False,152,10,cut,True,128,,,
jga-junior-2023-boys-15-17,p_d825126a127b,,False,152,10,cut,True,128,,,
jga-junior-2023-boys-15-17,p_4b010e16a39d,,False,152,10,cut,True,128,,,
jga-junior-2023-boys-15-17,p_7a9332982857,,False,152,10,cut,True,128,,,
jga-junior-2023-boys-15-17,p_dd46c3e62494,,False,152,10,cut,True,128,,,
jga-junior-2023-boys-15-17,p_f585d642fd1e,,False,152,10,cut,True,128,,,
jga-junior-2023-boys-15-17,p_803460ca3ee2,,False,152,10,cut,True,128,,,
jga-junior-2023-boys-15-17,p_29486ff13fda,,False,152,10,cut,True,128,,,
jga-junior-2023-boys-15-17,p_166d479b2d16,,False,153,11,cut,True,128,,,
jga-junior-2023-boys-15-17,p_e97fb05ffde8,,False,153,11,cut,True,128,,,
jga-junior-2023-boys-15-17,p_c74642b46a6d,,False,153,11,cut,True,128,,,
jga-junior-2023-boys-15-17,p_93fbb9613822,,False,153,11,cut,True,128,,,
jga-junior-2023-boys-15-17,p_1c48fe97b52e,,False,153,11,cut,True,128,,,
jga-junior-2023-boys-15-17,p_0b07649876dc,,False,153,11,cut,True,128,,,
jga-junior-2023-boys-15-17,p_aaa78d3a9c10,,False,153,11,cut,True,128,,,
jga-junior-2023-boys-15-17,p_3792500949e9,,False,154,12,cut,True,128,,,
jga-junior-2023-boys-15-17,p_d3c85a77b08f,,False,154,12,cut,True,128,,,
jga-junior-2023-boys-15-17,p_a57a2f86ff9f,,False,154,12,cut,True,128,,,
jga-junior-2023-boys-15-17,p_a3055a83363a,,False,154,12,cut,True,128,,,
jga-junior-2023-boys-15-17,p_50131c3b956b,,False,154,12,cut,True,128,,,
jga-junior-2023-boys-15-17,p_c93eabe1f993,,False,154,12,cut,True,128,,,
jga-junior-2023-boys-15-17,p_3d6d81af48f4,,False,154,12,cut,True,128,,,
jga-junior-2023-boys-15-17,p_8f0f1b22a633,,False,154,12,cut,True,128,,,
jga-junior-2023-boys-15-17,p_b8b66e18c3cc,,False,154,12,cut,True,128,,,
jga-junior-2023-boys-15-17,p_151046952757,,False,154,12,cut,True,128,,,
jga-junior-2023-boys-15-17,p_0e01cfabc46a,,False,154,12,cut,True,128,,,
jga-junior-2023-boys-15-17,p_a572d0528787,,False,155,13,cut,True,128,,,
jga-junior-2023-boys-15-17,p_f6c1e4b83083,,False,155,13,cut,True,128,,,
jga-junior-2023-boys-15-17,p_219d2c4fc20e,,False,155,13,cut,True,128,,,
jga-junior-2023-boys-15-17,p_3c0eaff1fd4d,,False,155,13,cut,True,128,,,
jga-junior-2023-boys-15-17,p_bbd0f729c332,,False,156,14,cut,True,128,,,
jga-junior-2023-boys-15-17,p_7aa317a105b1,,False,156,14,cut,True,128,,,
jga-junior-2023-boys-15-17,p_bd9693cd137f,,False,157,15,cut,True,128,,,
jga-junior-2023-boys-15-17,p_8fe8ad8d6c1f,,False,157,15,cut,True,128,,,
jga-junior-2023-boys-15-17,p_9bbe62441b1a,,False,157,15,cut,True,128,,,
jga-junior-2023-boys-15-17,p_2d60603a3047,,False,158,16,cut,True,128,,,
jga-junior-2023-boys-15-17,p_75bce31bca8a,,False,159,17,cut,True,128,,,
jga-junior-2023-boys-15-17,p_39af27f9014f,,False,160,18,cut,True,128,,,
jga-junior-2023-boys-15-17,p_289b4b8feadc,,False,161,19,cut,True,128,,,
jga-junior-2023-boys-15-17,p_016805a5a5c5,,False,163,21,cut,True,128,,,
jga-junior-2023-boys-15-17,p_3398672e07e0,,False,170,28,cut,True,128,,,
jga-junior-2023-girls-15-17,p_4b48f4acba21,1,False,202,-17,finished,True,131,100.0,0,
jga-junior-2023-girls-15-17,p_48f6198a7f9f,2,False,206,-13,finished,True,131,99.2,4,
jga-junior-2023-girls-15-17,p_749032f7d7b8,3,False,208,-11,finished,True,131,98.5,6,
jga-junior-2023-girls-15-17,p_3cafeb2c2e72,4,False,209,-10,finished,True,131,97.7,7,
jga-junior-2023-girls-15-17,p_c558c01f1c0d,5,False,210,-9,finished,True,131,96.9,8,
jga-junior-2023-girls-15-17,p_7d6d91ad5aea,6,True,211,-8,finished,True,131,96.2,9,
jga-junior-2023-girls-15-17,p_334b18d2f796,6,True,211,-8,finished,True,131,96.2,9,
jga-junior-2023-girls-15-17,p_42d7483aee6e,6,True,211,-8,finished,True,131,96.2,9,
jga-junior-2023-girls-15-17,p_81f4373992b9,6,True,211,-8,finished,True,131,96.2,9,
jga-junior-2023-girls-15-17,p_8957b7305de5,6,True,211,-8,finished,True,131,96.2,9,
jga-junior-2023-girls-15-17,p_743d7a90e4f8,11,True,212,-7,finished,True,131,92.4,10,
jga-junior-2023-girls-15-17,p_4809dd579c13,11,True,212,-7,finished,True,131,92.4,10,
jga-junior-2023-girls-15-17,p_a182bfe88985,13,False,213,-6,finished,True,131,90.8,11,
jga-junior-2023-girls-15-17,p_707d00ea36ea,14,True,214,-5,finished,True,131,90.1,12,
jga-junior-2023-girls-15-17,p_9bf5bf2b3cb7,14,True,214,-5,finished,True,131,90.1,12,
jga-junior-2023-girls-15-17,p_db87158769c4,16,True,215,-4,finished,True,131,88.5,13,
jga-junior-2023-girls-15-17,p_6b8d03f97758,16,True,215,-4,finished,True,131,88.5,13,
jga-junior-2023-girls-15-17,p_600c5b641e40,18,True,216,-3,finished,True,131,87.0,14,
jga-junior-2023-girls-15-17,p_89061b7672d9,18,True,216,-3,finished,True,131,87.0,14,
jga-junior-2023-girls-15-17,p_d1a9df45d016,18,True,216,-3,finished,True,131,87.0,14,
jga-junior-2023-girls-15-17,p_178dcd447ef8,18,True,216,-3,finished,True,131,87.0,14,
jga-junior-2023-girls-15-17,p_f62515a33e9c,18,True,216,-3,finished,True,131,87.0,14,
jga-junior-2023-girls-15-17,p_9871527f1632,18,True,216,-3,finished,True,131,87.0,14,
jga-junior-2023-girls-15-17,p_5016b4d8357b,24,True,217,-2,finished,True,131,82.4,15,
jga-junior-2023-girls-15-17,p_9932421e4c06,24,True,217,-2,finished,True,131,82.4,15,
jga-junior-2023-girls-15-17,p_21e05942b0c8,24,True,217,-2,finished,True,131,82.4,15,
jga-junior-2023-girls-15-17,p_6184a5443b2f,24,True,217,-2,finished,True,131,82.4,15,
jga-junior-2023-girls-15-17,p_c15f3bac6b20,24,True,217,-2,finished,True,131,82.4,15,
jga-junior-2023-girls-15-17,p_24ca7e07ca82,24,True,217,-2,finished,True,131,82.4,15,
jga-junior-2023-girls-15-17,p_28b2e59ee9b5,24,True,217,-2,finished,True,131,82.4,15,
jga-junior-2023-girls-15-17,p_9432202ee717,31,True,218,-1,finished,True,131,77.1,16,
jga-junior-2023-girls-15-17,p_49e1acf26c38,31,True,218,-1,finished,True,131,77.1,16,
jga-junior-2023-girls-15-17,p_ff5bd5250f1d,31,True,218,-1,finished,True,131,77.1,16,
jga-junior-2023-girls-15-17,p_7c3c24f76115,31,True,218,-1,finished,True,131,77.1,16,
jga-junior-2023-girls-15-17,p_6f31e27407be,31,True,218,-1,finished,True,131,77.1,16,
jga-junior-2023-girls-15-17,p_29192fec6536,36,True,219,0,finished,True,131,73.3,17,
jga-junior-2023-girls-15-17,p_15fe53160283,36,True,219,0,finished,True,131,73.3,17,
jga-junior-2023-girls-15-17,p_d59eb6ea805d,36,True,219,0,finished,True,131,73.3,17,
jga-junior-2023-girls-15-17,p_98136a443f07,36,True,219,0,finished,True,131,73.3,17,
jga-junior-2023-girls-15-17,p_0f7879aa2fb2,36,True,219,0,finished,True,131,73.3,17,
jga-junior-2023-girls-15-17,p_7cc28b1b2f03,36,True,219,0,finished,True,131,73.3,17,
jga-junior-2023-girls-15-17,p_c83fcaa65272,36,True,219,0,finished,True,131,73.3,17,
jga-junior-2023-girls-15-17,p_7456b53ca9c0,36,True,219,0,finished,True,131,73.3,17,
jga-junior-2023-girls-15-17,p_bc53114c7ad6,36,True,219,0,finished,True,131,73.3,17,
jga-junior-2023-girls-15-17,p_8f30fa86e336,36,True,219,0,finished,True,131,73.3,17,
jga-junior-2023-girls-15-17,p_25377319dcf5,36,True,219,0,finished,True,131,73.3,17,
jga-junior-2023-girls-15-17,p_124977bb63e3,47,True,220,1,finished,True,131,64.9,18,
jga-junior-2023-girls-15-17,p_ec8739fc8971,47,True,220,1,finished,True,131,64.9,18,
jga-junior-2023-girls-15-17,p_83cf465f7e18,47,True,220,1,finished,True,131,64.9,18,
jga-junior-2023-girls-15-17,p_884df2b8488b,47,True,220,1,finished,True,131,64.9,18,
jga-junior-2023-girls-15-17,p_a193a13f27e9,47,True,220,1,finished,True,131,64.9,18,
jga-junior-2023-girls-15-17,p_77ad52ee8232,47,True,220,1,finished,True,131,64.9,18,
jga-junior-2023-girls-15-17,p_832cc94fef2a,53,True,221,2,finished,True,131,60.3,19,
jga-junior-2023-girls-15-17,p_3b82819554f8,53,True,221,2,finished,True,131,60.3,19,
jga-junior-2023-girls-15-17,p_b56989c09aa3,53,True,221,2,finished,True,131,60.3,19,
jga-junior-2023-girls-15-17,p_8058c022ed49,53,True,221,2,finished,True,131,60.3,19,
jga-junior-2023-girls-15-17,p_9fb05ff58aaf,53,True,221,2,finished,True,131,60.3,19,
jga-junior-2023-girls-15-17,p_28175b6a2eda,53,True,221,2,finished,True,131,60.3,19,
jga-junior-2023-girls-15-17,p_f87facbefed0,59,True,222,3,finished,True,131,55.7,20,
jga-junior-2023-girls-15-17,p_3ca577aca71f,59,True,222,3,finished,True,131,55.7,20,
jga-junior-2023-girls-15-17,p_77eef2f34b61,59,True,222,3,finished,True,131,55.7,20,
jga-junior-2023-girls-15-17,p_25bcb9243e16,62,True,223,4,finished,True,131,53.4,21,
jga-junior-2023-girls-15-17,p_cf6b21900e43,62,True,223,4,finished,True,131,53.4,21,
jga-junior-2023-girls-15-17,p_c7d487f28ae2,62,True,223,4,finished,True,131,53.4,21,
jga-junior-2023-girls-15-17,p_87bdc6682308,62,True,223,4,finished,True,131,53.4,21,
jga-junior-2023-girls-15-17,p_337fbda9a2c4,66,False,224,5,finished,True,131,50.4,22,
jga-junior-2023-girls-15-17,p_3d164103f67c,67,False,226,7,finished,True,131,49.6,24,
jga-junior-2023-girls-15-17,p_bfb27cf1a90b,,False,149,3,cut,True,131,,,
jga-junior-2023-girls-15-17,p_94310d8d9ea9,,False,149,3,cut,True,131,,,
jga-junior-2023-girls-15-17,p_7324ad4cf33f,,False,149,3,cut,True,131,,,
jga-junior-2023-girls-15-17,p_ca3533716182,,False,149,3,cut,True,131,,,
jga-junior-2023-girls-15-17,p_541a9497dc0a,,False,149,3,cut,True,131,,,
jga-junior-2023-girls-15-17,p_49c9c1c8baf2,,False,149,3,cut,True,131,,,
jga-junior-2023-girls-15-17,p_ece7c9725290,,False,149,3,cut,True,131,,,
jga-junior-2023-girls-15-17,p_22e08e623ca7,,False,149,3,cut,True,131,,,
jga-junior-2023-girls-15-17,p_c66e68679dd8,,False,149,3,cut,True,131,,,
jga-junior-2023-girls-15-17,p_f5da61efd010,,False,149,3,cut,True,131,,,
jga-junior-2023-girls-15-17,p_639e46eb935a,,False,149,3,cut,True,131,,,
jga-junior-2023-girls-15-17,p_e95587bfa3c6,,False,150,4,cut,True,131,,,
jga-junior-2023-girls-15-17,p_78282c3bc636,,False,150,4,cut,True,131,,,
jga-junior-2023-girls-15-17,p_32a4ff9a2c1c,,False,150,4,cut,True,131,,,
jga-junior-2023-girls-15-17,p_64f7f382606b,,False,150,4,cut,True,131,,,
jga-junior-2023-girls-15-17,p_59644ea9b5da,,False,150,4,cut,True,131,,,
jga-junior-2023-girls-15-17,p_132727410974,,False,150,4,cut,True,131,,,
jga-junior-2023-girls-15-17,p_23549cffe8eb,,False,150,4,cut,True,131,,,
jga-junior-2023-girls-15-17,p_7fa3bc587a15,,False,150,4,cut,True,131,,,
jga-junior-2023-girls-15-17,p_cd093d70a8da,,False,150,4,cut,True,131,,,
jga-junior-2023-girls-15-17,p_8c0894f620d3,,False,151,5,cut,True,131,,,
jga-junior-2023-girls-15-17,p_06e43dc8d586,,False,151,5,cut,True,131,,,
jga-junior-2023-girls-15-17,p_651cd183a45e,,False,151,5,cut,True,131,,,
jga-junior-2023-girls-15-17,p_9f8c3ad75ba3,,False,151,5,cut,True,131,,,
jga-junior-2023-girls-15-17,p_1b34b51d6c73,,False,151,5,cut,True,131,,,
jga-junior-2023-girls-15-17,p_d6dddbcf7c53,,False,151,5,cut,True,131,,,
jga-junior-2023-girls-15-17,p_6d2589b430cc,,False,151,5,cut,True,131,,,
jga-junior-2023-girls-15-17,p_d307ce93c2bf,,False,151,5,cut,True,131,,,
jga-junior-2023-girls-15-17,p_ede811d0bdc9,,False,151,5,cut,True,131,,,
jga-junior-2023-girls-15-17,p_ddb8be6808be,,False,151,5,cut,True,131,,,
jga-junior-2023-girls-15-17,p_2eb052792962,,False,152,6,cut,True,131,,,
jga-junior-2023-girls-15-17,p_30687829b4d4,,False,152,6,cut,True,131,,,
jga-junior-2023-girls-15-17,p_45d8f3f19285,,False,154,8,cut,True,131,,,
jga-junior-2023-girls-15-17,p_949fc0be2314,,False,154,8,cut,True,131,,,
jga-junior-2023-girls-15-17,p_6aec2b82632c,,False,154,8,cut,True,131,,,
jga-junior-2023-girls-15-17,p_377a2702f113,,False,154,8,cut,True,131,,,
jga-junior-2023-girls-15-17,p_c7f067d35b3f,,False,154,8,cut,True,131,,,
jga-junior-2023-girls-15-17,p_c93040596cd3,,False,154,8,cut,True,131,,,
jga-junior-2023-girls-15-17,p_e325a537f146,,False,154,8,cut,True,131,,,
jga-junior-2023-girls-15-17,p_7cd4779f8ad6,,False,155,9,cut,True,131,,,
jga-junior-2023-girls-15-17,p_713dd75a963a,,False,155,9,cut,True,131,,,
jga-junior-2023-girls-15-17,p_723505c28ac8,,False,155,9,cut,True,131,,,
jga-junior-2023-girls-15-17,p_a4fcc73c9688,,False,155,9,cut,True,131,,,
jga-junior-2023-girls-15-17,p_41aced5b33ac,,False,156,10,cut,True,131,,,
jga-junior-2023-girls-15-17,p_687edef328e2,,False,156,10,cut,True,131,,,
jga-junior-2023-girls-15-17,p_5bf754a96e40,,False,156,10,cut,True,131,,,
jga-junior-2023-girls-15-17,p_b05e13d360be,,False,156,10,cut,True,131,,,
jga-junior-2023-girls-15-17,p_35a6e6de004f,,False,157,11,cut,True,131,,,
jga-junior-2023-girls-15-17,p_f52cecd96813,,False,157,11,cut,True,131,,,
jga-junior-2023-girls-15-17,p_70229cb6df96,,False,157,11,cut,True,131,,,
jga-junior-2023-girls-15-17,p_28904d7f29d5,,False,158,12,cut,True,131,,,
jga-junior-2023-girls-15-17,p_13a3acfb2f5a,,False,158,12,cut,True,131,,,
jga-junior-2023-girls-15-17,p_8c7a7d428259,,False,158,12,cut,True,131,,,
jga-junior-2023-girls-15-17,p_d1bd7078b97b,,False,158,12,cut,True,131,,,
jga-junior-2023-girls-15-17,p_1215eef11361,,False,159,13,cut,True,131,,,
jga-junior-2023-girls-15-17,p_7149afd52308,,False,159,13,cut,True,131,,,
jga-junior-2023-girls-15-17,p_514cbb0bece9,,False,160,14,cut,True,131,,,
jga-junior-2023-girls-15-17,p_667b78008a97,,False,161,15,cut,True,131,,,
jga-junior-2023-girls-15-17,p_a70b592979b7,,False,162,16,cut,True,131,,,
jga-junior-2023-girls-15-17,p_7ffdfb98d52f,,False,163,17,cut,True,131,,,
jga-junior-2023-girls-15-17,p_d81636ee30c8,,False,166,20,cut,True,131,,,
jga-junior-2023-girls-15-17,p_6423f90a4942,,False,172,26,cut,True,131,,,
jga-junior-2023-girls-15-17,p_01f21fe485f4,,False,175,29,cut,True,131,,,
jga-junior-2023-girls-15-17,p_5e1bdea73025,,False,,,wd,True,131,,,
jga-junior-2024-boys-15-17,p_72cfdc309bed,1,False,132,-8,finished,True,128,100.0,0,
jga-junior-2024-boys-15-17,p_42d96fae752e,2,False,132,-8,finished,True,128,99.2,0,
jga-junior-2024-boys-15-17,p_864d4d7cda15,3,True,133,-7,finished,True,128,98.4,1,
jga-junior-2024-boys-15-17,p_6dd5591645cf,3,True,133,-7,finished,True,128,98.4,1,
jga-junior-2024-boys-15-17,p_6f36d9679ef9,5,False,135,-5,finished,True,128,96.9,3,
jga-junior-2024-boys-15-17,p_d48d8021b1f9,6,True,137,-3,finished,True,128,96.1,5,
jga-junior-2024-boys-15-17,p_753184fd0bac,6,True,137,-3,finished,True,128,96.1,5,
jga-junior-2024-boys-15-17,p_ec1f839b2728,6,True,137,-3,finished,True,128,96.1,5,
jga-junior-2024-boys-15-17,p_b81e0d175e7e,6,True,137,-3,finished,True,128,96.1,5,
jga-junior-2024-boys-15-17,p_c9b2fdce8a81,6,True,137,-3,finished,True,128,96.1,5,
jga-junior-2024-boys-15-17,p_30a9c5afa6af,6,True,137,-3,finished,True,128,96.1,5,
jga-junior-2024-boys-15-17,p_f585d642fd1e,6,True,137,-3,finished,True,128,96.1,5,
jga-junior-2024-boys-15-17,p_417b499a6f29,13,True,138,-2,finished,True,128,90.6,6,
jga-junior-2024-boys-15-17,p_91f6a8ddc3f3,13,True,138,-2,finished,True,128,90.6,6,
jga-junior-2024-boys-15-17,p_50131c3b956b,13,True,138,-2,finished,True,128,90.6,6,
jga-junior-2024-boys-15-17,p_83c47da05192,13,True,138,-2,finished,True,128,90.6,6,
jga-junior-2024-boys-15-17,p_8b3cca8f29ae,13,True,138,-2,finished,True,128,90.6,6,
jga-junior-2024-boys-15-17,p_b93a2ade1d14,18,True,139,-1,finished,True,128,86.7,7,
jga-junior-2024-boys-15-17,p_8245505bdd24,18,True,139,-1,finished,True,128,86.7,7,
jga-junior-2024-boys-15-17,p_0b1ac28dd3a6,18,True,139,-1,finished,True,128,86.7,7,
jga-junior-2024-boys-15-17,p_7a5468c416b9,18,True,139,-1,finished,True,128,86.7,7,
jga-junior-2024-boys-15-17,p_a53cfd94e6ed,18,True,139,-1,finished,True,128,86.7,7,
jga-junior-2024-boys-15-17,p_ea5111a97365,23,True,140,0,finished,True,128,82.8,8,
jga-junior-2024-boys-15-17,p_ef8a87f9222f,23,True,140,0,finished,True,128,82.8,8,
jga-junior-2024-boys-15-17,p_af993cb5acf1,23,True,140,0,finished,True,128,82.8,8,
jga-junior-2024-boys-15-17,p_8fba978017e0,23,True,140,0,finished,True,128,82.8,8,
jga-junior-2024-boys-15-17,p_4593dcfcf790,23,True,140,0,finished,True,128,82.8,8,
jga-junior-2024-boys-15-17,p_9c93f0814f24,23,True,140,0,finished,True,128,82.8,8,
jga-junior-2024-boys-15-17,p_b3d5df4a6fcb,23,True,140,0,finished,True,128,82.8,8,
jga-junior-2024-boys-15-17,p_8d9c836d6591,23,True,140,0,finished,True,128,82.8,8,
jga-junior-2024-boys-15-17,p_f24544304816,31,True,141,1,finished,True,128,76.6,9,
jga-junior-2024-boys-15-17,p_b5d5859b149e,31,True,141,1,finished,True,128,76.6,9,
jga-junior-2024-boys-15-17,p_106ba4f2eb89,31,True,141,1,finished,True,128,76.6,9,
jga-junior-2024-boys-15-17,p_4b61e36993d7,31,True,141,1,finished,True,128,76.6,9,
jga-junior-2024-boys-15-17,p_09e4d055c79b,31,True,141,1,finished,True,128,76.6,9,
jga-junior-2024-boys-15-17,p_166d479b2d16,31,True,141,1,finished,True,128,76.6,9,
jga-junior-2024-boys-15-17,p_021345d6f846,31,True,141,1,finished,True,128,76.6,9,
jga-junior-2024-boys-15-17,p_d5a417f904e3,38,True,142,2,finished,True,128,71.1,10,
jga-junior-2024-boys-15-17,p_879d2689d366,38,True,142,2,finished,True,128,71.1,10,
jga-junior-2024-boys-15-17,p_3d049e44ac38,38,True,142,2,finished,True,128,71.1,10,
jga-junior-2024-boys-15-17,p_1638dea067c4,38,True,142,2,finished,True,128,71.1,10,
jga-junior-2024-boys-15-17,p_25c73155e68f,38,True,142,2,finished,True,128,71.1,10,
jga-junior-2024-boys-15-17,p_1d820e629460,38,True,142,2,finished,True,128,71.1,10,
jga-junior-2024-boys-15-17,p_88591d7275bb,44,True,143,3,finished,True,128,66.4,11,
jga-junior-2024-boys-15-17,p_a384aa206b2e,44,True,143,3,finished,True,128,66.4,11,
jga-junior-2024-boys-15-17,p_e97fb05ffde8,44,True,143,3,finished,True,128,66.4,11,
jga-junior-2024-boys-15-17,p_10c119b31a15,44,True,143,3,finished,True,128,66.4,11,
jga-junior-2024-boys-15-17,p_c901fcbc9ee5,44,True,143,3,finished,True,128,66.4,11,
jga-junior-2024-boys-15-17,p_7a9332982857,44,True,143,3,finished,True,128,66.4,11,
jga-junior-2024-boys-15-17,p_9aa54481c1ac,44,True,143,3,finished,True,128,66.4,11,
jga-junior-2024-boys-15-17,p_7c88749a4b5b,51,True,144,4,finished,True,128,60.9,12,
jga-junior-2024-boys-15-17,p_6488c0ce96f2,51,True,144,4,finished,True,128,60.9,12,
jga-junior-2024-boys-15-17,p_496a5e3cbb35,51,True,144,4,finished,True,128,60.9,12,
jga-junior-2024-boys-15-17,p_58a18642a4f4,51,True,144,4,finished,True,128,60.9,12,
jga-junior-2024-boys-15-17,p_acd9cb995120,51,True,144,4,finished,True,128,60.9,12,
jga-junior-2024-boys-15-17,p_219d2c4fc20e,51,True,144,4,finished,True,128,60.9,12,
jga-junior-2024-boys-15-17,p_fc7f3f269a1c,51,True,144,4,finished,True,128,60.9,12,
jga-junior-2024-boys-15-17,p_b77993655184,51,True,144,4,finished,True,128,60.9,12,
jga-junior-2024-boys-15-17,p_6e9527575e7b,51,True,144,4,finished,True,128,60.9,12,
jga-junior-2024-boys-15-17,p_a366386d5e62,51,True,144,4,finished,True,128,60.9,12,
jga-junior-2024-boys-15-17,p_960f3b1a529c,51,True,144,4,finished,True,128,60.9,12,
jga-junior-2024-boys-15-17,p_4e7c28090223,62,True,145,5,finished,True,128,52.3,13,
jga-junior-2024-boys-15-17,p_e5c310df61d9,62,True,145,5,finished,True,128,52.3,13,
jga-junior-2024-boys-15-17,p_ff58b495c590,62,True,145,5,finished,True,128,52.3,13,
jga-junior-2024-boys-15-17,p_8abc490f12cd,62,True,145,5,finished,True,128,52.3,13,
jga-junior-2024-boys-15-17,p_62f8d070de73,62,True,145,5,finished,True,128,52.3,13,
jga-junior-2024-boys-15-17,p_7d7f109ca600,62,True,145,5,finished,True,128,52.3,13,
jga-junior-2024-boys-15-17,p_a57a2f86ff9f,62,True,145,5,finished,True,128,52.3,13,
jga-junior-2024-boys-15-17,p_546f5162d34b,69,True,146,6,finished,True,128,46.9,14,
jga-junior-2024-boys-15-17,p_f59758657549,69,True,146,6,finished,True,128,46.9,14,
jga-junior-2024-boys-15-17,p_f4f16c957650,69,True,146,6,finished,True,128,46.9,14,
jga-junior-2024-boys-15-17,p_bd9693cd137f,69,True,146,6,finished,True,128,46.9,14,
jga-junior-2024-boys-15-17,p_9eafbf5af593,69,True,146,6,finished,True,128,46.9,14,
jga-junior-2024-boys-15-17,p_1bcba2d58ec2,69,True,146,6,finished,True,128,46.9,14,
jga-junior-2024-boys-15-17,p_e8d18b80e595,69,True,146,6,finished,True,128,46.9,14,
jga-junior-2024-boys-15-17,p_50e7f0a0a3bf,76,True,147,7,finished,True,128,41.4,15,
jga-junior-2024-boys-15-17,p_3d6d81af48f4,76,True,147,7,finished,True,128,41.4,15,
jga-junior-2024-boys-15-17,p_b39493b10fa7,76,True,147,7,finished,True,128,41.4,15,
jga-junior-2024-boys-15-17,p_f8b2e836d2a9,76,True,147,7,finished,True,128,41.4,15,
jga-junior-2024-boys-15-17,p_33bd629728d0,76,True,147,7,finished,True,128,41.4,15,
jga-junior-2024-boys-15-17,p_fed2fc9ff9e5,76,True,147,7,finished,True,128,41.4,15,
jga-junior-2024-boys-15-17,p_cec6de9b8cff,76,True,147,7,finished,True,128,41.4,15,
jga-junior-2024-boys-15-17,p_9bbe62441b1a,76,True,147,7,finished,True,128,41.4,15,
jga-junior-2024-boys-15-17,p_ff63d7d26dd6,76,True,147,7,finished,True,128,41.4,15,
jga-junior-2024-boys-15-17,p_5bca3f794a2b,76,True,147,7,finished,True,128,41.4,15,
jga-junior-2024-boys-15-17,p_eab041291d4a,86,True,148,8,finished,True,128,33.6,16,
jga-junior-2024-boys-15-17,p_cc9d3dab077a,86,True,148,8,finished,True,128,33.6,16,
jga-junior-2024-boys-15-17,p_2a74a826b47c,86,True,148,8,finished,True,128,33.6,16,
jga-junior-2024-boys-15-17,p_10189063f636,86,True,148,8,finished,True,128,33.6,16,
jga-junior-2024-boys-15-17,p_9a897a6a356f,86,True,148,8,finished,True,128,33.6,16,
jga-junior-2024-boys-15-17,p_20ab6614d6af,86,True,148,8,finished,True,128,33.6,16,
jga-junior-2024-boys-15-17,p_9442de52a7a8,86,True,148,8,finished,True,128,33.6,16,
jga-junior-2024-boys-15-17,p_c1b4deac019f,86,True,148,8,finished,True,128,33.6,16,
jga-junior-2024-boys-15-17,p_b7793ce7745b,86,True,148,8,finished,True,128,33.6,16,
jga-junior-2024-boys-15-17,p_c0e2661f15f9,95,True,149,9,finished,True,128,26.6,17,
jga-junior-2024-boys-15-17,p_f290c8bc5588,95,True,149,9,finished,True,128,26.6,17,
jga-junior-2024-boys-15-17,p_4b54a1a1ef79,95,True,149,9,finished,True,128,26.6,17,
jga-junior-2024-boys-15-17,p_f3bde5143c9f,95,True,149,9,finished,True,128,26.6,17,
jga-junior-2024-boys-15-17,p_0626cf54afc3,95,True,149,9,finished,True,128,26.6,17,
jga-junior-2024-boys-15-17,p_2477285a7bd8,95,True,149,9,finished,True,128,26.6,17,
jga-junior-2024-boys-15-17,p_59117c3d5dca,101,True,150,10,finished,True,128,21.9,18,
jga-junior-2024-boys-15-17,p_a8271f55de68,101,True,150,10,finished,True,128,21.9,18,
jga-junior-2024-boys-15-17,p_c74642b46a6d,103,True,151,11,finished,True,128,20.3,19,
jga-junior-2024-boys-15-17,p_8fe8ad8d6c1f,103,True,151,11,finished,True,128,20.3,19,
jga-junior-2024-boys-15-17,p_239ffdba2cad,103,True,151,11,finished,True,128,20.3,19,
jga-junior-2024-boys-15-17,p_cf4e5678f258,103,True,151,11,finished,True,128,20.3,19,
jga-junior-2024-boys-15-17,p_13739c6b0706,107,True,152,12,finished,True,128,17.2,20,
jga-junior-2024-boys-15-17,p_9624857481ec,107,True,152,12,finished,True,128,17.2,20,
jga-junior-2024-boys-15-17,p_0e28bda97194,109,True,153,13,finished,True,128,15.6,21,
jga-junior-2024-boys-15-17,p_6c6ca58a3283,109,True,153,13,finished,True,128,15.6,21,
jga-junior-2024-boys-15-17,p_bb1d99c85d01,109,True,153,13,finished,True,128,15.6,21,
jga-junior-2024-boys-15-17,p_1ffd6a1fbdce,112,True,154,14,finished,True,128,13.3,22,
jga-junior-2024-boys-15-17,p_d12717e94987,112,True,154,14,finished,True,128,13.3,22,
jga-junior-2024-boys-15-17,p_d14b9f205a4f,112,True,154,14,finished,True,128,13.3,22,
jga-junior-2024-boys-15-17,p_93e276a4e26f,115,True,155,15,finished,True,128,10.9,23,
jga-junior-2024-boys-15-17,p_0f6bd30fe48f,115,True,155,15,finished,True,128,10.9,23,
jga-junior-2024-boys-15-17,p_88484a1b0631,115,True,155,15,finished,True,128,10.9,23,
jga-junior-2024-boys-15-17,p_eb56989255c1,118,True,156,16,finished,True,128,8.6,24,
jga-junior-2024-boys-15-17,p_bc3432e573b8,118,True,156,16,finished,True,128,8.6,24,
jga-junior-2024-boys-15-17,p_8afe7e2626f0,120,False,157,17,finished,True,128,7.0,25,
jga-junior-2024-boys-15-17,p_e7902a3b55d5,121,False,158,18,finished,True,128,6.2,26,
jga-junior-2024-boys-15-17,p_64076aaeb487,122,True,159,19,finished,True,128,5.5,27,
jga-junior-2024-boys-15-17,p_a30d7dc2014a,122,True,159,19,finished,True,128,5.5,27,
jga-junior-2024-boys-15-17,p_a71331d4cdbd,122,True,159,19,finished,True,128,5.5,27,
jga-junior-2024-boys-15-17,p_5be50f59fcd7,125,True,162,22,finished,True,128,3.1,30,
jga-junior-2024-boys-15-17,p_8fa03cff7bf1,125,True,162,22,finished,True,128,3.1,30,
jga-junior-2024-boys-15-17,p_d7fc52abd490,127,False,163,23,finished,True,128,1.6,31,
jga-junior-2024-boys-15-17,p_215fe5d3ac83,128,False,164,24,finished,True,128,0.8,32,
jga-junior-2024-girls-15-17,p_334b18d2f796,1,False,132,-10,finished,True,126,100.0,0,
jga-junior-2024-girls-15-17,p_64f7f382606b,2,True,135,-7,finished,True,126,99.2,3,
jga-junior-2024-girls-15-17,p_749032f7d7b8,2,True,135,-7,finished,True,126,99.2,3,
jga-junior-2024-girls-15-17,p_6da6bd5e2422,2,True,135,-7,finished,True,126,99.2,3,
jga-junior-2024-girls-15-17,p_9f8c3ad75ba3,5,False,136,-6,finished,True,126,96.8,4,
jga-junior-2024-girls-15-17,p_fa26d8f78fa0,6,False,137,-5,finished,True,126,96.0,5,
jga-junior-2024-girls-15-17,p_676ea2696d5a,7,True,138,-4,finished,True,126,95.2,6,
jga-junior-2024-girls-15-17,p_337fbda9a2c4,7,True,138,-4,finished,True,126,95.2,6,
jga-junior-2024-girls-15-17,p_e95587bfa3c6,7,True,138,-4,finished,True,126,95.2,6,
jga-junior-2024-girls-15-17,p_71c99a5a3270,7,True,138,-4,finished,True,126,95.2,6,
jga-junior-2024-girls-15-17,p_06e43dc8d586,7,True,138,-4,finished,True,126,95.2,6,
jga-junior-2024-girls-15-17,p_141d8fea9cfe,7,True,138,-4,finished,True,126,95.2,6,
jga-junior-2024-girls-15-17,p_28b2e59ee9b5,13,True,139,-3,finished,True,126,90.5,7,
jga-junior-2024-girls-15-17,p_25377319dcf5,13,True,139,-3,finished,True,126,90.5,7,
jga-junior-2024-girls-15-17,p_1bdfdba18316,13,True,139,-3,finished,True,126,90.5,7,
jga-junior-2024-girls-15-17,p_707d00ea36ea,13,True,139,-3,finished,True,126,90.5,7,
jga-junior-2024-girls-15-17,p_2ae92e9a0de6,13,True,139,-3,finished,True,126,90.5,7,
jga-junior-2024-girls-15-17,p_743d7a90e4f8,13,True,139,-3,finished,True,126,90.5,7,
jga-junior-2024-girls-15-17,p_b8de4c2155e8,13,True,139,-3,finished,True,126,90.5,7,
jga-junior-2024-girls-15-17,p_651cd183a45e,13,True,139,-3,finished,True,126,90.5,7,
jga-junior-2024-girls-15-17,p_a8ef8de036cc,21,True,140,-2,finished,True,126,84.1,8,
jga-junior-2024-girls-15-17,p_44dc112d0688,21,True,140,-2,finished,True,126,84.1,8,
jga-junior-2024-girls-15-17,p_7cc28b1b2f03,21,True,140,-2,finished,True,126,84.1,8,
jga-junior-2024-girls-15-17,p_4eaae26c1673,21,True,140,-2,finished,True,126,84.1,8,
jga-junior-2024-girls-15-17,p_ece7c9725290,21,True,140,-2,finished,True,126,84.1,8,
jga-junior-2024-girls-15-17,p_24ca7e07ca82,21,True,140,-2,finished,True,126,84.1,8,
jga-junior-2024-girls-15-17,p_600c5b641e40,27,True,141,-1,finished,True,126,79.4,9,
jga-junior-2024-girls-15-17,p_9fb05ff58aaf,27,True,141,-1,finished,True,126,79.4,9,
jga-junior-2024-girls-15-17,p_f5da61efd010,27,True,141,-1,finished,True,126,79.4,9,
jga-junior-2024-girls-15-17,p_3b82819554f8,27,True,141,-1,finished,True,126,79.4,9,
jga-junior-2024-girls-15-17,p_7742429a92c7,27,True,141,-1,finished,True,126,79.4,9,
jga-junior-2024-girls-15-17,p_030136bef78d,27,True,141,-1,finished,True,126,79.4,9,
jga-junior-2024-girls-15-17,p_15fe53160283,27,True,141,-1,finished,True,126,79.4,9,
jga-junior-2024-girls-15-17,p_672758e4239b,27,True,141,-1,finished,True,126,79.4,9,
jga-junior-2024-girls-15-17,p_ec8739fc8971,35,True,142,0,finished,True,126,73.0,10,
jga-junior-2024-girls-15-17,p_ee6c81710171,35,True,142,0,finished,True,126,73.0,10,
jga-junior-2024-girls-15-17,p_5bf754a96e40,35,True,142,0,finished,True,126,73.0,10,
jga-junior-2024-girls-15-17,p_8f30fa86e336,35,True,142,0,finished,True,126,73.0,10,
jga-junior-2024-girls-15-17,p_f52cecd96813,35,True,142,0,finished,True,126,73.0,10,
jga-junior-2024-girls-15-17,p_57ba0b858ebc,35,True,142,0,finished,True,126,73.0,10,
jga-junior-2024-girls-15-17,p_7c3c24f76115,41,True,143,1,finished,True,126,68.3,11,
jga-junior-2024-girls-15-17,p_47ac7a42f5e6,41,True,143,1,finished,True,126,68.3,11,
jga-junior-2024-girls-15-17,p_7fdcc08582a3,41,True,143,1,finished,True,126,68.3,11,
jga-junior-2024-girls-15-17,p_db87158769c4,41,True,143,1,finished,True,126,68.3,11,
jga-junior-2024-girls-15-17,p_7c3971b6a192,41,True,143,1,finished,True,126,68.3,11,
jga-junior-2024-girls-15-17,p_1fedd8d3c221,41,True,143,1,finished,True,126,68.3,11,
jga-junior-2024-girls-15-17,p_ff5bd5250f1d,41,True,143,1,finished,True,126,68.3,11,
jga-junior-2024-girls-15-17,p_36c9b0a14d4a,41,True,143,1,finished,True,126,68.3,11,
jga-junior-2024-girls-15-17,p_9e4df7b0b064,41,True,143,1,finished,True,126,68.3,11,
jga-junior-2024-girls-15-17,p_42d7483aee6e,41,True,143,1,finished,True,126,68.3,11,
jga-junior-2024-girls-15-17,p_65d8c5f019bb,41,True,143,1,finished,True,126,68.3,11,
jga-junior-2024-girls-15-17,p_ab11b00dc09d,52,True,144,2,finished,True,126,59.5,12,
jga-junior-2024-girls-15-17,p_6ec32c95989e,52,True,144,2,finished,True,126,59.5,12,
jga-junior-2024-girls-15-17,p_22e08e623ca7,52,True,144,2,finished,True,126,59.5,12,
jga-junior-2024-girls-15-17,p_e232df3fdae1,52,True,144,2,finished,True,126,59.5,12,
jga-junior-2024-girls-15-17,p_30ead3061194,52,True,144,2,finished,True,126,59.5,12,
jga-junior-2024-girls-15-17,p_17717826902f,52,True,144,2,finished,True,126,59.5,12,
jga-junior-2024-girls-15-17,p_39d34683fa12,52,True,144,2,finished,True,126,59.5,12,
jga-junior-2024-girls-15-17,p_6f31e27407be,59,True,145,3,finished,True,126,54.0,13,
jga-junior-2024-girls-15-17,p_cd093d70a8da,59,True,145,3,finished,True,126,54.0,13,
jga-junior-2024-girls-15-17,p_c0bfbb21116f,59,True,145,3,finished,True,126,54.0,13,
jga-junior-2024-girls-15-17,p_2ecac73c3cb8,59,True,145,3,finished,True,126,54.0,13,
jga-junior-2024-girls-15-17,p_6ce7f206e116,59,True,145,3,finished,True,126,54.0,13,
jga-junior-2024-girls-15-17,p_377a2702f113,59,True,145,3,finished,True,126,54.0,13,
jga-junior-2024-girls-15-17,p_a182bfe88985,59,True,145,3,finished,True,126,54.0,13,
jga-junior-2024-girls-15-17,p_bee209bb4eef,66,True,146,4,finished,True,126,48.4,14,
jga-junior-2024-girls-15-17,p_14785c08bdb9,66,True,146,4,finished,True,126,48.4,14,
jga-junior-2024-girls-15-17,p_21e05942b0c8,66,True,146,4,finished,True,126,48.4,14,
jga-junior-2024-girls-15-17,p_6184a5443b2f,66,True,146,4,finished,True,126,48.4,14,
jga-junior-2024-girls-15-17,p_cf12b9439eed,66,True,146,4,finished,True,126,48.4,14,
jga-junior-2024-girls-15-17,p_e1a27e5f367b,66,True,146,4,finished,True,126,48.4,14,
jga-junior-2024-girls-15-17,p_75e3cb3aaf82,66,True,146,4,finished,True,126,48.4,14,
jga-junior-2024-girls-15-17,p_9107773a23fe,66,True,146,4,finished,True,126,48.4,14,
jga-junior-2024-girls-15-17,p_eace10b62647,74,True,147,5,finished,True,126,42.1,15,
jga-junior-2024-girls-15-17,p_61687d2e02ef,74,True,147,5,finished,True,126,42.1,15,
jga-junior-2024-girls-15-17,p_0cce52b6e4a1,74,True,147,5,finished,True,126,42.1,15,
jga-junior-2024-girls-15-17,p_a4efaf2c840b,74,True,147,5,finished,True,126,42.1,15,
jga-junior-2024-girls-15-17,p_30391a4439a3,74,True,147,5,finished,True,126,42.1,15,
jga-junior-2024-girls-15-17,p_57cc9a24c4c4,74,True,147,5,finished,True,126,42.1,15,
jga-junior-2024-girls-15-17,p_30687829b4d4,74,True,147,5,finished,True,126,42.1,15,
jga-junior-2024-girls-15-17,p_49c9c1c8baf2,81,True,148,6,finished,True,126,36.5,16,
jga-junior-2024-girls-15-17,p_949fc0be2314,81,True,148,6,finished,True,126,36.5,16,
jga-junior-2024-girls-15-17,p_9723f3b98f80,81,True,148,6,finished,True,126,36.5,16,
jga-junior-2024-girls-15-17,p_639e46eb935a,81,True,148,6,finished,True,126,36.5,16,
jga-junior-2024-girls-15-17,p_7d55f2434a8e,81,True,148,6,finished,True,126,36.5,16,
jga-junior-2024-girls-15-17,p_b35c69b4b1eb,81,True,148,6,finished,True,126,36.5,16,
jga-junior-2024-girls-15-17,p_3ca577aca71f,87,True,149,7,finished,True,126,31.7,17,
jga-junior-2024-girls-15-17,p_2c55cb34a6d6,87,True,149,7,finished,True,126,31.7,17,
jga-junior-2024-girls-15-17,p_5508c3d4c4eb,87,True,149,7,finished,True,126,31.7,17,
jga-junior-2024-girls-15-17,p_77eef2f34b61,87,True,149,7,finished,True,126,31.7,17,
jga-junior-2024-girls-15-17,p_328e71ef66c6,91,True,150,8,finished,True,126,28.6,18,
jga-junior-2024-girls-15-17,p_399785dbe815,91,True,150,8,finished,True,126,28.6,18,
jga-junior-2024-girls-15-17,p_fd8900e6d1a7,91,True,150,8,finished,True,126,28.6,18,
jga-junior-2024-girls-15-17,p_5fa68191860c,91,True,150,8,finished,True,126,28.6,18,
jga-junior-2024-girls-15-17,p_b3e0ce2a625f,95,True,151,9,finished,True,126,25.4,19,
jga-junior-2024-girls-15-17,p_58c58c946c90,95,True,151,9,finished,True,126,25.4,19,
jga-junior-2024-girls-15-17,p_a3fb3120d4c2,95,True,151,9,finished,True,126,25.4,19,
jga-junior-2024-girls-15-17,p_fc63669a5857,95,True,151,9,finished,True,126,25.4,19,
jga-junior-2024-girls-15-17,p_110a42ca0936,95,True,151,9,finished,True,126,25.4,19,
jga-junior-2024-girls-15-17,p_efcdf1178614,95,True,151,9,finished,True,126,25.4,19,
jga-junior-2024-girls-15-17,p_02c8f3d7647e,101,True,152,10,finished,True,126,20.6,20,
jga-junior-2024-girls-15-17,p_3ba59568c34a,101,True,152,10,finished,True,126,20.6,20,
jga-junior-2024-girls-15-17,p_ba83834e8a4c,101,True,152,10,finished,True,126,20.6,20,
jga-junior-2024-girls-15-17,p_d1a9df45d016,101,True,152,10,finished,True,126,20.6,20,
jga-junior-2024-girls-15-17,p_54437e67b877,105,True,153,11,finished,True,126,17.5,21,
jga-junior-2024-girls-15-17,p_489bea2b7a6d,105,True,153,11,finished,True,126,17.5,21,
jga-junior-2024-girls-15-17,p_63fc72ffa858,105,True,153,11,finished,True,126,17.5,21,
jga-junior-2024-girls-15-17,p_f723f6e1876d,105,True,153,11,finished,True,126,17.5,21,
jga-junior-2024-girls-15-17,p_6978b20702fa,105,True,153,11,finished,True,126,17.5,21,
jga-junior-2024-girls-15-17,p_8ca598bb8072,105,True,153,11,finished,True,126,17.5,21,
jga-junior-2024-girls-15-17,p_2293d72baf9f,105,True,153,11,finished,True,126,17.5,21,
jga-junior-2024-girls-15-17,p_28904d7f29d5,112,False,154,12,finished,True,126,11.9,22,
jga-junior-2024-girls-15-17,p_4db02e02dfe2,113,True,155,13,finished,True,126,11.1,23,
jga-junior-2024-girls-15-17,p_298cb0383697,113,True,155,13,finished,True,126,11.1,23,
jga-junior-2024-girls-15-17,p_a4812296233e,113,True,155,13,finished,True,126,11.1,23,
jga-junior-2024-girls-15-17,p_d369c9c229dd,116,True,156,14,finished,True,126,8.7,24,
jga-junior-2024-girls-15-17,p_0e0a6d77ea9a,116,True,156,14,finished,True,126,8.7,24,
jga-junior-2024-girls-15-17,p_021b4c31a087,118,False,157,15,finished,True,126,7.1,25,
jga-junior-2024-girls-15-17,p_82f644e6aac5,119,True,158,16,finished,True,126,6.3,26,
jga-junior-2024-girls-15-17,p_8b66c53bd24c,119,True,158,16,finished,True,126,6.3,26,
jga-junior-2024-girls-15-17,p_44bc86c5585c,121,True,159,17,finished,True,126,4.8,27,
jga-junior-2024-girls-15-17,p_0d8030b40870,121,True,159,17,finished,True,126,4.8,27,
jga-junior-2024-girls-15-17,p_cff3cd2cbbc5,123,False,160,18,finished,True,126,3.2,28,
jga-junior-2024-girls-15-17,p_c58a7b50d4da,124,False,161,19,finished,True,126,2.4,29,
jga-junior-2024-girls-15-17,p_6423f90a4942,125,False,162,20,finished,True,126,1.6,30,
jga-junior-2024-girls-15-17,p_c92a80da310a,126,False,167,25,finished,True,126,0.8,35,
jga-junior-2024-girls-15-17,p_4808bff2576b,,False,,,dns,True,,,,
jga-junior-2024-girls-15-17,p_c558c01f1c0d,,False,,,dns,True,,,,
jga-junior-2025-boys-15-17,p_f59c98c3d8a7,1,False,133,-9,finished,True,140,100.0,0,-7.5
jga-junior-2025-boys-15-17,p_d5a417f904e3,2,False,133,-9,finished,True,140,99.3,0,-6.6
jga-junior-2025-boys-15-17,p_923541ad13cc,3,True,135,-7,finished,True,140,98.6,2,-8.3
jga-junior-2025-boys-15-17,p_aff0240e505b,3,True,135,-7,finished,True,140,98.6,2,-7.5
jga-junior-2025-boys-15-17,p_4947a9a742a8,5,False,136,-6,finished,True,140,97.1,3,-7.5
jga-junior-2025-boys-15-17,p_30a9c5afa6af,6,True,137,-5,finished,True,140,96.4,4,-5.0
jga-junior-2025-boys-15-17,p_72cfdc309bed,6,True,137,-5,finished,True,140,96.4,4,-4.2
jga-junior-2025-boys-15-17,p_6f36d9679ef9,6,True,137,-5,finished,True,140,96.4,4,-3.3
jga-junior-2025-boys-15-17,p_792fb43f3dfc,9,True,138,-4,finished,True,140,94.3,5,-5.0
jga-junior-2025-boys-15-17,p_2d60603a3047,9,True,138,-4,finished,True,140,94.3,5,-7.5
jga-junior-2025-boys-15-17,p_46aace4d7844,9,True,138,-4,finished,True,140,94.3,5,-4.2
jga-junior-2025-boys-15-17,p_00e91cfe7a79,9,True,138,-4,finished,True,140,94.3,5,-7.5
jga-junior-2025-boys-15-17,p_88fd65d9723b,9,True,138,-4,finished,True,140,94.3,5,-7.5
jga-junior-2025-boys-15-17,p_91f6a8ddc3f3,9,True,138,-4,finished,True,140,94.3,5,-3.3
jga-junior-2025-boys-15-17,p_10c119b31a15,15,True,139,-3,finished,True,140,90.0,6,-5.8
jga-junior-2025-boys-15-17,p_8870320e4ba6,15,True,139,-3,finished,True,140,90.0,6,-5.8
jga-junior-2025-boys-15-17,p_4593dcfcf790,15,True,139,-3,finished,True,140,90.0,6,-4.2
jga-junior-2025-boys-15-17,p_58a18642a4f4,15,True,139,-3,finished,True,140,90.0,6,-4.2
jga-junior-2025-boys-15-17,p_a366386d5e62,19,True,140,-2,finished,True,140,87.1,7,-5.0
jga-junior-2025-boys-15-17,p_b8af4c57b698,19,True,140,-2,finished,True,140,87.1,7,-3.3
jga-junior-2025-boys-15-17,p_166d479b2d16,19,True,140,-2,finished,True,140,87.1,7,-3.3
jga-junior-2025-boys-15-17,p_f59758657549,22,True,141,-1,finished,True,140,85.0,8,-4.2
jga-junior-2025-boys-15-17,p_eb8e817b9057,22,True,141,-1,finished,True,140,85.0,8,-3.3
jga-junior-2025-boys-15-17,p_0b36b81de360,22,True,141,-1,finished,True,140,85.0,8,-2.5
jga-junior-2025-boys-15-17,p_38981dbdc223,22,True,141,-1,finished,True,140,85.0,8,-1.7
jga-junior-2025-boys-15-17,p_753184fd0bac,26,True,142,0,finished,True,140,82.1,9,-2.5
jga-junior-2025-boys-15-17,p_a6cd244068ba,26,True,142,0,finished,True,140,82.1,9,-3.3
jga-junior-2025-boys-15-17,p_ff58b495c590,26,True,142,0,finished,True,140,82.1,9,-3.3
jga-junior-2025-boys-15-17,p_d3c85a77b08f,26,True,142,0,finished,True,140,82.1,9,-4.2
jga-junior-2025-boys-15-17,p_9aa54481c1ac,26,True,142,0,finished,True,140,82.1,9,-4.2
jga-junior-2025-boys-15-17,p_0fb583ef5a83,26,True,142,0,finished,True,140,82.1,9,-1.7
jga-junior-2025-boys-15-17,p_50131c3b956b,26,True,142,0,finished,True,140,82.1,9,-4.2
jga-junior-2025-boys-15-17,p_a7d67c8a7005,26,True,142,0,finished,True,140,82.1,9,-0.8
jga-junior-2025-boys-15-17,p_864d4d7cda15,26,True,142,0,finished,True,140,82.1,9,-0.8
jga-junior-2025-boys-15-17,p_2843bcacabd9,26,True,142,0,finished,True,140,82.1,9,-4.2
jga-junior-2025-boys-15-17,p_a7a635ce7930,36,True,143,1,finished,True,140,75.0,10,-1.7
jga-junior-2025-boys-15-17,p_50e7f0a0a3bf,36,True,143,1,finished,True,140,75.0,10,-1.7
jga-junior-2025-boys-15-17,p_62f8d070de73,36,True,143,1,finished,True,140,75.0,10,-1.7
jga-junior-2025-boys-15-17,p_d1138f5ceb65,36,True,143,1,finished,True,140,75.0,10,-0.8
jga-junior-2025-boys-15-17,p_1ffd6a1fbdce,40,True,144,2,finished,True,140,72.1,11,-0.8
jga-junior-2025-boys-15-17,p_cb859e94daa6,40,True,144,2,finished,True,140,72.1,11,-1.7
jga-junior-2025-boys-15-17,p_021345d6f846,40,True,144,2,finished,True,140,72.1,11,-2.5
jga-junior-2025-boys-15-17,p_5d9ef38389c2,40,True,144,2,finished,True,140,72.1,11,-2.5
jga-junior-2025-boys-15-17,p_f4f16c957650,40,True,144,2,finished,True,140,72.1,11,0.0
jga-junior-2025-boys-15-17,p_cc9d3dab077a,40,True,144,2,finished,True,140,72.1,11,-2.5
jga-junior-2025-boys-15-17,p_537ac5abb618,40,True,144,2,finished,True,140,72.1,11,-2.5
jga-junior-2025-boys-15-17,p_682391911107,47,True,145,3,finished,True,140,67.1,12,0.0
jga-junior-2025-boys-15-17,p_e8c5625d2c92,47,True,145,3,finished,True,140,67.1,12,-1.7
jga-junior-2025-boys-15-17,p_c96e73911c78,47,True,145,3,finished,True,140,67.1,12,0.8
jga-junior-2025-boys-15-17,p_c6ef86fea92d,47,True,145,3,finished,True,140,67.1,12,-1.7
jga-junior-2025-boys-15-17,p_c9b2fdce8a81,51,True,146,4,finished,True,140,64.3,13,0.0
jga-junior-2025-boys-15-17,p_507cd607e610,51,True,146,4,finished,True,140,64.3,13,0.8
jga-junior-2025-boys-15-17,p_a8271f55de68,51,True,146,4,finished,True,140,64.3,13,-0.8
jga-junior-2025-boys-15-17,p_70542d7875a5,54,True,147,5,finished,True,140,62.1,14,0.8
jga-junior-2025-boys-15-17,p_ec1f839b2728,54,True,147,5,finished,True,140,62.1,14,0.8
jga-junior-2025-boys-15-17,p_1b761cc0a495,54,True,147,5,finished,True,140,62.1,14,0.0
jga-junior-2025-boys-15-17,p_fb9e04716073,57,True,148,6,finished,True,140,60.0,15,0.8
jga-junior-2025-boys-15-17,p_cdd99505b93b,57,True,148,6,finished,True,140,60.0,15,0.8
jga-junior-2025-boys-15-17,p_638eb26731e3,59,False,149,7,finished,True,140,58.6,16,1.7
jga-junior-2025-boys-15-17,p_7a9332982857,60,False,150,8,finished,True,140,57.9,17,2.5
jga-junior-2025-boys-15-17,p_eb111f3fafa0,61,False,151,9,finished,True,140,57.1,18,3.3
jga-junior-2025-boys-15-17,p_fb0d11a190f3,62,False,154,12,finished,True,140,56.4,21,5.8
jga-junior-2025-boys-15-17,p_f3e691d94880,,False,73,2,cut,True,140,,,
jga-junior-2025-boys-15-17,p_b4dd30f4477b,,False,73,2,cut,True,140,,,
jga-junior-2025-boys-15-17,p_c276ebee1654,,False,73,2,cut,True,140,,,
jga-junior-2025-boys-15-17,p_13eb1c0836c2,,False,73,2,cut,True,140,,,
jga-junior-2025-boys-15-17,p_53a95ee28b2a,,False,73,2,cut,True,140,,,
jga-junior-2025-boys-15-17,p_1eea717174a5,,False,73,2,cut,True,140,,,
jga-junior-2025-boys-15-17,p_c0e2661f15f9,,False,73,2,cut,True,140,,,
jga-junior-2025-boys-15-17,p_fb755f35b93b,,False,73,2,cut,True,140,,,
jga-junior-2025-boys-15-17,p_6018094cd0c0,,False,73,2,cut,True,140,,,
jga-junior-2025-boys-15-17,p_9bbe62441b1a,,False,73,2,cut,True,140,,,
jga-junior-2025-boys-15-17,p_8edb56369a53,,False,73,2,cut,True,140,,,
jga-junior-2025-boys-15-17,p_fc7240d29117,,False,74,3,cut,True,140,,,
jga-junior-2025-boys-15-17,p_cb282cb10ede,,False,74,3,cut,True,140,,,
jga-junior-2025-boys-15-17,p_8b3cca8f29ae,,False,74,3,cut,True,140,,,
jga-junior-2025-boys-15-17,p_4e7c28090223,,False,74,3,cut,True,140,,,
jga-junior-2025-boys-15-17,p_0dc956e88c33,,False,74,3,cut,True,140,,,
jga-junior-2025-boys-15-17,p_e564c4eaa789,,False,74,3,cut,True,140,,,
jga-junior-2025-boys-15-17,p_111cedaec95c,,False,74,3,cut,True,140,,,
jga-junior-2025-boys-15-17,p_dfda00cc8726,,False,74,3,cut,True,140,,,
jga-junior-2025-boys-15-17,p_a3b3b82fb1c6,,False,74,3,cut,True,140,,,
jga-junior-2025-boys-15-17,p_d64ad0203e99,,False,74,3,cut,True,140,,,
jga-junior-2025-boys-15-17,p_c1b4deac019f,,False,75,4,cut,True,140,,,
jga-junior-2025-boys-15-17,p_2e3fbdd85951,,False,75,4,cut,True,140,,,
jga-junior-2025-boys-15-17,p_ef2ca5efd1b9,,False,75,4,cut,True,140,,,
jga-junior-2025-boys-15-17,p_f585d642fd1e,,False,75,4,cut,True,140,,,
jga-junior-2025-boys-15-17,p_b9934fec500e,,False,75,4,cut,True,140,,,
jga-junior-2025-boys-15-17,p_b22173cc5b66,,False,75,4,cut,True,140,,,
jga-junior-2025-boys-15-17,p_f24544304816,,False,75,4,cut,True,140,,,
jga-junior-2025-boys-15-17,p_e8d18b80e595,,False,75,4,cut,True,140,,,
jga-junior-2025-boys-15-17,p_55cd66805551,,False,75,4,cut,True,140,,,
jga-junior-2025-boys-15-17,p_9c93f0814f24,,False,75,4,cut,True,140,,,
jga-junior-2025-boys-15-17,p_151046952757,,False,75,4,cut,True,140,,,
jga-junior-2025-boys-15-17,p_9aa48c696a56,,False,75,4,cut,True,140,,,
jga-junior-2025-boys-15-17,p_10189063f636,,False,76,5,cut,True,140,,,
jga-junior-2025-boys-15-17,p_055b52094cc0,,False,76,5,cut,True,140,,,
jga-junior-2025-boys-15-17,p_a4d43f724ff9,,False,76,5,cut,True,140,,,
jga-junior-2025-boys-15-17,p_b21f1f6c2430,,False,76,5,cut,True,140,,,
jga-junior-2025-boys-15-17,p_8fe8ad8d6c1f,,False,76,5,cut,True,140,,,
jga-junior-2025-boys-15-17,p_9b80f9ba0539,,False,76,5,cut,True,140,,,
jga-junior-2025-boys-15-17,p_0626cf54afc3,,False,76,5,cut,True,140,,,
jga-junior-2025-boys-15-17,p_8d9c836d6591,,False,77,6,cut,True,140,,,
jga-junior-2025-boys-15-17,p_459003b3afd1,,False,77,6,cut,True,140,,,
jga-junior-2025-boys-15-17,p_fa8c6da28468,,False,77,6,cut,True,140,,,
jga-junior-2025-boys-15-17,p_93fbb9613822,,False,77,6,cut,True,140,,,
jga-junior-2025-boys-15-17,p_47d71213d728,,False,77,6,cut,True,140,,,
jga-junior-2025-boys-15-17,p_9a897a6a356f,,False,77,6,cut,True,140,,,
jga-junior-2025-boys-15-17,p_e5c310df61d9,,False,77,6,cut,True,140,,,
jga-junior-2025-boys-15-17,p_3a06e4e574b4,,False,77,6,cut,True,140,,,
jga-junior-2025-boys-15-17,p_1754eb84867c,,False,78,7,cut,True,140,,,
jga-junior-2025-boys-15-17,p_4ea76e596461,,False,78,7,cut,True,140,,,
jga-junior-2025-boys-15-17,p_b00029259742,,False,78,7,cut,True,140,,,
jga-junior-2025-boys-15-17,p_4c5ca3dda4c9,,False,78,7,cut,True,140,,,
jga-junior-2025-boys-15-17,p_d372ff16f0c7,,False,78,7,cut,True,140,,,
jga-junior-2025-boys-15-17,p_b0ba77d21805,,False,78,7,cut,True,140,,,
jga-junior-2025-boys-15-17,p_3add325159ea,,False,78,7,cut,True,140,,,
jga-junior-2025-boys-15-17,p_16260a4500c8,,False,78,7,cut,True,140,,,
jga-junior-2025-boys-15-17,p_883b2a1013bb,,False,78,7,cut,True,140,,,
jga-junior-2025-boys-15-17,p_f3b01cfb91d3,,False,78,7,cut,True,140,,,
jga-junior-2025-boys-15-17,p_f5cbfbe28c7f,,False,78,7,cut,True,140,,,
jga-junior-2025-boys-15-17,p_1210617cacd5,,False,79,8,cut,True,140,,,
jga-junior-2025-boys-15-17,p_1ef5903ae38b,,False,79,8,cut,True,140,,,
jga-junior-2025-boys-15-17,p_6f46ceae1915,,False,79,8,cut,True,140,,,
jga-junior-2025-boys-15-17,p_2a74a826b47c,,False,79,8,cut,True,140,,,
jga-junior-2025-boys-15-17,p_7e2a0176f4f7,,False,79,8,cut,True,140,,,
jga-junior-2025-boys-15-17,p_23bca0d67f31,,False,79,8,cut,True,140,,,
jga-junior-2025-boys-15-17,p_9ac6477327b5,,False,79,8,cut,True,140,,,
jga-junior-2025-boys-15-17,p_4448470cb9d6,,False,79,8,cut,True,140,,,
jga-junior-2025-boys-15-17,p_59117c3d5dca,,False,80,9,cut,True,140,,,
jga-junior-2025-boys-15-17,p_9602d5f2a561,,False,80,9,cut,True,140,,,
jga-junior-2025-boys-15-17,p_a30d7dc2014a,,False,80,9,cut,True,140,,,
jga-junior-2025-boys-15-17,p_c5faae34e583,,False,81,10,cut,True,140,,,
jga-junior-2025-boys-15-17,p_52b06429d9b5,,False,81,10,cut,True,140,,,
jga-junior-2025-boys-15-17,p_73313473b55a,,False,81,10,cut,True,140,,,
jga-junior-2025-boys-15-17,p_169c4b6ea4fb,,False,82,11,cut,True,140,,,
jga-junior-2025-boys-15-17,p_50fbec37c5ed,,False,82,11,cut,True,140,,,
jga-junior-2025-boys-15-17,p_453ee50e903a,,False,82,11,cut,True,140,,,
jga-junior-2025-boys-15-17,p_7f9b8a1c4b45,,False,83,12,cut,True,140,,,
jga-junior-2025-boys-15-17,p_dd475f446cb4,,False,83,12,cut,True,140,,,
jga-junior-2025-girls-15-17,p_13059df98b28,1,False,134,-12,finished,True,139,100.0,0,
jga-junior-2025-girls-15-17,p_1d5bbefbf835,2,True,136,-10,finished,True,139,99.3,2,
jga-junior-2025-girls-15-17,p_030136bef78d,2,True,136,-10,finished,True,139,99.3,2,
jga-junior-2025-girls-15-17,p_fa26d8f78fa0,2,True,136,-10,finished,True,139,99.3,2,
jga-junior-2025-girls-15-17,p_1fdbcc81d6ee,2,True,136,-10,finished,True,139,99.3,2,
jga-junior-2025-girls-15-17,p_9f8c3ad75ba3,6,False,137,-9,finished,True,139,96.4,3,
jga-junior-2025-girls-15-17,p_74bdf1c98cef,7,False,138,-8,finished,True,139,95.7,4,
jga-junior-2025-girls-15-17,p_676ea2696d5a,8,False,139,-7,finished,True,139,95.0,5,
jga-junior-2025-girls-15-17,p_2720bbe5d6a7,9,True,140,-6,finished,True,139,94.2,6,
jga-junior-2025-girls-15-17,p_90097c2c2ea2,9,True,140,-6,finished,True,139,94.2,6,
jga-junior-2025-girls-15-17,p_78553065aef5,9,True,140,-6,finished,True,139,94.2,6,
jga-junior-2025-girls-15-17,p_ec8739fc8971,9,True,140,-6,finished,True,139,94.2,6,
jga-junior-2025-girls-15-17,p_21e05942b0c8,13,True,141,-5,finished,True,139,91.4,7,
jga-junior-2025-girls-15-17,p_50b9871f1b00,13,True,141,-5,finished,True,139,91.4,7,
jga-junior-2025-girls-15-17,p_2c55cb34a6d6,13,True,141,-5,finished,True,139,91.4,7,
jga-junior-2025-girls-15-17,p_28b2e59ee9b5,13,True,141,-5,finished,True,139,91.4,7,
jga-junior-2025-girls-15-17,p_e232df3fdae1,17,True,142,-4,finished,True,139,88.5,8,
jga-junior-2025-girls-15-17,p_cf12b9439eed,17,True,142,-4,finished,True,139,88.5,8,
jga-junior-2025-girls-15-17,p_141d8fea9cfe,17,True,142,-4,finished,True,139,88.5,8,
jga-junior-2025-girls-15-17,p_5fdeabbcdb14,17,True,142,-4,finished,True,139,88.5,8,
jga-junior-2025-girls-15-17,p_57ba0b858ebc,17,True,142,-4,finished,True,139,88.5,8,
jga-junior-2025-girls-15-17,p_b35c69b4b1eb,17,True,142,-4,finished,True,139,88.5,8,
jga-junior-2025-girls-15-17,p_743d7a90e4f8,17,True,142,-4,finished,True,139,88.5,8,
jga-junior-2025-girls-15-17,p_23549cffe8eb,17,True,142,-4,finished,True,139,88.5,8,
jga-junior-2025-girls-15-17,p_79f519304fc4,17,True,142,-4,finished,True,139,88.5,8,
jga-junior-2025-girls-15-17,p_a8ef8de036cc,17,True,142,-4,finished,True,139,88.5,8,
jga-junior-2025-girls-15-17,p_76565dd601a5,17,True,142,-4,finished,True,139,88.5,8,
jga-junior-2025-girls-15-17,p_089b1ae128b7,28,True,143,-3,finished,True,139,80.6,9,
jga-junior-2025-girls-15-17,p_428fd9fe5c1e,28,True,143,-3,finished,True,139,80.6,9,
jga-junior-2025-girls-15-17,p_75e3cb3aaf82,28,True,143,-3,finished,True,139,80.6,9,
jga-junior-2025-girls-15-17,p_f5da61efd010,28,True,143,-3,finished,True,139,80.6,9,
jga-junior-2025-girls-15-17,p_334b18d2f796,28,True,143,-3,finished,True,139,80.6,9,
jga-junior-2025-girls-15-17,p_120a881dd968,28,True,143,-3,finished,True,139,80.6,9,
jga-junior-2025-girls-15-17,p_93f584819486,28,True,143,-3,finished,True,139,80.6,9,
jga-junior-2025-girls-15-17,p_ec3abad7e759,28,True,143,-3,finished,True,139,80.6,9,
jga-junior-2025-girls-15-17,p_b333a6e1b497,28,True,143,-3,finished,True,139,80.6,9,
jga-junior-2025-girls-15-17,p_06e43dc8d586,28,True,143,-3,finished,True,139,80.6,9,
jga-junior-2025-girls-15-17,p_9bd9407db91b,38,True,144,-2,finished,True,139,73.4,10,
jga-junior-2025-girls-15-17,p_41aced5b33ac,38,True,144,-2,finished,True,139,73.4,10,
jga-junior-2025-girls-15-17,p_24fd520f7e82,38,True,144,-2,finished,True,139,73.4,10,
jga-junior-2025-girls-15-17,p_ff1d254522ae,38,True,144,-2,finished,True,139,73.4,10,
jga-junior-2025-girls-15-17,p_3c0a9222b5ea,38,True,144,-2,finished,True,139,73.4,10,
jga-junior-2025-girls-15-17,p_93c8d688bcee,38,True,144,-2,finished,True,139,73.4,10,
jga-junior-2025-girls-15-17,p_44dc112d0688,44,True,145,-1,finished,True,139,69.1,11,
jga-junior-2025-girls-15-17,p_9758182437a7,44,True,145,-1,finished,True,139,69.1,11,
jga-junior-2025-girls-15-17,p_53564baa517f,44,True,145,-1,finished,True,139,69.1,11,
jga-junior-2025-girls-15-17,p_fc1a3d799932,44,True,145,-1,finished,True,139,69.1,11,
jga-junior-2025-girls-15-17,p_a4eae45f14e6,44,True,145,-1,finished,True,139,69.1,11,
jga-junior-2025-girls-15-17,p_9dc02346ac81,44,True,145,-1,finished,True,139,69.1,11,
jga-junior-2025-girls-15-17,p_a0e39276612a,44,True,145,-1,finished,True,139,69.1,11,
jga-junior-2025-girls-15-17,p_9fb05ff58aaf,44,True,145,-1,finished,True,139,69.1,11,
jga-junior-2025-girls-15-17,p_e1a27e5f367b,44,True,145,-1,finished,True,139,69.1,11,
jga-junior-2025-girls-15-17,p_61687d2e02ef,44,True,145,-1,finished,True,139,69.1,11,
jga-junior-2025-girls-15-17,p_2ae92e9a0de6,44,True,145,-1,finished,True,139,69.1,11,
jga-junior-2025-girls-15-17,p_d080f24ebccf,55,True,146,0,finished,True,139,61.2,12,
jga-junior-2025-girls-15-17,p_71d0693003db,55,True,146,0,finished,True,139,61.2,12,
jga-junior-2025-girls-15-17,p_ccde6dd52b78,57,False,147,1,finished,True,139,59.7,13,
jga-junior-2025-girls-15-17,p_0cce52b6e4a1,58,False,148,2,finished,True,139,59.0,14,
jga-junior-2025-girls-15-17,p_687edef328e2,59,True,149,3,finished,True,139,58.3,15,
jga-junior-2025-girls-15-17,p_65d8c5f019bb,59,True,149,3,finished,True,139,58.3,15,
jga-junior-2025-girls-15-17,p_210d2d7c452d,59,True,149,3,finished,True,139,58.3,15,
jga-junior-2025-girls-15-17,p_7742429a92c7,59,True,149,3,finished,True,139,58.3,15,
jga-junior-2025-girls-15-17,p_027eee77def5,59,True,149,3,finished,True,139,58.3,15,
jga-junior-2025-girls-15-17,p_549abe0b2125,64,False,150,4,finished,True,139,54.7,16,
jga-junior-2025-girls-15-17,p_4f1cd99ec901,65,True,151,5,finished,True,139,54.0,17,
jga-junior-2025-girls-15-17,p_f723f6e1876d,65,True,151,5,finished,True,139,54.0,17,
jga-junior-2025-girls-15-17,p_59ad0ea066ae,,False,74,1,cut,True,139,,,
jga-junior-2025-girls-15-17,p_a0c33ea52045,,False,74,1,cut,True,139,,,
jga-junior-2025-girls-15-17,p_5e1bdea73025,,False,74,1,cut,True,139,,,
jga-junior-2025-girls-15-17,p_110a42ca0936,,False,74,1,cut,True,139,,,
jga-junior-2025-girls-15-17,p_54437e67b877,,False,74,1,cut,True,139,,,
jga-junior-2025-girls-15-17,p_7afd4b043437,,False,74,1,cut,True,139,,,
jga-junior-2025-girls-15-17,p_64f7f382606b,,False,74,1,cut,True,139,,,
jga-junior-2025-girls-15-17,p_1e7a69bb3a1b,,False,74,1,cut,True,139,,,
jga-junior-2025-girls-15-17,p_651cd183a45e,,False,74,1,cut,True,139,,,
jga-junior-2025-girls-15-17,p_7ec06f6166d9,,False,74,1,cut,True,139,,,
jga-junior-2025-girls-15-17,p_cc2bd5a026d5,,False,74,1,cut,True,139,,,
jga-junior-2025-girls-15-17,p_0f24f9d5b58a,,False,75,2,cut,True,139,,,
jga-junior-2025-girls-15-17,p_0b43cf0cd612,,False,75,2,cut,True,139,,,
jga-junior-2025-girls-15-17,p_b8de4c2155e8,,False,75,2,cut,True,139,,,
jga-junior-2025-girls-15-17,p_2f5a0a295d78,,False,75,2,cut,True,139,,,
jga-junior-2025-girls-15-17,p_53d29e2e3540,,False,75,2,cut,True,139,,,
jga-junior-2025-girls-15-17,p_328e71ef66c6,,False,75,2,cut,True,139,,,
jga-junior-2025-girls-15-17,p_165f2e716676,,False,75,2,cut,True,139,,,
jga-junior-2025-girls-15-17,p_d513047c765b,,False,75,2,cut,True,139,,,
jga-junior-2025-girls-15-17,p_36c9b0a14d4a,,False,75,2,cut,True,139,,,
jga-junior-2025-girls-15-17,p_9107773a23fe,,False,75,2,cut,True,139,,,
jga-junior-2025-girls-15-17,p_c105472b7654,,False,75,2,cut,True,139,,,
jga-junior-2025-girls-15-17,p_1927add38583,,False,75,2,cut,True,139,,,
jga-junior-2025-girls-15-17,p_a4efaf2c840b,,False,75,2,cut,True,139,,,
jga-junior-2025-girls-15-17,p_462d9b49d343,,False,75,2,cut,True,139,,,
jga-junior-2025-girls-15-17,p_b77e19f80167,,False,75,2,cut,True,139,,,
jga-junior-2025-girls-15-17,p_78ee39141502,,False,75,2,cut,True,139,,,
jga-junior-2025-girls-15-17,p_5d4599e32b09,,False,75,2,cut,True,139,,,
jga-junior-2025-girls-15-17,p_38926131aa44,,False,75,2,cut,True,139,,,
jga-junior-2025-girls-15-17,p_72a1ce6b191a,,False,75,2,cut,True,139,,,
jga-junior-2025-girls-15-17,p_399785dbe815,,False,76,3,cut,True,139,,,
jga-junior-2025-girls-15-17,p_1bdfdba18316,,False,76,3,cut,True,139,,,
jga-junior-2025-girls-15-17,p_7ce4377d5546,,False,76,3,cut,True,139,,,
jga-junior-2025-girls-15-17,p_9ee1c30b8e75,,False,76,3,cut,True,139,,,
jga-junior-2025-girls-15-17,p_0d2e69b6e4d6,,False,76,3,cut,True,139,,,
jga-junior-2025-girls-15-17,p_db87158769c4,,False,76,3,cut,True,139,,,
jga-junior-2025-girls-15-17,p_21dd136af2fa,,False,76,3,cut,True,139,,,
jga-junior-2025-girls-15-17,p_b3e0ce2a625f,,False,76,3,cut,True,139,,,
jga-junior-2025-girls-15-17,p_397980d3d041,,False,76,3,cut,True,139,,,
jga-junior-2025-girls-15-17,p_d4d10c936d55,,False,76,3,cut,True,139,,,
jga-junior-2025-girls-15-17,p_eace10b62647,,False,76,3,cut,True,139,,,
jga-junior-2025-girls-15-17,p_ce3b43a26ab5,,False,77,4,cut,True,139,,,
jga-junior-2025-girls-15-17,p_162e1defbd9b,,False,77,4,cut,True,139,,,
jga-junior-2025-girls-15-17,p_7a681a9fe06d,,False,77,4,cut,True,139,,,
jga-junior-2025-girls-15-17,p_76a2a81d6f3e,,False,77,4,cut,True,139,,,
jga-junior-2025-girls-15-17,p_2f8015f9d83c,,False,77,4,cut,True,139,,,
jga-junior-2025-girls-15-17,p_82f197e72560,,False,77,4,cut,True,139,,,
jga-junior-2025-girls-15-17,p_d7be1c067500,,False,77,4,cut,True,139,,,
jga-junior-2025-girls-15-17,p_6ec32c95989e,,False,78,5,cut,True,139,,,
jga-junior-2025-girls-15-17,p_f9026f92dc9d,,False,78,5,cut,True,139,,,
jga-junior-2025-girls-15-17,p_c83df2ac82c8,,False,78,5,cut,True,139,,,
jga-junior-2025-girls-15-17,p_6184a5443b2f,,False,78,5,cut,True,139,,,
jga-junior-2025-girls-15-17,p_155e041d66d4,,False,78,5,cut,True,139,,,
jga-junior-2025-girls-15-17,p_1f650d1dc244,,False,78,5,cut,True,139,,,
jga-junior-2025-girls-15-17,p_6c535cf255e9,,False,78,5,cut,True,139,,,
jga-junior-2025-girls-15-17,p_4db02e02dfe2,,False,79,6,cut,True,139,,,
jga-junior-2025-girls-15-17,p_a979edc49633,,False,79,6,cut,True,139,,,
jga-junior-2025-girls-15-17,p_ff7cd535269e,,False,79,6,cut,True,139,,,
jga-junior-2025-girls-15-17,p_44bc86c5585c,,False,80,7,cut,True,139,,,
jga-junior-2025-girls-15-17,p_087c2d86b6b8,,False,80,7,cut,True,139,,,
jga-junior-2025-girls-15-17,p_9aa90db7cd83,,False,80,7,cut,True,139,,,
jga-junior-2025-girls-15-17,p_f7b4e1f27a88,,False,80,7,cut,True,139,,,
jga-junior-2025-girls-15-17,p_17717826902f,,False,80,7,cut,True,139,,,
jga-junior-2025-girls-15-17,p_78878c821ed9,,False,81,8,cut,True,139,,,
jga-junior-2025-girls-15-17,p_3387126a983b,,False,81,8,cut,True,139,,,
jga-junior-2025-girls-15-17,p_88345b5a060d,,False,81,8,cut,True,139,,,
jga-junior-2025-girls-15-17,p_8aa5b18c8ff0,,False,81,8,cut,True,139,,,
jga-junior-2025-girls-15-17,p_9f6e743cfe48,,False,82,9,cut,True,139,,,
jga-junior-2025-girls-15-17,p_2fc3dca81ee2,,False,82,9,cut,True,139,,,
jga-junior-2025-girls-15-17,p_cc2ca2835c17,,False,82,9,cut,True,139,,,
jga-junior-2025-girls-15-17,p_cff3cd2cbbc5,,False,84,11,cut,True,139,,,
jga-junior-2025-girls-15-17,p_3b7a727a6065,,False,88,15,cut,True,139,,,
jga-junior-2025-girls-15-17,p_6da6bd5e2422,,False,,,wd,True,139,,,
kougoren-spring-2023-boys-individual,p_d5a417f904e3,1,False,216,0,finished,True,141,100.0,0,-2.7
kougoren-spring-2023-boys-individual,p_219d2c4fc20e,2,True,222,6,finished,True,141,99.3,6,-1.1
kougoren-spring-2023-boys-individual,p_3053f34ae4ba,2,True,222,6,finished,True,141,99.3,6,-1.1
kougoren-spring-2023-boys-individual,p_f4f16c957650,2,True,222,6,finished,True,141,99.3,6,-1.1
kougoren-spring-2023-boys-individual,p_91f6a8ddc3f3,5,True,223,7,finished,True,141,97.2,7,-0.8
kougoren-spring-2023-boys-individual,p_923541ad13cc,5,True,223,7,finished,True,141,97.2,7,-0.8
kougoren-spring-2023-boys-individual,p_9aa54481c1ac,5,True,223,7,finished,True,141,97.2,7,-0.8
kougoren-spring-2023-boys-individual,p_8245505bdd24,5,True,223,7,finished,True,141,97.2,7,-0.8
kougoren-spring-2023-boys-individual,p_129e1e4b1603,9,True,224,8,finished,True,141,94.3,8,-0.6
kougoren-spring-2023-boys-individual,p_eb8e817b9057,9,True,224,8,finished,True,141,94.3,8,-0.6
kougoren-spring-2023-boys-individual,p_3d049e44ac38,11,True,225,9,finished,True,141,92.9,9,-0.3
kougoren-spring-2023-boys-individual,p_10c119b31a15,11,True,225,9,finished,True,141,92.9,9,-0.3
kougoren-spring-2023-boys-individual,p_e97fb05ffde8,11,True,225,9,finished,True,141,92.9,9,-0.3
kougoren-spring-2023-boys-individual,p_d3c85a77b08f,14,True,226,10,finished,True,141,90.8,10,-0.0
kougoren-spring-2023-boys-individual,p_d48d8021b1f9,14,True,226,10,finished,True,141,90.8,10,-0.0
kougoren-spring-2023-boys-individual,p_40e53e52f239,14,True,226,10,finished,True,141,90.8,10,-0.0
kougoren-spring-2023-boys-individual,p_864d4d7cda15,14,True,226,10,finished,True,141,90.8,10,-0.0
kougoren-spring-2023-boys-individual,p_c1b4deac019f,14,True,226,10,finished,True,141,90.8,10,-0.0
kougoren-spring-2023-boys-individual,p_901624f8975d,19,True,227,11,finished,True,141,87.2,11,0.2
kougoren-spring-2023-boys-individual,p_792fb43f3dfc,19,True,227,11,finished,True,141,87.2,11,0.2
kougoren-spring-2023-boys-individual,p_5bca3f794a2b,21,True,228,12,finished,True,141,85.8,12,0.5
kougoren-spring-2023-boys-individual,p_b5d5859b149e,21,True,228,12,finished,True,141,85.8,12,0.5
kougoren-spring-2023-boys-individual,p_e564c4eaa789,23,True,229,13,finished,True,141,84.4,13,0.8
kougoren-spring-2023-boys-individual,p_546f5162d34b,23,True,229,13,finished,True,141,84.4,13,0.8
kougoren-spring-2023-boys-individual,p_6dd5591645cf,25,True,231,15,finished,True,141,83.0,15,1.3
kougoren-spring-2023-boys-individual,p_638eb26731e3,25,True,231,15,finished,True,141,83.0,15,1.3
kougoren-spring-2023-boys-individual,p_f585d642fd1e,25,True,231,15,finished,True,141,83.0,15,1.3
kougoren-spring-2023-boys-individual,p_9bbe62441b1a,25,True,231,15,finished,True,141,83.0,15,1.3
kougoren-spring-2023-boys-individual,p_0b1ac28dd3a6,29,True,232,16,finished,True,141,80.1,16,1.6
kougoren-spring-2023-boys-individual,p_753184fd0bac,29,True,232,16,finished,True,141,80.1,16,1.6
kougoren-spring-2023-boys-individual,p_4e7c28090223,29,True,232,16,finished,True,141,80.1,16,1.6
kougoren-spring-2023-boys-individual,p_c3f6d8ef99ff,29,True,232,16,finished,True,141,80.1,16,1.6
kougoren-spring-2023-boys-individual,p_53bf13e56c87,33,True,233,17,finished,True,141,77.3,17,1.8
kougoren-spring-2023-boys-individual,p_c901fcbc9ee5,33,True,233,17,finished,True,141,77.3,17,1.8
kougoren-spring-2023-boys-individual,p_7c88749a4b5b,33,True,233,17,finished,True,141,77.3,17,1.8
kougoren-spring-2023-boys-individual,p_04a909c0c5dc,33,True,233,17,finished,True,141,77.3,17,1.8
kougoren-spring-2023-boys-individual,p_fb9e04716073,33,True,233,17,finished,True,141,77.3,17,1.8
kougoren-spring-2023-boys-individual,p_eaa71aeeb618,33,True,233,17,finished,True,141,77.3,17,1.8
kougoren-spring-2023-boys-individual,p_aaa78d3a9c10,33,True,233,17,finished,True,141,77.3,17,1.8
kougoren-spring-2023-boys-individual,p_1f518c5ac155,33,True,233,17,finished,True,141,77.3,17,1.8
kougoren-spring-2023-boys-individual,p_46aace4d7844,33,True,233,17,finished,True,141,77.3,17,1.8
kougoren-spring-2023-boys-individual,p_4448470cb9d6,33,True,233,17,finished,True,141,77.3,17,1.8
kougoren-spring-2023-boys-individual,p_b81e0d175e7e,33,True,233,17,finished,True,141,77.3,17,1.8
kougoren-spring-2023-boys-individual,p_a71331d4cdbd,44,True,234,18,finished,True,141,69.5,18,2.1
kougoren-spring-2023-boys-individual,p_48d0494b0fd6,44,True,234,18,finished,True,141,69.5,18,2.1
kougoren-spring-2023-boys-individual,p_e1ec3fb6a831,44,True,234,18,finished,True,141,69.5,18,2.1
kougoren-spring-2023-boys-individual,p_fed2fc9ff9e5,44,True,234,18,finished,True,141,69.5,18,2.1
kougoren-spring-2023-boys-individual,p_72cfdc309bed,44,True,234,18,finished,True,141,69.5,18,2.1
kougoren-spring-2023-boys-individual,p_682391911107,44,True,234,18,finished,True,141,69.5,18,2.1
kougoren-spring-2023-boys-individual,p_ec1f839b2728,44,True,234,18,finished,True,141,69.5,18,2.1
kougoren-spring-2023-boys-individual,p_4b010e16a39d,44,True,234,18,finished,True,141,69.5,18,2.1
kougoren-spring-2023-boys-individual,p_25c73155e68f,52,False,235,19,finished,True,141,63.8,19,2.4
kougoren-spring-2023-boys-individual,p_879d2689d366,53,True,236,20,finished,True,141,63.1,20,2.6
kougoren-spring-2023-boys-individual,p_d3ea964333d3,53,True,236,20,finished,True,141,63.1,20,2.6
kougoren-spring-2023-boys-individual,p_8fba978017e0,53,True,236,20,finished,True,141,63.1,20,2.6
kougoren-spring-2023-boys-individual,p_fc7f3f269a1c,53,True,236,20,finished,True,141,63.1,20,2.6
kougoren-spring-2023-boys-individual,p_7a5468c416b9,57,True,237,21,finished,True,141,60.3,21,2.9
kougoren-spring-2023-boys-individual,p_62f8d070de73,57,True,237,21,finished,True,141,60.3,21,2.9
kougoren-spring-2023-boys-individual,p_bd9693cd137f,57,True,237,21,finished,True,141,60.3,21,2.9
kougoren-spring-2023-boys-individual,p_496a5e3cbb35,57,True,237,21,finished,True,141,60.3,21,2.9
kougoren-spring-2023-boys-individual,p_def2e43c79d8,57,True,237,21,finished,True,141,60.3,21,2.9
kougoren-spring-2023-boys-individual,p_4c30ef1665d7,57,True,237,21,finished,True,141,60.3,21,2.9
kougoren-spring-2023-boys-individual,p_1d820e629460,57,True,237,21,finished,True,141,60.3,21,2.9
kougoren-spring-2023-boys-individual,p_011d979870f1,57,True,237,21,finished,True,141,60.3,21,2.9
kougoren-spring-2023-boys-individual,p_960f3b1a529c,65,True,238,22,finished,True,141,54.6,22,3.2
kougoren-spring-2023-boys-individual,p_ea5111a97365,65,True,238,22,finished,True,141,54.6,22,3.2
kougoren-spring-2023-boys-individual,p_b8b66e18c3cc,65,True,238,22,finished,True,141,54.6,22,3.2
kougoren-spring-2023-boys-individual,p_69122c2e7fb2,65,True,238,22,finished,True,141,54.6,22,3.2
kougoren-spring-2023-boys-individual,p_106ba4f2eb89,65,True,238,22,finished,True,141,54.6,22,3.2
kougoren-spring-2023-boys-individual,p_af993cb5acf1,65,True,238,22,finished,True,141,54.6,22,3.2
kougoren-spring-2023-boys-individual,p_4820c4a20cca,71,True,239,23,finished,True,141,50.4,23,3.4
kougoren-spring-2023-boys-individual,p_ef8a87f9222f,71,True,239,23,finished,True,141,50.4,23,3.4
kougoren-spring-2023-boys-individual,p_8fe8ad8d6c1f,71,True,239,23,finished,True,141,50.4,23,3.4
kougoren-spring-2023-boys-individual,p_867743227469,74,True,240,24,finished,True,141,48.2,24,3.7
kougoren-spring-2023-boys-individual,p_8d9c836d6591,74,True,240,24,finished,True,141,48.2,24,3.7
kougoren-spring-2023-boys-individual,p_883b2a1013bb,76,False,243,27,finished,True,141,46.8,27,4.5
kougoren-spring-2023-boys-individual,p_acd9cb995120,77,False,244,28,finished,True,141,46.1,28,4.8
kougoren-spring-2023-boys-individual,p_95b6254c9597,78,False,246,30,finished,True,141,45.4,30,5.3
kougoren-spring-2023-boys-individual,p_018eb7bb7b57,79,True,248,32,finished,True,141,44.7,32,5.8
kougoren-spring-2023-boys-individual,p_021345d6f846,79,True,248,32,finished,True,141,44.7,32,5.8
kougoren-spring-2023-boys-individual,p_b77993655184,,False,164,20,cut,True,141,,,5.3
kougoren-spring-2023-boys-individual,p_7a9332982857,,False,164,20,cut,True,141,,,5.3
kougoren-spring-2023-boys-individual,p_1ffd6a1fbdce,,False,164,20,cut,True,141,,,5.3
kougoren-spring-2023-boys-individual,p_cb282cb10ede,,False,164,20,cut,True,141,,,5.3
kougoren-spring-2023-boys-individual,p_50131c3b956b,,False,165,21,cut,True,141,,,5.7
kougoren-spring-2023-boys-individual,p_9b337dd9bf21,,False,165,21,cut,True,141,,,5.7
kougoren-spring-2023-boys-individual,p_f3ada79d8ebe,,False,165,21,cut,True,141,,,5.7
kougoren-spring-2023-boys-individual,p_50fbec37c5ed,,False,165,21,cut,True,141,,,5.7
kougoren-spring-2023-boys-individual,p_e7902a3b55d5,,False,165,21,cut,True,141,,,5.7
kougoren-spring-2023-boys-individual,p_bbd0f729c332,,False,165,21,cut,True,141,,,5.7
kougoren-spring-2023-boys-individual,p_4b54a1a1ef79,,False,166,22,cut,True,141,,,6.1
kougoren-spring-2023-boys-individual,p_cb859e94daa6,,False,166,22,cut,True,141,,,6.1
kougoren-spring-2023-boys-individual,p_396f292623db,,False,166,22,cut,True,141,,,6.1
kougoren-spring-2023-boys-individual,p_cdd99505b93b,,False,166,22,cut,True,141,,,6.1
kougoren-spring-2023-boys-individual,p_a6cd244068ba,,False,167,23,cut,True,141,,,6.5
kougoren-spring-2023-boys-individual,p_9442de52a7a8,,False,167,23,cut,True,141,,,6.5
kougoren-spring-2023-boys-individual,p_a57cfe0c3a51,,False,167,23,cut,True,141,,,6.5
kougoren-spring-2023-boys-individual,p_9a897a6a356f,,False,167,23,cut,True,141,,,6.5
kougoren-spring-2023-boys-individual,p_33bd629728d0,,False,167,23,cut,True,141,,,6.5
kougoren-spring-2023-boys-individual,p_166d479b2d16,,False,167,23,cut,True,141,,,6.5
kougoren-spring-2023-boys-individual,p_75d0f188224e,,False,167,23,cut,True,141,,,6.5
kougoren-spring-2023-boys-individual,p_f24a6db056c3,,False,167,23,cut,True,141,,,6.5
kougoren-spring-2023-boys-individual,p_0626cf54afc3,,False,167,23,cut,True,141,,,6.5
kougoren-spring-2023-boys-individual,p_256535f5008f,,False,167,23,cut,True,141,,,6.5
kougoren-spring-2023-boys-individual,p_239ffdba2cad,,False,168,24,cut,True,141,,,6.9
kougoren-spring-2023-boys-individual,p_4e9df917bad4,,False,168,24,cut,True,141,,,6.9
kougoren-spring-2023-boys-individual,p_e6b0614d48bf,,False,168,24,cut,True,141,,,6.9
kougoren-spring-2023-boys-individual,p_dfed41944edf,,False,168,24,cut,True,141,,,6.9
kougoren-spring-2023-boys-individual,p_3d6d81af48f4,,False,169,25,cut,True,141,,,7.3
kougoren-spring-2023-boys-individual,p_835f4fb00d88,,False,169,25,cut,True,141,,,7.3
kougoren-spring-2023-boys-individual,p_55cd66805551,,False,169,25,cut,True,141,,,7.3
kougoren-spring-2023-boys-individual,p_337cdfc47cf7,,False,170,26,cut,True,141,,,7.7
kougoren-spring-2023-boys-individual,p_cf4e5678f258,,False,170,26,cut,True,141,,,7.7
kougoren-spring-2023-boys-individual,p_8a29d2c37fc5,,False,170,26,cut,True,141,,,7.7
kougoren-spring-2023-boys-individual,p_3a06e4e574b4,,False,170,26,cut,True,141,,,7.7
kougoren-spring-2023-boys-individual,p_cb74e0d8abdc,,False,170,26,cut,True,141,,,7.7
kougoren-spring-2023-boys-individual,p_d7fc52abd490,,False,170,26,cut,True,141,,,7.7
kougoren-spring-2023-boys-individual,p_f5cbfbe28c7f,,False,171,27,cut,True,141,,,8.1
kougoren-spring-2023-boys-individual,p_09e4d055c79b,,False,171,27,cut,True,141,,,8.1
kougoren-spring-2023-boys-individual,p_8abc490f12cd,,False,171,27,cut,True,141,,,8.1
kougoren-spring-2023-boys-individual,p_f3abce8b45b4,,False,171,27,cut,True,141,,,8.1
kougoren-spring-2023-boys-individual,p_f8b2e836d2a9,,False,172,28,cut,True,141,,,8.5
kougoren-spring-2023-boys-individual,p_a8271f55de68,,False,173,29,cut,True,141,,,8.9
kougoren-spring-2023-boys-individual,p_75a0921e24ad,,False,173,29,cut,True,141,,,8.9
kougoren-spring-2023-boys-individual,p_ce7d046256cf,,False,173,29,cut,True,141,,,8.9
kougoren-spring-2023-boys-individual,p_151046952757,,False,175,31,cut,True,141,,,9.7
kougoren-spring-2023-boys-individual,p_9ac6477327b5,,False,175,31,cut,True,141,,,9.7
kougoren-spring-2023-boys-individual,p_3a8afc409918,,False,176,32,cut,True,141,,,10.1
kougoren-spring-2023-boys-individual,p_c74642b46a6d,,False,177,33,cut,True,141,,,10.5
kougoren-spring-2023-boys-individual,p_2a0cbb474f0a,,False,177,33,cut,True,141,,,10.5
kougoren-spring-2023-boys-individual,p_72db5a47fd24,,False,178,34,cut,True,141,,,10.9
kougoren-spring-2023-boys-individual,p_faf9754a9c43,,False,179,35,cut,True,141,,,11.3
kougoren-spring-2023-boys-individual,p_c5faae34e583,,False,180,36,cut,True,141,,,11.7
kougoren-spring-2023-boys-individual,p_1cc2545643f4,,False,180,36,cut,True,141,,,11.7
kougoren-spring-2023-boys-individual,p_5be50f59fcd7,,False,181,37,cut,True,141,,,12.1
kougoren-spring-2023-boys-individual,p_bd591d42d952,,False,182,38,cut,True,141,,,12.5
kougoren-spring-2023-boys-individual,p_f290c8bc5588,,False,182,38,cut,True,141,,,12.5
kougoren-spring-2023-boys-individual,p_df63b87c60a5,,False,183,39,cut,True,141,,,12.9
kougoren-spring-2023-boys-individual,p_29d1b4391381,,False,185,41,cut,True,141,,,13.7
kougoren-spring-2023-boys-individual,p_bb1d99c85d01,,False,191,47,cut,True,141,,,16.1
kougoren-spring-2023-boys-individual,p_111cedaec95c,,False,,,wd,True,141,,,10.1
kougoren-spring-2023-boys-individual,p_2d60603a3047,,False,,,dns,True,,,,
kougoren-spring-2023-girls-individual,p_8f30fa86e336,1,False,220,4,finished,True,141,100.0,0,
kougoren-spring-2023-girls-individual,p_58c58c946c90,2,False,221,5,finished,True,141,99.3,1,
kougoren-spring-2023-girls-individual,p_334b18d2f796,3,True,222,6,finished,True,141,98.6,2,
kougoren-spring-2023-girls-individual,p_ec8739fc8971,3,True,222,6,finished,True,141,98.6,2,
kougoren-spring-2023-girls-individual,p_c558c01f1c0d,5,True,224,8,finished,True,141,97.2,4,
kougoren-spring-2023-girls-individual,p_749032f7d7b8,5,True,224,8,finished,True,141,97.2,4,
kougoren-spring-2023-girls-individual,p_651cd183a45e,7,True,225,9,finished,True,141,95.7,5,
kougoren-spring-2023-girls-individual,p_ff5bd5250f1d,7,True,225,9,finished,True,141,95.7,5,
kougoren-spring-2023-girls-individual,p_f87facbefed0,9,True,226,10,finished,True,141,94.3,6,
kougoren-spring-2023-girls-individual,p_d6dddbcf7c53,9,True,226,10,finished,True,141,94.3,6,
kougoren-spring-2023-girls-individual,p_2ae92e9a0de6,9,True,226,10,finished,True,141,94.3,6,
kougoren-spring-2023-girls-individual,p_71c99a5a3270,12,True,227,11,finished,True,141,92.2,7,
kougoren-spring-2023-girls-individual,p_21e05942b0c8,12,True,227,11,finished,True,141,92.2,7,
kougoren-spring-2023-girls-individual,p_23549cffe8eb,12,True,227,11,finished,True,141,92.2,7,
kougoren-spring-2023-girls-individual,p_743d7a90e4f8,15,True,228,12,finished,True,141,90.1,8,
kougoren-spring-2023-girls-individual,p_3b82819554f8,15,True,228,12,finished,True,141,90.1,8,
kougoren-spring-2023-girls-individual,p_22e08e623ca7,15,True,228,12,finished,True,141,90.1,8,
kougoren-spring-2023-girls-individual,p_13059df98b28,15,True,228,12,finished,True,141,90.1,8,
kougoren-spring-2023-girls-individual,p_7c3c24f76115,19,True,229,13,finished,True,141,87.2,9,
kougoren-spring-2023-girls-individual,p_77eef2f34b61,19,True,229,13,finished,True,141,87.2,9,
kougoren-spring-2023-girls-individual,p_7cc28b1b2f03,21,True,230,14,finished,True,141,85.8,10,
kougoren-spring-2023-girls-individual,p_4db02e02dfe2,21,True,230,14,finished,True,141,85.8,10,
kougoren-spring-2023-girls-individual,p_64f7f382606b,21,True,230,14,finished,True,141,85.8,10,
kougoren-spring-2023-girls-individual,p_f5da61efd010,21,True,230,14,finished,True,141,85.8,10,
kougoren-spring-2023-girls-individual,p_6f31e27407be,21,True,230,14,finished,True,141,85.8,10,
kougoren-spring-2023-girls-individual,p_41aced5b33ac,21,True,230,14,finished,True,141,85.8,10,
kougoren-spring-2023-girls-individual,p_7cd4779f8ad6,21,True,230,14,finished,True,141,85.8,10,
kougoren-spring-2023-girls-individual,p_672758e4239b,21,True,230,14,finished,True,141,85.8,10,
kougoren-spring-2023-girls-individual,p_cd093d70a8da,29,True,231,15,finished,True,141,80.1,11,
kougoren-spring-2023-girls-individual,p_25377319dcf5,29,True,231,15,finished,True,141,80.1,11,
kougoren-spring-2023-girls-individual,p_1fedd8d3c221,29,True,231,15,finished,True,141,80.1,11,
kougoren-spring-2023-girls-individual,p_5bf754a96e40,29,True,231,15,finished,True,141,80.1,11,
kougoren-spring-2023-girls-individual,p_ece7c9725290,29,True,231,15,finished,True,141,80.1,11,
kougoren-spring-2023-girls-individual,p_24ca7e07ca82,34,True,232,16,finished,True,141,76.6,12,
kougoren-spring-2023-girls-individual,p_1b34b51d6c73,34,True,232,16,finished,True,141,76.6,12,
kougoren-spring-2023-girls-individual,p_b9cd64eae388,34,True,232,16,finished,True,141,76.6,12,
kougoren-spring-2023-girls-individual,p_337fbda9a2c4,37,True,233,17,finished,True,141,74.5,13,
kougoren-spring-2023-girls-individual,p_87bdc6682308,37,True,233,17,finished,True,141,74.5,13,
kougoren-spring-2023-girls-individual,p_39d34683fa12,39,True,234,18,finished,True,141,73.0,14,
kougoren-spring-2023-girls-individual,p_cf6b21900e43,39,True,234,18,finished,True,141,73.0,14,
kougoren-spring-2023-girls-individual,p_949fc0be2314,39,True,234,18,finished,True,141,73.0,14,
kougoren-spring-2023-girls-individual,p_d369c9c229dd,39,True,234,18,finished,True,141,73.0,14,
kougoren-spring-2023-girls-individual,p_d7a0265f76e2,43,True,235,19,finished,True,141,70.2,15,
kougoren-spring-2023-girls-individual,p_a182bfe88985,43,True,235,19,finished,True,141,70.2,15,
kougoren-spring-2023-girls-individual,p_36d9971721e4,45,True,236,20,finished,True,141,68.8,16,
kougoren-spring-2023-girls-individual,p_5508c3d4c4eb,45,True,236,20,finished,True,141,68.8,16,
kougoren-spring-2023-girls-individual,p_3ca577aca71f,45,True,236,20,finished,True,141,68.8,16,
kougoren-spring-2023-girls-individual,p_fc63669a5857,45,True,236,20,finished,True,141,68.8,16,
kougoren-spring-2023-girls-individual,p_94310d8d9ea9,49,True,237,21,finished,True,141,66.0,17,
kougoren-spring-2023-girls-individual,p_bee209bb4eef,49,True,237,21,finished,True,141,66.0,17,
kougoren-spring-2023-girls-individual,p_c7f067d35b3f,49,True,237,21,finished,True,141,66.0,17,
kougoren-spring-2023-girls-individual,p_ee6c81710171,49,True,237,21,finished,True,141,66.0,17,
kougoren-spring-2023-girls-individual,p_06e43dc8d586,49,True,237,21,finished,True,141,66.0,17,
kougoren-spring-2023-girls-individual,p_59644ea9b5da,54,True,238,22,finished,True,141,62.4,18,
kougoren-spring-2023-girls-individual,p_75e3cb3aaf82,54,True,238,22,finished,True,141,62.4,18,
kougoren-spring-2023-girls-individual,p_5fa68191860c,54,True,238,22,finished,True,141,62.4,18,
kougoren-spring-2023-girls-individual,p_a193a13f27e9,54,True,238,22,finished,True,141,62.4,18,
kougoren-spring-2023-girls-individual,p_667b78008a97,58,True,239,23,finished,True,141,59.6,19,
kougoren-spring-2023-girls-individual,p_a4fcc73c9688,58,True,239,23,finished,True,141,59.6,19,
kougoren-spring-2023-girls-individual,p_9f8c3ad75ba3,58,True,239,23,finished,True,141,59.6,19,
kougoren-spring-2023-girls-individual,p_36c9b0a14d4a,58,True,239,23,finished,True,141,59.6,19,
kougoren-spring-2023-girls-individual,p_eace10b62647,62,True,240,24,finished,True,141,56.7,20,
kougoren-spring-2023-girls-individual,p_0b43cf0cd612,62,True,240,24,finished,True,141,56.7,20,
kougoren-spring-2023-girls-individual,p_cf12b9439eed,62,True,240,24,finished,True,141,56.7,20,
kougoren-spring-2023-girls-individual,p_639e46eb935a,65,True,241,25,finished,True,141,54.6,21,
kougoren-spring-2023-girls-individual,p_57cc9a24c4c4,65,True,241,25,finished,True,141,54.6,21,
kougoren-spring-2023-girls-individual,p_089b1ae128b7,65,True,241,25,finished,True,141,54.6,21,
kougoren-spring-2023-girls-individual,p_14785c08bdb9,68,True,242,26,finished,True,141,52.5,22,
kougoren-spring-2023-girls-individual,p_24fd520f7e82,68,True,242,26,finished,True,141,52.5,22,
kougoren-spring-2023-girls-individual,p_f52cecd96813,68,True,242,26,finished,True,141,52.5,22,
kougoren-spring-2023-girls-individual,p_49c9c1c8baf2,71,False,243,27,finished,True,141,50.4,23,
kougoren-spring-2023-girls-individual,p_9fb05ff58aaf,72,False,244,28,finished,True,141,49.6,24,
kougoren-spring-2023-girls-individual,p_0935e9ee882f,73,False,245,29,finished,True,141,48.9,25,
kougoren-spring-2023-girls-individual,p_15fe53160283,74,True,246,30,finished,True,141,48.2,26,
kougoren-spring-2023-girls-individual,p_76565dd601a5,74,True,246,30,finished,True,141,48.2,26,
kougoren-spring-2023-girls-individual,p_1d635bd24b32,76,True,247,31,finished,True,141,46.8,27,
kougoren-spring-2023-girls-individual,p_4ee0b2f610f5,76,True,247,31,finished,True,141,46.8,27,
kougoren-spring-2023-girls-individual,p_c66e68679dd8,78,False,248,32,finished,True,141,45.4,28,
kougoren-spring-2023-girls-individual,p_0f7879aa2fb2,79,True,251,35,finished,True,141,44.7,31,
kougoren-spring-2023-girls-individual,p_1aac75074fbd,79,True,251,35,finished,True,141,44.7,31,
kougoren-spring-2023-girls-individual,p_1215eef11361,81,False,252,36,finished,True,141,43.3,32,
kougoren-spring-2023-girls-individual,p_2ecac73c3cb8,,False,165,21,cut,True,141,,,
kougoren-spring-2023-girls-individual,p_30ead3061194,,False,165,21,cut,True,141,,,
kougoren-spring-2023-girls-individual,p_0cce52b6e4a1,,False,165,21,cut,True,141,,,
kougoren-spring-2023-girls-individual,p_30687829b4d4,,False,165,21,cut,True,141,,,
kougoren-spring-2023-girls-individual,p_2c9cc24e582c,,False,166,22,cut,True,141,,,
kougoren-spring-2023-girls-individual,p_a70b592979b7,,False,166,22,cut,True,141,,,
kougoren-spring-2023-girls-individual,p_43407735da6f,,False,166,22,cut,True,141,,,
kougoren-spring-2023-girls-individual,p_600c5b641e40,,False,166,22,cut,True,141,,,
kougoren-spring-2023-girls-individual,p_75f4a6d317f5,,False,166,22,cut,True,141,,,
kougoren-spring-2023-girls-individual,p_54437e67b877,,False,167,23,cut,True,141,,,
kougoren-spring-2023-girls-individual,p_a4812296233e,,False,167,23,cut,True,141,,,
kougoren-spring-2023-girls-individual,p_c0bfbb21116f,,False,167,23,cut,True,141,,,
kougoren-spring-2023-girls-individual,p_4ddc0b759977,,False,167,23,cut,True,141,,,
kougoren-spring-2023-girls-individual,p_a3fb3120d4c2,,False,168,24,cut,True,141,,,
kougoren-spring-2023-girls-individual,p_35a6e6de004f,,False,168,24,cut,True,141,,,
kougoren-spring-2023-girls-individual,p_30391a4439a3,,False,168,24,cut,True,141,,,
kougoren-spring-2023-girls-individual,p_0a597a9a40e1,,False,168,24,cut,True,141,,,
kougoren-spring-2023-girls-individual,p_4962dc629520,,False,168,24,cut,True,141,,,
kougoren-spring-2023-girls-individual,p_397980d3d041,,False,168,24,cut,True,141,,,
kougoren-spring-2023-girls-individual,p_097e5f666547,,False,169,25,cut,True,141,,,
kougoren-spring-2023-girls-individual,p_d366ed920ed1,,False,169,25,cut,True,141,,,
kougoren-spring-2023-girls-individual,p_4cc240ae5c16,,False,169,25,cut,True,141,,,
kougoren-spring-2023-girls-individual,p_3ba59568c34a,,False,169,25,cut,True,141,,,
kougoren-spring-2023-girls-individual,p_4841492ca7a8,,False,169,25,cut,True,141,,,
kougoren-spring-2023-girls-individual,p_9932421e4c06,,False,169,25,cut,True,141,,,
kougoren-spring-2023-girls-individual,p_0f24f9d5b58a,,False,169,25,cut,True,141,,,
kougoren-spring-2023-girls-individual,p_9a1631754abc,,False,171,27,cut,True,141,,,
kougoren-spring-2023-girls-individual,p_3d164103f67c,,False,171,27,cut,True,141,,,
kougoren-spring-2023-girls-individual,p_510592f424c6,,False,171,27,cut,True,141,,,
kougoren-spring-2023-girls-individual,p_87a6c6a4c370,,False,171,27,cut,True,141,,,
kougoren-spring-2023-girls-individual,p_027eee77def5,,False,172,28,cut,True,141,,,
kougoren-spring-2023-girls-individual,p_4dde8dd1c885,,False,173,29,cut,True,141,,,
kougoren-spring-2023-girls-individual,p_a8ef8de036cc,,False,173,29,cut,True,141,,,
kougoren-spring-2023-girls-individual,p_cbd41accd89d,,False,173,29,cut,True,141,,,
kougoren-spring-2023-girls-individual,p_431127e570af,,False,173,29,cut,True,141,,,
kougoren-spring-2023-girls-individual,p_38926131aa44,,False,173,29,cut,True,141,,,
kougoren-spring-2023-girls-individual,p_3a44005969a5,,False,173,29,cut,True,141,,,
kougoren-spring-2023-girls-individual,p_82f644e6aac5,,False,173,29,cut,True,141,,,
kougoren-spring-2023-girls-individual,p_28904d7f29d5,,False,174,30,cut,True,141,,,
kougoren-spring-2023-girls-individual,p_e325a537f146,,False,175,31,cut,True,141,,,
kougoren-spring-2023-girls-individual,p_fd8900e6d1a7,,False,175,31,cut,True,141,,,
kougoren-spring-2023-girls-individual,p_cff3cd2cbbc5,,False,176,32,cut,True,141,,,
kougoren-spring-2023-girls-individual,p_178dcd447ef8,,False,177,33,cut,True,141,,,
kougoren-spring-2023-girls-individual,p_595e53a47393,,False,177,33,cut,True,141,,,
kougoren-spring-2023-girls-individual,p_fc1a3d799932,,False,177,33,cut,True,141,,,
kougoren-spring-2023-girls-individual,p_5ea1da5d2b6d,,False,178,34,cut,True,141,,,
kougoren-spring-2023-girls-individual,p_ee149d85f2df,,False,178,34,cut,True,141,,,
kougoren-spring-2023-girls-individual,p_0718ddd95500,,False,178,34,cut,True,141,,,
kougoren-spring-2023-girls-individual,p_67eedb8559d1,,False,179,35,cut,True,141,,,
kougoren-spring-2023-girls-individual,p_158930960485,,False,179,35,cut,True,141,,,
kougoren-spring-2023-girls-individual,p_81a9a4b3d03b,,False,183,39,cut,True,141,,,
kougoren-spring-2023-girls-individual,p_64940be2493b,,False,184,40,cut,True,141,,,
kougoren-spring-2023-girls-individual,p_021b4c31a087,,False,185,41,cut,True,141,,,
kougoren-spring-2023-girls-individual,p_2d5368dc84b0,,False,185,41,cut,True,141,,,
kougoren-spring-2023-girls-individual,p_8f80e00fc37f,,False,185,41,cut,True,141,,,
kougoren-spring-2023-girls-individual,p_c92a80da310a,,False,186,42,cut,True,141,,,
kougoren-spring-2023-girls-individual,p_99a251ece013,,False,190,46,cut,True,141,,,
kougoren-spring-2023-girls-individual,p_6e4ede2c6313,,False,195,51,cut,True,141,,,
kougoren-spring-2023-girls-individual,p_620387554b5f,,False,196,52,cut,True,141,,,
kougoren-spring-2023-girls-individual,p_6423f90a4942,,False,,,wd,True,141,,,
kougoren-spring-2023-girls-individual,p_e95587bfa3c6,,False,,,dns,True,,,,
kougoren-spring-2024-boys-individual,p_923541ad13cc,1,False,222,6,finished,True,141,100.0,0,-1.1
kougoren-spring-2024-boys-individual,p_4b61e36993d7,2,True,223,7,finished,True,141,99.3,1,-0.8
kougoren-spring-2024-boys-individual,p_6f36d9679ef9,2,True,223,7,finished,True,141,99.3,1,-0.8
kougoren-spring-2024-boys-individual,p_88591d7275bb,4,False,224,8,finished,True,141,97.9,2,-0.6
kougoren-spring-2024-boys-individual,p_e5c310df61d9,5,True,225,9,finished,True,141,97.2,3,-0.3
kougoren-spring-2024-boys-individual,p_f24544304816,5,True,225,9,finished,True,141,97.2,3,-0.3
kougoren-spring-2024-boys-individual,p_166d479b2d16,5,True,225,9,finished,True,141,97.2,3,-0.3
kougoren-spring-2024-boys-individual,p_753184fd0bac,5,True,225,9,finished,True,141,97.2,3,-0.3
kougoren-spring-2024-boys-individual,p_8fe8ad8d6c1f,9,True,226,10,finished,True,141,94.3,4,-0.0
kougoren-spring-2024-boys-individual,p_72cfdc309bed,9,True,226,10,finished,True,141,94.3,4,-0.0
kougoren-spring-2024-boys-individual,p_d5a417f904e3,9,True,226,10,finished,True,141,94.3,4,-0.0
kougoren-spring-2024-boys-individual,p_6488c0ce96f2,12,True,227,11,finished,True,141,92.2,5,0.2
kougoren-spring-2024-boys-individual,p_cc9d3dab077a,12,True,227,11,finished,True,141,92.2,5,0.2
kougoren-spring-2024-boys-individual,p_fb9e04716073,12,True,227,11,finished,True,141,92.2,5,0.2
kougoren-spring-2024-boys-individual,p_c0e2661f15f9,15,True,228,12,finished,True,141,90.1,6,0.5
kougoren-spring-2024-boys-individual,p_8d9c836d6591,15,True,228,12,finished,True,141,90.1,6,0.5
kougoren-spring-2024-boys-individual,p_1f518c5ac155,15,True,228,12,finished,True,141,90.1,6,0.5
kougoren-spring-2024-boys-individual,p_58a18642a4f4,15,True,228,12,finished,True,141,90.1,6,0.5
kougoren-spring-2024-boys-individual,p_50131c3b956b,15,True,228,12,finished,True,141,90.1,6,0.5
kougoren-spring-2024-boys-individual,p_f3e691d94880,15,True,228,12,finished,True,141,90.1,6,0.5
kougoren-spring-2024-boys-individual,p_a6cd244068ba,15,True,228,12,finished,True,141,90.1,6,0.5
kougoren-spring-2024-boys-individual,p_864d4d7cda15,15,True,228,12,finished,True,141,90.1,6,0.5
kougoren-spring-2024-boys-individual,p_91f6a8ddc3f3,23,True,229,13,finished,True,141,84.4,7,0.8
kougoren-spring-2024-boys-individual,p_638eb26731e3,23,True,229,13,finished,True,141,84.4,7,0.8
kougoren-spring-2024-boys-individual,p_46aace4d7844,25,True,230,14,finished,True,141,83.0,8,1.0
kougoren-spring-2024-boys-individual,p_879d2689d366,25,True,230,14,finished,True,141,83.0,8,1.0
kougoren-spring-2024-boys-individual,p_682391911107,25,True,230,14,finished,True,141,83.0,8,1.0
kougoren-spring-2024-boys-individual,p_10c119b31a15,28,True,231,15,finished,True,141,80.9,9,1.3
kougoren-spring-2024-boys-individual,p_9bbe62441b1a,28,True,231,15,finished,True,141,80.9,9,1.3
kougoren-spring-2024-boys-individual,p_4e7c28090223,28,True,231,15,finished,True,141,80.9,9,1.3
kougoren-spring-2024-boys-individual,p_f4f16c957650,28,True,231,15,finished,True,141,80.9,9,1.3
kougoren-spring-2024-boys-individual,p_00e91cfe7a79,32,True,232,16,finished,True,141,78.0,10,1.6
kougoren-spring-2024-boys-individual,p_36147e627394,32,True,232,16,finished,True,141,78.0,10,1.6
kougoren-spring-2024-boys-individual,p_62f8d070de73,32,True,232,16,finished,True,141,78.0,10,1.6
kougoren-spring-2024-boys-individual,p_435183ba6ce8,32,True,232,16,finished,True,141,78.0,10,1.6
kougoren-spring-2024-boys-individual,p_2d60603a3047,36,True,233,17,finished,True,141,75.2,11,1.8
kougoren-spring-2024-boys-individual,p_bd9693cd137f,36,True,233,17,finished,True,141,75.2,11,1.8
kougoren-spring-2024-boys-individual,p_1ffd6a1fbdce,38,True,234,18,finished,True,141,73.8,12,2.1
kougoren-spring-2024-boys-individual,p_c1b4deac019f,38,True,234,18,finished,True,141,73.8,12,2.1
kougoren-spring-2024-boys-individual,p_d3c85a77b08f,38,True,234,18,finished,True,141,73.8,12,2.1
kougoren-spring-2024-boys-individual,p_ff58b495c590,41,True,235,19,finished,True,141,71.6,13,2.4
kougoren-spring-2024-boys-individual,p_417b499a6f29,41,True,235,19,finished,True,141,71.6,13,2.4
kougoren-spring-2024-boys-individual,p_47d71213d728,41,True,235,19,finished,True,141,71.6,13,2.4
kougoren-spring-2024-boys-individual,p_9aa54481c1ac,41,True,235,19,finished,True,141,71.6,13,2.4
kougoren-spring-2024-boys-individual,p_81493147e8bb,41,True,235,19,finished,True,141,71.6,13,2.4
kougoren-spring-2024-boys-individual,p_09e4d055c79b,41,True,235,19,finished,True,141,71.6,13,2.4
kougoren-spring-2024-boys-individual,p_2c90a72ee597,41,True,235,19,finished,True,141,71.6,13,2.4
kougoren-spring-2024-boys-individual,p_f59758657549,41,True,235,19,finished,True,141,71.6,13,2.4
kougoren-spring-2024-boys-individual,p_9aa48c696a56,49,True,236,20,finished,True,141,66.0,14,2.6
kougoren-spring-2024-boys-individual,p_9442de52a7a8,49,True,236,20,finished,True,141,66.0,14,2.6
kougoren-spring-2024-boys-individual,p_9eafbf5af593,49,True,236,20,finished,True,141,66.0,14,2.6
kougoren-spring-2024-boys-individual,p_a366386d5e62,49,True,236,20,finished,True,141,66.0,14,2.6
kougoren-spring-2024-boys-individual,p_9a897a6a356f,53,True,237,21,finished,True,141,63.1,15,2.9
kougoren-spring-2024-boys-individual,p_151046952757,53,True,237,21,finished,True,141,63.1,15,2.9
kougoren-spring-2024-boys-individual,p_b21f1f6c2430,53,True,237,21,finished,True,141,63.1,15,2.9
kougoren-spring-2024-boys-individual,p_6c6ca58a3283,53,True,237,21,finished,True,141,63.1,15,2.9
kougoren-spring-2024-boys-individual,p_eb8e817b9057,57,True,238,22,finished,True,141,60.3,16,3.2
kougoren-spring-2024-boys-individual,p_e8d18b80e595,57,True,238,22,finished,True,141,60.3,16,3.2
kougoren-spring-2024-boys-individual,p_4593dcfcf790,57,True,238,22,finished,True,141,60.3,16,3.2
kougoren-spring-2024-boys-individual,p_cdd99505b93b,60,True,239,23,finished,True,141,58.2,17,3.4
kougoren-spring-2024-boys-individual,p_011d979870f1,60,True,239,23,finished,True,141,58.2,17,3.4
kougoren-spring-2024-boys-individual,p_70542d7875a5,62,True,240,24,finished,True,141,56.7,18,3.7
kougoren-spring-2024-boys-individual,p_a7ca720c84a3,62,True,240,24,finished,True,141,56.7,18,3.7
kougoren-spring-2024-boys-individual,p_1eea717174a5,62,True,240,24,finished,True,141,56.7,18,3.7
kougoren-spring-2024-boys-individual,p_1b03cfa34604,65,True,241,25,finished,True,141,54.6,19,4.0
kougoren-spring-2024-boys-individual,p_52b06429d9b5,65,True,241,25,finished,True,141,54.6,19,4.0
kougoren-spring-2024-boys-individual,p_6753b5a66cb2,65,True,241,25,finished,True,141,54.6,19,4.0
kougoren-spring-2024-boys-individual,p_cb282cb10ede,65,True,241,25,finished,True,141,54.6,19,4.0
kougoren-spring-2024-boys-individual,p_7a9332982857,69,True,242,26,finished,True,141,51.8,20,4.2
kougoren-spring-2024-boys-individual,p_364cc408b538,69,True,242,26,finished,True,141,51.8,20,4.2
kougoren-spring-2024-boys-individual,p_9ac6477327b5,69,True,242,26,finished,True,141,51.8,20,4.2
kougoren-spring-2024-boys-individual,p_f953babce395,72,False,243,27,finished,True,141,49.6,21,4.5
kougoren-spring-2024-boys-individual,p_4e9df917bad4,73,True,244,28,finished,True,141,48.9,22,4.8
kougoren-spring-2024-boys-individual,p_2a0cbb474f0a,73,True,244,28,finished,True,141,48.9,22,4.8
kougoren-spring-2024-boys-individual,p_b22173cc5b66,73,True,244,28,finished,True,141,48.9,22,4.8
kougoren-spring-2024-boys-individual,p_bb1d99c85d01,76,False,245,29,finished,True,141,46.8,23,5.0
kougoren-spring-2024-boys-individual,p_7d7f109ca600,77,True,246,30,finished,True,141,46.1,24,5.3
kougoren-spring-2024-boys-individual,p_9d708b61952c,77,True,246,30,finished,True,141,46.1,24,5.3
kougoren-spring-2024-boys-individual,p_69d027df9df5,79,False,247,31,finished,True,141,44.7,25,5.6
kougoren-spring-2024-boys-individual,p_ce7d046256cf,80,False,248,32,finished,True,141,44.0,26,5.8
kougoren-spring-2024-boys-individual,p_f585d642fd1e,81,False,251,35,finished,True,141,43.3,29,6.6
kougoren-spring-2024-boys-individual,p_5d9ef38389c2,,False,163,19,cut,True,141,,,4.9
kougoren-spring-2024-boys-individual,p_2477285a7bd8,,False,163,19,cut,True,141,,,4.9
kougoren-spring-2024-boys-individual,p_e02f0b75ca41,,False,163,19,cut,True,141,,,4.9
kougoren-spring-2024-boys-individual,p_9c93f0814f24,,False,163,19,cut,True,141,,,4.9
kougoren-spring-2024-boys-individual,p_396f292623db,,False,163,19,cut,True,141,,,4.9
kougoren-spring-2024-boys-individual,p_55cd66805551,,False,163,19,cut,True,141,,,4.9
kougoren-spring-2024-boys-individual,p_7c88749a4b5b,,False,163,19,cut,True,141,,,4.9
kougoren-spring-2024-boys-individual,p_1af779fe2521,,False,164,20,cut,True,141,,,5.3
kougoren-spring-2024-boys-individual,p_ec1f839b2728,,False,164,20,cut,True,141,,,5.3
kougoren-spring-2024-boys-individual,p_7ff660b77701,,False,164,20,cut,True,141,,,5.3
kougoren-spring-2024-boys-individual,p_2a74a826b47c,,False,164,20,cut,True,141,,,5.3
kougoren-spring-2024-boys-individual,p_0626cf54afc3,,False,164,20,cut,True,141,,,5.3
kougoren-spring-2024-boys-individual,p_8b3cca8f29ae,,False,165,21,cut,True,141,,,5.7
kougoren-spring-2024-boys-individual,p_883b2a1013bb,,False,165,21,cut,True,141,,,5.7
kougoren-spring-2024-boys-individual,p_b46d0d7494f3,,False,165,21,cut,True,141,,,5.7
kougoren-spring-2024-boys-individual,p_021345d6f846,,False,165,21,cut,True,141,,,5.7
kougoren-spring-2024-boys-individual,p_10189063f636,,False,165,21,cut,True,141,,,5.7
kougoren-spring-2024-boys-individual,p_30a9c5afa6af,,False,166,22,cut,True,141,,,6.1
kougoren-spring-2024-boys-individual,p_8754855f0d63,,False,167,23,cut,True,141,,,6.5
kougoren-spring-2024-boys-individual,p_4ea76e596461,,False,167,23,cut,True,141,,,6.5
kougoren-spring-2024-boys-individual,p_e046340bc5b5,,False,167,23,cut,True,141,,,6.5
kougoren-spring-2024-boys-individual,p_cb859e94daa6,,False,167,23,cut,True,141,,,6.5
kougoren-spring-2024-boys-individual,p_f5cbfbe28c7f,,False,168,24,cut,True,141,,,6.9
kougoren-spring-2024-boys-individual,p_3a06e4e574b4,,False,168,24,cut,True,141,,,6.9
kougoren-spring-2024-boys-individual,p_a8271f55de68,,False,168,24,cut,True,141,,,6.9
kougoren-spring-2024-boys-individual,p_4c5ca3dda4c9,,False,168,24,cut,True,141,,,6.9
kougoren-spring-2024-boys-individual,p_111cedaec95c,,False,168,24,cut,True,141,,,6.9
kougoren-spring-2024-boys-individual,p_acd9cb995120,,False,169,25,cut,True,141,,,7.3
kougoren-spring-2024-boys-individual,p_695f8ecc3c45,,False,169,25,cut,True,141,,,7.3
kougoren-spring-2024-boys-individual,p_076c1cfe9da8,,False,169,25,cut,True,141,,,7.3
kougoren-spring-2024-boys-individual,p_018eb7bb7b57,,False,170,26,cut,True,141,,,7.7
kougoren-spring-2024-boys-individual,p_fb0d11a190f3,,False,170,26,cut,True,141,,,7.7
kougoren-spring-2024-boys-individual,p_c5faae34e583,,False,171,27,cut,True,141,,,8.1
kougoren-spring-2024-boys-individual,p_f290c8bc5588,,False,171,27,cut,True,141,,,8.1
kougoren-spring-2024-boys-individual,p_bd591d42d952,,False,172,28,cut,True,141,,,8.5
kougoren-spring-2024-boys-individual,p_1210617cacd5,,False,172,28,cut,True,141,,,8.5
kougoren-spring-2024-boys-individual,p_7999ce4a8f6a,,False,172,28,cut,True,141,,,8.5
kougoren-spring-2024-boys-individual,p_c0e1c236b5ed,,False,173,29,cut,True,141,,,8.9
kougoren-spring-2024-boys-individual,p_d7fc52abd490,,False,173,29,cut,True,141,,,8.9
kougoren-spring-2024-boys-individual,p_c45d4fbd4048,,False,174,30,cut,True,141,,,9.3
kougoren-spring-2024-boys-individual,p_1cc2545643f4,,False,174,30,cut,True,141,,,9.3
kougoren-spring-2024-boys-individual,p_faf9754a9c43,,False,174,30,cut,True,141,,,9.3
kougoren-spring-2024-boys-individual,p_aacb32f4fc86,,False,175,31,cut,True,141,,,9.7
kougoren-spring-2024-boys-individual,p_2409da60d09f,,False,176,32,cut,True,141,,,10.1
kougoren-spring-2024-boys-individual,p_09dbc7a2dbe0,,False,176,32,cut,True,141,,,10.1
kougoren-spring-2024-boys-individual,p_7d5078bd77aa,,False,177,33,cut,True,141,,,10.5
kougoren-spring-2024-boys-individual,p_13739c6b0706,,False,177,33,cut,True,141,,,10.5
kougoren-spring-2024-boys-individual,p_23bca0d67f31,,False,177,33,cut,True,141,,,10.5
kougoren-spring-2024-boys-individual,p_afd14f62f07a,,False,179,35,cut,True,141,,,11.3
kougoren-spring-2024-boys-individual,p_32550ee052ee,,False,179,35,cut,True,141,,,11.3
kougoren-spring-2024-boys-individual,p_30de37060be9,,False,179,35,cut,True,141,,,11.3
kougoren-spring-2024-boys-individual,p_51ab228e43d4,,False,180,36,cut,True,141,,,11.7
kougoren-spring-2024-boys-individual,p_4f0102d4f79c,,False,180,36,cut,True,141,,,11.7
kougoren-spring-2024-boys-individual,p_3cac1f196e4c,,False,180,36,cut,True,141,,,11.7
kougoren-spring-2024-boys-individual,p_4fb0aed9c7a9,,False,181,37,cut,True,141,,,12.1
kougoren-spring-2024-boys-individual,p_88a4375f721d,,False,187,43,cut,True,141,,,14.5
kougoren-spring-2024-boys-individual,p_336b8f094193,,False,189,45,cut,True,141,,,15.3
kougoren-spring-2024-boys-individual,p_3add325159ea,,False,190,46,cut,True,141,,,15.7
kougoren-spring-2024-boys-individual,p_b27261799b95,,False,190,46,cut,True,141,,,15.7
kougoren-spring-2024-boys-individual,p_88484a1b0631,,False,,,wd,True,141,,,10.1
kougoren-spring-2024-boys-individual,p_a57cfe0c3a51,,False,,,dns,True,,,,
kougoren-spring-2024-girls-individual,p_6da6bd5e2422,1,False,220,4,finished,True,143,100.0,0,
kougoren-spring-2024-girls-individual,p_334b18d2f796,2,True,222,6,finished,True,143,99.3,2,
kougoren-spring-2024-girls-individual,p_ec8739fc8971,2,True,222,6,finished,True,143,99.3,2,
kougoren-spring-2024-girls-individual,p_42d7483aee6e,2,True,222,6,finished,True,143,99.3,2,
kougoren-spring-2024-girls-individual,p_651cd183a45e,5,True,224,8,finished,True,143,97.2,4,
kougoren-spring-2024-girls-individual,p_a193a13f27e9,5,True,224,8,finished,True,143,97.2,4,
kougoren-spring-2024-girls-individual,p_743d7a90e4f8,7,True,225,9,finished,True,143,95.8,5,
kougoren-spring-2024-girls-individual,p_2720bbe5d6a7,7,True,225,9,finished,True,143,95.8,5,
kougoren-spring-2024-girls-individual,p_db87158769c4,9,True,226,10,finished,True,143,94.4,6,
kougoren-spring-2024-girls-individual,p_1bdfdba18316,9,True,226,10,finished,True,143,94.4,6,
kougoren-spring-2024-girls-individual,p_21e05942b0c8,9,True,226,10,finished,True,143,94.4,6,
kougoren-spring-2024-girls-individual,p_6184a5443b2f,12,True,228,12,finished,True,143,92.3,8,
kougoren-spring-2024-girls-individual,p_b8de4c2155e8,12,True,228,12,finished,True,143,92.3,8,
kougoren-spring-2024-girls-individual,p_f5da61efd010,12,True,228,12,finished,True,143,92.3,8,
kougoren-spring-2024-girls-individual,p_36d9971721e4,12,True,228,12,finished,True,143,92.3,8,
kougoren-spring-2024-girls-individual,p_13059df98b28,12,True,228,12,finished,True,143,92.3,8,
kougoren-spring-2024-girls-individual,p_089b1ae128b7,12,True,228,12,finished,True,143,92.3,8,
kougoren-spring-2024-girls-individual,p_23549cffe8eb,18,True,229,13,finished,True,143,88.1,9,
kougoren-spring-2024-girls-individual,p_fa26d8f78fa0,18,True,229,13,finished,True,143,88.1,9,
kougoren-spring-2024-girls-individual,p_28b2e59ee9b5,18,True,229,13,finished,True,143,88.1,9,
kougoren-spring-2024-girls-individual,p_ee6c81710171,21,True,230,14,finished,True,143,86.0,10,
kougoren-spring-2024-girls-individual,p_57ba0b858ebc,21,True,230,14,finished,True,143,86.0,10,
kougoren-spring-2024-girls-individual,p_61687d2e02ef,23,True,231,15,finished,True,143,84.6,11,
kougoren-spring-2024-girls-individual,p_a65b488a89d1,23,True,231,15,finished,True,143,84.6,11,
kougoren-spring-2024-girls-individual,p_6aec2b82632c,23,True,231,15,finished,True,143,84.6,11,
kougoren-spring-2024-girls-individual,p_667b78008a97,26,True,232,16,finished,True,143,82.5,12,
kougoren-spring-2024-girls-individual,p_44dc112d0688,26,True,232,16,finished,True,143,82.5,12,
kougoren-spring-2024-girls-individual,p_9f8c3ad75ba3,26,True,232,16,finished,True,143,82.5,12,
kougoren-spring-2024-girls-individual,p_b35c69b4b1eb,26,True,232,16,finished,True,143,82.5,12,
kougoren-spring-2024-girls-individual,p_93c8d688bcee,26,True,232,16,finished,True,143,82.5,12,
kougoren-spring-2024-girls-individual,p_06e43dc8d586,26,True,232,16,finished,True,143,82.5,12,
kougoren-spring-2024-girls-individual,p_eace10b62647,32,True,233,17,finished,True,143,78.3,13,
kougoren-spring-2024-girls-individual,p_462d9b49d343,32,True,233,17,finished,True,143,78.3,13,
kougoren-spring-2024-girls-individual,p_3ca577aca71f,32,True,233,17,finished,True,143,78.3,13,
kougoren-spring-2024-girls-individual,p_0cce52b6e4a1,32,True,233,17,finished,True,143,78.3,13,
kougoren-spring-2024-girls-individual,p_5e1bdea73025,36,False,234,18,finished,True,143,75.5,14,
kougoren-spring-2024-girls-individual,p_75e3cb3aaf82,37,False,235,19,finished,True,143,74.8,15,
kougoren-spring-2024-girls-individual,p_a4eae45f14e6,38,True,236,20,finished,True,143,74.1,16,
kougoren-spring-2024-girls-individual,p_9107773a23fe,38,True,236,20,finished,True,143,74.1,16,
kougoren-spring-2024-girls-individual,p_fc1a3d799932,38,True,236,20,finished,True,143,74.1,16,
kougoren-spring-2024-girls-individual,p_6ec32c95989e,38,True,236,20,finished,True,143,74.1,16,
kougoren-spring-2024-girls-individual,p_2ae92e9a0de6,42,True,237,21,finished,True,143,71.3,17,
kougoren-spring-2024-girls-individual,p_07d228797f85,42,True,237,21,finished,True,143,71.3,17,
kougoren-spring-2024-girls-individual,p_7742429a92c7,42,True,237,21,finished,True,143,71.3,17,
kougoren-spring-2024-girls-individual,p_ba83834e8a4c,45,True,238,22,finished,True,143,69.2,18,
kougoren-spring-2024-girls-individual,p_e232df3fdae1,45,True,238,22,finished,True,143,69.2,18,
kougoren-spring-2024-girls-individual,p_399785dbe815,45,True,238,22,finished,True,143,69.2,18,
kougoren-spring-2024-girls-individual,p_78553065aef5,45,True,238,22,finished,True,143,69.2,18,
kougoren-spring-2024-girls-individual,p_87bdc6682308,45,True,238,22,finished,True,143,69.2,18,
kougoren-spring-2024-girls-individual,p_b3e0ce2a625f,45,True,238,22,finished,True,143,69.2,18,
kougoren-spring-2024-girls-individual,p_75f4a6d317f5,51,True,239,23,finished,True,143,65.0,19,
kougoren-spring-2024-girls-individual,p_7fdcc08582a3,51,True,239,23,finished,True,143,65.0,19,
kougoren-spring-2024-girls-individual,p_b985391a9e17,51,True,239,23,finished,True,143,65.0,19,
kougoren-spring-2024-girls-individual,p_2c55cb34a6d6,51,True,239,23,finished,True,143,65.0,19,
kougoren-spring-2024-girls-individual,p_24fd520f7e82,51,True,239,23,finished,True,143,65.0,19,
kougoren-spring-2024-girls-individual,p_328e71ef66c6,51,True,239,23,finished,True,143,65.0,19,
kougoren-spring-2024-girls-individual,p_a3fb3120d4c2,51,True,239,23,finished,True,143,65.0,19,
kougoren-spring-2024-girls-individual,p_cf12b9439eed,58,True,240,24,finished,True,143,60.1,20,
kougoren-spring-2024-girls-individual,p_41aced5b33ac,58,True,240,24,finished,True,143,60.1,20,
kougoren-spring-2024-girls-individual,p_141d8fea9cfe,58,True,240,24,finished,True,143,60.1,20,
kougoren-spring-2024-girls-individual,p_64f7f382606b,61,True,241,25,finished,True,143,58.0,21,
kougoren-spring-2024-girls-individual,p_3ba59568c34a,61,True,241,25,finished,True,143,58.0,21,
kougoren-spring-2024-girls-individual,p_9fb05ff58aaf,61,True,241,25,finished,True,143,58.0,21,
kougoren-spring-2024-girls-individual,p_02c8f3d7647e,61,True,241,25,finished,True,143,58.0,21,
kougoren-spring-2024-girls-individual,p_9dc02346ac81,61,True,241,25,finished,True,143,58.0,21,
kougoren-spring-2024-girls-individual,p_397980d3d041,66,True,242,26,finished,True,143,54.5,22,
kougoren-spring-2024-girls-individual,p_36c9b0a14d4a,66,True,242,26,finished,True,143,54.5,22,
kougoren-spring-2024-girls-individual,p_4db02e02dfe2,66,True,242,26,finished,True,143,54.5,22,
kougoren-spring-2024-girls-individual,p_869382d330b5,66,True,242,26,finished,True,143,54.5,22,
kougoren-spring-2024-girls-individual,p_a2dbca258af4,66,True,242,26,finished,True,143,54.5,22,
kougoren-spring-2024-girls-individual,p_0b43cf0cd612,66,True,242,26,finished,True,143,54.5,22,
kougoren-spring-2024-girls-individual,p_1fedd8d3c221,66,True,242,26,finished,True,143,54.5,22,
kougoren-spring-2024-girls-individual,p_9758182437a7,73,False,243,27,finished,True,143,49.7,23,
kougoren-spring-2024-girls-individual,p_a517f5d62d69,74,False,244,28,finished,True,143,49.0,24,
kougoren-spring-2024-girls-individual,p_26018d8e7787,75,False,245,29,finished,True,143,48.3,25,
kougoren-spring-2024-girls-individual,p_c2ccb53ac7f9,76,False,246,30,finished,True,143,47.6,26,
kougoren-spring-2024-girls-individual,p_d513047c765b,77,False,247,31,finished,True,143,46.9,27,
kougoren-spring-2024-girls-individual,p_d369c9c229dd,78,False,248,32,finished,True,143,46.2,28,
kougoren-spring-2024-girls-individual,p_df01c3468ae5,79,True,250,34,finished,True,143,45.5,30,
kougoren-spring-2024-girls-individual,p_162e1defbd9b,79,True,250,34,finished,True,143,45.5,30,
kougoren-spring-2024-girls-individual,p_a17703561efa,81,False,253,37,finished,True,143,44.1,33,
kougoren-spring-2024-girls-individual,p_a18a8ef234cc,,False,164,20,cut,True,143,,,
kougoren-spring-2024-girls-individual,p_7c3c24f76115,,False,164,20,cut,True,143,,,
kougoren-spring-2024-girls-individual,p_c48f0e3128fa,,False,164,20,cut,True,143,,,
kougoren-spring-2024-girls-individual,p_fc8de073501d,,False,164,20,cut,True,143,,,
kougoren-spring-2024-girls-individual,p_cbd41accd89d,,False,164,20,cut,True,143,,,
kougoren-spring-2024-girls-individual,p_8b66c53bd24c,,False,165,21,cut,True,143,,,
kougoren-spring-2024-girls-individual,p_3dc66c7b80da,,False,165,21,cut,True,143,,,
kougoren-spring-2024-girls-individual,p_d7be1c067500,,False,165,21,cut,True,143,,,
kougoren-spring-2024-girls-individual,p_2e6f46827f63,,False,165,21,cut,True,143,,,
kougoren-spring-2024-girls-individual,p_72a1ce6b191a,,False,166,22,cut,True,143,,,
kougoren-spring-2024-girls-individual,p_c83df2ac82c8,,False,166,22,cut,True,143,,,
kougoren-spring-2024-girls-individual,p_f9c6dfb74262,,False,166,22,cut,True,143,,,
kougoren-spring-2024-girls-individual,p_1e0a642b8fcd,,False,166,22,cut,True,143,,,
kougoren-spring-2024-girls-individual,p_29022def16f4,,False,166,22,cut,True,143,,,
kougoren-spring-2024-girls-individual,p_23cdf95b9a5f,,False,167,23,cut,True,143,,,
kougoren-spring-2024-girls-individual,p_bce25459acb1,,False,167,23,cut,True,143,,,
kougoren-spring-2024-girls-individual,p_9723f3b98f80,,False,167,23,cut,True,143,,,
kougoren-spring-2024-girls-individual,p_5fa68191860c,,False,167,23,cut,True,143,,,
kougoren-spring-2024-girls-individual,p_c1234ff8b628,,False,168,24,cut,True,143,,,
kougoren-spring-2024-girls-individual,p_cc2ca2835c17,,False,168,24,cut,True,143,,,
kougoren-spring-2024-girls-individual,p_676ea2696d5a,,False,168,24,cut,True,143,,,
kougoren-spring-2024-girls-individual,p_165f2e716676,,False,168,24,cut,True,143,,,
kougoren-spring-2024-girls-individual,p_a3f883059200,,False,169,25,cut,True,143,,,
kougoren-spring-2024-girls-individual,p_0e9a45e86d89,,False,169,25,cut,True,143,,,
kougoren-spring-2024-girls-individual,p_295218aabb3f,,False,169,25,cut,True,143,,,
kougoren-spring-2024-girls-individual,p_87a6c6a4c370,,False,170,26,cut,True,143,,,
kougoren-spring-2024-girls-individual,p_9c9de2fa3270,,False,170,26,cut,True,143,,,
kougoren-spring-2024-girls-individual,p_21dd136af2fa,,False,171,27,cut,True,143,,,
kougoren-spring-2024-girls-individual,p_76565dd601a5,,False,171,27,cut,True,143,,,
kougoren-spring-2024-girls-individual,p_6978b20702fa,,False,171,27,cut,True,143,,,
kougoren-spring-2024-girls-individual,p_a70b592979b7,,False,172,28,cut,True,143,,,
kougoren-spring-2024-girls-individual,p_5c86d778864a,,False,172,28,cut,True,143,,,
kougoren-spring-2024-girls-individual,p_ff4b56058731,,False,172,28,cut,True,143,,,
kougoren-spring-2024-girls-individual,p_b0f0fb422663,,False,173,29,cut,True,143,,,
kougoren-spring-2024-girls-individual,p_7c3971b6a192,,False,174,30,cut,True,143,,,
kougoren-spring-2024-girls-individual,p_f0bba08116ef,,False,174,30,cut,True,143,,,
kougoren-spring-2024-girls-individual,p_2f8015f9d83c,,False,174,30,cut,True,143,,,
kougoren-spring-2024-girls-individual,p_f18bcb4b6020,,False,175,31,cut,True,143,,,
kougoren-spring-2024-girls-individual,p_71d0693003db,,False,175,31,cut,True,143,,,
kougoren-spring-2024-girls-individual,p_88345b5a060d,,False,175,31,cut,True,143,,,
kougoren-spring-2024-girls-individual,p_e35ffca63cf7,,False,175,31,cut,True,143,,,
kougoren-spring-2024-girls-individual,p_87d2fd5e5cd9,,False,175,31,cut,True,143,,,
kougoren-spring-2024-girls-individual,p_82fe45d98c26,,False,176,32,cut,True,143,,,
kougoren-spring-2024-girls-individual,p_74538d515df6,,False,176,32,cut,True,143,,,
kougoren-spring-2024-girls-individual,p_5ea1da5d2b6d,,False,176,32,cut,True,143,,,
kougoren-spring-2024-girls-individual,p_6e4ede2c6313,,False,177,33,cut,True,143,,,
kougoren-spring-2024-girls-individual,p_e325a537f146,,False,178,34,cut,True,143,,,
kougoren-spring-2024-girls-individual,p_c368472206ee,,False,179,35,cut,True,143,,,
kougoren-spring-2024-girls-individual,p_97744589735f,,False,179,35,cut,True,143,,,
kougoren-spring-2024-girls-individual,p_f52cecd96813,,False,180,36,cut,True,143,,,
kougoren-spring-2024-girls-individual,p_d347c7a92912,,False,180,36,cut,True,143,,,
kougoren-spring-2024-girls-individual,p_c25e5a8c91aa,,False,182,38,cut,True,143,,,
kougoren-spring-2024-girls-individual,p_47234b9ed48b,,False,183,39,cut,True,143,,,
kougoren-spring-2024-girls-individual,p_620387554b5f,,False,188,44,cut,True,143,,,
kougoren-spring-2024-girls-individual,p_ce3b43a26ab5,,False,190,46,cut,True,143,,,
kougoren-spring-2024-girls-individual,p_912ab347fb0b,,False,191,47,cut,True,143,,,
kougoren-spring-2024-girls-individual,p_bddb9ad17a2f,,False,198,54,cut,True,143,,,
kougoren-spring-2024-girls-individual,p_45d157a64b30,,False,202,58,cut,True,143,,,
kougoren-spring-2024-girls-individual,p_38926131aa44,,False,,,wd,True,143,,,
kougoren-spring-2024-girls-individual,p_c2cf61b5e259,,False,,,wd,True,143,,,
kougoren-spring-2024-girls-individual,p_65d8c5f019bb,,False,,,wd,True,143,,,
kougoren-spring-2024-girls-individual,p_cf4e6af50b9c,,False,,,wd,True,143,,,
kougoren-spring-2025-boys-individual,p_58a18642a4f4,1,False,212,-4,finished,True,136,100.0,0,-3.8
kougoren-spring-2025-boys-individual,p_0b36b81de360,2,False,215,-1,finished,True,136,99.3,3,-3.0
kougoren-spring-2025-boys-individual,p_b8af4c57b698,3,False,216,0,finished,True,136,98.5,4,-2.7
kougoren-spring-2025-boys-individual,p_88591d7275bb,4,False,217,1,finished,True,136,97.8,5,-2.4
kougoren-spring-2025-boys-individual,p_aff0240e505b,5,False,218,2,finished,True,136,97.1,6,-2.2
kougoren-spring-2025-boys-individual,p_f59c98c3d8a7,6,True,219,3,finished,True,136,96.3,7,-1.9
kougoren-spring-2025-boys-individual,p_dfda00cc8726,6,True,219,3,finished,True,136,96.3,7,-1.9
kougoren-spring-2025-boys-individual,p_13eb1c0836c2,8,False,221,5,finished,True,136,94.9,9,-1.4
kougoren-spring-2025-boys-individual,p_c96e73911c78,9,True,222,6,finished,True,136,94.1,10,-1.1
kougoren-spring-2025-boys-individual,p_6018094cd0c0,9,True,222,6,finished,True,136,94.1,10,-1.1
kougoren-spring-2025-boys-individual,p_cc9d3dab077a,11,True,223,7,finished,True,136,92.6,11,-0.8
kougoren-spring-2025-boys-individual,p_f59758657549,11,True,223,7,finished,True,136,92.6,11,-0.8
kougoren-spring-2025-boys-individual,p_52b06429d9b5,13,True,224,8,finished,True,136,91.2,12,-0.6
kougoren-spring-2025-boys-individual,p_30a9c5afa6af,13,True,224,8,finished,True,136,91.2,12,-0.6
kougoren-spring-2025-boys-individual,p_4593dcfcf790,15,False,225,9,finished,True,136,89.7,13,-0.3
kougoren-spring-2025-boys-individual,p_f3e691d94880,16,True,226,10,finished,True,136,89.0,14,-0.0
kougoren-spring-2025-boys-individual,p_1b761cc0a495,16,True,226,10,finished,True,136,89.0,14,-0.0
kougoren-spring-2025-boys-individual,p_4947a9a742a8,16,True,226,10,finished,True,136,89.0,14,-0.0
kougoren-spring-2025-boys-individual,p_383211dd9918,16,True,226,10,finished,True,136,89.0,14,-0.0
kougoren-spring-2025-boys-individual,p_6f36d9679ef9,16,True,226,10,finished,True,136,89.0,14,-0.0
kougoren-spring-2025-boys-individual,p_fdbe57eaea98,16,True,226,10,finished,True,136,89.0,14,-0.0
kougoren-spring-2025-boys-individual,p_b9934fec500e,22,True,227,11,finished,True,136,84.6,15,0.2
kougoren-spring-2025-boys-individual,p_364cc408b538,22,True,227,11,finished,True,136,84.6,15,0.2
kougoren-spring-2025-boys-individual,p_fa8c6da28468,22,True,227,11,finished,True,136,84.6,15,0.2
kougoren-spring-2025-boys-individual,p_e8c5625d2c92,22,True,227,11,finished,True,136,84.6,15,0.2
kougoren-spring-2025-boys-individual,p_5b4a001e91fc,22,True,227,11,finished,True,136,84.6,15,0.2
kougoren-spring-2025-boys-individual,p_a4d43f724ff9,27,True,228,12,finished,True,136,80.9,16,0.5
kougoren-spring-2025-boys-individual,p_ff58b495c590,27,True,228,12,finished,True,136,80.9,16,0.5
kougoren-spring-2025-boys-individual,p_8b6c3d3c1bde,27,True,228,12,finished,True,136,80.9,16,0.5
kougoren-spring-2025-boys-individual,p_b0ba77d21805,27,True,228,12,finished,True,136,80.9,16,0.5
kougoren-spring-2025-boys-individual,p_6e6e3220fa01,27,True,228,12,finished,True,136,80.9,16,0.5
kougoren-spring-2025-boys-individual,p_a7a635ce7930,27,True,228,12,finished,True,136,80.9,16,0.5
kougoren-spring-2025-boys-individual,p_2477285a7bd8,27,True,228,12,finished,True,136,80.9,16,0.5
kougoren-spring-2025-boys-individual,p_10189063f636,27,True,228,12,finished,True,136,80.9,16,0.5
kougoren-spring-2025-boys-individual,p_9eafbf5af593,27,True,228,12,finished,True,136,80.9,16,0.5
kougoren-spring-2025-boys-individual,p_88484a1b0631,27,True,228,12,finished,True,136,80.9,16,0.5
kougoren-spring-2025-boys-individual,p_1f26259b8d0b,37,True,229,13,finished,True,136,73.5,17,0.8
kougoren-spring-2025-boys-individual,p_6488c0ce96f2,37,True,229,13,finished,True,136,73.5,17,0.8
kougoren-spring-2025-boys-individual,p_4d2363fcf68f,37,True,229,13,finished,True,136,73.5,17,0.8
kougoren-spring-2025-boys-individual,p_e7f3277400b8,37,True,229,13,finished,True,136,73.5,17,0.8
kougoren-spring-2025-boys-individual,p_1754eb84867c,41,True,230,14,finished,True,136,70.6,18,1.0
kougoren-spring-2025-boys-individual,p_453ee50e903a,41,True,230,14,finished,True,136,70.6,18,1.0
kougoren-spring-2025-boys-individual,p_b22173cc5b66,41,True,230,14,finished,True,136,70.6,18,1.0
kougoren-spring-2025-boys-individual,p_cce29baa1bed,41,True,230,14,finished,True,136,70.6,18,1.0
kougoren-spring-2025-boys-individual,p_6917f0a5d54c,45,True,231,15,finished,True,136,67.6,19,1.3
kougoren-spring-2025-boys-individual,p_47d71213d728,45,True,231,15,finished,True,136,67.6,19,1.3
kougoren-spring-2025-boys-individual,p_6b7e104dda9f,45,True,231,15,finished,True,136,67.6,19,1.3
kougoren-spring-2025-boys-individual,p_c6ef86fea92d,48,True,232,16,finished,True,136,65.4,20,1.6
kougoren-spring-2025-boys-individual,p_36147e627394,48,True,232,16,finished,True,136,65.4,20,1.6
kougoren-spring-2025-boys-individual,p_6f46ceae1915,50,True,233,17,finished,True,136,64.0,21,1.8
kougoren-spring-2025-boys-individual,p_7a6683e3f26b,50,True,233,17,finished,True,136,64.0,21,1.8
kougoren-spring-2025-boys-individual,p_34ccc4a68d34,52,True,234,18,finished,True,136,62.5,22,2.1
kougoren-spring-2025-boys-individual,p_c0e2661f15f9,52,True,234,18,finished,True,136,62.5,22,2.1
kougoren-spring-2025-boys-individual,p_5d9ef38389c2,54,True,235,19,finished,True,136,61.0,23,2.4
kougoren-spring-2025-boys-individual,p_695f8ecc3c45,54,True,235,19,finished,True,136,61.0,23,2.4
kougoren-spring-2025-boys-individual,p_2e3fbdd85951,56,True,236,20,finished,True,136,59.6,24,2.6
kougoren-spring-2025-boys-individual,p_b81d0467341a,56,True,236,20,finished,True,136,59.6,24,2.6
kougoren-spring-2025-boys-individual,p_eb40204c85f8,56,True,236,20,finished,True,136,59.6,24,2.6
kougoren-spring-2025-boys-individual,p_b5edbddadafc,56,True,236,20,finished,True,136,59.6,24,2.6
kougoren-spring-2025-boys-individual,p_1ef5903ae38b,56,True,236,20,finished,True,136,59.6,24,2.6
kougoren-spring-2025-boys-individual,p_012a1da5d79d,61,True,237,21,finished,True,136,55.9,25,2.9
kougoren-spring-2025-boys-individual,p_f3e19efdc2b2,61,True,237,21,finished,True,136,55.9,25,2.9
kougoren-spring-2025-boys-individual,p_5aa227256f31,61,True,237,21,finished,True,136,55.9,25,2.9
kougoren-spring-2025-boys-individual,p_59117c3d5dca,61,True,237,21,finished,True,136,55.9,25,2.9
kougoren-spring-2025-boys-individual,p_eb56989255c1,61,True,237,21,finished,True,136,55.9,25,2.9
kougoren-spring-2025-boys-individual,p_2a74a826b47c,61,True,237,21,finished,True,136,55.9,25,2.9
kougoren-spring-2025-boys-individual,p_f745536adfd4,61,True,237,21,finished,True,136,55.9,25,2.9
kougoren-spring-2025-boys-individual,p_2fcfec474e0a,68,False,238,22,finished,True,136,50.7,26,3.2
kougoren-spring-2025-boys-individual,p_6753b5a66cb2,69,True,239,23,finished,True,136,50.0,27,3.4
kougoren-spring-2025-boys-individual,p_9b80f9ba0539,69,True,239,23,finished,True,136,50.0,27,3.4
kougoren-spring-2025-boys-individual,p_537ac5abb618,71,False,240,24,finished,True,136,48.5,28,3.7
kougoren-spring-2025-boys-individual,p_7e2a0176f4f7,72,True,241,25,finished,True,136,47.8,29,4.0
kougoren-spring-2025-boys-individual,p_dc89263d9283,72,True,241,25,finished,True,136,47.8,29,4.0
kougoren-spring-2025-boys-individual,p_a3b3b82fb1c6,74,False,242,26,finished,True,136,46.3,30,4.2
kougoren-spring-2025-boys-individual,p_c8bea214eeb4,75,True,243,27,finished,True,136,45.6,31,4.5
kougoren-spring-2025-boys-individual,p_9d708b61952c,75,True,243,27,finished,True,136,45.6,31,4.5
kougoren-spring-2025-boys-individual,p_20c8cf89562d,77,True,246,30,finished,True,136,44.1,34,5.3
kougoren-spring-2025-boys-individual,p_670f9aabb066,77,True,246,30,finished,True,136,44.1,34,5.3
kougoren-spring-2025-boys-individual,p_1a1ca566aa2e,79,False,247,31,finished,True,136,42.6,35,5.6
kougoren-spring-2025-boys-individual,p_36648b62c10f,80,False,249,33,finished,True,136,41.9,37,6.1
kougoren-spring-2025-boys-individual,p_4589ab6a689f,,False,163,19,cut,True,136,,,4.9
kougoren-spring-2025-boys-individual,p_ef2ca5efd1b9,,False,163,19,cut,True,136,,,4.9
kougoren-spring-2025-boys-individual,p_1b03cfa34604,,False,163,19,cut,True,136,,,4.9
kougoren-spring-2025-boys-individual,p_1deae722ed70,,False,163,19,cut,True,136,,,4.9
kougoren-spring-2025-boys-individual,p_897017c904ac,,False,163,19,cut,True,136,,,4.9
kougoren-spring-2025-boys-individual,p_b4dd30f4477b,,False,163,19,cut,True,136,,,4.9
kougoren-spring-2025-boys-individual,p_476b82112e44,,False,163,19,cut,True,136,,,4.9
kougoren-spring-2025-boys-individual,p_23bca0d67f31,,False,164,20,cut,True,136,,,5.3
kougoren-spring-2025-boys-individual,p_4ea76e596461,,False,164,20,cut,True,136,,,5.3
kougoren-spring-2025-boys-individual,p_d372ff16f0c7,,False,164,20,cut,True,136,,,5.3
kougoren-spring-2025-boys-individual,p_4efa938d2d7e,,False,164,20,cut,True,136,,,5.3
kougoren-spring-2025-boys-individual,p_20a906600e3b,,False,164,20,cut,True,136,,,5.3
kougoren-spring-2025-boys-individual,p_a30d7dc2014a,,False,165,21,cut,True,136,,,5.7
kougoren-spring-2025-boys-individual,p_507cd607e610,,False,165,21,cut,True,136,,,5.7
kougoren-spring-2025-boys-individual,p_1eea717174a5,,False,165,21,cut,True,136,,,5.7
kougoren-spring-2025-boys-individual,p_055b52094cc0,,False,165,21,cut,True,136,,,5.7
kougoren-spring-2025-boys-individual,p_7d7f109ca600,,False,165,21,cut,True,136,,,5.7
kougoren-spring-2025-boys-individual,p_a944fb158d32,,False,166,22,cut,True,136,,,6.1
kougoren-spring-2025-boys-individual,p_f9a9bd5d517c,,False,166,22,cut,True,136,,,6.1
kougoren-spring-2025-boys-individual,p_f6d26f7bba1a,,False,166,22,cut,True,136,,,6.1
kougoren-spring-2025-boys-individual,p_cdef29f28db7,,False,166,22,cut,True,136,,,6.1
kougoren-spring-2025-boys-individual,p_0dc956e88c33,,False,166,22,cut,True,136,,,6.1
kougoren-spring-2025-boys-individual,p_7ff660b77701,,False,167,23,cut,True,136,,,6.5
kougoren-spring-2025-boys-individual,p_4129a1a5b846,,False,167,23,cut,True,136,,,6.5
kougoren-spring-2025-boys-individual,p_d05f19ab1c37,,False,167,23,cut,True,136,,,6.5
kougoren-spring-2025-boys-individual,p_1fea4c4fb7d8,,False,167,23,cut,True,136,,,6.5
kougoren-spring-2025-boys-individual,p_1210617cacd5,,False,168,24,cut,True,136,,,6.9
kougoren-spring-2025-boys-individual,p_47822cb28bb7,,False,168,24,cut,True,136,,,6.9
kougoren-spring-2025-boys-individual,p_d64ad0203e99,,False,168,24,cut,True,136,,,6.9
kougoren-spring-2025-boys-individual,p_cfad229ecbcb,,False,168,24,cut,True,136,,,6.9
kougoren-spring-2025-boys-individual,p_169c4b6ea4fb,,False,168,24,cut,True,136,,,6.9
kougoren-spring-2025-boys-individual,p_03902a1d8fa1,,False,169,25,cut,True,136,,,7.3
kougoren-spring-2025-boys-individual,p_2857ae6fb5e0,,False,169,25,cut,True,136,,,7.3
kougoren-spring-2025-boys-individual,p_303676ad213c,,False,169,25,cut,True,136,,,7.3
kougoren-spring-2025-boys-individual,p_dab426bcdad7,,False,169,25,cut,True,136,,,7.3
kougoren-spring-2025-boys-individual,p_f2f3fd59c0f4,,False,170,26,cut,True,136,,,7.7
kougoren-spring-2025-boys-individual,p_a95a05fa32bc,,False,170,26,cut,True,136,,,7.7
kougoren-spring-2025-boys-individual,p_4ecd8d4cf4c5,,False,170,26,cut,True,136,,,7.7
kougoren-spring-2025-boys-individual,p_f48b98928636,,False,170,26,cut,True,136,,,7.7
kougoren-spring-2025-boys-individual,p_12330b5914e1,,False,171,27,cut,True,136,,,8.1
kougoren-spring-2025-boys-individual,p_ccc34608528b,,False,171,27,cut,True,136,,,8.1
kougoren-spring-2025-boys-individual,p_5483a8ca9c15,,False,172,28,cut,True,136,,,8.5
kougoren-spring-2025-boys-individual,p_53a95ee28b2a,,False,172,28,cut,True,136,,,8.5
kougoren-spring-2025-boys-individual,p_32fdb174a7e4,,False,173,29,cut,True,136,,,8.9
kougoren-spring-2025-boys-individual,p_7d5078bd77aa,,False,173,29,cut,True,136,,,8.9
kougoren-spring-2025-boys-individual,p_3df3f93c0e6f,,False,175,31,cut,True,136,,,9.7
kougoren-spring-2025-boys-individual,p_9602d5f2a561,,False,177,33,cut,True,136,,,10.5
kougoren-spring-2025-boys-individual,p_435183ba6ce8,,False,177,33,cut,True,136,,,10.5
kougoren-spring-2025-boys-individual,p_bd817c3063bb,,False,177,33,cut,True,136,,,10.5
kougoren-spring-2025-boys-individual,p_e82e43134667,,False,177,33,cut,True,136,,,10.5
kougoren-spring-2025-boys-individual,p_c5fb4b19fc40,,False,178,34,cut,True,136,,,10.9
kougoren-spring-2025-boys-individual,p_b35752d027fb,,False,179,35,cut,True,136,,,11.3
kougoren-spring-2025-boys-individual,p_14ae9ea1044a,,False,188,44,cut,True,136,,,14.9
kougoren-spring-2025-boys-individual,p_62ee23bebe32,,False,200,56,cut,True,136,,,19.7
kougoren-spring-2025-boys-individual,p_b1b01ce805c4,,False,209,65,cut,True,136,,,23.3
kougoren-spring-2025-boys-individual,p_b4eccaa45ec3,,False,,,wd,True,136,,,10.1
kougoren-spring-2025-boys-individual,p_00e91cfe7a79,,False,,,dns,True,,,,
kougoren-spring-2025-boys-individual,p_fb1c5683fcd2,,False,,,dns,True,,,,
kougoren-spring-2025-boys-individual,p_0fb583ef5a83,,False,,,dns,True,,,,
kougoren-spring-2025-boys-individual,p_bc5be771194f,,False,,,dns,True,,,,
kougoren-spring-2025-boys-individual,p_a366386d5e62,,False,,,dns,True,,,,
kougoren-spring-2025-girls-individual,p_a517f5d62d69,1,False,219,3,finished,True,137,100.0,0,
kougoren-spring-2025-girls-individual,p_5fdeabbcdb14,2,False,219,3,finished,True,137,99.3,0,
kougoren-spring-2025-girls-individual,p_44dc112d0688,3,False,220,4,finished,True,137,98.5,1,
kougoren-spring-2025-girls-individual,p_2720bbe5d6a7,4,False,221,5,finished,True,137,97.8,2,
kougoren-spring-2025-girls-individual,p_e333de2d16a4,5,True,222,6,finished,True,137,97.1,3,
kougoren-spring-2025-girls-individual,p_90097c2c2ea2,5,True,222,6,finished,True,137,97.1,3,
kougoren-spring-2025-girls-individual,p_1fdbcc81d6ee,7,False,223,7,finished,True,137,95.6,4,
kougoren-spring-2025-girls-individual,p_d513047c765b,8,True,224,8,finished,True,137,94.9,5,
kougoren-spring-2025-girls-individual,p_50b9871f1b00,8,True,224,8,finished,True,137,94.9,5,
kougoren-spring-2025-girls-individual,p_9bd9407db91b,10,True,225,9,finished,True,137,93.4,6,
kougoren-spring-2025-girls-individual,p_93c8d688bcee,10,True,225,9,finished,True,137,93.4,6,
kougoren-spring-2025-girls-individual,p_e232df3fdae1,12,True,226,10,finished,True,137,92.0,7,
kougoren-spring-2025-girls-individual,p_93f584819486,12,True,226,10,finished,True,137,92.0,7,
kougoren-spring-2025-girls-individual,p_676ea2696d5a,12,True,226,10,finished,True,137,92.0,7,
kougoren-spring-2025-girls-individual,p_61687d2e02ef,12,True,226,10,finished,True,137,92.0,7,
kougoren-spring-2025-girls-individual,p_6ec32c95989e,12,True,226,10,finished,True,137,92.0,7,
kougoren-spring-2025-girls-individual,p_571323ec0643,17,True,227,11,finished,True,137,88.3,8,
kougoren-spring-2025-girls-individual,p_cc2bd5a026d5,17,True,227,11,finished,True,137,88.3,8,
kougoren-spring-2025-girls-individual,p_0d2e69b6e4d6,19,True,228,12,finished,True,137,86.9,9,
kougoren-spring-2025-girls-individual,p_3c0a9222b5ea,19,True,228,12,finished,True,137,86.9,9,
kougoren-spring-2025-girls-individual,p_a4efaf2c840b,19,True,228,12,finished,True,137,86.9,9,
kougoren-spring-2025-girls-individual,p_02c8f3d7647e,19,True,228,12,finished,True,137,86.9,9,
kougoren-spring-2025-girls-individual,p_65d8c5f019bb,23,True,229,13,finished,True,137,83.9,10,
kougoren-spring-2025-girls-individual,p_792e1b75f827,23,True,229,13,finished,True,137,83.9,10,
kougoren-spring-2025-girls-individual,p_7afd4b043437,25,True,230,14,finished,True,137,82.5,11,
kougoren-spring-2025-girls-individual,p_31815f87eba2,25,True,230,14,finished,True,137,82.5,11,
kougoren-spring-2025-girls-individual,p_d7be1c067500,25,True,230,14,finished,True,137,82.5,11,
kougoren-spring-2025-girls-individual,p_1abe9d1f4e18,25,True,230,14,finished,True,137,82.5,11,
kougoren-spring-2025-girls-individual,p_df01c3468ae5,29,True,231,15,finished,True,137,79.6,12,
kougoren-spring-2025-girls-individual,p_155e041d66d4,29,True,231,15,finished,True,137,79.6,12,
kougoren-spring-2025-girls-individual,p_9758182437a7,29,True,231,15,finished,True,137,79.6,12,
kougoren-spring-2025-girls-individual,p_e65df58011a0,29,True,231,15,finished,True,137,79.6,12,
kougoren-spring-2025-girls-individual,p_2e6f46827f63,29,True,231,15,finished,True,137,79.6,12,
kougoren-spring-2025-girls-individual,p_141d8fea9cfe,29,True,231,15,finished,True,137,79.6,12,
kougoren-spring-2025-girls-individual,p_78ee39141502,29,True,231,15,finished,True,137,79.6,12,
kougoren-spring-2025-girls-individual,p_9dc02346ac81,29,True,231,15,finished,True,137,79.6,12,
kougoren-spring-2025-girls-individual,p_b985391a9e17,37,True,232,16,finished,True,137,73.7,13,
kougoren-spring-2025-girls-individual,p_d4d10c936d55,37,True,232,16,finished,True,137,73.7,13,
kougoren-spring-2025-girls-individual,p_399785dbe815,37,True,232,16,finished,True,137,73.7,13,
kougoren-spring-2025-girls-individual,p_d1b5c06f1c24,37,True,232,16,finished,True,137,73.7,13,
kougoren-spring-2025-girls-individual,p_9aa90db7cd83,41,True,233,17,finished,True,137,70.8,14,
kougoren-spring-2025-girls-individual,p_0781efc89d3d,41,True,233,17,finished,True,137,70.8,14,
kougoren-spring-2025-girls-individual,p_78553065aef5,41,True,233,17,finished,True,137,70.8,14,
kougoren-spring-2025-girls-individual,p_b8de4c2155e8,41,True,233,17,finished,True,137,70.8,14,
kougoren-spring-2025-girls-individual,p_2c55cb34a6d6,41,True,233,17,finished,True,137,70.8,14,
kougoren-spring-2025-girls-individual,p_7742429a92c7,46,True,234,18,finished,True,137,67.2,15,
kougoren-spring-2025-girls-individual,p_29022def16f4,46,True,234,18,finished,True,137,67.2,15,
kougoren-spring-2025-girls-individual,p_c105472b7654,46,True,234,18,finished,True,137,67.2,15,
kougoren-spring-2025-girls-individual,p_b3e0ce2a625f,46,True,234,18,finished,True,137,67.2,15,
kougoren-spring-2025-girls-individual,p_71d0693003db,50,True,235,19,finished,True,137,64.2,16,
kougoren-spring-2025-girls-individual,p_1d5bbefbf835,50,True,235,19,finished,True,137,64.2,16,
kougoren-spring-2025-girls-individual,p_1bc7e2fc7b36,50,True,235,19,finished,True,137,64.2,16,
kougoren-spring-2025-girls-individual,p_b333a6e1b497,50,True,235,19,finished,True,137,64.2,16,
kougoren-spring-2025-girls-individual,p_bdff464bbf40,50,True,235,19,finished,True,137,64.2,16,
kougoren-spring-2025-girls-individual,p_2f5a0a295d78,50,True,235,19,finished,True,137,64.2,16,
kougoren-spring-2025-girls-individual,p_6fb3acd60fc1,56,True,236,20,finished,True,137,59.9,17,
kougoren-spring-2025-girls-individual,p_7ce4377d5546,56,True,236,20,finished,True,137,59.9,17,
kougoren-spring-2025-girls-individual,p_0e0a6d77ea9a,56,True,236,20,finished,True,137,59.9,17,
kougoren-spring-2025-girls-individual,p_b953061d2a9d,56,True,236,20,finished,True,137,59.9,17,
kougoren-spring-2025-girls-individual,p_110a42ca0936,56,True,236,20,finished,True,137,59.9,17,
kougoren-spring-2025-girls-individual,p_92aaa624664a,56,True,236,20,finished,True,137,59.9,17,
kougoren-spring-2025-girls-individual,p_79f519304fc4,56,True,236,20,finished,True,137,59.9,17,
kougoren-spring-2025-girls-individual,p_9723f3b98f80,56,True,236,20,finished,True,137,59.9,17,
kougoren-spring-2025-girls-individual,p_cc2ca2835c17,64,False,237,21,finished,True,137,54.0,18,
kougoren-spring-2025-girls-individual,p_08fdbab55084,65,False,238,22,finished,True,137,53.3,19,
kougoren-spring-2025-girls-individual,p_0fcd068d09e4,66,True,239,23,finished,True,137,52.6,20,
kougoren-spring-2025-girls-individual,p_30f6f4460915,66,True,239,23,finished,True,137,52.6,20,
kougoren-spring-2025-girls-individual,p_ac159ca3b2dc,66,True,239,23,finished,True,137,52.6,20,
kougoren-spring-2025-girls-individual,p_9ee1c30b8e75,66,True,239,23,finished,True,137,52.6,20,
kougoren-spring-2025-girls-individual,p_76a2a81d6f3e,70,True,240,24,finished,True,137,49.6,21,
kougoren-spring-2025-girls-individual,p_d080f24ebccf,70,True,240,24,finished,True,137,49.6,21,
kougoren-spring-2025-girls-individual,p_439a4d96259b,70,True,240,24,finished,True,137,49.6,21,
kougoren-spring-2025-girls-individual,p_82f197e72560,70,True,240,24,finished,True,137,49.6,21,
kougoren-spring-2025-girls-individual,p_f9c6dfb74262,70,True,240,24,finished,True,137,49.6,21,
kougoren-spring-2025-girls-individual,p_9d69fe716ab3,70,True,240,24,finished,True,137,49.6,21,
kougoren-spring-2025-girls-individual,p_4f1cd99ec901,76,True,241,25,finished,True,137,45.3,22,
kougoren-spring-2025-girls-individual,p_147fed75f7b3,76,True,241,25,finished,True,137,45.3,22,
kougoren-spring-2025-girls-individual,p_52bde0914c4b,76,True,241,25,finished,True,137,45.3,22,
kougoren-spring-2025-girls-individual,p_98ac394e6d60,76,True,241,25,finished,True,137,45.3,22,
kougoren-spring-2025-girls-individual,p_c48f0e3128fa,76,True,241,25,finished,True,137,45.3,22,
kougoren-spring-2025-girls-individual,p_69788e181a0f,81,True,242,26,finished,True,137,41.6,23,
kougoren-spring-2025-girls-individual,p_210d2d7c452d,81,True,242,26,finished,True,137,41.6,23,
kougoren-spring-2025-girls-individual,p_5ec187ffbd4d,83,False,243,27,finished,True,137,40.1,24,
kougoren-spring-2025-girls-individual,p_53d29e2e3540,84,False,244,28,finished,True,137,39.4,25,
kougoren-spring-2025-girls-individual,p_d38f2c7a9e56,85,False,245,29,finished,True,137,38.7,26,
kougoren-spring-2025-girls-individual,p_869382d330b5,86,False,246,30,finished,True,137,38.0,27,
kougoren-spring-2025-girls-individual,p_549abe0b2125,87,False,247,31,finished,True,137,37.2,28,
kougoren-spring-2025-girls-individual,p_c368472206ee,88,False,248,32,finished,True,137,36.5,29,
kougoren-spring-2025-girls-individual,p_ce3b43a26ab5,89,False,249,33,finished,True,137,35.8,30,
kougoren-spring-2025-girls-individual,p_295218aabb3f,90,False,252,36,finished,True,137,35.0,33,
kougoren-spring-2025-girls-individual,p_0e925bc3be32,,False,164,20,cut,True,137,,,
kougoren-spring-2025-girls-individual,p_0580b70d849f,,False,164,20,cut,True,137,,,
kougoren-spring-2025-girls-individual,p_9107773a23fe,,False,164,20,cut,True,137,,,
kougoren-spring-2025-girls-individual,p_b35c69b4b1eb,,False,164,20,cut,True,137,,,
kougoren-spring-2025-girls-individual,p_1ccd7b828fe6,,False,164,20,cut,True,137,,,
kougoren-spring-2025-girls-individual,p_a3f883059200,,False,164,20,cut,True,137,,,
kougoren-spring-2025-girls-individual,p_44bc86c5585c,,False,164,20,cut,True,137,,,
kougoren-spring-2025-girls-individual,p_a979edc49633,,False,165,21,cut,True,137,,,
kougoren-spring-2025-girls-individual,p_0b31a7112f52,,False,166,22,cut,True,137,,,
kougoren-spring-2025-girls-individual,p_a18a8ef234cc,,False,167,23,cut,True,137,,,
kougoren-spring-2025-girls-individual,p_78878c821ed9,,False,167,23,cut,True,137,,,
kougoren-spring-2025-girls-individual,p_1927add38583,,False,167,23,cut,True,137,,,
kougoren-spring-2025-girls-individual,p_b2ea0332a4fc,,False,168,24,cut,True,137,,,
kougoren-spring-2025-girls-individual,p_5c49b06ffb63,,False,168,24,cut,True,137,,,
kougoren-spring-2025-girls-individual,p_05d9ddb3360b,,False,168,24,cut,True,137,,,
kougoren-spring-2025-girls-individual,p_5f214604898f,,False,169,25,cut,True,137,,,
kougoren-spring-2025-girls-individual,p_fa26d8f78fa0,,False,169,25,cut,True,137,,,
kougoren-spring-2025-girls-individual,p_b37527612d31,,False,170,26,cut,True,137,,,
kougoren-spring-2025-girls-individual,p_07cbbb2ca56c,,False,170,26,cut,True,137,,,
kougoren-spring-2025-girls-individual,p_5d5c5cb31331,,False,171,27,cut,True,137,,,
kougoren-spring-2025-girls-individual,p_b66f79e80c51,,False,171,27,cut,True,137,,,
kougoren-spring-2025-girls-individual,p_45d157a64b30,,False,171,27,cut,True,137,,,
kougoren-spring-2025-girls-individual,p_2216ccf8da05,,False,171,27,cut,True,137,,,
kougoren-spring-2025-girls-individual,p_162e1defbd9b,,False,171,27,cut,True,137,,,
kougoren-spring-2025-girls-individual,p_575900a7db70,,False,172,28,cut,True,137,,,
kougoren-spring-2025-girls-individual,p_dc85fd33151b,,False,172,28,cut,True,137,,,
kougoren-spring-2025-girls-individual,p_5a6bbe889fc3,,False,172,28,cut,True,137,,,
kougoren-spring-2025-girls-individual,p_228908214ba8,,False,173,29,cut,True,137,,,
kougoren-spring-2025-girls-individual,p_4d757c1f5a06,,False,173,29,cut,True,137,,,
kougoren-spring-2025-girls-individual,p_09f9c0770a48,,False,174,30,cut,True,137,,,
kougoren-spring-2025-girls-individual,p_34b7f9fbd2a3,,False,174,30,cut,True,137,,,
kougoren-spring-2025-girls-individual,p_a298c4c4c625,,False,174,30,cut,True,137,,,
kougoren-spring-2025-girls-individual,p_a1345285f626,,False,174,30,cut,True,137,,,
kougoren-spring-2025-girls-individual,p_53010e69b4ab,,False,174,30,cut,True,137,,,
kougoren-spring-2025-girls-individual,p_52ccbb934d31,,False,178,34,cut,True,137,,,
kougoren-spring-2025-girls-individual,p_4ba25d10b8de,,False,179,35,cut,True,137,,,
kougoren-spring-2025-girls-individual,p_13dcf4592f50,,False,179,35,cut,True,137,,,
kougoren-spring-2025-girls-individual,p_18f82a84a177,,False,180,36,cut,True,137,,,
kougoren-spring-2025-girls-individual,p_bddb9ad17a2f,,False,183,39,cut,True,137,,,
kougoren-spring-2025-girls-individual,p_d347c7a92912,,False,185,41,cut,True,137,,,
kougoren-spring-2025-girls-individual,p_7cc02db63e16,,False,185,41,cut,True,137,,,
kougoren-spring-2025-girls-individual,p_cb60595e2639,,False,190,46,cut,True,137,,,
kougoren-spring-2025-girls-individual,p_bb6277fb8bea,,False,197,53,cut,True,137,,,
kougoren-spring-2025-girls-individual,p_3770f0256961,,False,198,54,cut,True,137,,,
kougoren-spring-2025-girls-individual,p_2506b5865c86,,False,201,57,cut,True,137,,,
kougoren-spring-2025-girls-individual,p_2293d72baf9f,,False,,,wd,True,137,,,
kougoren-spring-2025-girls-individual,p_e19d9ba2cb9a,,False,,,dq,True,137,,,
kougoren-spring-2025-girls-individual,p_b77e19f80167,,False,,,dns,True,,,,
kougoren-spring-2025-girls-individual,p_a8a76e04c9bf,,False,,,dns,True,,,,
kougoren-spring-2025-girls-individual,p_ff7cd535269e,,False,,,dns,True,,,,
kougoren-summer-2023-boys-individual,p_a7450e0def29,1,False,61,-11,finished,True,139,100.0,0,-10.8
kougoren-summer-2023-boys-individual,p_ef8a87f9222f,2,True,65,-7,finished,True,139,99.3,4,-7.2
kougoren-summer-2023-boys-individual,p_018eb7bb7b57,2,True,65,-7,finished,True,139,99.3,4,-7.2
kougoren-summer-2023-boys-individual,p_879d2689d366,2,True,65,-7,finished,True,139,99.3,4,-7.2
kougoren-summer-2023-boys-individual,p_b81e0d175e7e,5,True,66,-6,finished,True,139,97.1,5,-6.3
kougoren-summer-2023-boys-individual,p_0a98fda6e180,5,True,66,-6,finished,True,139,97.1,5,-6.3
kougoren-summer-2023-boys-individual,p_91f6a8ddc3f3,7,True,67,-5,finished,True,139,95.7,6,-5.4
kougoren-summer-2023-boys-individual,p_8b70dcf5ea2b,7,True,67,-5,finished,True,139,95.7,6,-5.4
kougoren-summer-2023-boys-individual,p_cd83a56a571e,7,True,67,-5,finished,True,139,95.7,6,-5.4
kougoren-summer-2023-boys-individual,p_3d049e44ac38,7,True,67,-5,finished,True,139,95.7,6,-5.4
kougoren-summer-2023-boys-individual,p_af993cb5acf1,11,True,68,-4,finished,True,139,92.8,7,-4.5
kougoren-summer-2023-boys-individual,p_e8c12e31d574,11,True,68,-4,finished,True,139,92.8,7,-4.5
kougoren-summer-2023-boys-individual,p_5ffbdf767c29,11,True,68,-4,finished,True,139,92.8,7,-4.5
kougoren-summer-2023-boys-individual,p_a8489d4f7edb,14,True,69,-3,finished,True,139,90.6,8,-3.6
kougoren-summer-2023-boys-individual,p_4e7c28090223,14,True,69,-3,finished,True,139,90.6,8,-3.6
kougoren-summer-2023-boys-individual,p_166d479b2d16,14,True,69,-3,finished,True,139,90.6,8,-3.6
kougoren-summer-2023-boys-individual,p_8245505bdd24,14,True,69,-3,finished,True,139,90.6,8,-3.6
kougoren-summer-2023-boys-individual,p_fc7f3f269a1c,14,True,69,-3,finished,True,139,90.6,8,-3.6
kougoren-summer-2023-boys-individual,p_e97fb05ffde8,14,True,69,-3,finished,True,139,90.6,8,-3.6
kougoren-summer-2023-boys-individual,p_753184fd0bac,14,True,69,-3,finished,True,139,90.6,8,-3.6
kougoren-summer-2023-boys-individual,p_f050d0a9a634,14,True,69,-3,finished,True,139,90.6,8,-3.6
kougoren-summer-2023-boys-individual,p_0f6bd30fe48f,22,True,70,-2,finished,True,139,84.9,9,-2.8
kougoren-summer-2023-boys-individual,p_53bf13e56c87,22,True,70,-2,finished,True,139,84.9,9,-2.8
kougoren-summer-2023-boys-individual,p_72753c283d77,22,True,70,-2,finished,True,139,84.9,9,-2.8
kougoren-summer-2023-boys-individual,p_eb5620121ef1,22,True,70,-2,finished,True,139,84.9,9,-2.8
kougoren-summer-2023-boys-individual,p_1e89d163bf66,22,True,70,-2,finished,True,139,84.9,9,-2.8
kougoren-summer-2023-boys-individual,p_85151168fe7d,22,True,70,-2,finished,True,139,84.9,9,-2.8
kougoren-summer-2023-boys-individual,p_f4f16c957650,22,True,70,-2,finished,True,139,84.9,9,-2.8
kougoren-summer-2023-boys-individual,p_aaa78d3a9c10,22,True,70,-2,finished,True,139,84.9,9,-2.8
kougoren-summer-2023-boys-individual,p_923541ad13cc,22,True,70,-2,finished,True,139,84.9,9,-2.8
kougoren-summer-2023-boys-individual,p_84d0828ed0e1,22,True,70,-2,finished,True,139,84.9,9,-2.8
kougoren-summer-2023-boys-individual,p_8f0f1b22a633,22,True,70,-2,finished,True,139,84.9,9,-2.8
kougoren-summer-2023-boys-individual,p_cdd99505b93b,22,True,70,-2,finished,True,139,84.9,9,-2.8
kougoren-summer-2023-boys-individual,p_a715b8456e79,34,True,71,-1,finished,True,139,76.3,10,-1.9
kougoren-summer-2023-boys-individual,p_359b2bcb10ab,34,True,71,-1,finished,True,139,76.3,10,-1.9
kougoren-summer-2023-boys-individual,p_3053f34ae4ba,34,True,71,-1,finished,True,139,76.3,10,-1.9
kougoren-summer-2023-boys-individual,p_b13549b32bae,34,True,71,-1,finished,True,139,76.3,10,-1.9
kougoren-summer-2023-boys-individual,p_7c88749a4b5b,34,True,71,-1,finished,True,139,76.3,10,-1.9
kougoren-summer-2023-boys-individual,p_cd4dd4c5c596,34,True,71,-1,finished,True,139,76.3,10,-1.9
kougoren-summer-2023-boys-individual,p_4ee0287c2050,34,True,71,-1,finished,True,139,76.3,10,-1.9
kougoren-summer-2023-boys-individual,p_d48d8021b1f9,34,True,71,-1,finished,True,139,76.3,10,-1.9
kougoren-summer-2023-boys-individual,p_d14b9f205a4f,34,True,71,-1,finished,True,139,76.3,10,-1.9
kougoren-summer-2023-boys-individual,p_a6ae7e1dce8f,34,True,71,-1,finished,True,139,76.3,10,-1.9
kougoren-summer-2023-boys-individual,p_4b010e16a39d,34,True,71,-1,finished,True,139,76.3,10,-1.9
kougoren-summer-2023-boys-individual,p_1fd7205b8f08,34,True,71,-1,finished,True,139,76.3,10,-1.9
kougoren-summer-2023-boys-individual,p_54b20a6ebacf,34,True,71,-1,finished,True,139,76.3,10,-1.9
kougoren-summer-2023-boys-individual,p_b77993655184,34,True,71,-1,finished,True,139,76.3,10,-1.9
kougoren-summer-2023-boys-individual,p_d825126a127b,34,True,71,-1,finished,True,139,76.3,10,-1.9
kougoren-summer-2023-boys-individual,p_493b093ac93f,49,True,72,0,finished,True,139,65.5,11,-1.0
kougoren-summer-2023-boys-individual,p_3c0eaff1fd4d,49,True,72,0,finished,True,139,65.5,11,-1.0
kougoren-summer-2023-boys-individual,p_7a5468c416b9,49,True,72,0,finished,True,139,65.5,11,-1.0
kougoren-summer-2023-boys-individual,p_b25cb381544e,49,True,72,0,finished,True,139,65.5,11,-1.0
kougoren-summer-2023-boys-individual,p_97291dbf098f,49,True,72,0,finished,True,139,65.5,11,-1.0
kougoren-summer-2023-boys-individual,p_3f8bec5f55ac,49,True,72,0,finished,True,139,65.5,11,-1.0
kougoren-summer-2023-boys-individual,p_1c48fe97b52e,49,True,72,0,finished,True,139,65.5,11,-1.0
kougoren-summer-2023-boys-individual,p_c4b15aa76e3c,49,True,72,0,finished,True,139,65.5,11,-1.0
kougoren-summer-2023-boys-individual,p_3a8afc409918,49,True,72,0,finished,True,139,65.5,11,-1.0
kougoren-summer-2023-boys-individual,p_e5c310df61d9,49,True,72,0,finished,True,139,65.5,11,-1.0
kougoren-summer-2023-boys-individual,p_94fe62448342,49,True,72,0,finished,True,139,65.5,11,-1.0
kougoren-summer-2023-boys-individual,p_960f3b1a529c,49,True,72,0,finished,True,139,65.5,11,-1.0
kougoren-summer-2023-boys-individual,p_d5a417f904e3,49,True,72,0,finished,True,139,65.5,11,-1.0
kougoren-summer-2023-boys-individual,p_bd9693cd137f,49,True,72,0,finished,True,139,65.5,11,-1.0
kougoren-summer-2023-boys-individual,p_792fb43f3dfc,49,True,72,0,finished,True,139,65.5,11,-1.0
kougoren-summer-2023-boys-individual,p_9ac6477327b5,49,True,72,0,finished,True,139,65.5,11,-1.0
kougoren-summer-2023-boys-individual,p_a48bd390e826,49,True,72,0,finished,True,139,65.5,11,-1.0
kougoren-summer-2023-boys-individual,p_5f9826789651,49,True,72,0,finished,True,139,65.5,11,-1.0
kougoren-summer-2023-boys-individual,p_fef2c832e0f0,67,True,73,1,finished,True,139,52.5,12,-0.1
kougoren-summer-2023-boys-individual,p_021345d6f846,67,True,73,1,finished,True,139,52.5,12,-0.1
kougoren-summer-2023-boys-individual,p_60494a06869b,67,True,73,1,finished,True,139,52.5,12,-0.1
kougoren-summer-2023-boys-individual,p_eb8e817b9057,67,True,73,1,finished,True,139,52.5,12,-0.1
kougoren-summer-2023-boys-individual,p_f6c1e4b83083,67,True,73,1,finished,True,139,52.5,12,-0.1
kougoren-summer-2023-boys-individual,p_04629650bd7d,67,True,73,1,finished,True,139,52.5,12,-0.1
kougoren-summer-2023-boys-individual,p_a57a2f86ff9f,67,True,73,1,finished,True,139,52.5,12,-0.1
kougoren-summer-2023-boys-individual,p_d17b773bebd7,67,True,73,1,finished,True,139,52.5,12,-0.1
kougoren-summer-2023-boys-individual,p_289b4b8feadc,67,True,73,1,finished,True,139,52.5,12,-0.1
kougoren-summer-2023-boys-individual,p_a53cfd94e6ed,67,True,73,1,finished,True,139,52.5,12,-0.1
kougoren-summer-2023-boys-individual,p_803460ca3ee2,67,True,73,1,finished,True,139,52.5,12,-0.1
kougoren-summer-2023-boys-individual,p_f585d642fd1e,67,True,73,1,finished,True,139,52.5,12,-0.1
kougoren-summer-2023-boys-individual,p_3fc2e898819d,67,True,73,1,finished,True,139,52.5,12,-0.1
kougoren-summer-2023-boys-individual,p_496a5e3cbb35,80,True,74,2,finished,True,139,43.2,13,0.8
kougoren-summer-2023-boys-individual,p_a3055a83363a,80,True,74,2,finished,True,139,43.2,13,0.8
kougoren-summer-2023-boys-individual,p_40e53e52f239,80,True,74,2,finished,True,139,43.2,13,0.8
kougoren-summer-2023-boys-individual,p_cd2a5d4dfde2,80,True,74,2,finished,True,139,43.2,13,0.8
kougoren-summer-2023-boys-individual,p_1f59837781bc,80,True,74,2,finished,True,139,43.2,13,0.8
kougoren-summer-2023-boys-individual,p_6f7262edef31,80,True,74,2,finished,True,139,43.2,13,0.8
kougoren-summer-2023-boys-individual,p_25a08665e1a6,80,True,74,2,finished,True,139,43.2,13,0.8
kougoren-summer-2023-boys-individual,p_bbd0f729c332,80,True,74,2,finished,True,139,43.2,13,0.8
kougoren-summer-2023-boys-individual,p_42d96fae752e,80,True,74,2,finished,True,139,43.2,13,0.8
kougoren-summer-2023-boys-individual,p_93e276a4e26f,80,True,74,2,finished,True,139,43.2,13,0.8
kougoren-summer-2023-boys-individual,p_b5d5859b149e,90,True,75,3,finished,True,139,36.0,14,1.7
kougoren-summer-2023-boys-individual,p_81df45968b6f,90,True,75,3,finished,True,139,36.0,14,1.7
kougoren-summer-2023-boys-individual,p_1fd95dd87b13,90,True,75,3,finished,True,139,36.0,14,1.7
kougoren-summer-2023-boys-individual,p_7a9332982857,90,True,75,3,finished,True,139,36.0,14,1.7
kougoren-summer-2023-boys-individual,p_d0754cd2d96f,90,True,75,3,finished,True,139,36.0,14,1.7
kougoren-summer-2023-boys-individual,p_1ffd6a1fbdce,90,True,75,3,finished,True,139,36.0,14,1.7
kougoren-summer-2023-boys-individual,p_5bca3f794a2b,90,True,75,3,finished,True,139,36.0,14,1.7
kougoren-summer-2023-boys-individual,p_75bce31bca8a,90,True,75,3,finished,True,139,36.0,14,1.7
kougoren-summer-2023-boys-individual,p_75843fb2eccb,90,True,75,3,finished,True,139,36.0,14,1.7
kougoren-summer-2023-boys-individual,p_3d6d81af48f4,90,True,75,3,finished,True,139,36.0,14,1.7
kougoren-summer-2023-boys-individual,p_91a3ca8eed5d,90,True,75,3,finished,True,139,36.0,14,1.7
kougoren-summer-2023-boys-individual,p_d1138f5ceb65,90,True,75,3,finished,True,139,36.0,14,1.7
kougoren-summer-2023-boys-individual,p_421c862c321d,90,True,75,3,finished,True,139,36.0,14,1.7
kougoren-summer-2023-boys-individual,p_a976ef0822b9,90,True,75,3,finished,True,139,36.0,14,1.7
kougoren-summer-2023-boys-individual,p_0b1ac28dd3a6,90,True,75,3,finished,True,139,36.0,14,1.7
kougoren-summer-2023-boys-individual,p_d3ea964333d3,105,True,76,4,finished,True,139,25.2,15,2.6
kougoren-summer-2023-boys-individual,p_c74642b46a6d,105,True,76,4,finished,True,139,25.2,15,2.6
kougoren-summer-2023-boys-individual,p_7d8e70bbe2b2,105,True,76,4,finished,True,139,25.2,15,2.6
kougoren-summer-2023-boys-individual,p_883b2a1013bb,105,True,76,4,finished,True,139,25.2,15,2.6
kougoren-summer-2023-boys-individual,p_383681a34082,105,True,76,4,finished,True,139,25.2,15,2.6
kougoren-summer-2023-boys-individual,p_5e936ddeaaee,105,True,76,4,finished,True,139,25.2,15,2.6
kougoren-summer-2023-boys-individual,p_b3d5df4a6fcb,105,True,76,4,finished,True,139,25.2,15,2.6
kougoren-summer-2023-boys-individual,p_4820c4a20cca,105,True,76,4,finished,True,139,25.2,15,2.6
kougoren-summer-2023-boys-individual,p_ec1f839b2728,113,True,77,5,finished,True,139,19.4,16,3.5
kougoren-summer-2023-boys-individual,p_239ffdba2cad,113,True,77,5,finished,True,139,19.4,16,3.5
kougoren-summer-2023-boys-individual,p_2d60603a3047,113,True,77,5,finished,True,139,19.4,16,3.5
kougoren-summer-2023-boys-individual,p_8fe8ad8d6c1f,113,True,77,5,finished,True,139,19.4,16,3.5
kougoren-summer-2023-boys-individual,p_38981dbdc223,113,True,77,5,finished,True,139,19.4,16,3.5
kougoren-summer-2023-boys-individual,p_39af27f9014f,113,True,77,5,finished,True,139,19.4,16,3.5
kougoren-summer-2023-boys-individual,p_f7acf4f4efd3,113,True,77,5,finished,True,139,19.4,16,3.5
kougoren-summer-2023-boys-individual,p_334a89c6b959,113,True,77,5,finished,True,139,19.4,16,3.5
kougoren-summer-2023-boys-individual,p_25c73155e68f,113,True,77,5,finished,True,139,19.4,16,3.5
kougoren-summer-2023-boys-individual,p_15509912e7ce,113,True,77,5,finished,True,139,19.4,16,3.5
kougoren-summer-2023-boys-individual,p_e7902a3b55d5,123,True,78,6,finished,True,139,12.2,17,4.4
kougoren-summer-2023-boys-individual,p_0da4a1921352,123,True,78,6,finished,True,139,12.2,17,4.4
kougoren-summer-2023-boys-individual,p_2497e5573734,123,True,78,6,finished,True,139,12.2,17,4.4
kougoren-summer-2023-boys-individual,p_867743227469,123,True,78,6,finished,True,139,12.2,17,4.4
kougoren-summer-2023-boys-individual,p_1f9755c4b614,123,True,78,6,finished,True,139,12.2,17,4.4
kougoren-summer-2023-boys-individual,p_106ba4f2eb89,123,True,78,6,finished,True,139,12.2,17,4.4
kougoren-summer-2023-boys-individual,p_0b07649876dc,123,True,78,6,finished,True,139,12.2,17,4.4
kougoren-summer-2023-boys-individual,p_864d4d7cda15,123,True,78,6,finished,True,139,12.2,17,4.4
kougoren-summer-2023-boys-individual,p_a71331d4cdbd,131,True,79,7,finished,True,139,6.5,18,5.2
kougoren-summer-2023-boys-individual,p_50131c3b956b,131,True,79,7,finished,True,139,6.5,18,5.2
kougoren-summer-2023-boys-individual,p_93fbb9613822,133,False,80,8,finished,True,139,5.0,19,6.1
kougoren-summer-2023-boys-individual,p_fed2fc9ff9e5,134,True,81,9,finished,True,139,4.3,20,7.0
kougoren-summer-2023-boys-individual,p_bc20804eb0cd,134,True,81,9,finished,True,139,4.3,20,7.0
kougoren-summer-2023-boys-individual,p_20ab6614d6af,136,False,82,10,finished,True,139,2.9,21,7.9
kougoren-summer-2023-boys-individual,p_97632cc4a43a,137,False,83,11,finished,True,139,2.2,22,8.8
kougoren-summer-2023-boys-individual,p_af054d402281,138,False,85,13,finished,True,139,1.4,24,10.6
kougoren-summer-2023-boys-individual,p_682391911107,139,False,88,16,finished,True,139,0.7,27,13.3
kougoren-summer-2023-girls-individual,p_7d6d91ad5aea,1,False,63,-9,finished,True,139,100.0,0,
kougoren-summer-2023-girls-individual,p_334b18d2f796,2,False,63,-9,finished,True,139,99.3,0,
kougoren-summer-2023-girls-individual,p_81f4373992b9,3,True,64,-8,finished,True,139,98.6,1,
kougoren-summer-2023-girls-individual,p_ff5bd5250f1d,3,True,64,-8,finished,True,139,98.6,1,
kougoren-summer-2023-girls-individual,p_eace10b62647,5,True,66,-6,finished,True,139,97.1,3,
kougoren-summer-2023-girls-individual,p_c558c01f1c0d,5,True,66,-6,finished,True,139,97.1,3,
kougoren-summer-2023-girls-individual,p_bc53114c7ad6,5,True,66,-6,finished,True,139,97.1,3,
kougoren-summer-2023-girls-individual,p_0f7879aa2fb2,5,True,66,-6,finished,True,139,97.1,3,
kougoren-summer-2023-girls-individual,p_bd987b01435b,5,True,66,-6,finished,True,139,97.1,3,
kougoren-summer-2023-girls-individual,p_884df2b8488b,5,True,66,-6,finished,True,139,97.1,3,
kougoren-summer-2023-girls-individual,p_749032f7d7b8,5,True,66,-6,finished,True,139,97.1,3,
kougoren-summer-2023-girls-individual,p_7c3c24f76115,12,True,67,-5,finished,True,139,92.1,4,
kougoren-summer-2023-girls-individual,p_29192fec6536,12,True,67,-5,finished,True,139,92.1,4,
kougoren-summer-2023-girls-individual,p_707d00ea36ea,14,True,68,-4,finished,True,139,90.6,5,
kougoren-summer-2023-girls-individual,p_afefad5b7aae,14,True,68,-4,finished,True,139,90.6,5,
kougoren-summer-2023-girls-individual,p_13059df98b28,14,True,68,-4,finished,True,139,90.6,5,
kougoren-summer-2023-girls-individual,p_79db46374779,14,True,68,-4,finished,True,139,90.6,5,
kougoren-summer-2023-girls-individual,p_ee6c81710171,14,True,68,-4,finished,True,139,90.6,5,
kougoren-summer-2023-girls-individual,p_9bf5bf2b3cb7,14,True,68,-4,finished,True,139,90.6,5,
kougoren-summer-2023-girls-individual,p_e7f7585d2198,20,True,69,-3,finished,True,139,86.3,6,
kougoren-summer-2023-girls-individual,p_c020e4ba41cc,20,True,69,-3,finished,True,139,86.3,6,
kougoren-summer-2023-girls-individual,p_e95587bfa3c6,20,True,69,-3,finished,True,139,86.3,6,
kougoren-summer-2023-girls-individual,p_7cc28b1b2f03,20,True,69,-3,finished,True,139,86.3,6,
kougoren-summer-2023-girls-individual,p_3b82819554f8,20,True,69,-3,finished,True,139,86.3,6,
kougoren-summer-2023-girls-individual,p_6d2589b430cc,20,True,69,-3,finished,True,139,86.3,6,
kougoren-summer-2023-girls-individual,p_25bcb9243e16,20,True,69,-3,finished,True,139,86.3,6,
kougoren-summer-2023-girls-individual,p_7456b53ca9c0,20,True,69,-3,finished,True,139,86.3,6,
kougoren-summer-2023-girls-individual,p_7324ad4cf33f,20,True,69,-3,finished,True,139,86.3,6,
kougoren-summer-2023-girls-individual,p_a4fcc73c9688,29,True,70,-2,finished,True,139,79.9,7,
kougoren-summer-2023-girls-individual,p_49e1acf26c38,29,True,70,-2,finished,True,139,79.9,7,
kougoren-summer-2023-girls-individual,p_32a4ff9a2c1c,29,True,70,-2,finished,True,139,79.9,7,
kougoren-summer-2023-girls-individual,p_80610e21f296,29,True,70,-2,finished,True,139,79.9,7,
kougoren-summer-2023-girls-individual,p_1d3d02e31ed3,29,True,70,-2,finished,True,139,79.9,7,
kougoren-summer-2023-girls-individual,p_77eef2f34b61,29,True,70,-2,finished,True,139,79.9,7,
kougoren-summer-2023-girls-individual,p_83cf465f7e18,29,True,70,-2,finished,True,139,79.9,7,
kougoren-summer-2023-girls-individual,p_541a9497dc0a,29,True,70,-2,finished,True,139,79.9,7,
kougoren-summer-2023-girls-individual,p_337fbda9a2c4,29,True,70,-2,finished,True,139,79.9,7,
kougoren-summer-2023-girls-individual,p_06e43dc8d586,29,True,70,-2,finished,True,139,79.9,7,
kougoren-summer-2023-girls-individual,p_48f6198a7f9f,29,True,70,-2,finished,True,139,79.9,7,
kougoren-summer-2023-girls-individual,p_b56989c09aa3,29,True,70,-2,finished,True,139,79.9,7,
kougoren-summer-2023-girls-individual,p_510592f424c6,29,True,70,-2,finished,True,139,79.9,7,
kougoren-summer-2023-girls-individual,p_600c5b641e40,42,True,71,-1,finished,True,139,70.5,8,
kougoren-summer-2023-girls-individual,p_d369c9c229dd,42,True,71,-1,finished,True,139,70.5,8,
kougoren-summer-2023-girls-individual,p_df6ffed4c1eb,42,True,71,-1,finished,True,139,70.5,8,
kougoren-summer-2023-girls-individual,p_c48e5229fe88,42,True,71,-1,finished,True,139,70.5,8,
kougoren-summer-2023-girls-individual,p_0cce52b6e4a1,42,True,71,-1,finished,True,139,70.5,8,
kougoren-summer-2023-girls-individual,p_71c99a5a3270,42,True,71,-1,finished,True,139,70.5,8,
kougoren-summer-2023-girls-individual,p_d1a9df45d016,42,True,71,-1,finished,True,139,70.5,8,
kougoren-summer-2023-girls-individual,p_42d7483aee6e,42,True,71,-1,finished,True,139,70.5,8,
kougoren-summer-2023-girls-individual,p_8058c022ed49,42,True,71,-1,finished,True,139,70.5,8,
kougoren-summer-2023-girls-individual,p_e711dc588947,42,True,71,-1,finished,True,139,70.5,8,
kougoren-summer-2023-girls-individual,p_15fe53160283,42,True,71,-1,finished,True,139,70.5,8,
kougoren-summer-2023-girls-individual,p_f87facbefed0,42,True,71,-1,finished,True,139,70.5,8,
kougoren-summer-2023-girls-individual,p_2ae92e9a0de6,42,True,71,-1,finished,True,139,70.5,8,
kougoren-summer-2023-girls-individual,p_24ca7e07ca82,55,True,72,0,finished,True,139,61.2,9,
kougoren-summer-2023-girls-individual,p_d307ce93c2bf,55,True,72,0,finished,True,139,61.2,9,
kougoren-summer-2023-girls-individual,p_2ecac73c3cb8,55,True,72,0,finished,True,139,61.2,9,
kougoren-summer-2023-girls-individual,p_bee209bb4eef,55,True,72,0,finished,True,139,61.2,9,
kougoren-summer-2023-girls-individual,p_cf6b21900e43,55,True,72,0,finished,True,139,61.2,9,
kougoren-summer-2023-girls-individual,p_8acc96d05973,55,True,72,0,finished,True,139,61.2,9,
kougoren-summer-2023-girls-individual,p_a182bfe88985,55,True,72,0,finished,True,139,61.2,9,
kougoren-summer-2023-girls-individual,p_3cafeb2c2e72,55,True,72,0,finished,True,139,61.2,9,
kougoren-summer-2023-girls-individual,p_d6dddbcf7c53,55,True,72,0,finished,True,139,61.2,9,
kougoren-summer-2023-girls-individual,p_3d164103f67c,55,True,72,0,finished,True,139,61.2,9,
kougoren-summer-2023-girls-individual,p_23549cffe8eb,55,True,72,0,finished,True,139,61.2,9,
kougoren-summer-2023-girls-individual,p_ede811d0bdc9,55,True,72,0,finished,True,139,61.2,9,
kougoren-summer-2023-girls-individual,p_d7a0265f76e2,55,True,72,0,finished,True,139,61.2,9,
kougoren-summer-2023-girls-individual,p_5016b4d8357b,55,True,72,0,finished,True,139,61.2,9,
kougoren-summer-2023-girls-individual,p_ece7c9725290,69,True,73,1,finished,True,139,51.1,10,
kougoren-summer-2023-girls-individual,p_c15f3bac6b20,69,True,73,1,finished,True,139,51.1,10,
kougoren-summer-2023-girls-individual,p_7ffdfb98d52f,69,True,73,1,finished,True,139,51.1,10,
kougoren-summer-2023-girls-individual,p_08a5ba3b1607,69,True,73,1,finished,True,139,51.1,10,
kougoren-summer-2023-girls-individual,p_14785c08bdb9,69,True,73,1,finished,True,139,51.1,10,
kougoren-summer-2023-girls-individual,p_667b78008a97,69,True,73,1,finished,True,139,51.1,10,
kougoren-summer-2023-girls-individual,p_8c0894f620d3,69,True,73,1,finished,True,139,51.1,10,
kougoren-summer-2023-girls-individual,p_94310d8d9ea9,69,True,73,1,finished,True,139,51.1,10,
kougoren-summer-2023-girls-individual,p_78282c3bc636,69,True,73,1,finished,True,139,51.1,10,
kougoren-summer-2023-girls-individual,p_ab9a44201da5,69,True,73,1,finished,True,139,51.1,10,
kougoren-summer-2023-girls-individual,p_b81203957a73,69,True,73,1,finished,True,139,51.1,10,
kougoren-summer-2023-girls-individual,p_6aec2b82632c,69,True,73,1,finished,True,139,51.1,10,
kougoren-summer-2023-girls-individual,p_132727410974,69,True,73,1,finished,True,139,51.1,10,
kougoren-summer-2023-girls-individual,p_36c9b0a14d4a,69,True,73,1,finished,True,139,51.1,10,
kougoren-summer-2023-girls-individual,p_13a3acfb2f5a,69,True,73,1,finished,True,139,51.1,10,
kougoren-summer-2023-girls-individual,p_98136a443f07,69,True,73,1,finished,True,139,51.1,10,
kougoren-summer-2023-girls-individual,p_1b34b51d6c73,69,True,73,1,finished,True,139,51.1,10,
kougoren-summer-2023-girls-individual,p_a707e66a41fd,69,True,73,1,finished,True,139,51.1,10,
kougoren-summer-2023-girls-individual,p_4b48f4acba21,69,True,73,1,finished,True,139,51.1,10,
kougoren-summer-2023-girls-individual,p_3beddef0e77c,88,True,74,2,finished,True,139,37.4,11,
kougoren-summer-2023-girls-individual,p_9fb05ff58aaf,88,True,74,2,finished,True,139,37.4,11,
kougoren-summer-2023-girls-individual,p_21e05942b0c8,88,True,74,2,finished,True,139,37.4,11,
kougoren-summer-2023-girls-individual,p_28904d7f29d5,88,True,74,2,finished,True,139,37.4,11,
kougoren-summer-2023-girls-individual,p_49c9c1c8baf2,88,True,74,2,finished,True,139,37.4,11,
kougoren-summer-2023-girls-individual,p_1c52c2cdd0ee,88,True,74,2,finished,True,139,37.4,11,
kougoren-summer-2023-girls-individual,p_44db5cee85d6,88,True,74,2,finished,True,139,37.4,11,
kougoren-summer-2023-girls-individual,p_9f8c3ad75ba3,88,True,74,2,finished,True,139,37.4,11,
kougoren-summer-2023-girls-individual,p_397980d3d041,88,True,74,2,finished,True,139,37.4,11,
kougoren-summer-2023-girls-individual,p_9432202ee717,88,True,74,2,finished,True,139,37.4,11,
kougoren-summer-2023-girls-individual,p_c7f067d35b3f,98,True,75,3,finished,True,139,30.2,12,
kougoren-summer-2023-girls-individual,p_b9cd64eae388,98,True,75,3,finished,True,139,30.2,12,
kougoren-summer-2023-girls-individual,p_41aced5b33ac,98,True,75,3,finished,True,139,30.2,12,
kougoren-summer-2023-girls-individual,p_70229cb6df96,98,True,75,3,finished,True,139,30.2,12,
kougoren-summer-2023-girls-individual,p_6b8d03f97758,98,True,75,3,finished,True,139,30.2,12,
kougoren-summer-2023-girls-individual,p_713dd75a963a,98,True,75,3,finished,True,139,30.2,12,
kougoren-summer-2023-girls-individual,p_1530754fdb14,98,True,75,3,finished,True,139,30.2,12,
kougoren-summer-2023-girls-individual,p_027eee77def5,98,True,75,3,finished,True,139,30.2,12,
kougoren-summer-2023-girls-individual,p_1215eef11361,98,True,75,3,finished,True,139,30.2,12,
kougoren-summer-2023-girls-individual,p_b377780347f3,98,True,75,3,finished,True,139,30.2,12,
kougoren-summer-2023-girls-individual,p_672758e4239b,108,True,76,4,finished,True,139,23.0,13,
kougoren-summer-2023-girls-individual,p_b4a91c68c17e,108,True,76,4,finished,True,139,23.0,13,
kougoren-summer-2023-girls-individual,p_43407735da6f,108,True,76,4,finished,True,139,23.0,13,
kougoren-summer-2023-girls-individual,p_8957b7305de5,108,True,76,4,finished,True,139,23.0,13,
kougoren-summer-2023-girls-individual,p_f5da61efd010,108,True,76,4,finished,True,139,23.0,13,
kougoren-summer-2023-girls-individual,p_3545e8198ec3,108,True,76,4,finished,True,139,23.0,13,
kougoren-summer-2023-girls-individual,p_35a6e6de004f,108,True,76,4,finished,True,139,23.0,13,
kougoren-summer-2023-girls-individual,p_22e08e623ca7,108,True,76,4,finished,True,139,23.0,13,
kougoren-summer-2023-girls-individual,p_f0639380b5d8,116,True,77,5,finished,True,139,17.3,14,
kougoren-summer-2023-girls-individual,p_514cbb0bece9,116,True,77,5,finished,True,139,17.3,14,
kougoren-summer-2023-girls-individual,p_178dcd447ef8,116,True,77,5,finished,True,139,17.3,14,
kougoren-summer-2023-girls-individual,p_9b569e2efdf8,116,True,77,5,finished,True,139,17.3,14,
kougoren-summer-2023-girls-individual,p_877fc2e1cb34,116,True,77,5,finished,True,139,17.3,14,
kougoren-summer-2023-girls-individual,p_6f31e27407be,116,True,77,5,finished,True,139,17.3,14,
kougoren-summer-2023-girls-individual,p_0ff67db8c53d,122,True,78,6,finished,True,139,12.9,15,
kougoren-summer-2023-girls-individual,p_a66ea1bc8c61,122,True,78,6,finished,True,139,12.9,15,
kougoren-summer-2023-girls-individual,p_d59eb6ea805d,122,True,78,6,finished,True,139,12.9,15,
kougoren-summer-2023-girls-individual,p_13a5459aff60,122,True,78,6,finished,True,139,12.9,15,
kougoren-summer-2023-girls-individual,p_e325a537f146,122,True,78,6,finished,True,139,12.9,15,
kougoren-summer-2023-girls-individual,p_0314e0c6308b,127,True,79,7,finished,True,139,9.4,16,
kougoren-summer-2023-girls-individual,p_30687829b4d4,127,True,79,7,finished,True,139,9.4,16,
kougoren-summer-2023-girls-individual,p_39d34683fa12,127,True,79,7,finished,True,139,9.4,16,
kougoren-summer-2023-girls-individual,p_9932421e4c06,127,True,79,7,finished,True,139,9.4,16,
kougoren-summer-2023-girls-individual,p_4808bff2576b,127,True,79,7,finished,True,139,9.4,16,
kougoren-summer-2023-girls-individual,p_1e77b8ab61c2,127,True,79,7,finished,True,139,9.4,16,
kougoren-summer-2023-girls-individual,p_25377319dcf5,127,True,79,7,finished,True,139,9.4,16,
kougoren-summer-2023-girls-individual,p_9d453d9c01fb,134,True,80,8,finished,True,139,4.3,17,
kougoren-summer-2023-girls-individual,p_fa3a2580059a,134,True,80,8,finished,True,139,4.3,17,
kougoren-summer-2023-girls-individual,p_4251b672aa34,136,True,82,10,finished,True,139,2.9,19,
kougoren-summer-2023-girls-individual,p_30391a4439a3,136,True,82,10,finished,True,139,2.9,19,
kougoren-summer-2023-girls-individual,p_e5b76e9be2ed,138,False,83,11,finished,True,139,1.4,20,
kougoren-summer-2023-girls-individual,p_38926131aa44,139,False,84,12,finished,True,139,0.7,21,
kougoren-summer-2024-boys-individual,p_58a18642a4f4,1,False,134,-10,finished,True,139,100.0,0,-5.4
kougoren-summer-2024-boys-individual,p_3d049e44ac38,2,False,134,-10,finished,True,139,99.3,0,-5.4
kougoren-summer-2024-boys-individual,p_4593dcfcf790,3,True,136,-8,finished,True,139,98.6,2,-4.5
kougoren-summer-2024-boys-individual,p_960f3b1a529c,3,True,136,-8,finished,True,139,98.6,2,-4.5
kougoren-summer-2024-boys-individual,p_6488c0ce96f2,3,True,136,-8,finished,True,139,98.6,2,-4.5
kougoren-summer-2024-boys-individual,p_d5a417f904e3,3,True,136,-8,finished,True,139,98.6,2,-4.5
kougoren-summer-2024-boys-individual,p_46aace4d7844,7,True,137,-7,finished,True,139,95.7,3,-4.1
kougoren-summer-2024-boys-individual,p_1d820e629460,7,True,137,-7,finished,True,139,95.7,3,-4.0
kougoren-summer-2024-boys-individual,p_cdd99505b93b,7,True,137,-7,finished,True,139,95.7,3,-4.1
kougoren-summer-2024-boys-individual,p_a6cd244068ba,10,True,138,-6,finished,True,139,93.5,4,-3.7
kougoren-summer-2024-boys-individual,p_864d4d7cda15,10,True,138,-6,finished,True,139,93.5,4,-3.6
kougoren-summer-2024-boys-individual,p_91f6a8ddc3f3,10,True,138,-6,finished,True,139,93.5,4,-3.6
kougoren-summer-2024-boys-individual,p_f4f16c957650,10,True,138,-6,finished,True,139,93.5,4,-3.6
kougoren-summer-2024-boys-individual,p_d48d8021b1f9,10,True,138,-6,finished,True,139,93.5,4,-3.6
kougoren-summer-2024-boys-individual,p_638eb26731e3,10,True,138,-6,finished,True,139,93.5,4,-3.7
kougoren-summer-2024-boys-individual,p_50131c3b956b,16,True,139,-5,finished,True,139,89.2,5,-3.2
kougoren-summer-2024-boys-individual,p_cb859e94daa6,16,True,139,-5,finished,True,139,89.2,5,-3.2
kougoren-summer-2024-boys-individual,p_c276ebee1654,16,True,139,-5,finished,True,139,89.2,5,-3.2
kougoren-summer-2024-boys-individual,p_6f36d9679ef9,16,True,139,-5,finished,True,139,89.2,5,-3.2
kougoren-summer-2024-boys-individual,p_9bbe62441b1a,20,True,140,-4,finished,True,139,86.3,6,-2.8
kougoren-summer-2024-boys-individual,p_166d479b2d16,20,True,140,-4,finished,True,139,86.3,6,-2.8
kougoren-summer-2024-boys-individual,p_f59758657549,20,True,140,-4,finished,True,139,86.3,6,-2.8
kougoren-summer-2024-boys-individual,p_ef8a87f9222f,20,True,140,-4,finished,True,139,86.3,6,-2.8
kougoren-summer-2024-boys-individual,p_b3d5df4a6fcb,20,True,140,-4,finished,True,139,86.3,6,-2.8
kougoren-summer-2024-boys-individual,p_c0e2661f15f9,20,True,140,-4,finished,True,139,86.3,6,-2.8
kougoren-summer-2024-boys-individual,p_d3c85a77b08f,20,True,140,-4,finished,True,139,86.3,6,-2.8
kougoren-summer-2024-boys-individual,p_753184fd0bac,27,True,141,-3,finished,True,139,81.3,7,-2.3
kougoren-summer-2024-boys-individual,p_10c119b31a15,27,True,141,-3,finished,True,139,81.3,7,-2.3
kougoren-summer-2024-boys-individual,p_6dd5591645cf,27,True,141,-3,finished,True,139,81.3,7,-2.3
kougoren-summer-2024-boys-individual,p_835f4fb00d88,27,True,141,-3,finished,True,139,81.3,7,-2.3
kougoren-summer-2024-boys-individual,p_a366386d5e62,27,True,141,-3,finished,True,139,81.3,7,-2.3
kougoren-summer-2024-boys-individual,p_93e276a4e26f,27,True,141,-3,finished,True,139,81.3,7,-2.3
kougoren-summer-2024-boys-individual,p_7a9332982857,33,True,142,-2,finished,True,139,77.0,8,-1.9
kougoren-summer-2024-boys-individual,p_f8b2e836d2a9,33,True,142,-2,finished,True,139,77.0,8,-1.9
kougoren-summer-2024-boys-individual,p_30a9c5afa6af,33,True,142,-2,finished,True,139,77.0,8,-1.9
kougoren-summer-2024-boys-individual,p_0b1ac28dd3a6,33,True,142,-2,finished,True,139,77.0,8,-1.9
kougoren-summer-2024-boys-individual,p_c901fcbc9ee5,33,True,142,-2,finished,True,139,77.0,8,-1.9
kougoren-summer-2024-boys-individual,p_bd9693cd137f,33,True,142,-2,finished,True,139,77.0,8,-1.9
kougoren-summer-2024-boys-individual,p_5bca3f794a2b,39,True,143,-1,finished,True,139,72.7,9,-1.4
kougoren-summer-2024-boys-individual,p_106ba4f2eb89,39,True,143,-1,finished,True,139,72.7,9,-1.4
kougoren-summer-2024-boys-individual,p_10189063f636,39,True,143,-1,finished,True,139,72.7,9,-1.4
kougoren-summer-2024-boys-individual,p_b81e0d175e7e,39,True,143,-1,finished,True,139,72.7,9,-1.4
kougoren-summer-2024-boys-individual,p_00e91cfe7a79,39,True,143,-1,finished,True,139,72.7,9,-1.4
kougoren-summer-2024-boys-individual,p_2c90a72ee597,39,True,143,-1,finished,True,139,72.7,9,-1.4
kougoren-summer-2024-boys-individual,p_8fba978017e0,45,True,144,0,finished,True,139,68.3,10,-1.0
kougoren-summer-2024-boys-individual,p_88484a1b0631,45,True,144,0,finished,True,139,68.3,10,-1.0
kougoren-summer-2024-boys-individual,p_38981dbdc223,45,True,144,0,finished,True,139,68.3,10,-1.0
kougoren-summer-2024-boys-individual,p_435183ba6ce8,45,True,144,0,finished,True,139,68.3,10,-1.0
kougoren-summer-2024-boys-individual,p_72cfdc309bed,45,True,144,0,finished,True,139,68.3,10,-1.0
kougoren-summer-2024-boys-individual,p_7c88749a4b5b,45,True,144,0,finished,True,139,68.3,10,-1.0
kougoren-summer-2024-boys-individual,p_7d7f109ca600,45,True,144,0,finished,True,139,68.3,10,-1.0
kougoren-summer-2024-boys-individual,p_9a897a6a356f,45,True,144,0,finished,True,139,68.3,10,-1.0
kougoren-summer-2024-boys-individual,p_f24544304816,53,True,145,1,finished,True,139,62.6,11,-0.5
kougoren-summer-2024-boys-individual,p_af993cb5acf1,53,True,145,1,finished,True,139,62.6,11,-0.5
kougoren-summer-2024-boys-individual,p_923541ad13cc,53,True,145,1,finished,True,139,62.6,11,-0.6
kougoren-summer-2024-boys-individual,p_2d60603a3047,53,True,145,1,finished,True,139,62.6,11,-0.6
kougoren-summer-2024-boys-individual,p_4b61e36993d7,53,True,145,1,finished,True,139,62.6,11,-0.6
kougoren-summer-2024-boys-individual,p_23f9066849f7,53,True,145,1,finished,True,139,62.6,11,-0.6
kougoren-summer-2024-boys-individual,p_ec1f839b2728,53,True,145,1,finished,True,139,62.6,11,-0.6
kougoren-summer-2024-boys-individual,p_fed2fc9ff9e5,53,True,145,1,finished,True,139,62.6,11,-0.6
kougoren-summer-2024-boys-individual,p_6396fd94a35d,53,True,145,1,finished,True,139,62.6,11,-0.5
kougoren-summer-2024-boys-individual,p_cb282cb10ede,53,True,145,1,finished,True,139,62.6,11,-0.5
kougoren-summer-2024-boys-individual,p_33bd629728d0,53,True,145,1,finished,True,139,62.6,11,-0.5
kougoren-summer-2024-boys-individual,p_c1b4deac019f,64,True,146,2,finished,True,139,54.7,12,-0.1
kougoren-summer-2024-boys-individual,p_83c47da05192,64,True,146,2,finished,True,139,54.7,12,-0.1
kougoren-summer-2024-boys-individual,p_8abc490f12cd,64,True,146,2,finished,True,139,54.7,12,-0.1
kougoren-summer-2024-boys-individual,p_9c93f0814f24,64,True,146,2,finished,True,139,54.7,12,-0.1
kougoren-summer-2024-boys-individual,p_e7902a3b55d5,64,True,146,2,finished,True,139,54.7,12,-0.1
kougoren-summer-2024-boys-individual,p_55cd66805551,64,True,146,2,finished,True,139,54.7,12,-0.1
kougoren-summer-2024-boys-individual,p_8fe8ad8d6c1f,64,True,146,2,finished,True,139,54.7,12,-0.1
kougoren-summer-2024-boys-individual,p_9aa54481c1ac,64,True,146,2,finished,True,139,54.7,12,-0.1
kougoren-summer-2024-boys-individual,p_867743227469,72,True,147,3,finished,True,139,48.9,13,0.4
kougoren-summer-2024-boys-individual,p_fc7f3f269a1c,72,True,147,3,finished,True,139,48.9,13,0.4
kougoren-summer-2024-boys-individual,p_0626cf54afc3,72,True,147,3,finished,True,139,48.9,13,0.4
kougoren-summer-2024-boys-individual,p_62f8d070de73,72,True,147,3,finished,True,139,48.9,13,0.4
kougoren-summer-2024-boys-individual,p_682391911107,72,True,147,3,finished,True,139,48.9,13,0.4
kougoren-summer-2024-boys-individual,p_8d9c836d6591,72,True,147,3,finished,True,139,48.9,13,0.3
kougoren-summer-2024-boys-individual,p_23bca0d67f31,72,True,147,3,finished,True,139,48.9,13,0.4
kougoren-summer-2024-boys-individual,p_69122c2e7fb2,72,True,147,3,finished,True,139,48.9,13,0.4
kougoren-summer-2024-boys-individual,p_011d979870f1,72,True,147,3,finished,True,139,48.9,13,0.4
kougoren-summer-2024-boys-individual,p_c76eb79f5e09,72,True,147,3,finished,True,139,48.9,13,0.4
kougoren-summer-2024-boys-individual,p_496a5e3cbb35,82,True,148,4,finished,True,139,41.7,14,0.8
kougoren-summer-2024-boys-individual,p_25c73155e68f,82,True,148,4,finished,True,139,41.7,14,0.8
kougoren-summer-2024-boys-individual,p_f953babce395,82,True,148,4,finished,True,139,41.7,14,0.8
kougoren-summer-2024-boys-individual,p_88591d7275bb,82,True,148,4,finished,True,139,41.7,14,0.8
kougoren-summer-2024-boys-individual,p_a57cfe0c3a51,82,True,148,4,finished,True,139,41.7,14,0.8
kougoren-summer-2024-boys-individual,p_0876153fcdc9,87,False,149,5,finished,True,139,38.1,15,1.3
kougoren-summer-2024-boys-individual,p_f3abce8b45b4,88,True,150,6,finished,True,139,37.4,16,1.7
kougoren-summer-2024-boys-individual,p_1cc2545643f4,88,True,150,6,finished,True,139,37.4,16,1.7
kougoren-summer-2024-boys-individual,p_b77993655184,88,True,150,6,finished,True,139,37.4,16,1.7
kougoren-summer-2024-boys-individual,p_7a6683e3f26b,88,True,150,6,finished,True,139,37.4,16,1.7
kougoren-summer-2024-boys-individual,p_acd9cb995120,88,True,150,6,finished,True,139,37.4,16,1.7
kougoren-summer-2024-boys-individual,p_50fbec37c5ed,93,True,151,7,finished,True,139,33.8,17,2.1
kougoren-summer-2024-boys-individual,p_018eb7bb7b57,93,True,151,7,finished,True,139,33.8,17,2.1
kougoren-summer-2024-boys-individual,p_151046952757,93,True,151,7,finished,True,139,33.8,17,2.2
kougoren-summer-2024-boys-individual,p_4820c4a20cca,93,True,151,7,finished,True,139,33.8,17,2.2
kougoren-summer-2024-boys-individual,p_219d2c4fc20e,93,True,151,7,finished,True,139,33.8,17,2.1
kougoren-summer-2024-boys-individual,p_8245505bdd24,98,True,152,8,finished,True,139,30.2,18,2.6
kougoren-summer-2024-boys-individual,p_a8271f55de68,98,True,152,8,finished,True,139,30.2,18,2.5
kougoren-summer-2024-boys-individual,p_6410ae848361,98,True,152,8,finished,True,139,30.2,18,2.5
kougoren-summer-2024-boys-individual,p_b8b66e18c3cc,98,True,152,8,finished,True,139,30.2,18,2.6
kougoren-summer-2024-boys-individual,p_b7793ce7745b,98,True,152,8,finished,True,139,30.2,18,2.6
kougoren-summer-2024-boys-individual,p_4c30ef1665d7,98,True,152,8,finished,True,139,30.2,18,2.6
kougoren-summer-2024-boys-individual,p_f290c8bc5588,98,True,152,8,finished,True,139,30.2,18,2.6
kougoren-summer-2024-boys-individual,p_fb9e04716073,105,True,153,9,finished,True,139,25.2,19,3.0
kougoren-summer-2024-boys-individual,p_a71331d4cdbd,105,True,153,9,finished,True,139,25.2,19,3.1
kougoren-summer-2024-boys-individual,p_d12717e94987,107,True,154,10,finished,True,139,23.7,20,3.5
kougoren-summer-2024-boys-individual,p_40e53e52f239,107,True,154,10,finished,True,139,23.7,20,3.5
kougoren-summer-2024-boys-individual,p_f3ada79d8ebe,107,True,154,10,finished,True,139,23.7,20,3.5
kougoren-summer-2024-boys-individual,p_52b06429d9b5,107,True,154,10,finished,True,139,23.7,20,3.5
kougoren-summer-2024-boys-individual,p_cc9d3dab077a,107,True,154,10,finished,True,139,23.7,20,3.5
kougoren-summer-2024-boys-individual,p_ff63d7d26dd6,107,True,154,10,finished,True,139,23.7,20,3.4
kougoren-summer-2024-boys-individual,p_cec6de9b8cff,107,True,154,10,finished,True,139,23.7,20,3.5
kougoren-summer-2024-boys-individual,p_5e4cd725bcd9,114,True,155,11,finished,True,139,18.7,21,3.9
kougoren-summer-2024-boys-individual,p_93fbb9613822,114,True,155,11,finished,True,139,18.7,21,4.0
kougoren-summer-2024-boys-individual,p_2a74a826b47c,114,True,155,11,finished,True,139,18.7,21,3.9
kougoren-summer-2024-boys-individual,p_70542d7875a5,114,True,155,11,finished,True,139,18.7,21,3.9
kougoren-summer-2024-boys-individual,p_129e1e4b1603,118,False,156,12,finished,True,139,15.8,22,4.3
kougoren-summer-2024-boys-individual,p_eb8e817b9057,119,True,157,13,finished,True,139,15.1,23,4.8
kougoren-summer-2024-boys-individual,p_2afb99aefd30,119,True,157,13,finished,True,139,15.1,23,4.8
kougoren-summer-2024-boys-individual,p_1ffd6a1fbdce,121,True,158,14,finished,True,139,13.7,24,5.2
kougoren-summer-2024-boys-individual,p_d648574401e8,121,True,158,14,finished,True,139,13.7,24,5.2
kougoren-summer-2024-boys-individual,p_3d6d81af48f4,121,True,158,14,finished,True,139,13.7,24,5.2
kougoren-summer-2024-boys-individual,p_f3e691d94880,124,True,159,15,finished,True,139,11.5,25,5.7
kougoren-summer-2024-boys-individual,p_59117c3d5dca,124,True,159,15,finished,True,139,11.5,25,5.7
kougoren-summer-2024-boys-individual,p_a57a2f86ff9f,124,True,159,15,finished,True,139,11.5,25,5.7
kougoren-summer-2024-boys-individual,p_eb56989255c1,127,False,160,16,finished,True,139,9.4,26,6.1
kougoren-summer-2024-boys-individual,p_a3055a83363a,128,True,161,17,finished,True,139,8.6,27,6.6
kougoren-summer-2024-boys-individual,p_a76aee3d91c0,128,True,161,17,finished,True,139,8.6,27,6.6
kougoren-summer-2024-boys-individual,p_bb1d99c85d01,130,False,162,18,finished,True,139,7.2,28,7.0
kougoren-summer-2024-boys-individual,p_bc3432e573b8,131,False,163,19,finished,True,139,6.5,29,7.5
kougoren-summer-2024-boys-individual,p_5be50f59fcd7,132,True,164,20,finished,True,139,5.8,30,8.0
kougoren-summer-2024-boys-individual,p_a30d7dc2014a,132,True,164,20,finished,True,139,5.8,30,7.9
kougoren-summer-2024-boys-individual,p_16260a4500c8,134,False,166,22,finished,True,139,4.3,32,8.8
kougoren-summer-2024-boys-individual,p_239ffdba2cad,135,False,167,23,finished,True,139,3.6,33,9.2
kougoren-summer-2024-boys-individual,p_8fa03cff7bf1,136,True,169,25,finished,True,139,2.9,35,10.2
kougoren-summer-2024-boys-individual,p_c3f6d8ef99ff,136,True,169,25,finished,True,139,2.9,35,10.2
kougoren-summer-2024-boys-individual,p_e6b0614d48bf,136,True,169,25,finished,True,139,2.9,35,10.2
kougoren-summer-2024-boys-individual,p_9d708b61952c,139,False,178,34,finished,True,139,0.7,44,14.2
kougoren-summer-2024-girls-individual,p_64f7f382606b,1,False,134,-10,finished,True,135,100.0,0,
kougoren-summer-2024-girls-individual,p_d81636ee30c8,2,True,134,-10,finished,True,135,99.3,0,
kougoren-summer-2024-girls-individual,p_8f30fa86e336,2,True,134,-10,finished,True,135,99.3,0,
kougoren-summer-2024-girls-individual,p_d7a0265f76e2,4,True,135,-9,finished,True,135,97.8,1,
kougoren-summer-2024-girls-individual,p_1bdfdba18316,4,True,135,-9,finished,True,135,97.8,1,
kougoren-summer-2024-girls-individual,p_28b2e59ee9b5,4,True,135,-9,finished,True,135,97.8,1,
kougoren-summer-2024-girls-individual,p_9dc02346ac81,7,True,136,-8,finished,True,135,95.6,2,
kougoren-summer-2024-girls-individual,p_334b18d2f796,7,True,136,-8,finished,True,135,95.6,2,
kougoren-summer-2024-girls-individual,p_6ec32c95989e,7,True,136,-8,finished,True,135,95.6,2,
kougoren-summer-2024-girls-individual,p_23549cffe8eb,7,True,136,-8,finished,True,135,95.6,2,
kougoren-summer-2024-girls-individual,p_6da6bd5e2422,7,True,136,-8,finished,True,135,95.6,2,
kougoren-summer-2024-girls-individual,p_141d8fea9cfe,12,True,137,-7,finished,True,135,91.9,3,
kougoren-summer-2024-girls-individual,p_ff5bd5250f1d,12,True,137,-7,finished,True,135,91.9,3,
kougoren-summer-2024-girls-individual,p_06e43dc8d586,14,True,138,-6,finished,True,135,90.4,4,
kougoren-summer-2024-girls-individual,p_b8de4c2155e8,14,True,138,-6,finished,True,135,90.4,4,
kougoren-summer-2024-girls-individual,p_9f8c3ad75ba3,14,True,138,-6,finished,True,135,90.4,4,
kougoren-summer-2024-girls-individual,p_17717826902f,14,True,138,-6,finished,True,135,90.4,4,
kougoren-summer-2024-girls-individual,p_a193a13f27e9,18,True,139,-5,finished,True,135,87.4,5,
kougoren-summer-2024-girls-individual,p_2eee2e66032f,18,True,139,-5,finished,True,135,87.4,5,
kougoren-summer-2024-girls-individual,p_d513047c765b,18,True,139,-5,finished,True,135,87.4,5,
kougoren-summer-2024-girls-individual,p_76565dd601a5,18,True,139,-5,finished,True,135,87.4,5,
kougoren-summer-2024-girls-individual,p_c558c01f1c0d,18,True,139,-5,finished,True,135,87.4,5,
kougoren-summer-2024-girls-individual,p_707d00ea36ea,18,True,139,-5,finished,True,135,87.4,5,
kougoren-summer-2024-girls-individual,p_1fedd8d3c221,24,True,140,-4,finished,True,135,83.0,6,
kougoren-summer-2024-girls-individual,p_59644ea9b5da,24,True,140,-4,finished,True,135,83.0,6,
kougoren-summer-2024-girls-individual,p_cf12b9439eed,24,True,140,-4,finished,True,135,83.0,6,
kougoren-summer-2024-girls-individual,p_42d7483aee6e,24,True,140,-4,finished,True,135,83.0,6,
kougoren-summer-2024-girls-individual,p_743d7a90e4f8,24,True,140,-4,finished,True,135,83.0,6,
kougoren-summer-2024-girls-individual,p_db87158769c4,24,True,140,-4,finished,True,135,83.0,6,
kougoren-summer-2024-girls-individual,p_7c3c24f76115,24,True,140,-4,finished,True,135,83.0,6,
kougoren-summer-2024-girls-individual,p_6f31e27407be,24,True,140,-4,finished,True,135,83.0,6,
kougoren-summer-2024-girls-individual,p_1b34b51d6c73,24,True,140,-4,finished,True,135,83.0,6,
kougoren-summer-2024-girls-individual,p_24ca7e07ca82,24,True,140,-4,finished,True,135,83.0,6,
kougoren-summer-2024-girls-individual,p_13059df98b28,34,True,141,-3,finished,True,135,75.6,7,
kougoren-summer-2024-girls-individual,p_cf6b21900e43,34,True,141,-3,finished,True,135,75.6,7,
kougoren-summer-2024-girls-individual,p_d6dddbcf7c53,34,True,141,-3,finished,True,135,75.6,7,
kougoren-summer-2024-girls-individual,p_15fe53160283,34,True,141,-3,finished,True,135,75.6,7,
kougoren-summer-2024-girls-individual,p_30687829b4d4,34,True,141,-3,finished,True,135,75.6,7,
kougoren-summer-2024-girls-individual,p_b333a6e1b497,34,True,141,-3,finished,True,135,75.6,7,
kougoren-summer-2024-girls-individual,p_4ddc0b759977,34,True,141,-3,finished,True,135,75.6,7,
kougoren-summer-2024-girls-individual,p_f5da61efd010,41,True,142,-2,finished,True,135,70.4,8,
kougoren-summer-2024-girls-individual,p_75e3cb3aaf82,41,True,142,-2,finished,True,135,70.4,8,
kougoren-summer-2024-girls-individual,p_651cd183a45e,41,True,142,-2,finished,True,135,70.4,8,
kougoren-summer-2024-girls-individual,p_c7f067d35b3f,41,True,142,-2,finished,True,135,70.4,8,
kougoren-summer-2024-girls-individual,p_57cc9a24c4c4,41,True,142,-2,finished,True,135,70.4,8,
kougoren-summer-2024-girls-individual,p_22e08e623ca7,41,True,142,-2,finished,True,135,70.4,8,
kougoren-summer-2024-girls-individual,p_25377319dcf5,41,True,142,-2,finished,True,135,70.4,8,
kougoren-summer-2024-girls-individual,p_38926131aa44,41,True,142,-2,finished,True,135,70.4,8,
kougoren-summer-2024-girls-individual,p_a8ef8de036cc,41,True,142,-2,finished,True,135,70.4,8,
kougoren-summer-2024-girls-individual,p_089b1ae128b7,41,True,142,-2,finished,True,135,70.4,8,
kougoren-summer-2024-girls-individual,p_2ecac73c3cb8,41,True,142,-2,finished,True,135,70.4,8,
kougoren-summer-2024-girls-individual,p_9fb05ff58aaf,52,True,143,-1,finished,True,135,62.2,9,
kougoren-summer-2024-girls-individual,p_b985391a9e17,52,True,143,-1,finished,True,135,62.2,9,
kougoren-summer-2024-girls-individual,p_ab11b00dc09d,52,True,143,-1,finished,True,135,62.2,9,
kougoren-summer-2024-girls-individual,p_49c9c1c8baf2,52,True,143,-1,finished,True,135,62.2,9,
kougoren-summer-2024-girls-individual,p_2720bbe5d6a7,52,True,143,-1,finished,True,135,62.2,9,
kougoren-summer-2024-girls-individual,p_749032f7d7b8,52,True,143,-1,finished,True,135,62.2,9,
kougoren-summer-2024-girls-individual,p_3dc66c7b80da,52,True,143,-1,finished,True,135,62.2,9,
kougoren-summer-2024-girls-individual,p_6978b20702fa,59,True,144,0,finished,True,135,57.0,10,
kougoren-summer-2024-girls-individual,p_30ead3061194,59,True,144,0,finished,True,135,57.0,10,
kougoren-summer-2024-girls-individual,p_bee209bb4eef,59,True,144,0,finished,True,135,57.0,10,
kougoren-summer-2024-girls-individual,p_5bf754a96e40,59,True,144,0,finished,True,135,57.0,10,
kougoren-summer-2024-girls-individual,p_14785c08bdb9,59,True,144,0,finished,True,135,57.0,10,
kougoren-summer-2024-girls-individual,p_397980d3d041,59,True,144,0,finished,True,135,57.0,10,
kougoren-summer-2024-girls-individual,p_4db02e02dfe2,59,True,144,0,finished,True,135,57.0,10,
kougoren-summer-2024-girls-individual,p_21e05942b0c8,59,True,144,0,finished,True,135,57.0,10,
kougoren-summer-2024-girls-individual,p_65d8c5f019bb,59,True,144,0,finished,True,135,57.0,10,
kougoren-summer-2024-girls-individual,p_fa26d8f78fa0,68,True,145,1,finished,True,135,50.4,11,
kougoren-summer-2024-girls-individual,p_4cc240ae5c16,68,True,145,1,finished,True,135,50.4,11,
kougoren-summer-2024-girls-individual,p_ece7c9725290,68,True,145,1,finished,True,135,50.4,11,
kougoren-summer-2024-girls-individual,p_eace10b62647,68,True,145,1,finished,True,135,50.4,11,
kougoren-summer-2024-girls-individual,p_36d9971721e4,68,True,145,1,finished,True,135,50.4,11,
kougoren-summer-2024-girls-individual,p_b3e0ce2a625f,68,True,145,1,finished,True,135,50.4,11,
kougoren-summer-2024-girls-individual,p_fd8900e6d1a7,68,True,145,1,finished,True,135,50.4,11,
kougoren-summer-2024-girls-individual,p_7cc28b1b2f03,68,True,145,1,finished,True,135,50.4,11,
kougoren-summer-2024-girls-individual,p_5508c3d4c4eb,68,True,145,1,finished,True,135,50.4,11,
kougoren-summer-2024-girls-individual,p_e325a537f146,77,True,146,2,finished,True,135,43.7,12,
kougoren-summer-2024-girls-individual,p_b35c69b4b1eb,77,True,146,2,finished,True,135,43.7,12,
kougoren-summer-2024-girls-individual,p_a9e4691c3c69,77,True,146,2,finished,True,135,43.7,12,
kougoren-summer-2024-girls-individual,p_ba83834e8a4c,77,True,146,2,finished,True,135,43.7,12,
kougoren-summer-2024-girls-individual,p_2ae92e9a0de6,77,True,146,2,finished,True,135,43.7,12,
kougoren-summer-2024-girls-individual,p_c66e68679dd8,77,True,146,2,finished,True,135,43.7,12,
kougoren-summer-2024-girls-individual,p_fc8de073501d,77,True,146,2,finished,True,135,43.7,12,
kougoren-summer-2024-girls-individual,p_39d34683fa12,84,True,147,3,finished,True,135,38.5,13,
kougoren-summer-2024-girls-individual,p_28904d7f29d5,84,True,147,3,finished,True,135,38.5,13,
kougoren-summer-2024-girls-individual,p_07d228797f85,84,True,147,3,finished,True,135,38.5,13,
kougoren-summer-2024-girls-individual,p_47ac7a42f5e6,84,True,147,3,finished,True,135,38.5,13,
kougoren-summer-2024-girls-individual,p_328e71ef66c6,84,True,147,3,finished,True,135,38.5,13,
kougoren-summer-2024-girls-individual,p_d366ed920ed1,84,True,147,3,finished,True,135,38.5,13,
kougoren-summer-2024-girls-individual,p_44dc112d0688,84,True,147,3,finished,True,135,38.5,13,
kougoren-summer-2024-girls-individual,p_9e4df7b0b064,84,True,147,3,finished,True,135,38.5,13,
kougoren-summer-2024-girls-individual,p_7c3971b6a192,84,True,147,3,finished,True,135,38.5,13,
kougoren-summer-2024-girls-individual,p_639e46eb935a,84,True,147,3,finished,True,135,38.5,13,
kougoren-summer-2024-girls-individual,p_35a6e6de004f,84,True,147,3,finished,True,135,38.5,13,
kougoren-summer-2024-girls-individual,p_377a2702f113,95,True,148,4,finished,True,135,30.4,14,
kougoren-summer-2024-girls-individual,p_93c8d688bcee,95,True,148,4,finished,True,135,30.4,14,
kougoren-summer-2024-girls-individual,p_0fcd068d09e4,95,True,148,4,finished,True,135,30.4,14,
kougoren-summer-2024-girls-individual,p_021b4c31a087,95,True,148,4,finished,True,135,30.4,14,
kougoren-summer-2024-girls-individual,p_2c9cc24e582c,95,True,148,4,finished,True,135,30.4,14,
kougoren-summer-2024-girls-individual,p_337fbda9a2c4,100,True,149,5,finished,True,135,26.7,15,
kougoren-summer-2024-girls-individual,p_21dd136af2fa,100,True,149,5,finished,True,135,26.7,15,
kougoren-summer-2024-girls-individual,p_e35ffca63cf7,100,True,149,5,finished,True,135,26.7,15,
kougoren-summer-2024-girls-individual,p_fc63669a5857,100,True,149,5,finished,True,135,26.7,15,
kougoren-summer-2024-girls-individual,p_94fc6a17112c,104,True,150,6,finished,True,135,23.7,16,
kougoren-summer-2024-girls-individual,p_cd093d70a8da,104,True,150,6,finished,True,135,23.7,16,
kougoren-summer-2024-girls-individual,p_2e6f46827f63,104,True,150,6,finished,True,135,23.7,16,
kougoren-summer-2024-girls-individual,p_9107773a23fe,104,True,150,6,finished,True,135,23.7,16,
kougoren-summer-2024-girls-individual,p_7d55f2434a8e,104,True,150,6,finished,True,135,23.7,16,
kougoren-summer-2024-girls-individual,p_bbde19787e7f,109,True,151,7,finished,True,135,20.0,17,
kougoren-summer-2024-girls-individual,p_82fe45d98c26,109,True,151,7,finished,True,135,20.0,17,
kougoren-summer-2024-girls-individual,p_0e0a6d77ea9a,109,True,151,7,finished,True,135,20.0,17,
kougoren-summer-2024-girls-individual,p_027eee77def5,112,True,152,8,finished,True,135,17.8,18,
kougoren-summer-2024-girls-individual,p_c2ccb53ac7f9,112,True,152,8,finished,True,135,17.8,18,
kougoren-summer-2024-girls-individual,p_a70b592979b7,112,True,152,8,finished,True,135,17.8,18,
kougoren-summer-2024-girls-individual,p_77eef2f34b61,112,True,152,8,finished,True,135,17.8,18,
kougoren-summer-2024-girls-individual,p_c48f0e3128fa,112,True,152,8,finished,True,135,17.8,18,
kougoren-summer-2024-girls-individual,p_1d635bd24b32,117,True,153,9,finished,True,135,14.1,19,
kougoren-summer-2024-girls-individual,p_57ba0b858ebc,117,True,153,9,finished,True,135,14.1,19,
kougoren-summer-2024-girls-individual,p_0dde23d8dede,119,True,154,10,finished,True,135,12.6,20,
kougoren-summer-2024-girls-individual,p_b0f0fb422663,119,True,154,10,finished,True,135,12.6,20,
kougoren-summer-2024-girls-individual,p_31219039dd33,119,True,154,10,finished,True,135,12.6,20,
kougoren-summer-2024-girls-individual,p_2293d72baf9f,119,True,154,10,finished,True,135,12.6,20,
kougoren-summer-2024-girls-individual,p_28175b6a2eda,119,True,154,10,finished,True,135,12.6,20,
kougoren-summer-2024-girls-individual,p_44bc86c5585c,124,True,155,11,finished,True,135,8.9,21,
kougoren-summer-2024-girls-individual,p_c83df2ac82c8,124,True,155,11,finished,True,135,8.9,21,
kougoren-summer-2024-girls-individual,p_a182bfe88985,124,True,155,11,finished,True,135,8.9,21,
kougoren-summer-2024-girls-individual,p_a340f72cdccb,127,False,156,12,finished,True,135,6.7,22,
kougoren-summer-2024-girls-individual,p_02c8f3d7647e,128,True,159,15,finished,True,135,5.9,25,
kougoren-summer-2024-girls-individual,p_f08d57deef48,128,True,159,15,finished,True,135,5.9,25,
kougoren-summer-2024-girls-individual,p_2eadff96973a,130,False,161,17,finished,True,135,4.4,27,
kougoren-summer-2024-girls-individual,p_a3f883059200,131,False,162,18,finished,True,135,3.7,28,
kougoren-summer-2024-girls-individual,p_60b08903561d,132,True,163,19,finished,True,135,3.0,29,
kougoren-summer-2024-girls-individual,p_6423f90a4942,132,True,163,19,finished,True,135,3.0,29,
kougoren-summer-2024-girls-individual,p_4b67ee61cc40,134,False,168,24,finished,True,135,1.5,34,
kougoren-summer-2024-girls-individual,p_c0bfbb21116f,,False,,,wd,True,135,,,
kougoren-summer-2024-girls-individual,p_d1a9df45d016,,False,,,dns,True,,,,
kougoren-summer-2024-girls-individual,p_f87facbefed0,,False,,,dns,True,,,,
kougoren-summer-2024-girls-individual,p_e95587bfa3c6,,False,,,dns,True,,,,
kougoren-summer-2024-girls-individual,p_0cce52b6e4a1,,False,,,dns,True,,,,
aichi-ga-amateur-2025-boys,p_62f8d070de73,2,False,145,1,finished,True,116,99.1,,
aichi-ga-amateur-2025-boys,p_bd9693cd137f,6,True,150,6,finished,True,116,95.7,,
aichi-ga-amateur-2025-boys,p_1b761cc0a495,6,True,150,6,finished,True,116,95.7,,
aichi-ga-amateur-2025-boys,p_8fe8ad8d6c1f,11,False,154,10,finished,True,116,91.4,,
aichi-ga-amateur-2025-boys,p_364cc408b538,13,True,156,12,finished,True,116,89.7,,
aichi-ga-amateur-2025-boys,p_2f109bda3218,18,True,157,13,finished,True,116,85.3,,
aichi-ga-amateur-2025-boys,p_1edd8af5ae7c,23,True,159,15,finished,True,116,81.0,,
aichi-ga-amateur-2025-boys,p_fc7240d29117,32,True,161,17,finished,True,116,73.3,,
aichi-ga-amateur-2025-boys,p_9a897a6a356f,32,True,161,17,finished,True,116,73.3,,
aichi-ga-amateur-2025-boys,p_fa8c6da28468,35,True,162,18,finished,True,116,70.7,,
aichi-ga-amateur-2025-boys,p_1210617cacd5,39,True,163,19,finished,True,116,67.2,,
aichi-ga-amateur-2025-boys,p_0c025b86bfd1,49,True,166,22,finished,True,116,58.6,,
aichi-ga-amateur-2025-boys,p_19a270a0eeed,49,True,166,22,finished,True,116,58.6,,
aichi-ga-amateur-2025-boys,p_a24c7edcd8be,57,True,169,25,finished,True,116,51.7,,
aichi-ga-amateur-2025-boys,p_6779382beac3,75,False,183,39,finished,True,116,36.2,,
aichi-ga-amateur-2025-boys,p_1af779fe2521,,False,,,wd,True,116,,,
aichi-ga-amateur-2026-boys,p_1b761cc0a495,2,True,146,2,finished,True,109,99.1,,
aichi-ga-amateur-2026-boys,p_2f109bda3218,4,True,148,4,finished,True,109,97.2,,
aichi-ga-amateur-2026-boys,p_7e2a0176f4f7,4,True,148,4,finished,True,109,97.2,,
aichi-ga-amateur-2026-boys,p_e170fc6eef57,8,True,151,7,finished,True,109,93.6,,
aichi-ga-amateur-2026-boys,p_1210617cacd5,13,True,152,8,finished,True,109,89.0,,
aichi-ga-amateur-2026-boys,p_364cc408b538,13,True,152,8,finished,True,109,89.0,,
aichi-ga-amateur-2026-boys,p_64c82164840c,20,True,154,10,finished,True,109,82.6,,
aichi-ga-amateur-2026-boys,p_1edd8af5ae7c,25,True,156,12,finished,True,109,78.0,,
aichi-ga-amateur-2026-boys,p_809eb1ad5f7b,30,True,158,14,finished,True,109,73.4,,
aichi-ga-amateur-2026-boys,p_09dbc7a2dbe0,44,True,163,19,finished,True,109,60.6,,
aichi-ga-junior-2025-boys,p_bd9693cd137f,1,False,70,-2,finished,True,69,100.0,0,
aichi-ga-junior-2025-boys,p_2f109bda3218,2,False,74,2,finished,True,69,98.6,4,
aichi-ga-junior-2025-boys,p_fa8c6da28468,3,False,75,3,finished,True,69,97.1,5,
aichi-ga-junior-2025-boys,p_1b761cc0a495,4,True,76,4,finished,True,69,95.7,6,
aichi-ga-junior-2025-boys,p_8fe8ad8d6c1f,4,True,76,4,finished,True,69,95.7,6,
aichi-ga-junior-2025-boys,p_62f8d070de73,4,True,76,4,finished,True,69,95.7,6,
aichi-ga-junior-2025-boys,p_364cc408b538,8,False,78,6,finished,True,69,89.9,8,
aichi-ga-junior-2025-boys,p_fc7240d29117,9,True,79,7,finished,True,69,88.4,9,
aichi-ga-junior-2025-boys,p_6779382beac3,9,True,79,7,finished,True,69,88.4,9,
aichi-ga-junior-2025-boys,p_19a270a0eeed,9,True,79,7,finished,True,69,88.4,9,
aichi-ga-junior-2025-boys,p_1edd8af5ae7c,12,True,80,8,finished,True,69,84.1,10,
aichi-ga-junior-2025-boys,p_9a897a6a356f,12,True,80,8,finished,True,69,84.1,10,
aichi-ga-junior-2025-boys,p_1210617cacd5,12,True,80,8,finished,True,69,84.1,10,
aichi-ga-junior-2025-boys,p_0c025b86bfd1,12,True,80,8,finished,True,69,84.1,10,
aichi-ga-junior-2025-boys,p_453ee50e903a,16,True,81,9,finished,True,69,78.3,11,
aichi-ga-junior-2025-boys,p_6e37627e3c40,16,True,81,9,finished,True,69,78.3,11,
aichi-ga-junior-2025-boys,p_a24c7edcd8be,16,True,81,9,finished,True,69,78.3,11,
aichi-ga-junior-2025-boys,p_809eb1ad5f7b,19,True,82,10,finished,True,69,73.9,12,
aichi-ga-junior-2025-boys,p_c9f21adde9c8,19,True,82,10,finished,True,69,73.9,12,
aichi-ga-junior-2025-boys,p_6433ee93b9e1,22,True,83,11,finished,True,69,69.6,13,
aichi-ga-junior-2025-boys,p_7e2a0176f4f7,22,True,83,11,finished,True,69,69.6,13,
aichi-ga-junior-2025-boys,p_8b25fd562170,22,True,83,11,finished,True,69,69.6,13,
aichi-ga-junior-2025-boys,p_f2f3fd59c0f4,22,True,83,11,finished,True,69,69.6,13,
aichi-ga-junior-2025-boys,p_09dbc7a2dbe0,26,True,84,12,finished,True,69,63.8,14,
aichi-ga-junior-2025-boys,p_2be663898d76,26,True,84,12,finished,True,69,63.8,14,
aichi-ga-junior-2025-boys,p_e170fc6eef57,26,True,84,12,finished,True,69,63.8,14,
aichi-ga-junior-2025-boys,p_1af779fe2521,29,True,85,13,finished,True,69,59.4,15,
aichi-ga-junior-2025-boys,p_2d43ce6a3c62,29,True,85,13,finished,True,69,59.4,15,
aichi-ga-junior-2025-boys,p_9d9237901a5d,29,True,85,13,finished,True,69,59.4,15,
aichi-ga-junior-2025-boys,p_b27261799b95,29,True,85,13,finished,True,69,59.4,15,
aichi-ga-junior-2025-boys,p_59117c3d5dca,33,False,86,14,finished,True,69,53.6,16,
aichi-ga-junior-2025-boys,p_bcaf798d9945,34,True,87,15,finished,True,69,52.2,17,
aichi-ga-junior-2025-boys,p_e6052ab362e4,34,True,87,15,finished,True,69,52.2,17,
aichi-ga-junior-2025-boys,p_810de999c604,34,True,87,15,finished,True,69,52.2,17,
aichi-ga-junior-2025-boys,p_67cb9e28952c,38,False,88,16,finished,True,69,46.4,18,
aichi-ga-junior-2025-boys,p_8fa992662bdc,39,True,89,17,finished,True,69,44.9,19,
aichi-ga-junior-2025-boys,p_3062ad733bfc,39,True,89,17,finished,True,69,44.9,19,
aichi-ga-junior-2025-boys,p_7242c13d3825,39,True,89,17,finished,True,69,44.9,19,
aichi-ga-junior-2025-boys,p_58c48add9d7c,39,True,89,17,finished,True,69,44.9,19,
aichi-ga-junior-2025-boys,p_453d505fe885,43,True,91,19,finished,True,69,39.1,21,
aichi-ga-junior-2025-boys,p_446a75d1b409,43,True,91,19,finished,True,69,39.1,21,
aichi-ga-junior-2025-boys,p_fce5f20e0c84,43,True,91,19,finished,True,69,39.1,21,
aichi-ga-junior-2025-boys,p_259c0065f1aa,46,True,93,21,finished,True,69,34.8,23,
aichi-ga-junior-2025-boys,p_555ab529d5ee,46,True,93,21,finished,True,69,34.8,23,
aichi-ga-junior-2025-boys,p_f85c240ad956,46,True,93,21,finished,True,69,34.8,23,
aichi-ga-junior-2025-boys,p_dd8be8ec6099,46,True,93,21,finished,True,69,34.8,23,
aichi-ga-junior-2025-boys,p_f055086fb32f,50,True,94,22,finished,True,69,29.0,24,
aichi-ga-junior-2025-boys,p_98fc98d5425a,50,True,94,22,finished,True,69,29.0,24,
aichi-ga-junior-2025-boys,p_4b7c72e64ac2,52,False,95,23,finished,True,69,26.1,25,
aichi-ga-junior-2025-boys,p_36ba6d9332e6,53,True,96,24,finished,True,69,24.6,26,
aichi-ga-junior-2025-boys,p_3382cccffbf1,53,True,96,24,finished,True,69,24.6,26,
aichi-ga-junior-2025-boys,p_dc643959c37d,53,True,96,24,finished,True,69,24.6,26,
aichi-ga-junior-2025-boys,p_c5bd963261bf,56,True,97,25,finished,True,69,20.3,27,
aichi-ga-junior-2025-boys,p_083e29ec909c,56,True,97,25,finished,True,69,20.3,27,
aichi-ga-junior-2025-boys,p_88024d9c61d2,58,True,99,27,finished,True,69,17.4,29,
aichi-ga-junior-2025-boys,p_030e05180556,58,True,99,27,finished,True,69,17.4,29,
aichi-ga-junior-2025-boys,p_d76292b724c9,60,True,100,28,finished,True,69,14.5,30,
aichi-ga-junior-2025-boys,p_0833874779d8,60,True,100,28,finished,True,69,14.5,30,
aichi-ga-junior-2025-boys,p_6beb4a1970ec,62,False,101,29,finished,True,69,11.6,31,
aichi-ga-junior-2025-boys,p_145ab9784fb0,63,False,104,32,finished,True,69,10.1,34,
aichi-ga-junior-2025-boys,p_486a45d409ca,64,False,107,35,finished,True,69,8.7,37,
aichi-ga-junior-2025-boys,p_4e13f8006a02,65,False,110,38,finished,True,69,7.2,40,
aichi-ga-junior-2025-boys,p_a491f3498772,66,False,114,42,finished,True,69,5.8,44,
aichi-ga-junior-2025-boys,p_e27845344fac,67,False,122,50,finished,True,69,4.3,52,
aichi-ga-junior-2025-boys,p_bf8a01e6f702,68,False,130,58,finished,True,69,2.9,60,
aichi-ga-junior-2025-boys,p_6db7cfd474ec,69,False,133,61,finished,True,69,1.4,63,
aichi-ga-junior-2025-boys,p_a2b9d114f4a7,,False,,,dns,True,,,,
aichi-ga-junior-2025-boys,p_651f12f847bd,,False,,,dns,True,,,,
aichi-ga-junior-2025-boys,p_4efa938d2d7e,,False,,,dns,True,,,,
aichi-ga-junior-2025-boys,p_cac130fd03b5,,False,,,dns,True,,,,
aichi-ga-junior-2025-girls,p_44dc112d0688,1,False,73,1,finished,True,41,100.0,0,
aichi-ga-junior-2025-girls,p_57ba0b858ebc,2,True,74,2,finished,True,41,97.6,1,
aichi-ga-junior-2025-girls,p_b35c69b4b1eb,2,True,74,2,finished,True,41,97.6,1,
aichi-ga-junior-2025-girls,p_c0bfbb21116f,4,True,75,3,finished,True,41,92.7,2,
aichi-ga-junior-2025-girls,p_78553065aef5,4,True,75,3,finished,True,41,92.7,2,
aichi-ga-junior-2025-girls,p_0e0a6d77ea9a,4,True,75,3,finished,True,41,92.7,2,
aichi-ga-junior-2025-girls,p_fc98aedbebb2,8,False,76,4,finished,True,41,82.9,3,
aichi-ga-junior-2025-girls,p_98e99721e858,9,True,77,5,finished,True,41,80.5,4,
aichi-ga-junior-2025-girls,p_79f519304fc4,11,False,78,6,finished,True,41,75.6,5,
aichi-ga-junior-2025-girls,p_a0c33ea52045,12,True,79,7,finished,True,41,73.2,6,
aichi-ga-junior-2025-girls,p_769a023822db,12,True,79,7,finished,True,41,73.2,6,
aichi-ga-junior-2025-girls,p_667b78008a97,14,False,80,8,finished,True,41,68.3,7,
aichi-ga-junior-2025-girls,p_e19d9ba2cb9a,15,True,81,9,finished,True,41,65.9,8,
aichi-ga-junior-2025-girls,p_17717826902f,15,True,81,9,finished,True,41,65.9,8,
aichi-ga-junior-2025-girls,p_2293d72baf9f,17,True,82,10,finished,True,41,61.0,9,
aichi-ga-junior-2025-girls,p_9758182437a7,17,True,82,10,finished,True,41,61.0,9,
aichi-ga-junior-2025-girls,p_8527430121e5,19,True,83,11,finished,True,41,56.1,10,
aichi-ga-junior-2025-girls,p_155e041d66d4,19,True,83,11,finished,True,41,56.1,10,
aichi-ga-junior-2025-girls,p_ac159ca3b2dc,19,True,83,11,finished,True,41,56.1,10,
aichi-ga-junior-2025-girls,p_8723d70ad018,23,False,84,12,finished,True,41,46.3,11,
aichi-ga-junior-2025-girls,p_5a0304df38fe,25,True,86,14,finished,True,41,41.5,13,
aichi-ga-junior-2025-girls,p_3ba59568c34a,25,True,86,14,finished,True,41,41.5,13,
aichi-ga-junior-2025-girls,p_ad9ce39a8a67,25,True,86,14,finished,True,41,41.5,13,
aichi-ga-junior-2025-girls,p_1c11e4352eda,28,False,87,15,finished,True,41,34.1,14,
aichi-ga-junior-2025-girls,p_797fa5dd948f,29,True,89,17,finished,True,41,31.7,16,
aichi-ga-junior-2025-girls,p_1284736e2fd3,29,True,89,17,finished,True,41,31.7,16,
aichi-ga-junior-2025-girls,p_ff7b2ddc665f,29,True,89,17,finished,True,41,31.7,16,
aichi-ga-junior-2025-girls,p_75dac5a119e1,32,True,90,18,finished,True,41,24.4,17,
aichi-ga-junior-2025-girls,p_0ade17c38b7a,32,True,90,18,finished,True,41,24.4,17,
aichi-ga-junior-2025-girls,p_05d9ddb3360b,34,False,91,19,finished,True,41,19.5,18,
aichi-ga-junior-2025-girls,p_4098750cef80,35,False,93,21,finished,True,41,17.1,20,
aichi-ga-junior-2025-girls,p_49bf2fc00aec,37,True,96,24,finished,True,41,12.2,23,
aichi-ga-junior-2025-girls,p_b23f490a0b8f,37,True,96,24,finished,True,41,12.2,23,
aichi-ga-junior-2025-girls,p_9d22bdc8befd,37,True,96,24,finished,True,41,12.2,23,
aichi-ga-junior-2025-girls,p_b52466d953d6,40,False,98,26,finished,True,41,4.9,25,
aichi-ga-junior-2025-girls,p_299b74992ee2,41,False,103,31,finished,True,41,2.4,30,
aichi-ga-junior-2026-boys,p_2f109bda3218,1,False,72,1,finished,True,64,100.0,0,
aichi-ga-junior-2026-boys,p_64c82164840c,2,True,73,2,finished,True,64,98.4,1,
aichi-ga-junior-2026-boys,p_1b761cc0a495,2,True,73,2,finished,True,64,98.4,1,
aichi-ga-junior-2026-boys,p_7e2a0176f4f7,2,True,73,2,finished,True,64,98.4,1,
aichi-ga-junior-2026-boys,p_364cc408b538,5,False,74,3,finished,True,64,93.8,2,
aichi-ga-junior-2026-boys,p_09dbc7a2dbe0,6,False,75,4,finished,True,64,92.2,3,
aichi-ga-junior-2026-boys,p_809eb1ad5f7b,7,True,76,5,finished,True,64,90.6,4,
aichi-ga-junior-2026-boys,p_1edd8af5ae7c,7,True,76,5,finished,True,64,90.6,4,
aichi-ga-junior-2026-boys,p_e170fc6eef57,7,True,76,5,finished,True,64,90.6,4,
aichi-ga-junior-2026-boys,p_1210617cacd5,7,True,76,5,finished,True,64,90.6,4,
aichi-ga-junior-2026-boys,p_176ed0e197c6,7,True,76,5,finished,True,64,90.6,4,
aichi-ga-junior-2026-boys,p_fa8c6da28468,12,True,77,6,finished,True,64,82.8,5,
aichi-ga-junior-2026-boys,p_6e37627e3c40,12,True,77,6,finished,True,64,82.8,5,
aichi-ga-junior-2026-boys,p_59117c3d5dca,12,True,77,6,finished,True,64,82.8,5,
aichi-ga-junior-2026-boys,p_71e9d944fef4,12,True,77,6,finished,True,64,82.8,5,
aichi-ga-junior-2026-boys,p_1af779fe2521,16,True,78,7,finished,True,64,76.6,6,
aichi-ga-junior-2026-boys,p_e6052ab362e4,16,True,78,7,finished,True,64,76.6,6,
aichi-ga-junior-2026-boys,p_293a245f9766,16,True,78,7,finished,True,64,76.6,6,
aichi-ga-junior-2026-boys,p_4efa938d2d7e,19,True,81,10,finished,True,64,71.9,9,
aichi-ga-junior-2026-boys,p_6433ee93b9e1,19,True,81,10,finished,True,64,71.9,9,
aichi-ga-junior-2026-boys,p_dc643959c37d,19,True,81,10,finished,True,64,71.9,9,
aichi-ga-junior-2026-boys,p_4146aac8999c,22,True,82,11,finished,True,64,67.2,10,
aichi-ga-junior-2026-boys,p_f9eecc8caa18,22,True,82,11,finished,True,64,67.2,10,
aichi-ga-junior-2026-boys,p_3062ad733bfc,22,True,82,11,finished,True,64,67.2,10,
aichi-ga-junior-2026-boys,p_dd8be8ec6099,25,True,83,12,finished,True,64,62.5,11,
aichi-ga-junior-2026-boys,p_4b7c72e64ac2,25,True,83,12,finished,True,64,62.5,11,
aichi-ga-junior-2026-boys,p_135f805500ea,25,True,83,12,finished,True,64,62.5,11,
aichi-ga-junior-2026-boys,p_8fa992662bdc,25,True,83,12,finished,True,64,62.5,11,
aichi-ga-junior-2026-boys,p_6779382beac3,25,True,83,12,finished,True,64,62.5,11,
aichi-ga-junior-2026-boys,p_f2f3fd59c0f4,25,True,83,12,finished,True,64,62.5,11,
aichi-ga-junior-2026-boys,p_c5ce326da23e,31,True,84,13,finished,True,64,53.1,12,
aichi-ga-junior-2026-boys,p_8b25fd562170,31,True,84,13,finished,True,64,53.1,12,
aichi-ga-junior-2026-boys,p_bbab4ed2bb9b,33,True,85,14,finished,True,64,50.0,13,
aichi-ga-junior-2026-boys,p_f055086fb32f,33,True,85,14,finished,True,64,50.0,13,
aichi-ga-junior-2026-boys,p_f4dd8c922c9a,35,False,86,15,finished,True,64,46.9,14,
aichi-ga-junior-2026-boys,p_44abdcad8c1b,36,False,87,16,finished,True,64,45.3,15,
aichi-ga-junior-2026-boys,p_961119d2bb9b,37,False,88,17,finished,True,64,43.8,16,
aichi-ga-junior-2026-boys,p_c9f21adde9c8,38,False,90,19,finished,True,64,42.2,18,
aichi-ga-junior-2026-boys,p_169ac2c29fbc,39,False,91,20,finished,True,64,40.6,19,
aichi-ga-junior-2026-boys,p_da5ab5185a33,40,True,92,21,finished,True,64,39.1,20,
aichi-ga-junior-2026-boys,p_47b4eb90e624,40,True,92,21,finished,True,64,39.1,20,
aichi-ga-junior-2026-boys,p_cdbc91230259,42,True,93,22,finished,True,64,35.9,21,
aichi-ga-junior-2026-boys,p_fc664f1522ef,42,True,93,22,finished,True,64,35.9,21,
aichi-ga-junior-2026-boys,p_96dcb8f1ac6f,44,False,94,23,finished,True,64,32.8,22,
aichi-ga-junior-2026-boys,p_5b8be6dc16f2,45,True,95,24,finished,True,64,31.2,23,
aichi-ga-junior-2026-boys,p_0833874779d8,45,True,95,24,finished,True,64,31.2,23,
aichi-ga-junior-2026-boys,p_ad85f009039c,47,False,98,27,finished,True,64,28.1,26,
aichi-ga-junior-2026-boys,p_e1a4369b3521,48,True,101,30,finished,True,64,26.6,29,
aichi-ga-junior-2026-boys,p_c3c19b1fecea,48,True,101,30,finished,True,64,26.6,29,
aichi-ga-junior-2026-boys,p_ee49400ad6c6,48,True,101,30,finished,True,64,26.6,29,
aichi-ga-junior-2026-boys,p_cac22d1ef4d2,51,False,102,31,finished,True,64,21.9,30,
aichi-ga-junior-2026-boys,p_2c583a9a8bc6,52,False,103,32,finished,True,64,20.3,31,
aichi-ga-junior-2026-boys,p_89a567f1d2f4,53,False,104,33,finished,True,64,18.8,32,
aichi-ga-junior-2026-boys,p_588faec6345a,54,False,105,34,finished,True,64,17.2,33,
aichi-ga-junior-2026-boys,p_85cdab5d1bb0,55,False,108,37,finished,True,64,15.6,36,
aichi-ga-junior-2026-boys,p_e0c1ab11c49c,56,False,109,38,finished,True,64,14.1,37,
aichi-ga-junior-2026-boys,p_9206e907f6aa,57,False,111,40,finished,True,64,12.5,39,
aichi-ga-junior-2026-boys,p_4e8f576ddb7c,58,True,112,41,finished,True,64,10.9,40,
aichi-ga-junior-2026-boys,p_658a85330436,58,True,112,41,finished,True,64,10.9,40,
aichi-ga-junior-2026-boys,p_dadccf3bfd3e,60,False,116,45,finished,True,64,7.8,44,
aichi-ga-junior-2026-boys,p_7db3123c6d24,61,False,119,48,finished,True,64,6.2,47,
aichi-ga-junior-2026-boys,p_88e473752070,62,True,120,49,finished,True,64,4.7,48,
aichi-ga-junior-2026-boys,p_d959136ef044,62,True,120,49,finished,True,64,4.7,48,
aichi-ga-junior-2026-boys,p_4743be7fd44c,64,False,124,53,finished,True,64,1.6,52,
aichi-ga-junior-2026-girls,p_a8a76e04c9bf,1,False,67,-4,finished,True,34,100.0,0,
aichi-ga-junior-2026-girls,p_b35c69b4b1eb,2,True,71,0,finished,True,34,97.1,4,
aichi-ga-junior-2026-girls,p_9758182437a7,2,True,71,0,finished,True,34,97.1,4,
aichi-ga-junior-2026-girls,p_155e041d66d4,4,True,72,1,finished,True,34,91.2,5,
aichi-ga-junior-2026-girls,p_a0c33ea52045,4,True,72,1,finished,True,34,91.2,5,
aichi-ga-junior-2026-girls,p_0e0a6d77ea9a,6,False,73,2,finished,True,34,85.3,6,
aichi-ga-junior-2026-girls,p_428bdf84eb8e,7,True,74,3,finished,True,34,82.4,7,
aichi-ga-junior-2026-girls,p_78553065aef5,7,True,74,3,finished,True,34,82.4,7,
aichi-ga-junior-2026-girls,p_25c18c49d9d6,7,True,74,3,finished,True,34,82.4,7,
aichi-ga-junior-2026-girls,p_05d9ddb3360b,10,False,75,4,finished,True,34,73.5,8,
aichi-ga-junior-2026-girls,p_79f519304fc4,11,False,77,6,finished,True,34,70.6,10,
aichi-ga-junior-2026-girls,p_ff16d18f3415,12,True,79,8,finished,True,34,67.6,12,
aichi-ga-junior-2026-girls,p_e19d9ba2cb9a,12,True,79,8,finished,True,34,67.6,12,
aichi-ga-junior-2026-girls,p_1284736e2fd3,14,False,80,9,finished,True,34,61.8,13,
aichi-ga-junior-2026-girls,p_8723d70ad018,15,True,81,10,finished,True,34,58.8,14,
aichi-ga-junior-2026-girls,p_769a023822db,15,True,81,10,finished,True,34,58.8,14,
aichi-ga-junior-2026-girls,p_ac159ca3b2dc,17,False,82,11,finished,True,34,52.9,15,
aichi-ga-junior-2026-girls,p_2293d72baf9f,18,False,84,13,finished,True,34,50.0,17,
aichi-ga-junior-2026-girls,p_31fc89fb7869,19,False,85,14,finished,True,34,47.1,18,
aichi-ga-junior-2026-girls,p_797fa5dd948f,20,False,86,15,finished,True,34,44.1,19,
aichi-ga-junior-2026-girls,p_0ade17c38b7a,21,True,88,17,finished,True,34,41.2,21,
aichi-ga-junior-2026-girls,p_49bf2fc00aec,21,True,88,17,finished,True,34,41.2,21,
aichi-ga-junior-2026-girls,p_76ada54669cc,21,True,88,17,finished,True,34,41.2,21,
aichi-ga-junior-2026-girls,p_b23f490a0b8f,24,False,90,19,finished,True,34,32.4,23,
aichi-ga-junior-2026-girls,p_299b74992ee2,25,True,91,20,finished,True,34,29.4,24,
aichi-ga-junior-2026-girls,p_b52466d953d6,25,True,91,20,finished,True,34,29.4,24,
aichi-ga-junior-2026-girls,p_2c3bfa13ca7b,25,True,91,20,finished,True,34,29.4,24,
aichi-ga-junior-2026-girls,p_4098750cef80,28,False,93,22,finished,True,34,20.6,26,
aichi-ga-junior-2026-girls,p_1245906cf5c8,29,False,97,26,finished,True,34,17.6,30,
aichi-ga-junior-2026-girls,p_cda0cc23b857,30,False,98,27,finished,True,34,14.7,31,
aichi-ga-junior-2026-girls,p_9d22bdc8befd,31,False,99,28,finished,True,34,11.8,32,
aichi-ga-junior-2026-girls,p_1e48c6c5b12f,32,False,107,36,finished,True,34,8.8,40,
aichi-ga-junior-2026-girls,p_6344a833b700,33,False,116,45,finished,True,34,5.9,49,
aichi-ga-junior-2026-girls,p_56c6f09f3ce3,34,False,129,58,finished,True,34,2.9,62,
aichi-ga-womens-amateur-2025-girls,p_57ba0b858ebc,2,False,142,-2,finished,True,47,97.9,,
aichi-ga-womens-amateur-2025-girls,p_0e0a6d77ea9a,3,True,144,0,finished,True,47,95.7,,
aichi-ga-womens-amateur-2025-girls,p_c0bfbb21116f,5,True,146,2,finished,True,47,91.5,,
aichi-ga-womens-amateur-2025-girls,p_87a6c6a4c370,5,True,146,2,finished,True,47,91.5,,
aichi-ga-womens-amateur-2025-girls,p_667b78008a97,7,True,147,3,finished,True,47,87.2,,
aichi-ga-womens-amateur-2025-girls,p_78553065aef5,7,True,147,3,finished,True,47,87.2,,
aichi-ga-womens-amateur-2025-girls,p_17717826902f,11,True,148,4,finished,True,47,78.7,,
aichi-ga-womens-amateur-2025-girls,p_44dc112d0688,11,True,148,4,finished,True,47,78.7,,
aichi-ga-womens-amateur-2025-girls,p_b35c69b4b1eb,11,True,148,4,finished,True,47,78.7,,
aichi-ga-womens-amateur-2025-girls,p_e19d9ba2cb9a,15,True,150,6,finished,True,47,70.2,,
aichi-ga-womens-amateur-2025-girls,p_5a0304df38fe,15,True,150,6,finished,True,47,70.2,,
aichi-ga-womens-amateur-2025-girls,p_9758182437a7,19,True,151,7,finished,True,47,61.7,,
aichi-ga-womens-amateur-2025-girls,p_2293d72baf9f,21,True,152,8,finished,True,47,57.4,,
aichi-ga-womens-amateur-2025-girls,p_79f519304fc4,26,False,154,10,finished,True,47,46.8,,
aichi-ga-womens-amateur-2025-girls,p_769a023822db,27,False,155,11,finished,True,47,44.7,,
aichi-ga-womens-amateur-2025-girls,p_05d9ddb3360b,28,False,157,13,finished,True,47,42.6,,
aichi-ga-womens-amateur-2025-girls,p_155e041d66d4,29,False,158,14,finished,True,47,40.4,,
aichi-ga-womens-amateur-2025-girls,p_8527430121e5,30,False,164,20,finished,True,47,38.3,,
aichi-ga-womens-amateur-2025-girls,p_1c11e4352eda,32,True,167,23,finished,True,47,34.0,,
aichi-ga-womens-amateur-2025-girls,p_a0c33ea52045,32,True,167,23,finished,True,47,34.0,,
aichi-ga-womens-amateur-2025-girls,p_8723d70ad018,36,True,169,25,finished,True,47,25.5,,
aichi-ga-womens-amateur-2025-girls,p_1284736e2fd3,38,False,172,28,finished,True,47,21.3,,
aichi-ga-womens-amateur-2025-girls,p_ad9ce39a8a67,41,False,180,36,finished,True,47,14.9,,
aichi-ga-womens-amateur-2025-girls,p_9d22bdc8befd,43,False,183,39,finished,True,47,10.6,,
aichi-ga-womens-amateur-2025-girls,p_0ade17c38b7a,44,False,187,43,finished,True,47,8.5,,
aichi-ga-womens-amateur-2025-girls,p_299b74992ee2,45,False,197,53,finished,True,47,6.4,,
aichi-ga-womens-amateur-2025-girls,p_3ba59568c34a,,False,,,wd,True,47,,,
aichi-ga-womens-amateur-2026-girls,p_b35c69b4b1eb,2,False,144,0,finished,True,27,96.3,,
aichi-ga-womens-amateur-2026-girls,p_0e0a6d77ea9a,4,False,147,3,finished,True,27,88.9,,
aichi-ga-womens-amateur-2026-girls,p_ff16d18f3415,6,True,150,6,finished,True,27,81.5,,
aichi-ga-womens-amateur-2026-girls,p_05d9ddb3360b,8,True,152,8,finished,True,27,74.1,,
aichi-ga-womens-amateur-2026-girls,p_e19d9ba2cb9a,12,True,155,11,finished,True,27,59.3,,
aichi-ga-womens-amateur-2026-girls,p_25c18c49d9d6,12,True,155,11,finished,True,27,59.3,,
aichi-ga-womens-amateur-2026-girls,p_769a023822db,15,False,156,12,finished,True,27,48.1,,
aichi-ga-womens-amateur-2026-girls,p_1284736e2fd3,17,False,161,17,finished,True,27,40.7,,
aichi-ga-womens-amateur-2026-girls,p_428bdf84eb8e,19,False,164,20,finished,True,27,33.3,,
aichi-ga-womens-amateur-2026-girls,p_31fc89fb7869,20,True,166,22,finished,True,27,29.6,,
aichi-ga-womens-amateur-2026-girls,p_8723d70ad018,25,False,179,35,finished,True,27,11.1,,
aichi-ga-womens-amateur-2026-girls,p_78553065aef5,,False,,,dns,True,,,,
aichi-ga-womens-amateur-2026-girls,p_2293d72baf9f,,False,,,dns,True,,,,
akita-ga-junior-2026-boys,p_5662d7b3dc98,3,False,96,24,finished,True,8,75.0,,
akita-ga-junior-2026-boys,p_804ddb058da9,5,False,104,32,finished,True,8,50.0,,
akita-ga-junior-2026-boys,p_aa0bebf75611,6,False,104,32,finished,True,8,37.5,,
akita-ga-junior-2026-girls,p_3b8c2f8315e3,1,False,86,14,finished,True,2,100.0,0,
akita-ga-junior-2026-girls,p_ae15523c62c2,2,False,103,31,finished,True,2,50.0,17,
akita-ga-junior-autumn-2025-boys,p_2f3d4cf64f07,1,False,71,-1,finished,True,6,100.0,0,
akita-ga-junior-autumn-2025-boys,p_4ea76e596461,2,False,79,7,finished,True,6,83.3,8,
akita-ga-junior-autumn-2025-boys,p_6b7e104dda9f,3,False,80,8,finished,True,6,66.7,9,
akita-ga-junior-autumn-2025-boys,p_455daddd4a2d,4,False,85,13,finished,True,6,50.0,14,
akita-ga-junior-autumn-2025-boys,p_215fe5d3ac83,5,False,104,32,finished,True,6,33.3,33,
akita-ga-junior-autumn-2025-boys,p_aa0bebf75611,6,False,116,44,finished,True,6,16.7,45,
akita-ga-junior-autumn-2025-girls,p_b0f0fb422663,1,False,73,1,finished,True,7,100.0,0,
akita-ga-junior-autumn-2025-girls,p_4d757c1f5a06,2,False,80,8,finished,True,7,85.7,7,
akita-ga-junior-autumn-2025-girls,p_228908214ba8,3,False,85,13,finished,True,7,71.4,12,
akita-ga-junior-autumn-2025-girls,p_819825802723,4,False,88,16,finished,True,7,57.1,15,
akita-ga-junior-autumn-2025-girls,p_3b8c2f8315e3,5,False,91,19,finished,True,7,42.9,18,
akita-ga-junior-autumn-2025-girls,p_957355fda95c,6,False,104,32,finished,True,7,28.6,31,
akita-ga-junior-autumn-2025-girls,p_586479608f93,7,False,104,32,finished,True,7,14.3,31,
akita-ga-junior-autumn-2025-girls,p_3b7a727a6065,,False,,,dns,True,,,,
akita-ga-kenmin-sports-2025-girls,p_5bad5f0d866f,2,False,177,33,finished,True,8,87.5,,
aomori-ga-amateur-2025-boys,p_4f4be5889c14,2,False,148,4,finished,True,79,98.7,,
aomori-ga-amateur-2025-boys,p_721e521655ba,6,False,151,7,finished,True,79,93.7,,
aomori-ga-amateur-2025-boys,p_763ad27a9a5d,9,False,153,9,finished,True,79,89.9,,
aomori-ga-amateur-2025-boys,p_15507192932b,15,False,157,13,finished,True,79,82.3,,
aomori-ga-amateur-2025-boys,p_3a8531d7079c,48,False,172,28,finished,True,79,40.5,,
aomori-ga-amateur-2025-boys,p_ff6fb445101c,76,False,187,43,finished,True,79,5.1,,
aomori-ga-amateur-2026-boys,p_763ad27a9a5d,1,False,148,4,finished,True,65,100.0,0,
aomori-ga-amateur-2026-boys,p_721e521655ba,4,False,156,12,finished,True,65,95.4,8,
aomori-ga-amateur-2026-boys,p_3a8531d7079c,8,False,159,15,finished,True,65,89.2,11,
aomori-ga-junior-2025-boys,p_4f4be5889c14,1,False,71,-1,finished,True,6,100.0,0,
aomori-ga-junior-2025-boys,p_3a8531d7079c,2,False,74,2,finished,True,6,83.3,3,
aomori-ga-junior-2025-boys,p_bcc912759895,3,False,75,3,finished,True,6,66.7,4,
aomori-ga-junior-2025-boys,p_721e521655ba,4,False,78,6,finished,True,6,50.0,7,
aomori-ga-junior-2025-boys,p_763ad27a9a5d,5,False,81,9,finished,True,6,33.3,10,
aomori-ga-junior-2025-boys,p_cf10f318c9f9,6,False,129,57,finished,True,6,16.7,58,
aomori-ga-junior-2025-girls,p_0b5d9db7de37,1,False,68,-4,finished,True,8,100.0,0,
aomori-ga-junior-2025-girls,p_657c54e0ce24,2,False,74,2,finished,True,8,87.5,6,
aomori-ga-junior-2025-girls,p_91dae28efdc8,3,False,75,3,finished,True,8,75.0,7,
aomori-ga-junior-2025-girls,p_79194abf276c,4,False,77,5,finished,True,8,62.5,9,
aomori-ga-junior-2025-girls,p_147a89d3dbf1,5,False,78,6,finished,True,8,50.0,10,
aomori-ga-junior-2025-girls,p_c5119c9d51de,6,False,82,10,finished,True,8,37.5,14,
aomori-ga-junior-2025-girls,p_1b8e0394d5a5,7,False,87,15,finished,True,8,25.0,19,
aomori-ga-junior-2025-girls,p_e293f9d44a89,8,False,93,21,finished,True,8,12.5,25,
aomori-ga-junior-2026-boys,p_4f4be5889c14,1,False,70,-2,finished,True,5,100.0,0,
aomori-ga-junior-2026-boys,p_721e521655ba,2,False,75,3,finished,True,5,80.0,5,
aomori-ga-junior-2026-boys,p_3a8531d7079c,3,False,78,6,finished,True,5,60.0,8,
aomori-ga-junior-2026-boys,p_cf10f318c9f9,4,False,111,39,finished,True,5,40.0,41,
aomori-ga-junior-2026-girls,p_147a89d3dbf1,1,False,70,-2,finished,True,6,100.0,0,
aomori-ga-junior-2026-girls,p_0b5d9db7de37,2,False,75,3,finished,True,6,83.3,5,
aomori-ga-junior-2026-girls,p_91dae28efdc8,3,False,77,5,finished,True,6,66.7,7,
aomori-ga-junior-2026-girls,p_79194abf276c,4,False,80,8,finished,True,6,50.0,10,
aomori-ga-junior-2026-girls,p_1b8e0394d5a5,5,False,80,8,finished,True,6,33.3,10,
aomori-ga-junior-2026-girls,p_c5119c9d51de,6,False,83,11,finished,True,6,16.7,13,
aomori-ga-kokusupo-selection-2025-girls,p_0b5d9db7de37,1,False,148,4,finished,True,9,100.0,0,
aomori-ga-kokusupo-selection-2025-girls,p_657c54e0ce24,2,False,151,7,finished,True,9,88.9,3,
aomori-ga-kokusupo-selection-2025-girls,p_147a89d3dbf1,3,False,155,11,finished,True,9,77.8,7,
aomori-ga-kokusupo-selection-2025-girls,p_c5119c9d51de,4,False,156,12,finished,True,9,66.7,8,
aomori-ga-kokusupo-selection-2025-girls,p_79194abf276c,5,False,158,14,finished,True,9,55.6,10,
aomori-ga-kokusupo-selection-2025-girls,p_91dae28efdc8,6,False,161,17,finished,True,9,44.4,13,
aomori-ga-kokusupo-selection-2025-girls,p_1b8e0394d5a5,7,False,168,24,finished,True,9,33.3,20,
aomori-ga-kokusupo-selection-2026-girls,p_147a89d3dbf1,1,False,149,5,finished,True,11,100.0,0,
aomori-ga-kokusupo-selection-2026-girls,p_0b5d9db7de37,4,False,154,10,finished,True,11,72.7,5,
aomori-ga-kokusupo-selection-2026-girls,p_91dae28efdc8,5,False,156,12,finished,True,11,63.6,7,
aomori-ga-kokusupo-selection-2026-girls,p_79194abf276c,6,False,157,13,finished,True,11,54.5,8,
aomori-ga-kokusupo-selection-2026-girls,p_1b8e0394d5a5,7,False,162,18,finished,True,11,45.5,13,
aomori-ga-kokusupo-selection-2026-girls,p_c5119c9d51de,8,False,162,18,finished,True,11,36.4,13,
aomori-ga-tohoku-amateur-qualifier-2025-boys,p_b22173cc5b66,1,False,151,7,finished,True,48,100.0,0,
aomori-ga-tohoku-amateur-qualifier-2025-boys,p_6b7e104dda9f,2,False,157,13,finished,True,48,97.9,6,
aomori-ga-tohoku-amateur-qualifier-2025-boys,p_3cf8a54a479a,5,False,159,15,finished,True,48,91.7,8,
aomori-ga-tohoku-amateur-qualifier-2025-boys,p_bd783b2a6c5d,8,False,163,19,finished,True,48,85.4,12,
aomori-ga-tohoku-amateur-qualifier-2025-boys,p_215fe5d3ac83,12,False,168,24,finished,True,48,77.1,17,
aomori-ga-tohoku-amateur-qualifier-2025-boys,p_4ea76e596461,15,False,170,26,finished,True,48,70.8,19,
aomori-ga-tohoku-amateur-qualifier-2025-boys,p_549255bc7192,47,False,213,69,finished,True,48,4.2,62,
aomori-ga-tohoku-amateur-qualifier-2026-boys,p_4f4be5889c14,1,False,153,9,finished,True,39,100.0,0,
aomori-ga-tohoku-amateur-qualifier-2026-boys,p_763ad27a9a5d,2,False,153,9,finished,True,39,97.4,0,
aomori-ga-tohoku-amateur-qualifier-2026-boys,p_721e521655ba,7,False,158,14,finished,True,39,84.6,5,
aomori-ga-tohoku-amateur-qualifier-2026-boys,p_3a8531d7079c,12,False,163,19,finished,True,39,71.8,10,
aomori-ga-womens-amateur-2025-girls,p_147a89d3dbf1,1,False,144,0,finished,True,11,100.0,0,
aomori-ga-womens-amateur-2025-girls,p_657c54e0ce24,2,False,148,4,finished,True,11,90.9,4,
aomori-ga-womens-amateur-2025-girls,p_91dae28efdc8,3,False,159,15,finished,True,11,81.8,15,
aomori-ga-womens-amateur-2025-girls,p_c5119c9d51de,4,False,160,16,finished,True,11,72.7,16,
aomori-ga-womens-amateur-2025-girls,p_79194abf276c,6,False,161,17,finished,True,11,54.5,17,
aomori-ga-womens-amateur-2025-girls,p_1b8e0394d5a5,10,False,183,39,finished,True,11,18.2,39,
aomori-ga-womens-amateur-2026-girls,p_147a89d3dbf1,1,False,147,3,finished,True,12,100.0,0,
aomori-ga-womens-amateur-2026-girls,p_79194abf276c,4,False,152,8,finished,True,12,75.0,5,
aomori-ga-womens-amateur-2026-girls,p_91dae28efdc8,5,False,155,11,finished,True,12,66.7,8,
aomori-ga-womens-amateur-2026-girls,p_c5119c9d51de,6,False,159,15,finished,True,12,58.3,12,
aomori-ga-womens-amateur-2026-girls,p_1b8e0394d5a5,7,False,162,18,finished,True,12,50.0,15,
aomori-ga-womens-amateur-2026-girls,p_0b5d9db7de37,8,False,164,20,finished,True,12,41.7,17,
aomori-hsgf-shinjin-2025-boys,p_721e521655ba,1,False,75,3,finished,True,5,100.0,0,
aomori-hsgf-shinjin-2025-boys,p_4f4be5889c14,2,False,77,5,finished,True,5,80.0,2,
aomori-hsgf-shinjin-2025-boys,p_763ad27a9a5d,3,False,78,6,finished,True,5,60.0,3,
aomori-hsgf-shinjin-2025-boys,p_3a8531d7079c,4,False,88,16,finished,True,5,40.0,13,
aomori-hsgf-shinjin-2025-boys,p_cf10f318c9f9,5,False,128,56,finished,True,5,20.0,53,
aomori-hsgf-shinjin-2025-girls,p_147a89d3dbf1,1,False,75,3,finished,True,7,100.0,0,
aomori-hsgf-shinjin-2025-girls,p_79194abf276c,2,False,78,6,finished,True,7,85.7,3,
aomori-hsgf-shinjin-2025-girls,p_c5119c9d51de,3,False,82,10,finished,True,7,71.4,7,
aomori-hsgf-shinjin-2025-girls,p_1b8e0394d5a5,4,False,83,11,finished,True,7,57.1,8,
aomori-hsgf-shinjin-2025-girls,p_0b5d9db7de37,5,False,83,11,finished,True,7,42.9,8,
aomori-hsgf-shinjin-2025-girls,p_91dae28efdc8,6,False,86,14,finished,True,7,28.6,11,
aomori-hsgf-shinjin-2026-boys,p_cf10f318c9f9,1,False,102,30,finished,True,4,100.0,0,
aomori-hsgf-shinjin-2026-boys,p_6fa18f3a921d,2,False,148,76,finished,True,4,75.0,46,
aomori-hsgf-shinjin-2026-boys,p_9486a9a33e02,3,False,152,80,finished,True,4,50.0,50,
aomori-hsgf-shinjin-2026-boys,p_97f45d0cf7ce,4,False,159,87,finished,True,4,25.0,57,
aomori-hsgf-shinjin-2026-girls,p_79194abf276c,1,False,85,13,finished,True,2,100.0,0,
aomori-hsgf-shinjin-2026-girls,p_1b8e0394d5a5,2,False,86,14,finished,True,2,50.0,1,
aomori-hsgf-spring-2025-boys,p_2e0fc1069696,1,False,153,9,finished,True,11,100.0,0,
aomori-hsgf-spring-2025-boys,p_c1f15b05f292,2,False,164,20,finished,True,11,90.9,11,
aomori-hsgf-spring-2025-boys,p_6f06fdcfed59,3,False,166,22,finished,True,11,81.8,13,
aomori-hsgf-spring-2025-boys,p_83efc6efd9bc,4,False,166,22,finished,True,11,72.7,13,
aomori-hsgf-spring-2025-boys,p_16a73a8680da,5,False,170,26,finished,True,11,63.6,17,
aomori-hsgf-spring-2025-boys,p_9dcd88eebd5e,6,False,171,27,finished,True,11,54.5,18,
aomori-hsgf-spring-2025-boys,p_10630f415fbd,7,False,224,80,finished,True,11,45.5,71,
aomori-hsgf-spring-2025-boys,p_bf9e7e099430,8,False,245,101,finished,True,11,36.4,92,
aomori-hsgf-spring-2025-boys,p_d3183388a639,9,False,245,101,finished,True,11,27.3,92,
aomori-hsgf-spring-2025-boys,p_b2319a2ca0af,10,False,274,130,finished,True,11,18.2,121,
aomori-hsgf-spring-2025-girls,p_fee6e1b74201,1,False,157,13,finished,True,7,100.0,0,
aomori-hsgf-spring-2025-girls,p_fcb9d7795a8b,2,False,161,17,finished,True,7,85.7,4,
aomori-hsgf-spring-2025-girls,p_41cc624faba5,3,False,166,22,finished,True,7,71.4,9,
aomori-hsgf-spring-2025-girls,p_4ef310a3796d,4,False,170,26,finished,True,7,57.1,13,
aomori-hsgf-spring-2025-girls,p_dbf09501e6c2,5,False,170,26,finished,True,7,42.9,13,
aomori-hsgf-spring-2025-girls,p_c35124b4cf64,6,False,184,40,finished,True,7,28.6,27,
aomori-hsgf-spring-2025-girls,p_d46895de6408,7,False,212,68,finished,True,7,14.3,55,
aomori-hsgf-spring-2026-boys,p_721e521655ba,1,False,154,10,finished,True,5,100.0,0,
aomori-hsgf-spring-2026-boys,p_4f4be5889c14,2,False,156,12,finished,True,5,80.0,2,
aomori-hsgf-spring-2026-boys,p_763ad27a9a5d,3,False,165,21,finished,True,5,60.0,11,
aomori-hsgf-spring-2026-boys,p_3a8531d7079c,4,False,166,22,finished,True,5,40.0,12,
aomori-hsgf-spring-2026-boys,p_cf10f318c9f9,5,False,222,78,finished,True,5,20.0,68,
aomori-hsgf-spring-2026-girls,p_147a89d3dbf1,1,False,149,5,finished,True,6,100.0,0,
aomori-hsgf-spring-2026-girls,p_c5119c9d51de,2,False,158,14,finished,True,6,83.3,9,
aomori-hsgf-spring-2026-girls,p_91dae28efdc8,3,False,158,14,finished,True,6,66.7,9,
aomori-hsgf-spring-2026-girls,p_0b5d9db7de37,4,False,161,17,finished,True,6,50.0,12,
aomori-hsgf-spring-2026-girls,p_79194abf276c,5,False,164,20,finished,True,6,33.3,15,
aomori-hsgf-spring-2026-girls,p_1b8e0394d5a5,6,False,171,27,finished,True,6,16.7,22,
fukui-ga-junior-2025-boys,p_e05feeb59089,1,False,74,2,finished,True,7,100.0,0,
fukui-ga-junior-2025-boys,p_b6c1ea219c4e,2,False,76,4,finished,True,7,85.7,2,
fukui-ga-junior-2025-boys,p_c1c024e6a9dd,3,False,77,5,finished,True,7,71.4,3,
fukui-ga-junior-2025-boys,p_bece0db98927,4,False,78,6,finished,True,7,57.1,4,
fukui-ga-junior-2025-boys,p_9b00387932cf,5,False,82,10,finished,True,7,42.9,8,
fukui-ga-junior-2025-boys,p_ec12b011759d,6,False,84,12,finished,True,7,28.6,10,
fukui-ga-junior-2025-boys,p_9b4bb71dbffe,7,False,84,12,finished,True,7,14.3,10,
fukui-ga-junior-2025-girls,p_2e87de2a2a07,1,False,75,3,finished,True,9,100.0,0,
fukui-ga-junior-2025-girls,p_557afcb73227,2,False,78,6,finished,True,9,88.9,3,
fukui-ga-junior-2025-girls,p_bbf32462f821,3,False,80,8,finished,True,9,77.8,5,
fukui-ga-junior-2025-girls,p_b7c5d81d3dfa,4,False,80,8,finished,True,9,66.7,5,
fukui-ga-junior-2025-girls,p_d0680406192d,5,False,86,14,finished,True,9,55.6,11,
fukui-ga-junior-2025-girls,p_5b98002298ca,6,False,87,15,finished,True,9,44.4,12,
fukui-ga-junior-2025-girls,p_5e4d8b13d9fa,7,False,87,15,finished,True,9,33.3,12,
fukui-ga-junior-2025-girls,p_b5f2a2ef2676,8,False,87,15,finished,True,9,22.2,12,
fukui-ga-junior-2025-girls,p_ce989912f660,9,False,95,23,finished,True,9,11.1,20,
gifu-ga-amateur-2026-boys,p_88591d7275bb,1,False,144,0,finished,True,126,100.0,0,
gifu-ga-junior-2025-boys,p_29a2599f4cfa,1,False,72,0,finished,True,27,100.0,0,
gifu-ga-junior-2025-boys,p_9b7d3523a43e,3,False,75,3,finished,True,27,92.6,3,
gifu-ga-junior-2025-boys,p_1df113bd1ae1,5,False,83,11,finished,True,27,85.2,11,
gifu-ga-junior-2025-boys,p_dbb7bb464828,6,True,83,11,finished,True,27,81.5,11,
gifu-ga-junior-2025-boys,p_ef1465088432,10,False,86,14,finished,True,27,66.7,14,
gifu-ga-junior-2025-boys,p_c047442d03e3,12,True,90,18,finished,True,27,59.3,18,
gifu-ga-junior-2025-boys,p_1df0fef739b5,12,True,90,18,finished,True,27,59.3,18,
gifu-ga-junior-2025-boys,p_d1532ecb885d,14,True,91,19,finished,True,27,51.9,19,
gifu-ga-junior-2025-boys,p_6cda7076efd3,17,False,95,23,finished,True,27,40.7,23,
gifu-ga-junior-2025-boys,p_ac638377bdee,21,True,108,36,finished,True,27,25.9,36,
gifu-ga-junior-2025-boys,p_fe5bd13ae656,21,True,108,36,finished,True,27,25.9,36,
gifu-ga-junior-2025-boys,p_69ea15079a63,23,False,110,38,finished,True,27,18.5,38,
gifu-ga-junior-2025-boys,p_03ea290be4a4,24,False,115,43,finished,True,27,14.8,43,
gifu-ga-junior-2025-girls,p_41aced5b33ac,1,False,74,2,finished,True,28,100.0,0,
gifu-ga-junior-2025-girls,p_ccde6dd52b78,3,False,74,2,finished,True,28,92.9,0,
gifu-ga-junior-2025-girls,p_78ee39141502,4,False,75,3,finished,True,28,89.3,1,
gifu-ga-junior-2025-girls,p_549abe0b2125,5,False,76,4,finished,True,28,85.7,2,
gifu-ga-junior-2025-girls,p_93f584819486,6,True,77,5,finished,True,28,82.1,3,
gifu-ga-junior-2025-girls,p_89ae66db997a,6,True,77,5,finished,True,28,82.1,3,
gifu-ga-junior-2025-girls,p_fd8900e6d1a7,8,True,78,6,finished,True,28,75.0,4,
gifu-ga-junior-2025-girls,p_9d69fe716ab3,8,True,78,6,finished,True,28,75.0,4,
gifu-ga-junior-2025-girls,p_ea31c28351ba,11,False,81,9,finished,True,28,64.3,7,
gifu-ga-junior-2025-girls,p_fbb2726b8d80,14,False,89,17,finished,True,28,53.6,15,
gifu-ga-junior-2025-girls,p_c47dbc0232c7,16,False,91,19,finished,True,28,46.4,17,
gifu-ga-junior-2025-girls,p_57d8ca10b098,17,True,92,20,finished,True,28,42.9,18,
gifu-ga-junior-2025-girls,p_6f082c1f6a00,19,True,93,21,finished,True,28,35.7,19,
gifu-ga-junior-2025-girls,p_8e74f3b48e5d,21,False,102,30,finished,True,28,28.6,28,
gifu-ga-junior-2025-girls,p_d716dc4c8d32,24,False,110,38,finished,True,28,17.9,36,
gifu-ga-junior-2025-girls,p_a638ff64d16c,27,False,139,67,finished,True,28,7.1,65,
gifu-ga-junior-2025-girls,p_6e4ede2c6313,,False,,,dns,True,,,,
gifu-ga-junior-2026-boys,p_46785dba31a4,1,False,71,-1,finished,True,23,100.0,0,
gifu-ga-junior-2026-boys,p_88591d7275bb,2,False,72,0,finished,True,23,95.7,1,
gifu-ga-junior-2026-boys,p_a9f9dc332dc1,6,True,79,7,finished,True,23,78.3,8,
gifu-ga-junior-2026-boys,p_31b7f5700977,8,False,87,15,finished,True,23,69.6,16,
gifu-ga-junior-2026-boys,p_fb0d11a190f3,9,False,88,16,finished,True,23,65.2,17,
gifu-ga-junior-2026-boys,p_b4aee3893b0c,11,False,96,24,finished,True,23,56.5,25,
gifu-ga-junior-2026-boys,p_2b842536d38b,15,False,102,30,finished,True,23,39.1,31,
gifu-ga-junior-2026-boys,p_a3f40d29dc73,19,False,117,45,finished,True,23,21.7,46,
gifu-ga-junior-2026-boys,p_be63d0fdf2c4,20,False,121,49,finished,True,23,17.4,50,
gifu-ga-junior-2026-boys,p_6a4c02c95f52,23,False,147,75,finished,True,23,4.3,76,
gifu-ga-junior-2026-girls,p_9d69fe716ab3,1,False,71,-1,finished,True,32,100.0,0,
gifu-ga-junior-2026-girls,p_93f584819486,3,False,71,-1,finished,True,32,93.8,0,
gifu-ga-junior-2026-girls,p_78ee39141502,4,False,73,1,finished,True,32,90.6,2,
gifu-ga-junior-2026-girls,p_7bf7c69350dd,5,False,75,3,finished,True,32,87.5,4,
gifu-ga-junior-2026-girls,p_aec32e99f29f,6,True,77,5,finished,True,32,84.4,6,
gifu-ga-junior-2026-girls,p_faff0f835d03,10,False,80,8,finished,True,32,71.9,9,
gifu-ga-junior-2026-girls,p_1bad73dc7167,14,False,84,12,finished,True,32,59.4,13,
gifu-ga-junior-2026-girls,p_fbb2726b8d80,15,False,85,13,finished,True,32,56.2,14,
gifu-ga-junior-2026-girls,p_6f082c1f6a00,16,True,86,14,finished,True,32,53.1,15,
gifu-ga-junior-2026-girls,p_368ae7546dec,18,False,92,20,finished,True,32,46.9,21,
gifu-ga-junior-2026-girls,p_80dd87e61c21,19,False,93,21,finished,True,32,43.8,22,
gifu-ga-junior-2026-girls,p_578549beaf27,20,True,96,24,finished,True,32,40.6,25,
gifu-ga-junior-2026-girls,p_c47dbc0232c7,20,True,96,24,finished,True,32,40.6,25,
gifu-ga-junior-2026-girls,p_e216c1f1230f,22,False,97,25,finished,True,32,34.4,26,
gifu-ga-junior-2026-girls,p_d716dc4c8d32,23,True,98,26,finished,True,32,31.2,27,
gifu-ga-junior-2026-girls,p_c1b84e861e96,26,True,104,32,finished,True,32,21.9,33,
gifu-ga-junior-2026-girls,p_52942761703d,30,False,121,49,finished,True,32,9.4,50,
gifu-ga-ladies-2025-girls,p_41aced5b33ac,4,False,144,0,finished,True,31,90.3,,
gifu-ga-ladies-2025-girls,p_93f584819486,6,True,148,4,finished,True,31,83.9,,
gifu-ga-ladies-2025-girls,p_78ee39141502,6,True,148,4,finished,True,31,83.9,,
gifu-ga-ladies-2025-girls,p_9d69fe716ab3,10,True,152,8,finished,True,31,71.0,,
gifu-ga-ladies-2025-girls,p_89ae66db997a,18,False,162,18,finished,True,31,45.2,,
gifu-ga-ladies-2025-girls,p_fd8900e6d1a7,19,False,163,19,finished,True,31,41.9,,
gifu-ga-ladies-2025-girls,p_b6c6a80b952b,28,True,182,38,finished,True,31,12.9,,
gifu-ga-ladies-2025-girls,p_57d8ca10b098,28,True,182,38,finished,True,31,12.9,,
gifu-ga-ladies-2026-girls,p_78ee39141502,6,True,146,2,finished,True,23,78.3,,
gifu-ga-ladies-2026-girls,p_aec32e99f29f,6,True,146,2,finished,True,23,78.3,,
gifu-ga-ladies-2026-girls,p_7bf7c69350dd,8,True,147,3,finished,True,23,69.6,,
gifu-ga-ladies-2026-girls,p_1bad73dc7167,8,True,147,3,finished,True,23,69.6,,
gifu-ga-ladies-2026-girls,p_9d69fe716ab3,8,True,147,3,finished,True,23,69.6,,
gifu-ga-ladies-2026-girls,p_93f584819486,8,True,147,3,finished,True,23,69.6,,
gifu-ga-ladies-2026-girls,p_faff0f835d03,14,False,149,5,finished,True,23,43.5,,
gifu-hsgf-shinjinsen-2025-boys,p_88591d7275bb,1,False,70,-2,finished,True,32,100.0,0,
gifu-hsgf-shinjinsen-2025-boys,p_9aa48c696a56,3,False,72,0,finished,True,32,93.8,2,
gifu-hsgf-shinjinsen-2025-boys,p_17bb91b30f01,15,True,84,12,finished,True,32,56.2,14,
gifu-hsgf-shinjinsen-2025-boys,p_7bdcc086c5a5,15,True,84,12,finished,True,32,56.2,14,
gifu-hsgf-shinjinsen-2025-boys,p_31a9a75e9826,18,True,87,15,finished,True,32,46.9,17,
gifu-hsgf-shinjinsen-2025-boys,p_fb0d11a190f3,18,True,87,15,finished,True,32,46.9,17,
gifu-hsgf-shinjinsen-2025-boys,p_ef1465088432,26,False,104,32,finished,True,32,21.9,34,
gifu-hsgf-shinjinsen-2025-boys,p_be63d0fdf2c4,30,False,134,62,finished,True,32,9.4,64,
gifu-hsgf-shinjinsen-2025-boys,p_a3f40d29dc73,31,False,139,67,finished,True,32,6.2,69,
gifu-hsgf-shinjinsen-2025-girls,p_41aced5b33ac,1,False,70,-2,finished,True,29,100.0,0,
gifu-hsgf-shinjinsen-2025-girls,p_718744be7937,4,False,73,1,finished,True,29,89.7,3,
gifu-hsgf-shinjinsen-2025-girls,p_aec32e99f29f,5,False,75,3,finished,True,29,86.2,5,
gifu-hsgf-shinjinsen-2025-girls,p_9d69fe716ab3,8,False,78,6,finished,True,29,75.9,8,
gifu-hsgf-shinjinsen-2025-girls,p_78ee39141502,9,True,81,9,finished,True,29,72.4,11,
gifu-hsgf-shinjinsen-2025-girls,p_549abe0b2125,11,True,83,11,finished,True,29,65.5,13,
gifu-hsgf-shinjinsen-2025-girls,p_fd8900e6d1a7,11,True,83,11,finished,True,29,65.5,13,
gifu-hsgf-shinjinsen-2025-girls,p_1bad73dc7167,14,False,86,14,finished,True,29,55.2,16,
gifu-hsgf-shinjinsen-2025-girls,p_6f082c1f6a00,18,False,91,19,finished,True,29,41.4,21,
gifu-hsgf-shinjinsen-2025-girls,p_fbb2726b8d80,20,True,95,23,finished,True,29,34.5,25,
gifu-hsgf-shinjinsen-2025-girls,p_80dd87e61c21,22,False,96,24,finished,True,29,27.6,26,
gifu-hsgf-shinjinsen-2025-girls,p_c47dbc0232c7,25,False,107,35,finished,True,29,17.2,37,
gifu-hsgf-shinjinsen-2025-girls,p_d716dc4c8d32,26,False,112,40,finished,True,29,13.8,42,
gunma-ga-junior-2025-boys,p_021345d6f846,1,False,70,-2,finished,True,14,100.0,0,
gunma-ga-junior-2025-boys,p_a7a635ce7930,2,False,72,0,finished,True,14,92.9,2,
gunma-ga-junior-2025-boys,p_f346048c92b7,3,False,72,0,finished,True,14,85.7,2,
gunma-ga-junior-2025-boys,p_06a632c41b66,4,False,81,9,finished,True,14,78.6,11,
gunma-ga-junior-2025-boys,p_7ff660b77701,6,True,81,9,finished,True,14,64.3,11,
gunma-ga-junior-2025-boys,p_ea58c3301dc7,6,True,81,9,finished,True,14,64.3,11,
gunma-ga-junior-2025-boys,p_27a0a02972bb,7,False,82,10,finished,True,14,57.1,12,
gunma-ga-junior-2025-boys,p_c5fb4b19fc40,8,False,86,14,finished,True,14,50.0,16,
gunma-ga-junior-2025-boys,p_fad715bcff72,10,True,88,16,finished,True,14,35.7,18,
gunma-ga-junior-2025-boys,p_09d79d809fca,10,True,88,16,finished,True,14,35.7,18,
gunma-ga-junior-2025-boys,p_c0706c05cb0e,11,False,89,17,finished,True,14,28.6,19,
gunma-ga-junior-2025-boys,p_785fe259b7b8,12,False,103,31,finished,True,14,21.4,33,
gunma-ga-junior-2025-boys,p_e8c768239df5,14,True,105,33,finished,True,14,7.1,35,
gunma-ga-junior-2025-boys,p_94f9a51e18e9,14,True,105,33,finished,True,14,7.1,35,
gunma-ga-junior-2025-girls,p_7742429a92c7,1,False,74,2,finished,True,9,100.0,0,
gunma-ga-junior-2025-girls,p_4750571d30f7,2,False,79,7,finished,True,9,88.9,5,
gunma-ga-junior-2025-girls,p_564dfb7e6ac7,3,False,81,9,finished,True,9,77.8,7,
gunma-ga-junior-2025-girls,p_51c21a049ff5,4,False,82,10,finished,True,9,66.7,8,
gunma-ga-junior-2025-girls,p_adcfe0f643b3,5,False,83,11,finished,True,9,55.6,9,
gunma-ga-junior-2025-girls,p_c0e8269d9598,6,False,89,17,finished,True,9,44.4,15,
gunma-ga-junior-2025-girls,p_22710dc98cb4,7,False,93,21,finished,True,9,33.3,19,
gunma-ga-junior-2025-girls,p_f183befd8306,8,False,100,28,finished,True,9,22.2,26,
gunma-ga-junior-2025-girls,p_0d278d0ccd4a,9,False,128,56,finished,True,9,11.1,54,
gunma-ga-junior-2025-girls,p_04a7a060ed8d,,False,,,dns,True,,,,
gunma-ga-junior-2026-boys,p_a7a635ce7930,1,False,74,2,finished,True,9,100.0,0,
gunma-ga-junior-2026-boys,p_c5fb4b19fc40,2,False,76,4,finished,True,9,88.9,2,
gunma-ga-junior-2026-boys,p_fad715bcff72,3,False,77,5,finished,True,9,77.8,3,
gunma-ga-junior-2026-boys,p_06a632c41b66,5,False,80,8,finished,True,9,55.6,6,
gunma-ga-junior-2026-boys,p_ea58c3301dc7,6,True,82,10,finished,True,9,44.4,8,
gunma-ga-junior-2026-boys,p_e8c768239df5,6,True,85,13,finished,True,9,44.4,11,
gunma-ga-junior-2026-boys,p_7ff660b77701,7,False,87,15,finished,True,9,33.3,13,
gunma-ga-junior-2026-boys,p_09d79d809fca,8,False,88,16,finished,True,9,22.2,14,
gunma-ga-junior-2026-boys,p_785fe259b7b8,,False,100,28,dns,True,,,,
gunma-ga-junior-2026-boys,p_a2bb32b6323c,,False,,,dns,True,,,,
gunma-ga-junior-2026-boys,p_2ef9acd1890d,,False,,,dns,True,,,,
gunma-ga-junior-2026-girls,p_60b89a0cfd46,1,False,84,12,finished,True,8,100.0,0,
gunma-ga-junior-2026-girls,p_c0e8269d9598,2,True,85,13,finished,True,8,87.5,1,
gunma-ga-junior-2026-girls,p_51c21a049ff5,2,True,85,13,finished,True,8,87.5,1,
gunma-ga-junior-2026-girls,p_37bbdf0b9668,4,False,86,14,finished,True,8,62.5,2,
gunma-ga-junior-2026-girls,p_564dfb7e6ac7,5,False,87,15,finished,True,8,50.0,3,
gunma-ga-junior-2026-girls,p_22710dc98cb4,6,False,91,19,finished,True,8,37.5,7,
gunma-ga-junior-2026-girls,p_7775a9bc70d0,7,False,92,20,finished,True,8,25.0,8,
gunma-ga-junior-2026-girls,p_f183befd8306,8,False,94,22,finished,True,8,12.5,10,
gunma-ga-junior-2026-girls,p_adcfe0f643b3,,False,,,dns,True,,,,
gunma-ga-junior-2026-girls,p_04a7a060ed8d,,False,,,dns,True,,,,
ishikawa-ga-junior-2025-boys,p_34f56498e4ea,1,False,93,21,finished,True,5,100.0,0,
ishikawa-ga-junior-2025-boys,p_e06767f4a0e8,2,False,96,24,finished,True,5,80.0,3,
ishikawa-ga-junior-2025-boys,p_abd654018373,3,False,99,27,finished,True,5,60.0,6,
ishikawa-ga-junior-2025-boys,p_b327e4b2b968,4,False,107,35,finished,True,5,40.0,14,
ishikawa-ga-junior-2025-boys,p_003abb3ca6e5,5,False,114,42,finished,True,5,20.0,21,
ishikawa-ga-junior-2025-girls,p_7d55f2434a8e,1,False,68,-4,finished,True,4,100.0,0,
ishikawa-ga-junior-2025-girls,p_180972f16416,2,False,78,6,finished,True,4,75.0,10,
ishikawa-ga-junior-2025-girls,p_158930960485,3,False,89,17,finished,True,4,50.0,21,
ishikawa-ga-junior-2025-girls,p_cd5ce9d9cbe3,4,False,97,25,finished,True,4,25.0,29,
ishikawa-ga-junior-2026-boys,p_abd654018373,1,False,87,15,finished,True,7,100.0,0,
ishikawa-ga-junior-2026-boys,p_526b89951de9,2,False,98,26,finished,True,7,85.7,11,
ishikawa-ga-junior-2026-boys,p_b327e4b2b968,3,False,98,26,finished,True,7,71.4,11,
ishikawa-ga-junior-2026-boys,p_003abb3ca6e5,4,False,107,35,finished,True,7,57.1,20,
ishikawa-ga-junior-2026-boys,p_548750d7d050,5,False,115,43,finished,True,7,42.9,28,
ishikawa-ga-junior-2026-boys,p_4ea9d324092b,6,False,124,52,finished,True,7,28.6,37,
ishikawa-ga-junior-2026-boys,p_452c1a30ee02,7,False,148,76,finished,True,7,14.3,61,
ishikawa-ga-junior-2026-girls,p_180972f16416,1,False,76,4,finished,True,4,100.0,0,
ishikawa-ga-junior-2026-girls,p_7d55f2434a8e,2,False,77,5,finished,True,4,75.0,1,
ishikawa-ga-junior-2026-girls,p_cd5ce9d9cbe3,3,False,78,6,finished,True,4,50.0,2,
ishikawa-ga-junior-2026-girls,p_22972d724c02,4,False,93,21,finished,True,4,25.0,17,
miyagi-ga-amateur-2025-boys,p_70542d7875a5,16,True,154,10,finished,True,60,75.0,,
miyagi-ga-amateur-2025-boys,p_a8271f55de68,19,True,155,11,finished,True,60,70.0,,
miyagi-ga-amateur-2025-boys,p_55cd66805551,22,True,157,13,finished,True,60,65.0,,
miyagi-ga-amateur-2025-boys,p_e27296fec3c8,26,True,162,18,finished,True,60,58.3,,
miyagi-ga-amateur-2025-boys,p_7f9b8a1c4b45,31,False,164,20,finished,True,60,50.0,,
miyagi-ga-amateur-2025-boys,p_b35752d027fb,32,True,165,21,finished,True,60,48.3,,
miyagi-ga-amateur-2025-boys,p_0db5bccb6bbf,38,False,171,27,finished,True,60,38.3,,
miyagi-ga-amateur-2025-boys,p_04631dcca890,49,True,179,35,finished,True,60,20.0,,
miyagi-ga-junior-2025-boys,p_a8271f55de68,1,False,75,3,finished,True,9,100.0,0,
miyagi-ga-junior-2025-boys,p_55cd66805551,2,False,75,3,finished,True,9,88.9,0,
miyagi-ga-junior-2025-boys,p_70542d7875a5,3,False,76,4,finished,True,9,77.8,1,
miyagi-ga-junior-2025-boys,p_b35752d027fb,4,False,78,6,finished,True,9,66.7,3,
miyagi-ga-junior-2025-boys,p_e27296fec3c8,5,False,80,8,finished,True,9,55.6,5,
miyagi-ga-junior-2025-boys,p_7f9b8a1c4b45,6,False,83,11,finished,True,9,44.4,8,
miyagi-ga-junior-2025-boys,p_04631dcca890,7,False,87,15,finished,True,9,33.3,12,
miyagi-ga-junior-2025-boys,p_0db5bccb6bbf,8,False,94,22,finished,True,9,22.2,19,
miyagi-ga-junior-2025-boys,p_9e974f4d03f4,9,False,96,24,finished,True,9,11.1,21,
miyagi-ga-junior-2025-girls,p_b3e0ce2a625f,1,False,71,-1,finished,True,15,100.0,0,
miyagi-ga-junior-2025-girls,p_c83df2ac82c8,2,False,74,2,finished,True,15,93.3,3,
miyagi-ga-junior-2025-girls,p_514cbb0bece9,3,True,75,3,finished,True,15,86.7,4,
miyagi-ga-junior-2025-girls,p_92aaa624664a,3,True,75,3,finished,True,15,86.7,4,
miyagi-ga-junior-2025-girls,p_e35ffca63cf7,5,False,76,4,finished,True,15,73.3,5,
miyagi-ga-junior-2025-girls,p_a979edc49633,6,False,77,5,finished,True,15,66.7,6,
miyagi-ga-junior-2025-girls,p_9ad3d95b7202,7,False,82,10,finished,True,15,60.0,11,
miyagi-ga-junior-2025-girls,p_e3340c422ffb,8,False,83,11,finished,True,15,53.3,12,
miyagi-ga-junior-2025-girls,p_366229228f8c,9,False,84,12,finished,True,15,46.7,13,
miyagi-ga-junior-2025-girls,p_cc363adf8429,10,True,88,16,finished,True,15,40.0,17,
miyagi-ga-junior-2025-girls,p_04c2dcb58da4,10,True,88,16,finished,True,15,40.0,17,
miyagi-ga-junior-2025-girls,p_921f1214c6d9,12,False,90,18,finished,True,15,26.7,19,
miyagi-ga-junior-2025-girls,p_687d8417b034,13,False,91,19,finished,True,15,20.0,20,
miyagi-ga-junior-2025-girls,p_a3f9a185fa81,14,False,97,25,finished,True,15,13.3,26,
miyagi-ga-junior-2025-girls,p_a70b592979b7,,False,,,dns,True,,,,
miyagi-ga-junior-2026-boys,p_1c7428e0f848,1,False,75,3,finished,True,7,100.0,0,
miyagi-ga-junior-2026-boys,p_c577706356af,2,False,76,4,finished,True,7,85.7,1,
miyagi-ga-junior-2026-boys,p_d45ad433a144,3,True,77,5,finished,True,7,71.4,2,
miyagi-ga-junior-2026-boys,p_45e2422b61d1,3,True,77,5,finished,True,7,71.4,2,
miyagi-ga-junior-2026-boys,p_7f9b8a1c4b45,5,False,82,10,finished,True,7,42.9,7,
miyagi-ga-junior-2026-boys,p_b35752d027fb,6,False,84,12,finished,True,7,28.6,9,
miyagi-ga-junior-2026-boys,p_0db5bccb6bbf,7,False,90,18,finished,True,7,14.3,15,
miyagi-ga-junior-2026-boys,p_9e974f4d03f4,,False,,,dns,True,,,,
miyagi-ga-junior-2026-boys,p_04631dcca890,,False,,,dns,True,,,,
miyagi-ga-junior-2026-girls,p_92aaa624664a,1,False,68,-4,finished,True,12,100.0,0,
miyagi-ga-junior-2026-girls,p_051a248c3190,2,False,69,-3,finished,True,12,91.7,1,
miyagi-ga-junior-2026-girls,p_b3e0ce2a625f,3,False,70,-2,finished,True,12,83.3,2,
miyagi-ga-junior-2026-girls,p_a979edc49633,4,False,77,5,finished,True,12,75.0,9,
miyagi-ga-junior-2026-girls,p_366229228f8c,5,False,78,6,finished,True,12,66.7,10,
miyagi-ga-junior-2026-girls,p_921f1214c6d9,6,False,79,7,finished,True,12,58.3,11,
miyagi-ga-junior-2026-girls,p_e3340c422ffb,7,False,81,9,finished,True,12,50.0,13,
miyagi-ga-junior-2026-girls,p_687d8417b034,8,False,85,13,finished,True,12,41.7,17,
miyagi-ga-junior-2026-girls,p_06da30a9e64a,9,False,93,21,finished,True,12,33.3,25,
miyagi-ga-junior-2026-girls,p_e35ffca63cf7,10,False,97,25,finished,True,12,25.0,29,
miyagi-ga-junior-2026-girls,p_f22f27ca4613,11,False,104,32,finished,True,12,16.7,36,
miyagi-ga-junior-2026-girls,p_c8eed8925497,12,False,135,63,finished,True,12,8.3,67,
miyagi-ga-junior-2026-girls,p_b77e19f80167,,False,,,dns,True,,,,
miyagi-ga-junior-2026-girls,p_44bc86c5585c,,False,,,dns,True,,,,
miyagi-ga-kokusupo-selection-2025-boys,p_70542d7875a5,1,False,149,5,finished,True,9,100.0,0,
miyagi-ga-kokusupo-selection-2025-boys,p_55cd66805551,2,False,156,12,finished,True,9,88.9,7,
miyagi-ga-kokusupo-selection-2025-boys,p_e27296fec3c8,4,True,169,25,finished,True,9,66.7,20,
miyagi-ga-kokusupo-selection-2025-boys,p_b35752d027fb,6,False,173,29,finished,True,9,44.4,24,
miyagi-ga-kokusupo-selection-2025-boys,p_04631dcca890,7,False,173,29,finished,True,9,33.3,24,
miyagi-ga-kokusupo-selection-2025-boys,p_7f9b8a1c4b45,8,False,177,33,finished,True,9,22.2,28,
miyagi-ga-kokusupo-selection-2025-boys,p_0db5bccb6bbf,9,False,185,41,finished,True,9,11.1,36,
miyagi-ga-kokusupo-selection-2025-girls,p_b3e0ce2a625f,1,False,147,3,finished,True,25,100.0,0,
miyagi-ga-kokusupo-selection-2025-girls,p_b77e19f80167,2,False,148,4,finished,True,25,96.0,1,
miyagi-ga-kokusupo-selection-2025-girls,p_92aaa624664a,3,True,150,6,finished,True,25,92.0,3,
miyagi-ga-kokusupo-selection-2025-girls,p_c83df2ac82c8,3,True,150,6,finished,True,25,92.0,3,
miyagi-ga-kokusupo-selection-2025-girls,p_514cbb0bece9,8,False,153,9,finished,True,25,72.0,6,
miyagi-ga-kokusupo-selection-2025-girls,p_e35ffca63cf7,9,False,155,11,finished,True,25,68.0,8,
miyagi-ga-kokusupo-selection-2025-girls,p_051a248c3190,10,True,156,12,finished,True,25,64.0,9,
miyagi-ga-kokusupo-selection-2025-girls,p_9fb05ff58aaf,12,True,158,14,finished,True,25,56.0,11,
miyagi-ga-kokusupo-selection-2025-girls,p_a979edc49633,14,False,159,15,finished,True,25,48.0,12,
miyagi-ga-kokusupo-selection-2025-girls,p_44bc86c5585c,15,False,160,16,finished,True,25,44.0,13,
miyagi-ga-kokusupo-selection-2025-girls,p_a70b592979b7,18,False,170,26,finished,True,25,32.0,23,
miyagi-ga-kokusupo-selection-2025-girls,p_cc363adf8429,19,False,171,27,finished,True,25,28.0,24,
miyagi-ga-kokusupo-selection-2025-girls,p_687d8417b034,20,False,172,28,finished,True,25,24.0,25,
miyagi-ga-kokusupo-selection-2025-girls,p_e3340c422ffb,21,False,173,29,finished,True,25,20.0,26,
miyagi-ga-kokusupo-selection-2025-girls,p_9ad3d95b7202,22,False,176,32,finished,True,25,16.0,29,
miyagi-ga-kokusupo-selection-2025-girls,p_04c2dcb58da4,23,False,179,35,finished,True,25,12.0,32,
miyagi-ga-kokusupo-selection-2025-girls,p_366229228f8c,24,False,182,38,finished,True,25,8.0,35,
miyagi-ga-kokusupo-selection-2025-girls,p_921f1214c6d9,25,False,188,44,finished,True,25,4.0,41,
miyagi-ga-kokusupo-selection-2026-boys,p_c577706356af,1,False,145,1,finished,True,9,100.0,0,
miyagi-ga-kokusupo-selection-2026-boys,p_7f9b8a1c4b45,3,False,159,15,finished,True,9,77.8,14,
miyagi-ga-kokusupo-selection-2026-boys,p_1c7428e0f848,4,False,164,20,finished,True,9,66.7,19,
miyagi-ga-kokusupo-selection-2026-boys,p_d45ad433a144,5,True,167,23,finished,True,9,55.6,22,
miyagi-ga-kokusupo-selection-2026-boys,p_b35752d027fb,5,True,167,23,finished,True,9,55.6,22,
miyagi-ga-kokusupo-selection-2026-boys,p_0db5bccb6bbf,7,False,173,29,finished,True,9,33.3,28,
miyagi-ga-kokusupo-selection-2026-boys,p_04631dcca890,8,False,185,41,finished,True,9,22.2,40,
miyagi-ga-kokusupo-selection-2026-boys,p_9e974f4d03f4,9,False,188,44,finished,True,9,11.1,43,
miyagi-ga-kokusupo-selection-2026-girls,p_92aaa624664a,1,True,149,5,finished,True,21,100.0,0,
miyagi-ga-kokusupo-selection-2026-girls,p_051a248c3190,5,True,154,10,finished,True,21,81.0,5,
miyagi-ga-kokusupo-selection-2026-girls,p_44bc86c5585c,5,True,154,10,finished,True,21,81.0,5,
miyagi-ga-kokusupo-selection-2026-girls,p_a979edc49633,11,False,157,13,finished,True,21,52.4,8,
miyagi-ga-kokusupo-selection-2026-girls,p_921f1214c6d9,12,False,160,16,finished,True,21,47.6,11,
miyagi-ga-kokusupo-selection-2026-girls,p_b3e0ce2a625f,14,False,164,20,finished,True,21,38.1,15,
miyagi-ga-kokusupo-selection-2026-girls,p_b77e19f80167,15,False,168,24,finished,True,21,33.3,19,
miyagi-ga-kokusupo-selection-2026-girls,p_366229228f8c,16,False,169,25,finished,True,21,28.6,20,
miyagi-ga-kokusupo-selection-2026-girls,p_e3340c422ffb,18,False,179,35,finished,True,21,19.0,30,
miyagi-ga-kokusupo-selection-2026-girls,p_e35ffca63cf7,19,False,180,36,finished,True,21,14.3,31,
miyagi-ga-kokusupo-selection-2026-girls,p_687d8417b034,20,False,185,41,finished,True,21,9.5,36,
miyagi-ga-womens-amateur-2025-girls,p_9fb05ff58aaf,1,False,145,1,finished,True,20,100.0,0,
miyagi-ga-womens-amateur-2025-girls,p_44bc86c5585c,2,True,154,10,finished,True,20,95.0,9,
miyagi-ga-womens-amateur-2025-girls,p_514cbb0bece9,2,True,154,10,finished,True,20,95.0,9,
miyagi-ga-womens-amateur-2025-girls,p_b77e19f80167,4,False,155,11,finished,True,20,85.0,10,
miyagi-ga-womens-amateur-2025-girls,p_a979edc49633,6,True,159,15,finished,True,20,75.0,14,
miyagi-ga-womens-amateur-2025-girls,p_b3e0ce2a625f,6,True,159,15,finished,True,20,75.0,14,
miyagi-ga-womens-amateur-2025-girls,p_051a248c3190,8,False,160,16,finished,True,20,65.0,15,
miyagi-ga-womens-amateur-2025-girls,p_92aaa624664a,9,True,161,17,finished,True,20,60.0,16,
miyagi-ga-womens-amateur-2025-girls,p_c83df2ac82c8,9,True,161,17,finished,True,20,60.0,16,
miyagi-ga-womens-amateur-2025-girls,p_e35ffca63cf7,11,False,163,19,finished,True,20,50.0,18,
miyagi-ga-womens-amateur-2025-girls,p_e3340c422ffb,12,False,171,27,finished,True,20,45.0,26,
miyagi-ga-womens-amateur-2025-girls,p_366229228f8c,13,True,174,30,finished,True,20,40.0,29,
miyagi-ga-womens-amateur-2025-girls,p_921f1214c6d9,13,True,174,30,finished,True,20,40.0,29,
miyagi-ga-womens-amateur-2025-girls,p_9ad3d95b7202,15,False,177,33,finished,True,20,30.0,32,
miyagi-ga-womens-amateur-2025-girls,p_cc363adf8429,16,False,179,35,finished,True,20,25.0,34,
miyagi-ga-womens-amateur-2025-girls,p_687d8417b034,17,False,183,39,finished,True,20,20.0,38,
miyagi-ga-womens-amateur-2025-girls,p_04c2dcb58da4,19,False,193,49,finished,True,20,10.0,48,
nagano-ga-hokushinetsu-kokusupo-qualifier-2025-boys,p_5d9ef38389c2,1,False,150,6,finished,True,12,100.0,0,
nagano-ga-hokushinetsu-kokusupo-qualifier-2025-boys,p_09e4d055c79b,2,False,151,7,finished,True,12,91.7,1,
nagano-ga-hokushinetsu-kokusupo-qualifier-2025-boys,p_583b72ecc6a1,4,False,158,14,finished,True,12,75.0,8,
nagano-ga-hokushinetsu-kokusupo-qualifier-2025-boys,p_b8a4805f594d,7,False,171,27,finished,True,12,50.0,21,
nagano-ga-hokushinetsu-kokusupo-qualifier-2025-boys,p_a884d4d591f6,8,False,187,43,finished,True,12,41.7,37,
nagano-ga-hokushinetsu-kokusupo-qualifier-2026-boys,p_5d9ef38389c2,1,False,144,0,finished,True,8,100.0,0,
nagano-ga-hokushinetsu-kokusupo-qualifier-2026-boys,p_29331223b494,2,False,153,9,finished,True,8,87.5,9,
nagano-ga-hokushinetsu-kokusupo-qualifier-2026-boys,p_b8a4805f594d,4,False,158,14,finished,True,8,62.5,14,
nagano-ga-hokushinetsu-kokusupo-qualifier-2026-boys,p_6082feb76abc,6,False,162,18,finished,True,8,37.5,18,
nagano-ga-hokushinetsu-kokusupo-qualifier-2026-boys,p_40e136853b6a,7,False,170,26,finished,True,8,25.0,26,
nagano-ga-junior-2025-boys,p_5d9ef38389c2,1,False,76,4,finished,True,4,100.0,0,
nagano-ga-junior-2025-boys,p_eb4b5d7e3fe1,2,False,78,6,finished,True,4,75.0,2,
nagano-ga-junior-2025-boys,p_09e4d055c79b,3,False,79,7,finished,True,4,50.0,3,
nagano-ga-junior-2025-boys,p_a884d4d591f6,4,False,91,19,finished,True,4,25.0,15,
nagano-ga-junior-2025-boys,p_b8a4805f594d,,False,,,dns,True,,,,
nagano-ga-junior-2025-girls,p_cf12b9439eed,1,False,73,1,finished,True,4,100.0,0,
nagano-ga-junior-2025-girls,p_1a99eda76e0e,2,False,79,7,finished,True,4,75.0,6,
nagano-ga-junior-2025-girls,p_a97bd5104623,3,False,79,7,finished,True,4,50.0,6,
nagano-ga-junior-2025-girls,p_c8bab74a3d68,4,False,86,14,finished,True,4,25.0,13,
niigata-ga-junior-2025-boys,p_f745536adfd4,1,False,74,2,finished,True,8,100.0,0,
niigata-ga-junior-2025-boys,p_8eb38dcb00ad,2,False,77,5,finished,True,8,87.5,3,
niigata-ga-junior-2025-boys,p_459003b3afd1,3,False,78,6,finished,True,8,75.0,4,
niigata-ga-junior-2025-boys,p_9b769ae62653,4,False,78,6,finished,True,8,62.5,4,
niigata-ga-junior-2025-boys,p_3cac1f196e4c,5,False,80,8,finished,True,8,50.0,6,
niigata-ga-junior-2025-boys,p_3b10ba57ec3d,6,False,90,18,finished,True,8,37.5,16,
niigata-ga-junior-2025-boys,p_3ff80bf83de2,7,False,92,20,finished,True,8,25.0,18,
niigata-ga-junior-2025-girls,p_1a6e46529ad3,1,False,71,-1,finished,True,10,100.0,0,
niigata-ga-junior-2025-girls,p_badf11f3766a,2,False,76,4,finished,True,10,90.0,5,
niigata-ga-junior-2025-girls,p_518ae4902ea0,3,False,78,6,finished,True,10,80.0,7,
niigata-ga-junior-2025-girls,p_13dcf4592f50,4,False,79,7,finished,True,10,70.0,8,
niigata-ga-junior-2025-girls,p_e5ac0b94fa1c,5,False,80,8,finished,True,10,60.0,9,
niigata-ga-junior-2025-girls,p_85826f911a0b,6,False,84,12,finished,True,10,50.0,13,
niigata-ga-junior-2025-girls,p_18568a45be0f,7,False,84,12,finished,True,10,40.0,13,
niigata-ga-junior-2026-boys,p_14564acee135,1,False,71,-1,finished,True,12,100.0,0,
niigata-ga-junior-2026-boys,p_459003b3afd1,2,False,73,1,finished,True,12,91.7,2,
niigata-ga-junior-2026-boys,p_b47479874dad,3,False,73,1,finished,True,12,83.3,2,
niigata-ga-junior-2026-boys,p_9b769ae62653,4,False,73,1,finished,True,12,75.0,2,
niigata-ga-junior-2026-boys,p_f745536adfd4,5,False,76,4,finished,True,12,66.7,5,
niigata-ga-junior-2026-boys,p_9e56ad4979ba,6,False,81,9,finished,True,12,58.3,10,
niigata-ga-junior-2026-boys,p_a39158daa3a2,7,False,87,15,finished,True,12,50.0,16,
niigata-ga-junior-2026-boys,p_8eb38dcb00ad,8,False,89,17,finished,True,12,41.7,18,
niigata-ga-junior-2026-boys,p_3ff80bf83de2,9,False,90,18,finished,True,12,33.3,19,
niigata-ga-junior-2026-boys,p_3cb18137f87c,10,False,91,19,finished,True,12,25.0,20,
niigata-ga-junior-2026-boys,p_9ec28fe907c2,11,False,95,23,finished,True,12,16.7,24,
niigata-ga-junior-2026-boys,p_3e50f1b8e2c7,12,False,115,43,finished,True,12,8.3,44,
niigata-ga-junior-2026-girls,p_18568a45be0f,1,False,74,2,finished,True,6,100.0,0,
niigata-ga-junior-2026-girls,p_2216ccf8da05,2,False,75,3,finished,True,6,83.3,1,
niigata-ga-junior-2026-girls,p_e5ac0b94fa1c,3,False,75,3,finished,True,6,66.7,1,
niigata-ga-junior-2026-girls,p_518ae4902ea0,4,False,77,5,finished,True,6,50.0,3,
niigata-ga-junior-2026-girls,p_85826f911a0b,5,False,77,5,finished,True,6,33.3,3,
niigata-ga-junior-2026-girls,p_e3ddd9df4754,6,False,80,8,finished,True,6,16.7,6,
niigata-ga-junior-senbatsu-2025-boys,p_459003b3afd1,1,False,78,6,finished,True,14,100.0,0,
niigata-ga-junior-senbatsu-2025-boys,p_fb755f35b93b,2,False,82,10,finished,True,14,92.9,4,
niigata-ga-junior-senbatsu-2025-boys,p_9b769ae62653,3,False,87,15,finished,True,14,85.7,9,
niigata-ga-junior-senbatsu-2025-boys,p_9e56ad4979ba,4,False,89,17,finished,True,14,78.6,11,
niigata-ga-junior-senbatsu-2025-boys,p_4bf87fe94593,5,False,92,20,finished,True,14,71.4,14,
niigata-ga-junior-senbatsu-2025-boys,p_3cac1f196e4c,6,False,93,21,finished,True,14,64.3,15,
niigata-ga-junior-senbatsu-2025-boys,p_f745536adfd4,8,False,96,24,finished,True,14,50.0,18,
niigata-ga-junior-senbatsu-2025-boys,p_4ddd2ed4b646,9,False,100,28,finished,True,14,42.9,22,
niigata-ga-junior-senbatsu-2025-boys,p_3ff80bf83de2,11,False,104,32,finished,True,14,28.6,26,
niigata-ga-junior-senbatsu-2026-boys,p_8eb38dcb00ad,1,False,71,-1,finished,True,14,100.0,0,
niigata-ga-junior-senbatsu-2026-boys,p_459003b3afd1,2,False,80,8,finished,True,14,92.9,9,
niigata-ga-junior-senbatsu-2026-boys,p_14564acee135,3,True,81,9,finished,True,14,85.7,10,
niigata-ga-junior-senbatsu-2026-boys,p_b47479874dad,3,True,81,9,finished,True,14,85.7,10,
niigata-ga-junior-senbatsu-2026-boys,p_9ec28fe907c2,5,True,82,10,finished,True,14,71.4,11,
niigata-ga-junior-senbatsu-2026-boys,p_f745536adfd4,5,True,82,10,finished,True,14,71.4,11,
niigata-ga-junior-senbatsu-2026-boys,p_9b769ae62653,5,True,82,10,finished,True,14,71.4,11,
niigata-ga-junior-senbatsu-2026-boys,p_67603dbbbba9,8,False,90,18,finished,True,14,50.0,19,
niigata-ga-junior-senbatsu-2026-boys,p_9e56ad4979ba,9,True,91,19,finished,True,14,42.9,20,
niigata-ga-junior-senbatsu-2026-boys,p_a79f465d4cf9,9,True,91,19,finished,True,14,42.9,20,
niigata-ga-junior-senbatsu-2026-boys,p_3ff80bf83de2,11,True,94,22,finished,True,14,28.6,23,
niigata-ga-junior-senbatsu-2026-boys,p_3cb18137f87c,11,True,94,22,finished,True,14,28.6,23,
niigata-ga-junior-senbatsu-2026-boys,p_b77753361e22,13,False,99,27,finished,True,14,14.3,28,
niigata-ga-junior-senbatsu-2026-boys,p_3e50f1b8e2c7,14,False,120,48,finished,True,14,7.1,49,
niigata-ga-kanto-junior-qualifier-2025-girls,p_a2dbca258af4,1,False,79,7,finished,True,10,100.0,0,
niigata-ga-kanto-junior-qualifier-2025-girls,p_badf11f3766a,2,False,79,7,finished,True,10,90.0,0,
niigata-ga-kanto-junior-qualifier-2025-girls,p_2216ccf8da05,3,True,81,9,finished,True,10,80.0,2,
niigata-ga-kanto-junior-qualifier-2025-girls,p_7ec06f6166d9,3,True,81,9,finished,True,10,80.0,2,
niigata-ga-kanto-junior-qualifier-2025-girls,p_18568a45be0f,5,False,83,11,finished,True,10,60.0,4,
niigata-ga-kanto-junior-qualifier-2025-girls,p_adbde600e227,6,False,85,13,finished,True,10,50.0,6,
niigata-ga-kanto-junior-qualifier-2025-girls,p_13dcf4592f50,7,True,90,18,finished,True,10,40.0,11,
niigata-ga-kanto-junior-qualifier-2025-girls,p_518ae4902ea0,7,True,90,18,finished,True,10,40.0,11,
niigata-ga-kanto-junior-qualifier-2025-girls,p_85826f911a0b,7,True,90,18,finished,True,10,40.0,11,
niigata-ga-kanto-junior-qualifier-2025-girls,p_87a8bae582fe,10,False,99,27,finished,True,10,10.0,20,
niigata-ga-kanto-junior-qualifier-2026-girls,p_54a1aac8aed1,1,False,71,-1,finished,True,8,100.0,0,
niigata-ga-kanto-junior-qualifier-2026-girls,p_f570e82197b1,2,False,72,0,finished,True,8,87.5,1,
niigata-ga-kanto-junior-qualifier-2026-girls,p_7ceb1a1388ae,3,False,73,1,finished,True,8,75.0,2,
niigata-ga-kanto-junior-qualifier-2026-girls,p_3993b0d00d5a,4,False,74,2,finished,True,8,62.5,3,
niigata-ga-kanto-junior-qualifier-2026-girls,p_1c42244d5419,5,False,78,6,finished,True,8,50.0,7,
niigata-ga-kanto-junior-qualifier-2026-girls,p_e9b01e5fb715,6,False,80,8,finished,True,8,37.5,9,
niigata-ga-kanto-junior-qualifier-2026-girls,p_50fd6a6cc43d,7,False,84,12,finished,True,8,25.0,13,
niigata-ga-kanto-junior-qualifier-2026-girls,p_8e098c9ef12f,8,False,91,19,finished,True,8,12.5,20,
shizuoka-ga-junior-hsa-2026-boys,p_453ee50e903a,1,False,73,1,finished,True,15,100.0,0,
shizuoka-ga-junior-hsa-2026-boys,p_526059829a68,2,False,78,6,finished,True,15,93.3,5,
shizuoka-ga-junior-hsa-2026-boys,p_972dd7b8637a,3,False,81,9,finished,True,15,86.7,8,
shizuoka-ga-junior-hsa-2026-boys,p_eb49a278163d,4,False,82,10,finished,True,15,80.0,9,
shizuoka-ga-junior-hsa-2026-boys,p_1fc230df1e7b,5,False,83,11,finished,True,15,73.3,10,
shizuoka-ga-junior-hsa-2026-boys,p_f27a874d9d2e,6,False,83,11,finished,True,15,66.7,10,
shizuoka-ga-junior-hsa-2026-boys,p_7f7c9bb06d13,7,False,84,12,finished,True,15,60.0,11,
shizuoka-ga-junior-hsa-2026-boys,p_cce384c1c024,8,False,86,14,finished,True,15,53.3,13,
shizuoka-ga-junior-hsa-2026-boys,p_3b61f7330fc2,9,False,86,14,finished,True,15,46.7,13,
shizuoka-ga-junior-hsa-2026-boys,p_d9f0aef7647a,10,False,88,16,finished,True,15,40.0,15,
shizuoka-ga-junior-hsa-2026-boys,p_e228c5b27ec2,11,False,88,16,finished,True,15,33.3,15,
shizuoka-ga-junior-hsa-2026-boys,p_960959c9deef,12,False,88,16,finished,True,15,26.7,15,
shizuoka-ga-junior-hsa-2026-boys,p_2c1e9d388aa8,13,False,89,17,finished,True,15,20.0,16,
shizuoka-ga-junior-hsa-2026-boys,p_bfd07b0c17df,14,False,93,21,finished,True,15,13.3,20,
shizuoka-ga-junior-hsa-2026-boys,p_7daa7478f64b,15,False,94,22,finished,True,15,6.7,21,
shizuoka-ga-junior-hsa-2026-girls,p_ac159ca3b2dc,1,False,73,1,finished,True,12,100.0,0,
shizuoka-ga-junior-hsa-2026-girls,p_113093af80b4,2,False,74,2,finished,True,12,91.7,1,
shizuoka-ga-junior-hsa-2026-girls,p_b1325bdf15ff,3,False,79,7,finished,True,12,83.3,6,
shizuoka-ga-junior-hsa-2026-girls,p_31fc89fb7869,4,False,80,8,finished,True,12,75.0,7,
shizuoka-ga-junior-hsa-2026-girls,p_3387126a983b,5,False,82,10,finished,True,12,66.7,9,
shizuoka-ga-junior-hsa-2026-girls,p_8b66c53bd24c,6,False,83,11,finished,True,12,58.3,10,
shizuoka-ga-junior-hsa-2026-girls,p_163d999de309,7,False,86,14,finished,True,12,50.0,13,
shizuoka-ga-junior-hsa-2026-girls,p_c2dd7f2837d0,8,False,88,16,finished,True,12,41.7,15,
shizuoka-ga-junior-hsa-2026-girls,p_f2f3882c76fe,9,False,85,13,finished,True,12,33.3,12,
shizuoka-ga-junior-hsa-2026-girls,p_63be4117bc63,10,False,93,21,finished,True,12,25.0,20,
shizuoka-ga-junior-hsa-2026-girls,p_3d704d4a376c,11,False,95,23,finished,True,12,16.7,22,
shizuoka-ga-junior-hsa-2026-girls,p_9dc02346ac81,,False,77,5,finished,True,12,,4,
shizuoka-ga-junior-hsb-2026-boys,p_4d7430f8f7d9,1,False,84,12,finished,True,18,100.0,0,
shizuoka-ga-junior-hsb-2026-boys,p_5dc8d4b20815,2,False,89,17,finished,True,18,94.4,5,
shizuoka-ga-junior-hsb-2026-boys,p_61a7ee42106f,3,False,92,20,finished,True,18,88.9,8,
shizuoka-ga-junior-hsb-2026-boys,p_e0806facd0b8,4,False,93,21,finished,True,18,83.3,9,
shizuoka-ga-junior-hsb-2026-boys,p_8e489240e03f,5,False,94,22,finished,True,18,77.8,10,
shizuoka-ga-junior-hsb-2026-boys,p_fbb72d45253a,6,False,94,22,finished,True,18,72.2,10,
shizuoka-ga-junior-hsb-2026-boys,p_6cf8be7cd99b,7,False,97,25,finished,True,18,66.7,13,
shizuoka-ga-junior-hsb-2026-boys,p_167169c31e90,8,False,97,25,finished,True,18,61.1,13,
shizuoka-ga-junior-hsb-2026-boys,p_a31089262d75,9,False,101,29,finished,True,18,55.6,17,
shizuoka-ga-junior-hsb-2026-boys,p_7b9157b04a1f,10,False,102,30,finished,True,18,50.0,18,
shizuoka-ga-junior-hsb-2026-boys,p_de63fc97b6f5,11,False,102,30,finished,True,18,44.4,18,
shizuoka-ga-junior-hsb-2026-boys,p_b0250678d306,12,False,104,32,finished,True,18,38.9,20,
shizuoka-ga-junior-hsb-2026-boys,p_fc8cfadd6f88,13,False,108,36,finished,True,18,33.3,24,
shizuoka-ga-junior-hsb-2026-boys,p_756035e177b6,14,False,108,36,finished,True,18,27.8,24,
shizuoka-ga-junior-hsb-2026-boys,p_29de0c035617,15,False,109,37,finished,True,18,22.2,25,
shizuoka-ga-junior-hsb-2026-boys,p_afb1177b2ad8,16,False,110,38,finished,True,18,16.7,26,
shizuoka-ga-junior-hsb-2026-boys,p_93e579453da7,17,False,112,40,finished,True,18,11.1,28,
shizuoka-ga-junior-hsb-2026-boys,p_8747d3747d77,18,False,133,61,finished,True,18,5.6,49,
shizuoka-ga-junior-hsb-2026-girls,p_34e2820fc4da,1,False,78,6,finished,True,11,100.0,0,
shizuoka-ga-junior-hsb-2026-girls,p_b8f90e4f065c,2,False,89,17,finished,True,11,90.9,11,
shizuoka-ga-junior-hsb-2026-girls,p_552b0a7a0f7d,3,False,91,19,finished,True,11,81.8,13,
shizuoka-ga-junior-hsb-2026-girls,p_97de2a35bd22,4,False,92,20,finished,True,11,72.7,14,
shizuoka-ga-junior-hsb-2026-girls,p_36cd83c7c3f1,5,False,96,24,finished,True,11,63.6,18,
shizuoka-ga-junior-hsb-2026-girls,p_973ece7a9e9c,6,False,99,27,finished,True,11,54.5,21,
shizuoka-ga-junior-hsb-2026-girls,p_d0d8943c2c9d,7,False,105,33,finished,True,11,45.5,27,
shizuoka-ga-junior-hsb-2026-girls,p_c15e56e4b7c5,8,False,106,34,finished,True,11,36.4,28,
shizuoka-ga-junior-hsb-2026-girls,p_95c1ece21b1f,9,False,108,36,finished,True,11,27.3,30,
shizuoka-ga-junior-hsb-2026-girls,p_e8427c54c5b3,10,False,113,41,finished,True,11,18.2,35,
shizuoka-ga-junior-hsb-2026-girls,p_b82cbb864f70,11,False,118,46,finished,True,11,9.1,40,
tochigi-ga-junior-2026-boys,p_7a6683e3f26b,1,False,68,-4,finished,True,24,100.0,0,
tochigi-ga-junior-2026-boys,p_10189063f636,2,False,71,-1,finished,True,24,95.8,3,
tochigi-ga-junior-2026-boys,p_e4233530308e,3,False,71,-1,finished,True,24,91.7,3,
tochigi-ga-junior-2026-boys,p_3734f3bc49ce,4,False,71,-1,finished,True,24,87.5,3,
tochigi-ga-junior-2026-boys,p_769e9447beef,5,False,71,-1,finished,True,24,83.3,3,
tochigi-ga-junior-2026-boys,p_00e91cfe7a79,6,False,72,0,finished,True,24,79.2,4,
tochigi-ga-junior-2026-boys,p_6c6ca58a3283,7,False,72,0,finished,True,24,75.0,4,
tochigi-ga-junior-2026-boys,p_0fb583ef5a83,8,False,73,1,finished,True,24,70.8,5,
tochigi-ga-junior-2026-boys,p_6cd6c4a894be,9,False,73,1,finished,True,24,66.7,5,
tochigi-ga-junior-2026-boys,p_cbe29f684a58,10,False,74,2,finished,True,24,62.5,6,
tochigi-ga-junior-2026-boys,p_4f1911950617,11,False,75,3,finished,True,24,58.3,7,
tochigi-ga-junior-2026-boys,p_d05f19ab1c37,12,False,75,3,finished,True,24,54.2,7,
tochigi-ga-junior-2026-boys,p_435183ba6ce8,13,False,76,4,finished,True,24,50.0,8,
tochigi-ga-junior-2026-boys,p_ac33a290b64b,14,False,77,5,finished,True,24,45.8,9,
tochigi-ga-junior-2026-boys,p_559d7dff5092,15,False,77,5,finished,True,24,41.7,9,
tochigi-ga-junior-2026-boys,p_d9959c450a0f,16,False,80,8,finished,True,24,37.5,12,
tochigi-ga-junior-2026-boys,p_f81c989ebe7c,17,False,80,8,finished,True,24,33.3,12,
tochigi-ga-junior-2026-boys,p_4dd0a025ed0d,18,False,80,8,finished,True,24,29.2,12,
tochigi-ga-junior-2026-boys,p_b16ef82cdef8,19,False,81,9,finished,True,24,25.0,13,
tochigi-ga-junior-2026-boys,p_3c3644ab8988,20,False,82,10,finished,True,24,20.8,14,
tochigi-ga-junior-2026-boys,p_e6cff97ee795,21,False,82,10,finished,True,24,16.7,14,
tochigi-ga-junior-2026-boys,p_695f8ecc3c45,22,False,82,10,finished,True,24,12.5,14,
tochigi-ga-junior-2026-boys,p_0d732ba9efe7,23,False,82,10,finished,True,24,8.3,14,
tochigi-ga-junior-2026-boys,p_8132b3625e3c,24,False,83,11,finished,True,24,4.2,15,
tochigi-ga-junior-2026-girls,p_d979fa43446c,1,False,71,-1,finished,True,14,100.0,0,
tochigi-ga-junior-2026-girls,p_7aa7b8b4ff03,2,False,72,0,finished,True,14,92.9,1,
tochigi-ga-junior-2026-girls,p_12308451a084,3,False,73,1,finished,True,14,85.7,2,
tochigi-ga-junior-2026-girls,p_26018d8e7787,4,False,74,2,finished,True,14,78.6,3,
tochigi-ga-junior-2026-girls,p_d38f2c7a9e56,5,False,75,3,finished,True,14,71.4,4,
tochigi-ga-junior-2026-girls,p_328e71ef66c6,6,False,78,6,finished,True,14,64.3,7,
tochigi-ga-junior-2026-girls,p_f38cfb0c9813,7,False,79,7,finished,True,14,57.1,8,
tochigi-ga-junior-2026-girls,p_d0cc05e59a7c,8,False,79,7,finished,True,14,50.0,8,
tochigi-ga-junior-2026-girls,p_54be68493874,9,False,80,8,finished,True,14,42.9,9,
tochigi-ga-junior-2026-girls,p_69b3ed46ebaf,10,False,80,8,finished,True,14,35.7,9,
tochigi-ga-junior-2026-girls,p_5dbe81bab19e,11,False,82,10,finished,True,14,28.6,11,
tochigi-ga-junior-2026-girls,p_88663b710ff4,12,False,84,12,finished,True,14,21.4,13,
tochigi-ga-junior-2026-girls,p_22acb7a9e3e7,13,False,89,17,finished,True,14,14.3,18,
tochigi-ga-junior-2026-girls,p_1eabbb62f3f9,14,False,90,18,finished,True,14,7.1,19,
tochigi-ga-kanto-junior-qualifier-2025-boys,p_00e91cfe7a79,1,False,66,-6,finished,True,25,100.0,0,
tochigi-ga-kanto-junior-qualifier-2025-boys,p_780f305c8c0e,2,False,69,-3,finished,True,25,96.0,3,
tochigi-ga-kanto-junior-qualifier-2025-boys,p_6c6ca58a3283,3,True,71,-1,finished,True,25,92.0,5,
tochigi-ga-kanto-junior-qualifier-2025-boys,p_10189063f636,3,True,71,-1,finished,True,25,92.0,5,
tochigi-ga-kanto-junior-qualifier-2025-boys,p_695f8ecc3c45,5,False,72,0,finished,True,25,84.0,6,
tochigi-ga-kanto-junior-qualifier-2025-boys,p_0fb583ef5a83,6,True,73,1,finished,True,25,80.0,7,
tochigi-ga-kanto-junior-qualifier-2025-boys,p_d05f19ab1c37,6,True,73,1,finished,True,25,80.0,7,
tochigi-ga-kanto-junior-qualifier-2025-boys,p_4f1911950617,6,True,73,1,finished,True,25,80.0,7,
tochigi-ga-kanto-junior-qualifier-2025-boys,p_f953babce395,9,True,74,2,finished,True,25,68.0,8,
tochigi-ga-kanto-junior-qualifier-2025-boys,p_fb1c5683fcd2,9,True,74,2,finished,True,25,68.0,8,
tochigi-ga-kanto-junior-qualifier-2025-boys,p_cbe29f684a58,9,True,74,2,finished,True,25,68.0,8,
tochigi-ga-kanto-junior-qualifier-2025-boys,p_7a6683e3f26b,12,True,75,3,finished,True,25,56.0,9,
tochigi-ga-kanto-junior-qualifier-2025-boys,p_ac33a290b64b,12,True,75,3,finished,True,25,56.0,9,
tochigi-ga-kanto-junior-qualifier-2025-boys,p_6cd6c4a894be,14,False,76,4,finished,True,25,48.0,10,
tochigi-ga-kanto-junior-qualifier-2025-boys,p_9fa7b4c1d5ed,15,True,77,5,finished,True,25,44.0,11,
tochigi-ga-kanto-junior-qualifier-2025-boys,p_2cc3378846be,15,True,77,5,finished,True,25,44.0,11,
tochigi-ga-kanto-junior-qualifier-2025-boys,p_3c3644ab8988,15,True,77,5,finished,True,25,44.0,11,
tochigi-ga-kanto-junior-qualifier-2025-boys,p_f81c989ebe7c,18,True,80,8,finished,True,25,32.0,14,
tochigi-ga-kanto-junior-qualifier-2025-boys,p_559d7dff5092,18,True,80,8,finished,True,25,32.0,14,
tochigi-ga-kanto-junior-qualifier-2025-boys,p_435183ba6ce8,20,True,82,10,finished,True,25,24.0,16,
tochigi-ga-kanto-junior-qualifier-2025-boys,p_e6cff97ee795,20,True,82,10,finished,True,25,24.0,16,
tochigi-ga-kanto-junior-qualifier-2025-boys,p_f96b2dd835bc,22,False,84,12,finished,True,25,16.0,18,
tochigi-ga-kanto-junior-qualifier-2025-boys,p_1094dbe54729,23,False,86,14,finished,True,25,12.0,20,
tochigi-ga-kanto-junior-qualifier-2025-boys,p_4dd0a025ed0d,24,False,91,19,finished,True,25,8.0,25,
tochigi-ga-kanto-junior-qualifier-2025-boys,p_0d732ba9efe7,25,False,92,20,finished,True,25,4.0,26,
tochigi-ga-kanto-junior-qualifier-2025-girls,p_88663b710ff4,1,True,74,2,finished,True,7,100.0,0,
tochigi-ga-kanto-junior-qualifier-2025-girls,p_328e71ef66c6,1,True,74,2,finished,True,7,100.0,0,
tochigi-ga-kanto-junior-qualifier-2025-girls,p_687edef328e2,3,False,75,3,finished,True,7,71.4,1,
tochigi-ga-kanto-junior-qualifier-2025-girls,p_26018d8e7787,4,False,76,4,finished,True,7,57.1,2,
tochigi-ga-kanto-junior-qualifier-2025-girls,p_f38cfb0c9813,5,False,80,8,finished,True,7,42.9,6,
tochigi-ga-kanto-junior-qualifier-2025-girls,p_54be68493874,6,False,82,10,finished,True,7,28.6,8,
tochigi-ga-kanto-junior-qualifier-2025-girls,p_d48ab5873d15,7,False,85,13,finished,True,7,14.3,11,
tochigi-ga-kanto-junior-qualifier-2025-girls,p_1318ee721a39,,False,,,dns,True,,,,
tochigi-ga-kanto-junior-qualifier-2025-girls,p_6aed5e28876d,,False,,,dns,True,,,,
tochigi-ga-kanto-junior-qualifier-2026-boys,p_4f1911950617,1,False,72,0,finished,True,24,100.0,0,
tochigi-ga-kanto-junior-qualifier-2026-boys,p_d05f19ab1c37,2,False,73,1,finished,True,24,95.8,1,
tochigi-ga-kanto-junior-qualifier-2026-boys,p_6c6ca58a3283,3,False,74,2,finished,True,24,91.7,2,
tochigi-ga-kanto-junior-qualifier-2026-boys,p_e4233530308e,4,True,75,3,finished,True,24,87.5,3,
tochigi-ga-kanto-junior-qualifier-2026-boys,p_435183ba6ce8,4,True,75,3,finished,True,24,87.5,3,
tochigi-ga-kanto-junior-qualifier-2026-boys,p_cbe29f684a58,6,True,76,4,finished,True,24,79.2,4,
tochigi-ga-kanto-junior-qualifier-2026-boys,p_769e9447beef,6,True,76,4,finished,True,24,79.2,4,
tochigi-ga-kanto-junior-qualifier-2026-boys,p_00e91cfe7a79,6,True,76,4,finished,True,24,79.2,4,
tochigi-ga-kanto-junior-qualifier-2026-boys,p_559d7dff5092,6,True,76,4,finished,True,24,79.2,4,
tochigi-ga-kanto-junior-qualifier-2026-boys,p_10189063f636,10,True,77,5,finished,True,24,62.5,5,
tochigi-ga-kanto-junior-qualifier-2026-boys,p_695f8ecc3c45,10,True,77,5,finished,True,24,62.5,5,
tochigi-ga-kanto-junior-qualifier-2026-boys,p_db55ad6141d8,12,True,78,6,finished,True,24,54.2,6,
tochigi-ga-kanto-junior-qualifier-2026-boys,p_3734f3bc49ce,12,True,78,6,finished,True,24,54.2,6,
tochigi-ga-kanto-junior-qualifier-2026-boys,p_7a6683e3f26b,12,True,78,6,finished,True,24,54.2,6,
tochigi-ga-kanto-junior-qualifier-2026-boys,p_d9959c450a0f,15,True,80,8,finished,True,24,41.7,8,
tochigi-ga-kanto-junior-qualifier-2026-boys,p_b16ef82cdef8,15,True,80,8,finished,True,24,41.7,8,
tochigi-ga-kanto-junior-qualifier-2026-boys,p_6cd6c4a894be,17,True,83,11,finished,True,24,33.3,11,
tochigi-ga-kanto-junior-qualifier-2026-boys,p_ac33a290b64b,17,True,83,11,finished,True,24,33.3,11,
tochigi-ga-kanto-junior-qualifier-2026-boys,p_4dd0a025ed0d,19,True,86,14,finished,True,24,25.0,14,
tochigi-ga-kanto-junior-qualifier-2026-boys,p_0d732ba9efe7,19,True,86,14,finished,True,24,25.0,14,
tochigi-ga-kanto-junior-qualifier-2026-boys,p_e6cff97ee795,19,True,86,14,finished,True,24,25.0,14,
tochigi-ga-kanto-junior-qualifier-2026-boys,p_3c3644ab8988,22,True,87,15,finished,True,24,12.5,15,
tochigi-ga-kanto-junior-qualifier-2026-boys,p_f81c989ebe7c,22,True,87,15,finished,True,24,12.5,15,
tochigi-ga-kanto-junior-qualifier-2026-boys,p_8132b3625e3c,24,False,92,20,finished,True,24,4.2,20,
tochigi-ga-kanto-junior-qualifier-2026-boys,p_fb1c5683fcd2,,False,,,dns,True,,,,
tochigi-ga-kanto-junior-qualifier-2026-boys,p_2cc3378846be,,False,,,dns,True,,,,
tochigi-ga-kanto-junior-qualifier-2026-girls,p_328e71ef66c6,1,False,70,-2,finished,True,11,100.0,0,
tochigi-ga-kanto-junior-qualifier-2026-girls,p_214cf92b826d,2,False,76,4,finished,True,11,90.9,6,
tochigi-ga-kanto-junior-qualifier-2026-girls,p_54be68493874,3,False,77,5,finished,True,11,81.8,7,
tochigi-ga-kanto-junior-qualifier-2026-girls,p_d38f2c7a9e56,4,False,78,6,finished,True,11,72.7,8,
tochigi-ga-kanto-junior-qualifier-2026-girls,p_26018d8e7787,5,False,79,7,finished,True,11,63.6,9,
tochigi-ga-kanto-junior-qualifier-2026-girls,p_f38cfb0c9813,6,False,80,8,finished,True,11,54.5,10,
tochigi-ga-kanto-junior-qualifier-2026-girls,p_d0cc05e59a7c,7,False,83,11,finished,True,11,45.5,13,
tochigi-ga-kanto-junior-qualifier-2026-girls,p_1eabbb62f3f9,8,False,84,12,finished,True,11,36.4,14,
tochigi-ga-kanto-junior-qualifier-2026-girls,p_69b3ed46ebaf,9,False,88,16,finished,True,11,27.3,18,
tochigi-ga-kanto-junior-qualifier-2026-girls,p_5dbe81bab19e,10,False,90,18,finished,True,11,18.2,20,
tochigi-ga-kanto-junior-qualifier-2026-girls,p_22acb7a9e3e7,11,False,95,23,finished,True,11,9.1,25,
tochigi-ga-kanto-junior-qualifier-2026-girls,p_6aed5e28876d,,False,,,dns,True,,,,
tochigi-ga-kanto-junior-qualifier-2026-girls,p_1318ee721a39,,False,,,dns,True,,,,
ehime-ga-hs-championship-2024-boys,p_87d47e4d1657,1,False,76,4,finished,True,3,100.0,0,
ehime-ga-hs-championship-2024-boys,p_90e1ffc1f5f2,2,False,83,11,finished,True,3,66.7,7,
ehime-ga-hs-championship-2024-boys,p_815372a89a53,3,False,86,14,finished,True,3,33.3,10,
ehime-ga-hs-championship-2024-girls,p_71c39a1b5d65,1,False,74,2,finished,True,1,100.0,0,
ehime-ga-hs-championship-2025-boys,p_87d47e4d1657,1,False,72,0,finished,True,4,100.0,0,
ehime-ga-hs-championship-2025-boys,p_7969886b81d6,2,False,96,24,finished,True,4,75.0,24,
ehime-ga-hs-championship-2025-boys,p_1acd01a14431,3,False,106,34,finished,True,4,50.0,34,
ehime-ga-hs-championship-2025-boys,p_7d1ff7a5acce,4,False,130,58,finished,True,4,25.0,58,
ehime-ga-hs-championship-2025-girls,p_71c39a1b5d65,1,False,74,2,finished,True,1,100.0,0,
ehime-ga-hs-championship-2026-boys,p_521afce35133,1,False,73,1,finished,True,4,100.0,0,
ehime-ga-hs-championship-2026-boys,p_c0e2661f15f9,2,False,75,3,finished,True,4,75.0,2,
ehime-ga-hs-championship-2026-boys,p_7969886b81d6,3,False,90,18,finished,True,4,50.0,17,
ehime-ga-hs-championship-2026-boys,p_255cbd17e5a9,4,False,122,50,finished,True,4,25.0,49,
ehime-ga-hs-championship-2026-girls,p_40f23f5b94ae,1,False,96,24,finished,True,2,100.0,0,
ehime-ga-hs-championship-2026-girls,p_3d95835f2022,2,False,113,41,finished,True,2,50.0,17,
hiroshima-kougoren-championship-2024-boys,p_753184fd0bac,1,False,140,-2,finished,True,24,100.0,0,
hiroshima-kougoren-championship-2024-boys,p_d47083539a5d,2,False,145,3,finished,True,24,95.8,5,
hiroshima-kougoren-championship-2024-boys,p_6e6e3220fa01,3,False,151,9,finished,True,24,91.7,11,
hiroshima-kougoren-championship-2024-boys,p_dfa8ee084760,4,False,153,11,finished,True,24,87.5,13,
hiroshima-kougoren-championship-2024-boys,p_e6b0614d48bf,5,False,154,12,finished,True,24,83.3,14,
hiroshima-kougoren-championship-2024-boys,p_34ccc4a68d34,6,False,154,12,finished,True,24,79.2,14,
hiroshima-kougoren-championship-2024-boys,p_52b06429d9b5,7,False,156,14,finished,True,24,75.0,16,
hiroshima-kougoren-championship-2024-boys,p_3b9fa88d18ba,8,False,159,17,finished,True,24,70.8,19,
hiroshima-kougoren-championship-2024-boys,p_7aa035cc2684,9,False,161,19,finished,True,24,66.7,21,
hiroshima-kougoren-championship-2024-boys,p_15509912e7ce,10,False,162,20,finished,True,24,62.5,22,
hiroshima-kougoren-championship-2024-boys,p_fe3d505a18db,11,False,164,22,finished,True,24,58.3,24,
hiroshima-kougoren-championship-2024-boys,p_a3dde300d943,12,False,165,23,finished,True,24,54.2,25,
hiroshima-kougoren-championship-2024-boys,p_02be3feb9f8e,13,False,173,31,finished,True,24,50.0,33,
hiroshima-kougoren-championship-2024-boys,p_e0084b34a0f8,14,False,174,32,finished,True,24,45.8,34,
hiroshima-kougoren-championship-2024-boys,p_0c03834a0616,15,False,176,34,finished,True,24,41.7,36,
hiroshima-kougoren-championship-2024-boys,p_4770c9def8f1,16,False,177,35,finished,True,24,37.5,37,
hiroshima-kougoren-championship-2024-boys,p_8451c57d6eff,17,False,179,37,finished,True,24,33.3,39,
hiroshima-kougoren-championship-2024-boys,p_2ca19b4126ab,18,False,184,42,finished,True,24,29.2,44,
hiroshima-kougoren-championship-2024-boys,p_4423b99d685e,19,False,187,45,finished,True,24,25.0,47,
hiroshima-kougoren-championship-2024-boys,p_ed59886de430,20,False,190,48,finished,True,24,20.8,50,
hiroshima-kougoren-championship-2024-boys,p_d2c1d66aabb7,21,False,201,59,finished,True,24,16.7,61,
hiroshima-kougoren-championship-2024-boys,p_4397211e1925,22,False,202,60,finished,True,24,12.5,62,
hiroshima-kougoren-championship-2024-boys,p_37684d6e019f,23,False,208,66,finished,True,24,8.3,68,
hiroshima-kougoren-championship-2024-boys,p_2ef568df34fe,,False,,,wd,True,24,,,
hiroshima-kougoren-championship-2024-boys,p_12330b5914e1,,False,,,dns,True,,,,
hiroshima-kougoren-championship-2024-girls,p_c09d3d3e772b,1,False,138,-4,finished,True,16,100.0,0,
hiroshima-kougoren-championship-2024-girls,p_27c8d0f02709,2,False,144,2,finished,True,16,93.8,6,
hiroshima-kougoren-championship-2024-girls,p_b5de60b4af5c,3,False,148,6,finished,True,16,87.5,10,
hiroshima-kougoren-championship-2024-girls,p_cff3cd2cbbc5,4,False,154,12,finished,True,16,81.2,16,
hiroshima-kougoren-championship-2024-girls,p_72f310d8db94,5,False,159,17,finished,True,16,75.0,21,
hiroshima-kougoren-championship-2024-girls,p_d347c7a92912,6,False,160,18,finished,True,16,68.8,22,
hiroshima-kougoren-championship-2024-girls,p_14ad0851c514,7,False,167,25,finished,True,16,62.5,29,
hiroshima-kougoren-championship-2024-girls,p_852b1eac3896,8,False,175,33,finished,True,16,56.2,37,
hiroshima-kougoren-championship-2024-girls,p_b0ece714edb2,9,False,178,36,finished,True,16,50.0,40,
hiroshima-kougoren-championship-2024-girls,p_bbd4e425caae,10,False,178,36,finished,True,16,43.8,40,
hiroshima-kougoren-championship-2024-girls,p_84853e336a84,11,False,187,45,finished,True,16,37.5,49,
hiroshima-kougoren-championship-2024-girls,p_78a0b3c629fb,12,False,187,45,finished,True,16,31.2,49,
hiroshima-kougoren-championship-2024-girls,p_a995a15e3395,13,False,224,82,finished,True,16,25.0,86,
hiroshima-kougoren-championship-2024-girls,p_1cd71de70b89,14,False,232,90,finished,True,16,18.8,94,
hiroshima-kougoren-championship-2024-girls,p_5b11d2615ce3,15,False,312,170,finished,True,16,12.5,174,
hiroshima-kougoren-championship-2024-girls,p_ceb7355d4497,,False,,,wd,True,16,,,
hiroshima-kougoren-championship-2025-boys,p_753184fd0bac,1,False,137,-5,finished,True,24,100.0,0,
hiroshima-kougoren-championship-2025-boys,p_b0c2501c26b2,2,False,139,-3,finished,True,24,95.8,2,
hiroshima-kougoren-championship-2025-boys,p_d47083539a5d,3,False,139,-3,finished,True,24,91.7,2,
hiroshima-kougoren-championship-2025-boys,p_16a0413305b8,4,False,143,1,finished,True,24,87.5,6,
hiroshima-kougoren-championship-2025-boys,p_52b06429d9b5,5,False,145,3,finished,True,24,83.3,8,
hiroshima-kougoren-championship-2025-boys,p_dfa8ee084760,6,False,147,5,finished,True,24,79.2,10,
hiroshima-kougoren-championship-2025-boys,p_34ccc4a68d34,7,False,154,12,finished,True,24,75.0,17,
hiroshima-kougoren-championship-2025-boys,p_6e6e3220fa01,8,False,158,16,finished,True,24,70.8,21,
hiroshima-kougoren-championship-2025-boys,p_4770c9def8f1,9,False,159,17,finished,True,24,66.7,22,
hiroshima-kougoren-championship-2025-boys,p_2ca19b4126ab,10,False,160,18,finished,True,24,62.5,23,
hiroshima-kougoren-championship-2025-boys,p_12330b5914e1,11,False,162,20,finished,True,24,58.3,25,
hiroshima-kougoren-championship-2025-boys,p_7aa035cc2684,12,False,163,21,finished,True,24,54.2,26,
hiroshima-kougoren-championship-2025-boys,p_fe3d505a18db,13,False,166,24,finished,True,24,50.0,29,
hiroshima-kougoren-championship-2025-boys,p_2ef568df34fe,14,False,166,24,finished,True,24,45.8,29,
hiroshima-kougoren-championship-2025-boys,p_4397211e1925,15,False,178,36,finished,True,24,41.7,41,
hiroshima-kougoren-championship-2025-boys,p_d2c1d66aabb7,16,False,186,44,finished,True,24,37.5,49,
hiroshima-kougoren-championship-2025-boys,p_ed59886de430,17,False,186,44,finished,True,24,33.3,49,
hiroshima-kougoren-championship-2025-boys,p_37684d6e019f,18,False,186,44,finished,True,24,29.2,49,
hiroshima-kougoren-championship-2025-boys,p_8451c57d6eff,19,False,188,46,finished,True,24,25.0,51,
hiroshima-kougoren-championship-2025-boys,p_cfcff184dfac,20,False,212,70,finished,True,24,20.8,75,
hiroshima-kougoren-championship-2025-boys,p_9dee11f299cf,21,False,224,82,finished,True,24,16.7,87,
hiroshima-kougoren-championship-2025-boys,p_19868b5680c0,22,False,254,112,finished,True,24,12.5,117,
hiroshima-kougoren-championship-2025-boys,p_f65160bfb162,23,False,306,164,finished,True,24,8.3,169,
hiroshima-kougoren-championship-2025-boys,p_0c03834a0616,,False,,,wd,True,24,,,
hiroshima-kougoren-championship-2025-girls,p_52bde0914c4b,1,False,149,7,finished,True,17,100.0,0,
hiroshima-kougoren-championship-2025-girls,p_b5de60b4af5c,2,False,160,18,finished,True,17,94.1,11,
hiroshima-kougoren-championship-2025-girls,p_b0ece714edb2,3,False,161,19,finished,True,17,88.2,12,
hiroshima-kougoren-championship-2025-girls,p_d347c7a92912,4,False,163,21,finished,True,17,82.4,14,
hiroshima-kougoren-championship-2025-girls,p_72f310d8db94,5,False,164,22,finished,True,17,76.5,15,
hiroshima-kougoren-championship-2025-girls,p_ceb7355d4497,6,False,170,28,finished,True,17,70.6,21,
hiroshima-kougoren-championship-2025-girls,p_bbd4e425caae,7,False,175,33,finished,True,17,64.7,26,
hiroshima-kougoren-championship-2025-girls,p_84853e336a84,8,False,190,48,finished,True,17,58.8,41,
hiroshima-kougoren-championship-2025-girls,p_b93c1ccd8bb2,9,False,196,54,finished,True,17,52.9,47,
hiroshima-kougoren-championship-2025-girls,p_852b1eac3896,10,False,198,56,finished,True,17,47.1,49,
hiroshima-kougoren-championship-2025-girls,p_7ac4670b5c9f,11,False,210,68,finished,True,17,41.2,61,
hiroshima-kougoren-championship-2025-girls,p_08db1131d05e,12,False,213,71,finished,True,17,35.3,64,
hiroshima-kougoren-championship-2025-girls,p_1cd71de70b89,13,False,219,77,finished,True,17,29.4,70,
hiroshima-kougoren-championship-2025-girls,p_5ba63580df6d,14,False,221,79,finished,True,17,23.5,72,
hiroshima-kougoren-championship-2025-girls,p_3816dfbb882e,15,False,230,88,finished,True,17,17.6,81,
hiroshima-kougoren-championship-2025-girls,p_7e2f6e8aef0b,,False,,,wd,True,17,,,
hiroshima-kougoren-championship-2025-girls,p_cff3cd2cbbc5,,False,,,wd,True,17,,,
hiroshima-kougoren-championship-2026-boys,p_b0c2501c26b2,1,False,132,-10,finished,True,28,100.0,0,
hiroshima-kougoren-championship-2026-boys,p_16a0413305b8,2,False,136,-6,finished,True,28,96.4,4,
hiroshima-kougoren-championship-2026-boys,p_6e6e3220fa01,3,False,137,-5,finished,True,28,92.9,5,
hiroshima-kougoren-championship-2026-boys,p_34ccc4a68d34,4,False,148,6,finished,True,28,89.3,16,
hiroshima-kougoren-championship-2026-boys,p_f1f23c5e1ab5,5,False,150,8,finished,True,28,85.7,18,
hiroshima-kougoren-championship-2026-boys,p_a4a378bc7ad9,6,False,158,16,finished,True,28,82.1,26,
hiroshima-kougoren-championship-2026-boys,p_4770c9def8f1,7,False,159,17,finished,True,28,78.6,27,
hiroshima-kougoren-championship-2026-boys,p_e837a240553e,8,False,163,21,finished,True,28,75.0,31,
hiroshima-kougoren-championship-2026-boys,p_4397211e1925,9,False,166,24,finished,True,28,71.4,34,
hiroshima-kougoren-championship-2026-boys,p_12330b5914e1,10,False,168,26,finished,True,28,67.9,36,
hiroshima-kougoren-championship-2026-boys,p_475f26458c45,11,False,172,30,finished,True,28,64.3,40,
hiroshima-kougoren-championship-2026-boys,p_27f3e5d28f2a,12,False,174,32,finished,True,28,60.7,42,
hiroshima-kougoren-championship-2026-boys,p_37684d6e019f,13,False,177,35,finished,True,28,57.1,45,
hiroshima-kougoren-championship-2026-boys,p_cfcff184dfac,14,False,186,44,finished,True,28,53.6,54,
hiroshima-kougoren-championship-2026-boys,p_04abf85eda64,15,False,193,51,finished,True,28,50.0,61,
hiroshima-kougoren-championship-2026-boys,p_ede311f6fbfe,16,False,194,52,finished,True,28,46.4,62,
hiroshima-kougoren-championship-2026-boys,p_7a2528d5c487,17,False,195,53,finished,True,28,42.9,63,
hiroshima-kougoren-championship-2026-boys,p_e0bf57470546,18,False,203,61,finished,True,28,39.3,71,
hiroshima-kougoren-championship-2026-boys,p_15ee499f1f03,19,False,212,70,finished,True,28,35.7,80,
hiroshima-kougoren-championship-2026-boys,p_e4793d15feee,20,False,219,77,finished,True,28,32.1,87,
hiroshima-kougoren-championship-2026-boys,p_71113fd5010d,21,False,253,111,finished,True,28,28.6,121,
hiroshima-kougoren-championship-2026-boys,p_283ed121dd41,22,False,264,122,finished,True,28,25.0,132,
hiroshima-kougoren-championship-2026-boys,p_d177b3235db4,23,False,292,150,finished,True,28,21.4,160,
hiroshima-kougoren-championship-2026-boys,p_d453894da08e,24,False,299,157,finished,True,28,17.9,167,
hiroshima-kougoren-championship-2026-boys,p_96c861cbf8b3,25,False,302,160,finished,True,28,14.3,170,
hiroshima-kougoren-championship-2026-boys,p_d627917d611b,26,False,316,174,finished,True,28,10.7,184,
hiroshima-kougoren-championship-2026-boys,p_3b9b1b0ba278,,False,,,wd,True,28,,,
hiroshima-kougoren-championship-2026-boys,p_f65160bfb162,,False,,,wd,True,28,,,
hiroshima-kougoren-championship-2026-girls,p_dbe29c24f349,1,False,144,2,finished,True,21,100.0,0,
hiroshima-kougoren-championship-2026-girls,p_52bde0914c4b,2,False,144,2,finished,True,21,95.2,0,
hiroshima-kougoren-championship-2026-girls,p_72f310d8db94,3,False,152,10,finished,True,21,90.5,8,
hiroshima-kougoren-championship-2026-girls,p_5bcd45e2f9cf,4,False,155,13,finished,True,21,85.7,11,
hiroshima-kougoren-championship-2026-girls,p_b5de60b4af5c,5,False,156,14,finished,True,21,81.0,12,
hiroshima-kougoren-championship-2026-girls,p_d347c7a92912,6,False,162,20,finished,True,21,76.2,18,
hiroshima-kougoren-championship-2026-girls,p_b0ece714edb2,7,False,170,28,finished,True,21,71.4,26,
hiroshima-kougoren-championship-2026-girls,p_b93c1ccd8bb2,8,False,178,36,finished,True,21,66.7,34,
hiroshima-kougoren-championship-2026-girls,p_30553ce17909,9,False,179,37,finished,True,21,61.9,35,
hiroshima-kougoren-championship-2026-girls,p_852b1eac3896,10,False,181,39,finished,True,21,57.1,37,
hiroshima-kougoren-championship-2026-girls,p_5ba63580df6d,11,False,194,52,finished,True,21,52.4,50,
hiroshima-kougoren-championship-2026-girls,p_08db1131d05e,12,False,198,56,finished,True,21,47.6,54,
hiroshima-kougoren-championship-2026-girls,p_07ab64406efd,13,False,206,64,finished,True,21,42.9,62,
hiroshima-kougoren-championship-2026-girls,p_2679d9ed6546,14,False,211,69,finished,True,21,38.1,67,
hiroshima-kougoren-championship-2026-girls,p_7e2f6e8aef0b,15,False,212,70,finished,True,21,33.3,68,
hiroshima-kougoren-championship-2026-girls,p_25cbdce3db2e,16,False,220,78,finished,True,21,28.6,76,
hiroshima-kougoren-championship-2026-girls,p_19f5a865da0d,17,False,220,78,finished,True,21,23.8,76,
hiroshima-kougoren-championship-2026-girls,p_9169fd6f7bbf,18,False,222,80,finished,True,21,19.0,78,
hiroshima-kougoren-championship-2026-girls,p_03e5eb320ec0,19,False,226,84,finished,True,21,14.3,82,
hiroshima-kougoren-championship-2026-girls,p_ab5446303d64,20,False,232,90,finished,True,21,9.5,88,
hiroshima-kougoren-championship-2026-girls,p_4b5645ce0f24,21,False,282,140,finished,True,21,4.8,138,
hiroshima-kougoren-shinjin-2025-boys,p_6e6e3220fa01,1,False,63,-9,finished,True,17,100.0,0,
hiroshima-kougoren-shinjin-2025-boys,p_b0c2501c26b2,2,False,68,-4,finished,True,17,94.1,5,
hiroshima-kougoren-shinjin-2025-boys,p_16a0413305b8,3,False,68,-4,finished,True,17,88.2,5,
hiroshima-kougoren-shinjin-2025-boys,p_52b06429d9b5,4,False,69,-3,finished,True,17,82.4,6,
hiroshima-kougoren-shinjin-2025-boys,p_34ccc4a68d34,5,False,73,1,finished,True,17,76.5,10,
hiroshima-kougoren-shinjin-2025-boys,p_12330b5914e1,6,False,80,8,finished,True,17,70.6,17,
hiroshima-kougoren-shinjin-2025-boys,p_4397211e1925,7,False,82,10,finished,True,17,64.7,19,
hiroshima-kougoren-shinjin-2025-boys,p_4770c9def8f1,8,False,87,15,finished,True,17,58.8,24,
hiroshima-kougoren-shinjin-2025-boys,p_cfcff184dfac,9,False,92,20,finished,True,17,52.9,29,
hiroshima-kougoren-shinjin-2025-boys,p_04abf85eda64,10,False,99,27,finished,True,17,47.1,36,
hiroshima-kougoren-shinjin-2025-boys,p_3b9b1b0ba278,11,False,99,27,finished,True,17,41.2,36,
hiroshima-kougoren-shinjin-2025-boys,p_15ee499f1f03,12,False,111,39,finished,True,17,35.3,48,
hiroshima-kougoren-shinjin-2025-boys,p_e4793d15feee,13,False,118,46,finished,True,17,29.4,55,
hiroshima-kougoren-shinjin-2025-boys,p_d177b3235db4,14,False,136,64,finished,True,17,23.5,73,
hiroshima-kougoren-shinjin-2025-boys,p_283ed121dd41,15,False,151,79,finished,True,17,17.6,88,
hiroshima-kougoren-shinjin-2025-boys,p_96c861cbf8b3,16,False,152,80,finished,True,17,11.8,89,
hiroshima-kougoren-shinjin-2025-boys,p_71113fd5010d,17,False,173,101,finished,True,17,5.9,110,
hiroshima-kougoren-shinjin-2025-boys,p_03cfb346a51d,,False,,,dns,True,,,,
hiroshima-kougoren-shinjin-2025-boys,p_d627917d611b,,False,,,dns,True,,,,
hiroshima-kougoren-shinjin-2025-girls,p_72f310d8db94,1,False,74,2,finished,True,13,100.0,0,
hiroshima-kougoren-shinjin-2025-girls,p_b5de60b4af5c,2,False,78,6,finished,True,13,92.3,4,
hiroshima-kougoren-shinjin-2025-girls,p_d347c7a92912,3,False,79,7,finished,True,13,84.6,5,
hiroshima-kougoren-shinjin-2025-girls,p_b0ece714edb2,4,False,85,13,finished,True,13,76.9,11,
hiroshima-kougoren-shinjin-2025-girls,p_5ba63580df6d,5,False,90,18,finished,True,13,69.2,16,
hiroshima-kougoren-shinjin-2025-girls,p_7ac4670b5c9f,6,False,92,20,finished,True,13,61.5,18,
hiroshima-kougoren-shinjin-2025-girls,p_852b1eac3896,7,False,95,23,finished,True,13,53.8,21,
hiroshima-kougoren-shinjin-2025-girls,p_7e2f6e8aef0b,8,False,100,28,finished,True,13,46.2,26,
hiroshima-kougoren-shinjin-2025-girls,p_03e5eb320ec0,9,False,103,31,finished,True,13,38.5,29,
hiroshima-kougoren-shinjin-2025-girls,p_08db1131d05e,10,False,104,32,finished,True,13,30.8,30,
hiroshima-kougoren-shinjin-2025-girls,p_ab5446303d64,11,False,116,44,finished,True,13,23.1,42,
hiroshima-kougoren-shinjin-2025-girls,p_2679d9ed6546,12,False,129,57,finished,True,13,15.4,55,
hiroshima-kougoren-shinjin-2025-girls,p_a28b2c84af5d,13,False,168,96,finished,True,13,7.7,94,
hiroshima-kougoren-summer-2025-boys,p_753184fd0bac,1,False,138,-6,finished,True,21,100.0,0,
hiroshima-kougoren-summer-2025-boys,p_16a0413305b8,2,False,140,-4,finished,True,21,95.2,2,
hiroshima-kougoren-summer-2025-boys,p_6e6e3220fa01,3,False,147,3,finished,True,21,90.5,9,
hiroshima-kougoren-summer-2025-boys,p_52b06429d9b5,4,False,148,4,finished,True,21,85.7,10,
hiroshima-kougoren-summer-2025-boys,p_34ccc4a68d34,5,False,149,5,finished,True,21,81.0,11,
hiroshima-kougoren-summer-2025-boys,p_dfa8ee084760,6,False,153,9,finished,True,21,76.2,15,
hiroshima-kougoren-summer-2025-boys,p_4770c9def8f1,7,False,153,9,finished,True,21,71.4,15,
hiroshima-kougoren-summer-2025-boys,p_d47083539a5d,8,False,154,10,finished,True,21,66.7,16,
hiroshima-kougoren-summer-2025-boys,p_2ca19b4126ab,9,False,157,13,finished,True,21,61.9,19,
hiroshima-kougoren-summer-2025-boys,p_7aa035cc2684,10,False,158,14,finished,True,21,57.1,20,
hiroshima-kougoren-summer-2025-boys,p_12330b5914e1,11,False,162,18,finished,True,21,52.4,24,
hiroshima-kougoren-summer-2025-boys,p_fe3d505a18db,12,False,170,26,finished,True,21,47.6,32,
hiroshima-kougoren-summer-2025-boys,p_4397211e1925,13,False,176,32,finished,True,21,42.9,38,
hiroshima-kougoren-summer-2025-boys,p_2ef568df34fe,14,False,176,32,finished,True,21,38.1,38,
hiroshima-kougoren-summer-2025-boys,p_825ca0021f98,15,False,179,35,finished,True,21,33.3,41,
hiroshima-kougoren-summer-2025-boys,p_ed59886de430,16,False,185,41,finished,True,21,28.6,47,
hiroshima-kougoren-summer-2025-boys,p_cfcff184dfac,17,False,198,54,finished,True,21,23.8,60,
hiroshima-kougoren-summer-2025-boys,p_9dee11f299cf,18,False,209,65,finished,True,21,19.0,71,
hiroshima-kougoren-summer-2025-boys,p_2047968fcdfc,19,False,233,89,finished,True,21,14.3,95,
hiroshima-kougoren-summer-2025-boys,p_3b9b1b0ba278,20,False,239,95,finished,True,21,9.5,101,
hiroshima-kougoren-summer-2025-boys,p_0c03834a0616,,False,,,dq,True,21,,,
hiroshima-kougoren-summer-2025-boys,p_15ee499f1f03,,False,,,dns,True,,,,
hiroshima-kougoren-summer-2025-girls,p_bbd4e425caae,1,False,146,2,finished,True,15,100.0,0,
hiroshima-kougoren-summer-2025-girls,p_b5de60b4af5c,2,False,148,4,finished,True,15,93.3,2,
hiroshima-kougoren-summer-2025-girls,p_d347c7a92912,3,False,154,10,finished,True,15,86.7,8,
hiroshima-kougoren-summer-2025-girls,p_72f310d8db94,4,False,157,13,finished,True,15,80.0,11,
hiroshima-kougoren-summer-2025-girls,p_b0ece714edb2,5,False,158,14,finished,True,15,73.3,12,
hiroshima-kougoren-summer-2025-girls,p_ceb7355d4497,6,False,165,21,finished,True,15,66.7,19,
hiroshima-kougoren-summer-2025-girls,p_852b1eac3896,7,False,173,29,finished,True,15,60.0,27,
hiroshima-kougoren-summer-2025-girls,p_5ba63580df6d,8,False,183,39,finished,True,15,53.3,37,
hiroshima-kougoren-summer-2025-girls,p_08db1131d05e,9,False,189,45,finished,True,15,46.7,43,
hiroshima-kougoren-summer-2025-girls,p_7e2f6e8aef0b,10,False,189,45,finished,True,15,40.0,43,
hiroshima-kougoren-summer-2025-girls,p_84853e336a84,11,False,193,49,finished,True,15,33.3,47,
hiroshima-kougoren-summer-2025-girls,p_7ac4670b5c9f,12,False,196,52,finished,True,15,26.7,50,
hiroshima-kougoren-summer-2025-girls,p_3816dfbb882e,13,False,198,54,finished,True,15,20.0,52,
hiroshima-kougoren-summer-2025-girls,p_1cd71de70b89,14,False,214,70,finished,True,15,13.3,68,
hiroshima-kougoren-summer-2025-girls,p_03e5eb320ec0,15,False,219,75,finished,True,15,6.7,73,
hiroshima-kougoren-summer-2025-girls,p_cff3cd2cbbc5,,False,,,dns,True,,,,
hiroshima-kougoren-summer-2025-girls,p_b93c1ccd8bb2,,False,,,dns,True,,,,
hiroshima-kougoren-summer-2026-boys,p_6e6e3220fa01,1,False,134,-10,finished,True,22,100.0,0,
hiroshima-kougoren-summer-2026-boys,p_34ccc4a68d34,2,False,151,7,finished,True,22,95.5,17,
hiroshima-kougoren-summer-2026-boys,p_a4a378bc7ad9,3,False,154,10,finished,True,22,90.9,20,
hiroshima-kougoren-summer-2026-boys,p_4770c9def8f1,4,False,156,12,finished,True,22,86.4,22,
hiroshima-kougoren-summer-2026-boys,p_e837a240553e,5,False,165,21,finished,True,22,81.8,31,
hiroshima-kougoren-summer-2026-boys,p_f1f23c5e1ab5,6,False,165,21,finished,True,22,77.3,31,
hiroshima-kougoren-summer-2026-boys,p_27f3e5d28f2a,7,False,167,23,finished,True,22,72.7,33,
hiroshima-kougoren-summer-2026-boys,p_4397211e1925,8,False,167,23,finished,True,22,68.2,33,
hiroshima-kougoren-summer-2026-boys,p_12330b5914e1,9,False,168,24,finished,True,22,63.6,34,
hiroshima-kougoren-summer-2026-boys,p_37684d6e019f,10,False,168,24,finished,True,22,59.1,34,
hiroshima-kougoren-summer-2026-boys,p_475f26458c45,11,False,174,30,finished,True,22,54.5,40,
hiroshima-kougoren-summer-2026-boys,p_ede311f6fbfe,12,False,185,41,finished,True,22,50.0,51,
hiroshima-kougoren-summer-2026-boys,p_0edf83739d49,13,False,190,46,finished,True,22,45.5,56,
hiroshima-kougoren-summer-2026-boys,p_7a2528d5c487,14,False,193,49,finished,True,22,40.9,59,
hiroshima-kougoren-summer-2026-boys,p_cfcff184dfac,15,False,194,50,finished,True,22,36.4,60,
hiroshima-kougoren-summer-2026-boys,p_4b8114ad4960,16,False,197,53,finished,True,22,31.8,63,
hiroshima-kougoren-summer-2026-boys,p_3b9b1b0ba278,17,False,204,60,finished,True,22,27.3,70,
hiroshima-kougoren-summer-2026-boys,p_15ee499f1f03,18,False,209,65,finished,True,22,22.7,75,
hiroshima-kougoren-summer-2026-boys,p_283ed121dd41,19,False,225,81,finished,True,22,18.2,91,
hiroshima-kougoren-summer-2026-boys,p_d177b3235db4,20,False,250,106,finished,True,22,13.6,116,
hiroshima-kougoren-summer-2026-boys,p_96c861cbf8b3,21,False,253,109,finished,True,22,9.1,119,
hiroshima-kougoren-summer-2026-boys,p_71113fd5010d,22,False,273,129,finished,True,22,4.5,139,
hiroshima-kougoren-summer-2026-boys,p_2047968fcdfc,,False,,,dns,True,,,,
hiroshima-kougoren-summer-2026-girls,p_d347c7a92912,1,False,145,1,finished,True,19,100.0,0,
hiroshima-kougoren-summer-2026-girls,p_5bcd45e2f9cf,2,False,147,3,finished,True,19,94.7,2,
hiroshima-kougoren-summer-2026-girls,p_dbe29c24f349,3,False,148,4,finished,True,19,89.5,3,
hiroshima-kougoren-summer-2026-girls,p_72f310d8db94,4,False,151,7,finished,True,19,84.2,6,
hiroshima-kougoren-summer-2026-girls,p_a8575802e7a6,5,False,156,12,finished,True,19,78.9,11,
hiroshima-kougoren-summer-2026-girls,p_b0ece714edb2,6,False,158,14,finished,True,19,73.7,13,
hiroshima-kougoren-summer-2026-girls,p_08db1131d05e,7,False,176,32,finished,True,19,68.4,31,
hiroshima-kougoren-summer-2026-girls,p_7ac4670b5c9f,8,False,180,36,finished,True,19,63.2,35,
hiroshima-kougoren-summer-2026-girls,p_5ba63580df6d,9,False,181,37,finished,True,19,57.9,36,
hiroshima-kougoren-summer-2026-girls,p_2679d9ed6546,10,False,185,41,finished,True,19,52.6,40,
hiroshima-kougoren-summer-2026-girls,p_852b1eac3896,11,False,191,47,finished,True,19,47.4,46,
hiroshima-kougoren-summer-2026-girls,p_19f5a865da0d,12,False,198,54,finished,True,19,42.1,53,
hiroshima-kougoren-summer-2026-girls,p_7e2f6e8aef0b,13,False,198,54,finished,True,19,36.8,53,
hiroshima-kougoren-summer-2026-girls,p_07ab64406efd,14,False,200,56,finished,True,19,31.6,55,
hiroshima-kougoren-summer-2026-girls,p_03e5eb320ec0,15,False,205,61,finished,True,19,26.3,60,
hiroshima-kougoren-summer-2026-girls,p_25cbdce3db2e,16,False,208,64,finished,True,19,21.1,63,
hiroshima-kougoren-summer-2026-girls,p_9169fd6f7bbf,17,False,210,66,finished,True,19,15.8,65,
hiroshima-kougoren-summer-2026-girls,p_ab5446303d64,18,False,214,70,finished,True,19,10.5,69,
hiroshima-kougoren-summer-2026-girls,p_4b5645ce0f24,19,False,233,89,finished,True,19,5.3,88,
hiroshima-kougoren-summer-2026-girls,p_b5de60b4af5c,,False,,,dns,True,,,,
kagawa-kougoren-kokusupo-boys-selection-2025-boys,p_c1b4deac019f,1,False,139,,finished,True,6,100.0,0,
kagawa-kougoren-kokusupo-boys-selection-2025-boys,p_72cfdc309bed,2,False,141,,finished,True,6,83.3,2,
kagawa-kougoren-kokusupo-boys-selection-2025-boys,p_2843bcacabd9,3,False,149,,finished,True,6,66.7,10,
kagawa-kougoren-kokusupo-boys-selection-2025-boys,p_47822cb28bb7,4,False,152,,finished,True,6,50.0,13,
kagawa-kougoren-kokusupo-boys-selection-2025-boys,p_6cb41a9912ea,5,False,167,,finished,True,6,33.3,28,
kagawa-kougoren-kokusupo-boys-selection-2025-boys,p_f9a9bd5d517c,6,False,169,,finished,True,6,16.7,30,
kagawa-kougoren-kokusupo-boys-selection-2026-boys,p_3ef238249494,1,True,152,,finished,True,6,100.0,0,
kagawa-kougoren-kokusupo-boys-selection-2026-boys,p_4ecd8d4cf4c5,1,True,152,,finished,True,6,100.0,0,
kagawa-kougoren-kokusupo-boys-selection-2026-boys,p_f9a9bd5d517c,3,False,154,,finished,True,6,66.7,2,
kagawa-kougoren-kokusupo-boys-selection-2026-boys,p_6cb41a9912ea,4,False,159,,finished,True,6,50.0,7,
kagawa-kougoren-kokusupo-boys-selection-2026-boys,p_47822cb28bb7,5,False,160,,finished,True,6,33.3,8,
kagawa-kougoren-kokusupo-boys-selection-2026-boys,p_d1a2b31131ea,6,False,176,,finished,True,6,16.7,24,
kagawa-kougoren-sotai-2024-boys,p_72cfdc309bed,1,False,72,0,finished,True,7,100.0,0,
kagawa-kougoren-sotai-2024-boys,p_8e91bcb4c5b5,2,False,73,1,finished,True,7,85.7,1,
kagawa-kougoren-sotai-2024-boys,p_c1b4deac019f,3,False,80,8,finished,True,7,71.4,8,
kagawa-kougoren-sotai-2024-boys,p_1a2878250232,4,False,82,10,finished,True,7,57.1,10,
kagawa-kougoren-sotai-2024-boys,p_4ecd8d4cf4c5,5,False,84,12,finished,True,7,42.9,12,
kagawa-kougoren-sotai-2024-boys,p_1115ff4520dd,6,False,86,14,finished,True,7,28.6,14,
kagawa-kougoren-sotai-2024-boys,p_18dbc1d838c1,7,False,100,28,finished,True,7,14.3,28,
kagawa-kougoren-sotai-2024-girls,p_2e6f46827f63,1,False,73,1,finished,True,4,100.0,0,
kagawa-kougoren-sotai-2024-girls,p_5c86d778864a,2,False,80,8,finished,True,4,75.0,7,
kagawa-kougoren-sotai-2024-girls,p_b3f638bfebf5,3,False,89,17,finished,True,4,50.0,16,
kagawa-kougoren-sotai-2024-girls,p_9932421e4c06,4,False,95,23,finished,True,4,25.0,22,
kagawa-kougoren-sotai-2025-boys,p_2857ae6fb5e0,1,False,76,4,finished,True,7,100.0,0,
kagawa-kougoren-sotai-2025-boys,p_72cfdc309bed,2,False,78,6,finished,True,7,85.7,2,
kagawa-kougoren-sotai-2025-boys,p_c1b4deac019f,3,True,81,9,finished,True,7,71.4,5,
kagawa-kougoren-sotai-2025-boys,p_47822cb28bb7,3,True,81,9,finished,True,7,71.4,5,
kagawa-kougoren-sotai-2025-boys,p_6cb41a9912ea,5,False,84,12,finished,True,7,42.9,8,
kagawa-kougoren-sotai-2025-boys,p_4ecd8d4cf4c5,6,False,85,13,finished,True,7,28.6,9,
kagawa-kougoren-sotai-2025-boys,p_fdfd9c3b5887,7,False,118,46,finished,True,7,14.3,42,
kagawa-kougoren-sotai-2025-boys,p_f9a9bd5d517c,,False,,,dns,True,,,,
kagawa-kougoren-sotai-2025-girls,p_5f214604898f,1,False,79,7,finished,True,5,100.0,0,
kagawa-kougoren-sotai-2025-girls,p_2e6f46827f63,2,False,83,11,finished,True,5,80.0,4,
kagawa-kougoren-sotai-2025-girls,p_5c86d778864a,3,False,86,14,finished,True,5,60.0,7,
kagawa-kougoren-sotai-2025-girls,p_2506b5865c86,4,True,88,16,finished,True,5,40.0,9,
kagawa-kougoren-sotai-2025-girls,p_3770f0256961,4,True,89,17,finished,True,5,40.0,10,
kagawa-kougoren-sotai-2026-boys,p_c058bb3e8d1b,1,False,74,2,finished,True,12,100.0,0,
kagawa-kougoren-sotai-2026-boys,p_f9a9bd5d517c,2,False,75,3,finished,True,12,91.7,1,
kagawa-kougoren-sotai-2026-boys,p_2857ae6fb5e0,3,False,77,5,finished,True,12,83.3,3,
kagawa-kougoren-sotai-2026-boys,p_4ecd8d4cf4c5,4,False,79,7,finished,True,12,75.0,5,
kagawa-kougoren-sotai-2026-boys,p_47822cb28bb7,5,True,80,8,finished,True,12,66.7,6,
kagawa-kougoren-sotai-2026-boys,p_6df17f9ee441,5,True,80,8,finished,True,12,66.7,6,
kagawa-kougoren-sotai-2026-boys,p_6cb41a9912ea,7,False,81,9,finished,True,12,50.0,7,
kagawa-kougoren-sotai-2026-boys,p_d1a2b31131ea,8,True,85,13,finished,True,12,41.7,11,
kagawa-kougoren-sotai-2026-boys,p_5ec3537fd525,8,True,85,13,finished,True,12,41.7,11,
kagawa-kougoren-sotai-2026-boys,p_3ef238249494,10,False,86,14,finished,True,12,25.0,12,
kagawa-kougoren-sotai-2026-boys,p_4dd6d17eb772,11,False,87,15,finished,True,12,16.7,13,
kagawa-kougoren-sotai-2026-boys,p_fdfd9c3b5887,12,False,97,25,finished,True,12,8.3,23,
kagawa-kougoren-sotai-2026-girls,p_2e6f46827f63,1,False,72,0,finished,True,8,100.0,0,
kagawa-kougoren-sotai-2026-girls,p_ce921bf44a17,2,False,73,1,finished,True,8,87.5,1,
kagawa-kougoren-sotai-2026-girls,p_2d24f397e55d,3,False,74,2,finished,True,8,75.0,2,
kagawa-kougoren-sotai-2026-girls,p_636fa3bff8a7,4,False,75,3,finished,True,8,62.5,3,
kagawa-kougoren-sotai-2026-girls,p_5f214604898f,5,False,76,4,finished,True,8,50.0,4,
kagawa-kougoren-sotai-2026-girls,p_1351167f49e0,6,False,85,13,finished,True,8,37.5,13,
kagawa-kougoren-sotai-2026-girls,p_4fd250f1ed69,7,False,89,17,finished,True,8,25.0,17,
kagawa-kougoren-sotai-2026-girls,p_126f567b17df,8,False,98,26,finished,True,8,12.5,26,
kagawa-kougoren-sotai-2026-girls,p_3770f0256961,,False,,,dns,True,,,,
kumamoto-ga-kumanichi-junior-2024-boys,p_bb9c76d76ce6,1,False,148,,finished,True,18,100.0,0,
kumamoto-ga-kumanichi-junior-2024-boys,p_9442de52a7a8,2,False,151,,finished,True,18,94.4,3,
kumamoto-ga-kumanichi-junior-2024-boys,p_4950936d15ae,5,False,160,,finished,True,18,77.8,12,
kumamoto-ga-kumanichi-junior-2024-boys,p_7870049a852c,6,False,163,,finished,True,18,72.2,15,
kumamoto-ga-kumanichi-junior-2024-boys,p_5ee0ea7b22eb,8,False,166,,finished,True,18,61.1,18,
kumamoto-ga-kumanichi-junior-2024-boys,p_b27070b3d8a2,10,False,177,,finished,True,18,50.0,29,
kumamoto-ga-kumanichi-junior-2024-boys,p_eacec6819686,11,True,178,,finished,True,18,44.4,30,
kumamoto-ga-kumanichi-junior-2024-boys,p_069322292880,11,True,178,,finished,True,18,44.4,30,
kumamoto-ga-kumanichi-junior-2024-boys,p_313902e2969c,14,False,186,,finished,True,18,27.8,38,
kumamoto-ga-kumanichi-junior-2024-boys,p_a0719a7ee756,15,False,187,,finished,True,18,22.2,39,
kumamoto-ga-kumanichi-junior-2024-boys,p_d481c1bdfaa3,17,False,217,,finished,True,18,11.1,69,
kumamoto-ga-kumanichi-junior-2024-girls,p_d8166205d76c,1,False,146,,finished,True,28,100.0,0,
kumamoto-ga-kumanichi-junior-2024-girls,p_d369c9c229dd,2,False,146,,finished,True,28,96.4,0,
kumamoto-ga-kumanichi-junior-2024-girls,p_7bca49b2fb45,3,False,146,,finished,True,28,92.9,0,
kumamoto-ga-kumanichi-junior-2024-girls,p_ba83834e8a4c,4,False,150,,finished,True,28,89.3,4,
kumamoto-ga-kumanichi-junior-2024-girls,p_101edff5ab35,5,False,151,,finished,True,28,85.7,5,
kumamoto-ga-kumanichi-junior-2024-girls,p_9e4df7b0b064,6,False,151,,finished,True,28,82.1,5,
kumamoto-ga-kumanichi-junior-2024-girls,p_1af2f94ac31c,7,False,157,,finished,True,28,78.6,11,
kumamoto-ga-kumanichi-junior-2024-girls,p_52a9b870415d,11,True,172,,finished,True,28,64.3,26,
kumamoto-ga-kumanichi-junior-2024-girls,p_0a5996c639f9,11,True,172,,finished,True,28,64.3,26,
kumamoto-ga-kumanichi-junior-2024-girls,p_57255ef10c3a,15,True,177,,finished,True,28,50.0,31,
kumamoto-ga-kumanichi-junior-2024-girls,p_d3a4f6a1df7d,15,True,177,,finished,True,28,50.0,31,
kumamoto-ga-kumanichi-junior-2024-girls,p_0b2554551f77,19,True,184,,finished,True,28,35.7,38,
kumamoto-ga-kumanichi-junior-2024-girls,p_d5aa52332559,19,True,184,,finished,True,28,35.7,38,
kumamoto-ga-kumanichi-junior-2024-girls,p_f2a35dcabb17,26,False,218,,finished,True,28,10.7,72,
kumamoto-ga-kumanichi-junior-2024-girls,p_94b14d233ec7,,False,,,wd,True,28,,,
kumamoto-ga-kumanichi-junior-2025-boys,p_9442de52a7a8,2,False,149,,finished,True,15,93.3,,
kumamoto-ga-kumanichi-junior-2025-boys,p_801af5336f69,3,False,151,,finished,True,15,86.7,,
kumamoto-ga-kumanichi-junior-2025-boys,p_7870049a852c,4,False,156,,finished,True,15,80.0,,
kumamoto-ga-kumanichi-junior-2025-boys,p_dde655d75104,5,False,156,,finished,True,15,73.3,,
kumamoto-ga-kumanichi-junior-2025-boys,p_a0719a7ee756,6,False,170,,finished,True,15,66.7,,
kumamoto-ga-kumanichi-junior-2025-boys,p_d54d3297a322,7,False,173,,finished,True,15,60.0,,
kumamoto-ga-kumanichi-junior-2025-boys,p_27daa1cf7301,13,False,196,,finished,True,15,20.0,,
kumamoto-ga-kumanichi-junior-2025-boys,p_d481c1bdfaa3,14,False,210,,finished,True,15,13.3,,
kumamoto-ga-kumanichi-junior-2025-boys,p_f84b6b34f0e1,,False,,,dns,True,,,,
kumamoto-ga-kumanichi-junior-2025-girls,p_d369c9c229dd,1,False,142,,finished,True,31,100.0,0,
kumamoto-ga-kumanichi-junior-2025-girls,p_7bca49b2fb45,3,False,148,,finished,True,31,93.5,6,
kumamoto-ga-kumanichi-junior-2025-girls,p_9e4df7b0b064,5,False,149,,finished,True,31,87.1,7,
kumamoto-ga-kumanichi-junior-2025-girls,p_101edff5ab35,8,False,155,,finished,True,31,77.4,13,
kumamoto-ga-kumanichi-junior-2025-girls,p_0a5996c639f9,10,False,157,,finished,True,31,71.0,15,
kumamoto-ga-kumanichi-junior-2025-girls,p_2ddf6ff97389,12,True,162,,finished,True,31,64.5,20,
kumamoto-ga-kumanichi-junior-2025-girls,p_1af2f94ac31c,12,True,162,,finished,True,31,64.5,20,
kumamoto-ga-kumanichi-junior-2025-girls,p_d3a4f6a1df7d,18,False,169,,finished,True,31,45.2,27,
kumamoto-ga-kumanichi-junior-2025-girls,p_faf63b5a7fdf,20,False,173,,finished,True,31,38.7,31,
kumamoto-ga-kumanichi-junior-2025-girls,p_0b2554551f77,22,True,181,,finished,True,31,32.3,39,
kumamoto-ga-kumanichi-junior-2025-girls,p_d5aa52332559,22,True,181,,finished,True,31,32.3,39,
kumamoto-ga-kumanichi-junior-2025-girls,p_f2a35dcabb17,29,False,195,,finished,True,31,9.7,53,
kumamoto-ga-kumanichi-junior-2025-girls,p_2c55cb34a6d6,,False,,,wd,True,31,,,
kumamoto-ga-kumanichi-junior-2025-girls,p_d8166205d76c,,False,,,dns,True,,,,
kumamoto-ga-kumanichi-junior-2025-girls,p_ba83834e8a4c,,False,,,dns,True,,,,
kumamoto-ga-kumanichi-junior-2026-boys,p_ccc34608528b,2,False,151,,finished,True,13,92.3,,
kumamoto-ga-kumanichi-junior-2026-boys,p_63e9e03d3252,3,False,152,,finished,True,13,84.6,,
kumamoto-ga-kumanichi-junior-2026-boys,p_801af5336f69,4,False,155,,finished,True,13,76.9,,
kumamoto-ga-kumanichi-junior-2026-boys,p_dde655d75104,5,False,155,,finished,True,13,69.2,,
kumamoto-ga-kumanichi-junior-2026-boys,p_d54d3297a322,8,False,175,,finished,True,13,46.2,,
kumamoto-ga-kumanichi-junior-2026-girls,p_7bca49b2fb45,1,False,140,,finished,True,25,100.0,0,
kumamoto-ga-kumanichi-junior-2026-girls,p_454e765fa3eb,2,False,146,,finished,True,25,96.0,6,
kumamoto-ga-kumanichi-junior-2026-girls,p_73bae3ecae08,7,False,152,,finished,True,25,76.0,12,
kumamoto-ga-kumanichi-junior-2026-girls,p_0a5996c639f9,8,False,155,,finished,True,25,72.0,15,
kumamoto-ga-kumanichi-junior-2026-girls,p_faf63b5a7fdf,10,False,158,,finished,True,25,64.0,18,
kumamoto-ga-kumanichi-junior-2026-girls,p_d5aa52332559,11,True,160,,finished,True,25,60.0,20,
kumamoto-ga-kumanichi-junior-2026-girls,p_2ddf6ff97389,11,True,160,,finished,True,25,60.0,20,
kumamoto-ga-kumanichi-junior-2026-girls,p_052aca173f40,13,False,162,,finished,True,25,52.0,22,
kumamoto-ga-kumanichi-junior-2026-girls,p_ef976bd83cb4,15,False,163,,finished,True,25,44.0,23,
kumamoto-ga-kumanichi-junior-2026-girls,p_d3a4f6a1df7d,16,False,168,,finished,True,25,40.0,28,
kumamoto-ga-kumanichi-junior-2026-girls,p_0b2554551f77,18,False,169,,finished,True,25,32.0,29,
kumamoto-ga-kumanichi-junior-2026-girls,p_56282998cfcf,20,False,174,,finished,True,25,24.0,34,
kumamoto-ga-kumanichi-junior-2026-girls,p_95d5dae71c45,,False,,,wd,True,25,,,
kumamoto-ga-supokyo-junior-2024-boys,p_9442de52a7a8,1,False,151,,finished,True,17,100.0,0,
kumamoto-ga-supokyo-junior-2024-boys,p_069322292880,4,False,163,,finished,True,17,82.4,12,
kumamoto-ga-supokyo-junior-2024-boys,p_7870049a852c,6,False,166,,finished,True,17,70.6,15,
kumamoto-ga-supokyo-junior-2024-boys,p_eacec6819686,7,False,167,,finished,True,17,64.7,16,
kumamoto-ga-supokyo-junior-2024-boys,p_b27070b3d8a2,8,False,170,,finished,True,17,58.8,19,
kumamoto-ga-supokyo-junior-2024-boys,p_a0719a7ee756,9,False,173,,finished,True,17,52.9,22,
kumamoto-ga-supokyo-junior-2024-boys,p_eadff2e8da7b,10,False,184,,finished,True,17,47.1,33,
kumamoto-ga-supokyo-junior-2024-boys,p_d481c1bdfaa3,12,False,189,,finished,True,17,35.3,38,
kumamoto-ga-supokyo-junior-2024-boys,p_27daa1cf7301,15,False,211,,finished,True,17,17.6,60,
kumamoto-ga-supokyo-junior-2024-girls,p_101edff5ab35,1,False,144,,finished,True,21,100.0,0,
kumamoto-ga-supokyo-junior-2024-girls,p_9e4df7b0b064,2,False,150,,finished,True,21,95.2,6,
kumamoto-ga-supokyo-junior-2024-girls,p_ba83834e8a4c,3,False,151,,finished,True,21,90.5,7,
kumamoto-ga-supokyo-junior-2024-girls,p_d8166205d76c,4,False,152,,finished,True,21,85.7,8,
kumamoto-ga-supokyo-junior-2024-girls,p_d3a4f6a1df7d,5,False,161,,finished,True,21,81.0,17,
kumamoto-ga-supokyo-junior-2024-girls,p_0a5996c639f9,8,False,166,,finished,True,21,66.7,22,
kumamoto-ga-supokyo-junior-2024-girls,p_94b14d233ec7,11,False,172,,finished,True,21,52.4,28,
kumamoto-ga-supokyo-junior-2024-girls,p_d933a4f82e41,14,False,178,,finished,True,21,38.1,34,
kumamoto-ga-supokyo-junior-2024-girls,p_4479d0b144b4,16,False,184,,finished,True,21,28.6,40,
kumamoto-ga-supokyo-junior-2024-girls,p_5c8f990ce097,17,False,186,,finished,True,21,23.8,42,
kumamoto-ga-supokyo-junior-2025-boys,p_9442de52a7a8,1,False,147,,finished,True,16,100.0,0,
kumamoto-ga-supokyo-junior-2025-boys,p_dde655d75104,3,False,150,,finished,True,16,87.5,3,
kumamoto-ga-supokyo-junior-2025-boys,p_a0719a7ee756,4,False,162,,finished,True,16,81.2,15,
kumamoto-ga-supokyo-junior-2025-boys,p_d54d3297a322,6,False,170,,finished,True,16,68.8,23,
kumamoto-ga-supokyo-junior-2025-boys,p_eadff2e8da7b,8,False,177,,finished,True,16,56.2,30,
kumamoto-ga-supokyo-junior-2025-boys,p_f84b6b34f0e1,9,False,177,,finished,True,16,50.0,30,
kumamoto-ga-supokyo-junior-2025-boys,p_d481c1bdfaa3,13,False,200,,finished,True,16,25.0,53,
kumamoto-ga-supokyo-junior-2025-boys,p_27daa1cf7301,14,False,204,,finished,True,16,18.8,57,
kumamoto-ga-supokyo-junior-2025-boys,p_7870049a852c,,False,,,wd,True,16,,,
kumamoto-ga-supokyo-junior-2025-girls,p_9e4df7b0b064,1,False,146,,finished,True,28,100.0,0,
kumamoto-ga-supokyo-junior-2025-girls,p_1af2f94ac31c,3,False,149,,finished,True,28,92.9,3,
kumamoto-ga-supokyo-junior-2025-girls,p_101edff5ab35,4,False,150,,finished,True,28,89.3,4,
kumamoto-ga-supokyo-junior-2025-girls,p_ba83834e8a4c,5,False,153,,finished,True,28,85.7,7,
kumamoto-ga-supokyo-junior-2025-girls,p_d8166205d76c,9,False,157,,finished,True,28,71.4,11,
kumamoto-ga-supokyo-junior-2025-girls,p_0a5996c639f9,11,False,159,,finished,True,28,64.3,13,
kumamoto-ga-supokyo-junior-2025-girls,p_d5aa52332559,12,False,162,,finished,True,28,60.7,16,
kumamoto-ga-supokyo-junior-2025-girls,p_2ddf6ff97389,14,False,164,,finished,True,28,53.6,18,
kumamoto-ga-supokyo-junior-2025-girls,p_faf63b5a7fdf,15,False,169,,finished,True,28,50.0,23,
kumamoto-ga-supokyo-junior-2025-girls,p_d3a4f6a1df7d,17,False,171,,finished,True,28,42.9,25,
kumamoto-ga-supokyo-junior-2025-girls,p_5c8f990ce097,,False,,,wd,True,28,,,
kumamoto-ga-supokyo-junior-2025-girls,p_390e8ebf7b7d,,False,,,wd,True,28,,,
kumamoto-ga-supokyo-junior-2026-boys,p_801af5336f69,1,False,145,,finished,True,12,100.0,0,
kumamoto-ga-supokyo-junior-2026-boys,p_dde655d75104,2,False,151,,finished,True,12,91.7,6,
kumamoto-ga-supokyo-junior-2026-boys,p_63e9e03d3252,3,False,154,,finished,True,12,83.3,9,
kumamoto-ga-supokyo-junior-2026-boys,p_35c4bd9ce32a,6,False,166,,finished,True,12,58.3,21,
kumamoto-ga-supokyo-junior-2026-boys,p_d54d3297a322,7,False,171,,finished,True,12,50.0,26,
kumamoto-ga-supokyo-junior-2026-girls,p_0a5996c639f9,2,False,148,,finished,True,23,95.7,,
kumamoto-ga-supokyo-junior-2026-girls,p_73bae3ecae08,3,False,149,,finished,True,23,91.3,,
kumamoto-ga-supokyo-junior-2026-girls,p_454e765fa3eb,5,False,150,,finished,True,23,82.6,,
kumamoto-ga-supokyo-junior-2026-girls,p_ef976bd83cb4,6,False,152,,finished,True,23,78.3,,
kumamoto-ga-supokyo-junior-2026-girls,p_d5aa52332559,12,False,161,,finished,True,23,52.2,,
kumamoto-ga-supokyo-junior-2026-girls,p_052aca173f40,13,False,162,,finished,True,23,47.8,,
kumamoto-ga-supokyo-junior-2026-girls,p_2ddf6ff97389,14,False,163,,finished,True,23,43.5,,
kumamoto-ga-supokyo-junior-2026-girls,p_faf63b5a7fdf,15,False,163,,finished,True,23,39.1,,
kumamoto-ga-supokyo-junior-2026-girls,p_5c8f990ce097,18,False,169,,finished,True,23,26.1,,
kumamoto-ga-supokyo-junior-2026-girls,p_95d5dae71c45,19,False,174,,finished,True,23,21.7,,
kumamoto-ga-supokyo-junior-2026-girls,p_d3a4f6a1df7d,21,False,178,,finished,True,23,13.0,,
kumamoto-ga-supokyo-junior-2026-girls,p_6d99b20e4e38,22,False,232,,finished,True,23,8.7,,
kumamoto-ga-supokyo-junior-2026-girls,p_bbf2bad06bd6,23,False,252,,finished,True,23,4.3,,
kyoto-kougoren-autumn-2024-boys,p_ef31070efe81,1,False,78,,finished,True,3,100.0,0,
kyoto-kougoren-autumn-2024-boys,p_7124ddf88b2a,2,False,78,,finished,True,3,66.7,0,
kyoto-kougoren-autumn-2024-boys,p_978ca17f65e2,3,False,101,,finished,True,3,33.3,23,
kyoto-kougoren-autumn-2024-girls,p_4841492ca7a8,1,False,72,,finished,True,3,100.0,0,
kyoto-kougoren-autumn-2024-girls,p_125eebcf4ffc,2,False,78,,finished,True,3,66.7,6,
kyoto-kougoren-autumn-2024-girls,p_4aca4a2a7e78,3,False,84,,finished,True,3,33.3,12,
kyoto-kougoren-autumn-2025-boys,p_e50302b7b4e8,1,False,75,,finished,True,4,100.0,0,
kyoto-kougoren-autumn-2025-boys,p_ef31070efe81,2,False,84,,finished,True,4,75.0,9,
kyoto-kougoren-autumn-2025-boys,p_978ca17f65e2,3,False,91,,finished,True,4,50.0,16,
kyoto-kougoren-autumn-2025-boys,p_d72e56fb3278,4,False,93,,finished,True,4,25.0,18,
kyoto-kougoren-autumn-2025-girls,p_435acb2ca4d3,1,False,77,,finished,True,3,100.0,0,
kyoto-kougoren-autumn-2025-girls,p_bf087099045b,2,False,79,,finished,True,3,66.7,2,
kyoto-kougoren-autumn-2025-girls,p_de6c5beac4c8,3,False,85,,finished,True,3,33.3,8,
kyoto-kougoren-spring-2024-boys,p_7124ddf88b2a,1,False,85,,finished,True,2,100.0,0,
kyoto-kougoren-spring-2024-boys,p_ef31070efe81,2,False,93,,finished,True,2,50.0,8,
kyoto-kougoren-spring-2024-girls,p_4841492ca7a8,1,False,78,,finished,True,6,100.0,0,
kyoto-kougoren-spring-2024-girls,p_7b2f8910bcf6,2,False,84,,finished,True,6,83.3,6,
kyoto-kougoren-spring-2024-girls,p_4aca4a2a7e78,3,False,87,,finished,True,6,66.7,9,
kyoto-kougoren-spring-2024-girls,p_adb24ca7d052,4,False,88,,finished,True,6,50.0,10,
kyoto-kougoren-spring-2024-girls,p_125eebcf4ffc,5,False,93,,finished,True,6,33.3,15,
kyoto-kougoren-spring-2024-girls,p_396b46e4b2f4,6,False,102,,finished,True,6,16.7,24,
kyoto-kougoren-spring-2025-boys,p_eadab13a9fed,1,False,77,,finished,True,5,100.0,0,
kyoto-kougoren-spring-2025-boys,p_ef31070efe81,2,False,85,,finished,True,5,80.0,8,
kyoto-kougoren-spring-2025-boys,p_e50302b7b4e8,3,False,85,,finished,True,5,60.0,8,
kyoto-kougoren-spring-2025-boys,p_978ca17f65e2,4,False,88,,finished,True,5,40.0,11,
kyoto-kougoren-spring-2025-boys,p_d72e56fb3278,5,False,97,,finished,True,5,20.0,20,
kyoto-kougoren-spring-2025-girls,p_1289433cc8a9,1,False,77,,finished,True,7,100.0,0,
kyoto-kougoren-spring-2025-girls,p_4841492ca7a8,2,False,82,,finished,True,7,85.7,5,
kyoto-kougoren-spring-2025-girls,p_435acb2ca4d3,3,False,83,,finished,True,7,71.4,6,
kyoto-kougoren-spring-2025-girls,p_bf087099045b,4,False,87,,finished,True,7,57.1,10,
kyoto-kougoren-spring-2025-girls,p_e8ad82f2a6b7,5,False,87,,finished,True,7,42.9,10,
kyoto-kougoren-spring-2025-girls,p_125eebcf4ffc,6,False,91,,finished,True,7,28.6,14,
kyoto-kougoren-spring-2025-girls,p_1c5b91519546,7,False,112,,finished,True,7,14.3,35,
kyoto-kougoren-spring-2026-boys,p_fd9add4f19e7,1,False,74,,finished,True,8,100.0,0,
kyoto-kougoren-spring-2026-boys,p_ef31070efe81,2,False,79,,finished,True,8,87.5,5,
kyoto-kougoren-spring-2026-boys,p_e50302b7b4e8,3,False,79,,finished,True,8,75.0,5,
kyoto-kougoren-spring-2026-boys,p_d72e56fb3278,4,False,92,,finished,True,8,62.5,18,
kyoto-kougoren-spring-2026-boys,p_202acf8a497e,5,False,99,,finished,True,8,50.0,25,
kyoto-kougoren-spring-2026-boys,p_978ca17f65e2,6,False,99,,finished,True,8,37.5,25,
kyoto-kougoren-spring-2026-boys,p_c9483c38c4bc,7,False,122,,finished,True,8,25.0,48,
kyoto-kougoren-spring-2026-boys,p_738e81c5b03f,8,False,124,,finished,True,8,12.5,50,
kyoto-kougoren-spring-2026-girls,p_afdfb8ed316e,1,False,67,,finished,True,7,100.0,0,
kyoto-kougoren-spring-2026-girls,p_bf087099045b,2,False,72,,finished,True,7,85.7,5,
kyoto-kougoren-spring-2026-girls,p_435acb2ca4d3,3,False,80,,finished,True,7,71.4,13,
kyoto-kougoren-spring-2026-girls,p_4e4f511fc36d,4,False,84,,finished,True,7,57.1,17,
kyoto-kougoren-spring-2026-girls,p_fe90f2dddbac,5,False,88,,finished,True,7,42.9,21,
kyoto-kougoren-spring-2026-girls,p_de6c5beac4c8,6,False,92,,finished,True,7,28.6,25,
kyoto-kougoren-spring-2026-girls,p_fd22d79093de,7,False,96,,finished,True,7,14.3,29,
mie-ga-junior-2024-boys,p_f585d642fd1e,1,False,69,-3,finished,True,16,100.0,0,
mie-ga-junior-2024-boys,p_e564c4eaa789,2,False,69,-3,finished,True,16,93.8,0,
mie-ga-junior-2024-boys,p_a71331d4cdbd,4,False,73,1,finished,True,16,81.2,4,
mie-ga-junior-2024-boys,p_8abc490f12cd,5,False,74,2,finished,True,16,75.0,5,
mie-ga-junior-2024-boys,p_7c88749a4b5b,7,False,75,3,finished,True,16,62.5,6,
mie-ga-junior-2024-boys,p_b81e0d175e7e,8,False,77,5,finished,True,16,56.2,8,
mie-ga-junior-2024-boys,p_10eba2cbe4d7,9,False,86,14,finished,True,16,50.0,17,
mie-ga-junior-2024-boys,p_57572cb1203b,10,False,87,15,finished,True,16,43.8,18,
mie-ga-junior-2024-boys,p_ac008408f80b,12,False,94,22,finished,True,16,31.2,25,
mie-ga-junior-2024-boys,p_7feb279a3b9b,13,False,100,28,finished,True,16,25.0,31,
mie-ga-junior-2024-boys,p_bf55e56b3ce8,14,False,106,34,finished,True,16,18.8,37,
mie-ga-junior-2024-boys,p_c71b2681a8b5,15,False,126,54,finished,True,16,12.5,57,
mie-ga-junior-2024-boys,p_e851f4650fd5,16,False,133,61,finished,True,16,6.2,64,
mie-ga-junior-2024-boys,p_cb282cb10ede,,False,,,dns,True,,,,
mie-ga-junior-2024-girls,p_0cce52b6e4a1,1,False,74,2,finished,True,10,100.0,0,
mie-ga-junior-2024-girls,p_6aec2b82632c,2,False,74,2,finished,True,10,90.0,0,
mie-ga-junior-2024-girls,p_ee149d85f2df,3,False,79,7,finished,True,10,80.0,5,
mie-ga-junior-2024-girls,p_e18415236955,5,False,80,8,finished,True,10,60.0,6,
mie-ga-junior-2024-girls,p_4dde8dd1c885,7,False,83,11,finished,True,10,40.0,9,
mie-ga-junior-2024-girls,p_0d384328ae5c,8,False,83,11,finished,True,10,30.0,9,
mie-ga-junior-2024-girls,p_9eb8de828b7f,10,False,100,28,finished,True,10,10.0,26,
mie-ga-junior-2024-girls,p_fc63669a5857,,False,,,dns,True,,,,
mie-ga-junior-2025-boys,p_cb282cb10ede,1,False,72,0,finished,True,12,100.0,0,
mie-ga-junior-2025-boys,p_e564c4eaa789,2,False,79,7,finished,True,12,91.7,7,
mie-ga-junior-2025-boys,p_c181e8835bed,3,False,81,9,finished,True,12,83.3,9,
mie-ga-junior-2025-boys,p_1b485c581650,4,False,82,10,finished,True,12,75.0,10,
mie-ga-junior-2025-boys,p_2bac48a33232,5,False,83,11,finished,True,12,66.7,11,
mie-ga-junior-2025-boys,p_f585d642fd1e,6,False,84,12,finished,True,12,58.3,12,
mie-ga-junior-2025-boys,p_7c88749a4b5b,7,False,84,12,finished,True,12,50.0,12,
mie-ga-junior-2025-boys,p_57572cb1203b,8,False,86,14,finished,True,12,41.7,14,
mie-ga-junior-2025-boys,p_10eba2cbe4d7,11,False,89,17,finished,True,12,16.7,17,
mie-ga-junior-2025-boys,p_892e3a7f26dc,12,False,98,26,finished,True,12,8.3,26,
mie-ga-junior-2025-girls,p_0cce52b6e4a1,2,False,73,1,finished,True,7,85.7,,
mie-ga-junior-2025-girls,p_4dde8dd1c885,3,False,76,4,finished,True,7,71.4,,
mie-ga-junior-2025-girls,p_6aec2b82632c,4,False,80,8,finished,True,7,57.1,,
mie-ga-junior-2025-girls,p_e18415236955,5,False,81,9,finished,True,7,42.9,,
mie-ga-junior-2025-girls,p_c40b94c6bec1,7,False,124,52,finished,True,7,14.3,,
mie-ga-junior-2025-girls,p_714b60b61b45,,False,,,dns,True,,,,
mie-ga-junior-2026-boys,p_387f940d35cb,2,False,80,8,finished,True,11,90.9,,
mie-ga-junior-2026-boys,p_2bac48a33232,3,False,82,10,finished,True,11,81.8,,
mie-ga-junior-2026-boys,p_35550d7cbf00,4,False,84,12,finished,True,11,72.7,,
mie-ga-junior-2026-boys,p_f369f8af805b,6,False,85,13,finished,True,11,54.5,,
mie-ga-junior-2026-boys,p_1b485c581650,8,False,86,14,finished,True,11,36.4,,
mie-ga-junior-2026-boys,p_ac6e6f2ccbf8,9,False,93,21,finished,True,11,27.3,,
mie-ga-junior-2026-boys,p_039ec517646b,11,False,103,31,finished,True,11,9.1,,
mie-ga-junior-2026-girls,p_571323ec0643,2,False,73,1,finished,True,9,88.9,,
mie-ga-junior-2026-girls,p_312c0fed6882,4,False,77,5,finished,True,9,66.7,,
mie-ga-junior-2026-girls,p_714b60b61b45,5,False,80,8,finished,True,9,55.6,,
mie-ga-junior-2026-girls,p_cb18df91948f,6,False,81,9,finished,True,9,44.4,,
mie-ga-junior-2026-girls,p_096ea68a1efe,7,False,87,15,finished,True,9,33.3,,
mie-ga-junior-2026-girls,p_c40b94c6bec1,9,False,98,26,finished,True,9,11.1,,
oita-ga-hs-sotai-2026-boys,p_6d2174866b86,1,False,64,,finished,True,11,100.0,0,
oita-ga-hs-sotai-2026-boys,p_11d9203c0ed9,2,False,70,,finished,True,11,90.9,6,
oita-ga-hs-sotai-2026-boys,p_165cea79edb1,3,False,73,,finished,True,11,81.8,9,
oita-ga-hs-sotai-2026-boys,p_36147e627394,4,False,73,,finished,True,11,72.7,9,
oita-ga-hs-sotai-2026-boys,p_75f5b44424df,5,False,77,,finished,True,11,63.6,13,
oita-ga-hs-sotai-2026-boys,p_8867e5239a74,6,False,78,,finished,True,11,54.5,14,
oita-ga-hs-sotai-2026-boys,p_1f9d298fc422,7,False,78,,finished,True,11,45.5,14,
oita-ga-hs-sotai-2026-boys,p_dc89263d9283,8,False,79,,finished,True,11,36.4,15,
oita-ga-hs-sotai-2026-boys,p_507cd607e610,9,False,80,,finished,True,11,27.3,16,
oita-ga-hs-sotai-2026-boys,p_64d6f8986453,10,False,90,,finished,True,11,18.2,26,
oita-ga-hs-sotai-2026-boys,p_e4b60bece9ce,11,False,92,,finished,True,11,9.1,28,
oita-ga-hs-sotai-2026-girls,p_82f197e72560,1,False,68,,finished,True,8,100.0,0,
oita-ga-hs-sotai-2026-girls,p_2c55cb34a6d6,2,False,71,,finished,True,8,87.5,3,
oita-ga-hs-sotai-2026-girls,p_788733a3dbf6,3,False,77,,finished,True,8,75.0,9,
oita-ga-hs-sotai-2026-girls,p_295218aabb3f,4,False,77,,finished,True,8,62.5,9,
oita-ga-hs-sotai-2026-girls,p_7137703ebf5f,5,False,79,,finished,True,8,50.0,11,
oita-ga-hs-sotai-2026-girls,p_8cb5d82f981f,6,False,80,,finished,True,8,37.5,12,
oita-ga-hs-sotai-2026-girls,p_29387fcd0c48,7,False,84,,finished,True,8,25.0,16,
oita-ga-hs-sotai-2026-girls,p_a9149b4650d3,8,False,88,,finished,True,8,12.5,20,
okayama-kougoren-shinjin-2025-boys,p_4ba75653e0bf,1,False,71,-1,finished,True,12,100.0,0,
okayama-kougoren-shinjin-2025-boys,p_b9934fec500e,2,False,71,-1,finished,True,12,91.7,0,
okayama-kougoren-shinjin-2025-boys,p_1eea717174a5,3,False,73,1,finished,True,12,83.3,2,
okayama-kougoren-shinjin-2025-boys,p_cfad229ecbcb,4,False,77,5,finished,True,12,75.0,6,
okayama-kougoren-shinjin-2025-boys,p_8fa03cff7bf1,5,False,83,11,finished,True,12,66.7,12,
okayama-kougoren-shinjin-2025-boys,p_be22bb5e097a,6,False,83,11,finished,True,12,58.3,12,
okayama-kougoren-shinjin-2025-boys,p_614ce5c233dd,7,False,83,11,finished,True,12,50.0,12,
okayama-kougoren-shinjin-2025-boys,p_6eb4cdd11423,8,False,85,13,finished,True,12,41.7,14,
okayama-kougoren-shinjin-2025-boys,p_56df9da61acf,9,False,91,19,finished,True,12,33.3,20,
okayama-kougoren-shinjin-2025-boys,p_be9715d05695,10,False,92,20,finished,True,12,25.0,21,
okayama-kougoren-shinjin-2025-boys,p_1cbe059e6da7,11,False,116,44,finished,True,12,16.7,45,
okayama-kougoren-shinjin-2025-boys,p_10b966ef80a7,12,False,125,53,finished,True,12,8.3,54,
okayama-kougoren-shinjin-2025-girls,p_d1b5c06f1c24,1,False,75,3,finished,True,11,100.0,0,
okayama-kougoren-shinjin-2025-girls,p_0781efc89d3d,2,False,79,7,finished,True,11,90.9,4,
okayama-kougoren-shinjin-2025-girls,p_cc2ca2835c17,3,False,79,7,finished,True,11,81.8,4,
okayama-kougoren-shinjin-2025-girls,p_a3f883059200,4,False,81,9,finished,True,11,72.7,6,
okayama-kougoren-shinjin-2025-girls,p_575900a7db70,5,False,85,13,finished,True,11,63.6,10,
okayama-kougoren-shinjin-2025-girls,p_b866d7f6ea1e,6,False,87,15,finished,True,11,54.5,12,
okayama-kougoren-shinjin-2025-girls,p_c25e5a8c91aa,7,False,89,17,finished,True,11,45.5,14,
okayama-kougoren-shinjin-2025-girls,p_29f1b2d42cc5,8,False,90,18,finished,True,11,36.4,15,
okayama-kougoren-shinjin-2025-girls,p_7ff972e7012c,9,False,91,19,finished,True,11,27.3,16,
okayama-kougoren-shinjin-2025-girls,p_dcb688deb3ce,10,False,114,42,finished,True,11,18.2,39,
okayama-kougoren-shinjin-2025-girls,p_79b4e283eb89,11,False,115,43,finished,True,11,9.1,40,
okayama-kougoren-shinjin-2025-girls,p_53d29e2e3540,,False,,,dns,True,,,,
okayama-kougoren-shinjin-2026-boys,p_4ba75653e0bf,1,False,70,-2,finished,True,8,100.0,0,
okayama-kougoren-shinjin-2026-boys,p_6cd607992f8a,2,False,72,0,finished,True,8,87.5,2,
okayama-kougoren-shinjin-2026-boys,p_8077f2d72a3c,3,False,74,2,finished,True,8,75.0,4,
okayama-kougoren-shinjin-2026-boys,p_6e76404abea6,4,False,75,3,finished,True,8,62.5,5,
okayama-kougoren-shinjin-2026-boys,p_10b966ef80a7,5,False,80,8,finished,True,8,50.0,10,
okayama-kougoren-shinjin-2026-boys,p_267d3242bd24,6,False,90,18,finished,True,8,37.5,20,
okayama-kougoren-shinjin-2026-boys,p_2d9d655c3340,7,False,105,33,finished,True,8,25.0,35,
okayama-kougoren-shinjin-2026-boys,p_1cbe059e6da7,8,False,106,34,finished,True,8,12.5,36,
okayama-kougoren-shinjin-2026-girls,p_53d29e2e3540,1,False,71,-1,finished,True,7,100.0,0,
okayama-kougoren-shinjin-2026-girls,p_706e1d2a44ea,2,False,75,3,finished,True,7,85.7,4,
okayama-kougoren-shinjin-2026-girls,p_cb22e2377ebb,3,False,79,7,finished,True,7,71.4,8,
okayama-kougoren-shinjin-2026-girls,p_7ff972e7012c,4,False,93,21,finished,True,7,57.1,22,
okayama-kougoren-shinjin-2026-girls,p_adeec79a0e3e,5,False,95,23,finished,True,7,42.9,24,
okayama-kougoren-shinjin-2026-girls,p_79b4e283eb89,6,False,99,27,finished,True,7,28.6,28,
okayama-kougoren-shinjin-2026-girls,p_dcb688deb3ce,7,False,107,35,finished,True,7,14.3,36,
okayama-kougoren-sotai-2026-boys,p_6cd607992f8a,1,False,69,-3,finished,True,13,100.0,0,
okayama-kougoren-sotai-2026-boys,p_b9934fec500e,2,False,72,0,finished,True,13,92.3,3,
okayama-kougoren-sotai-2026-boys,p_6e76404abea6,3,False,74,2,finished,True,13,84.6,5,
okayama-kougoren-sotai-2026-boys,p_8077f2d72a3c,4,False,77,5,finished,True,13,76.9,8,
okayama-kougoren-sotai-2026-boys,p_8fa03cff7bf1,5,False,78,6,finished,True,13,69.2,9,
okayama-kougoren-sotai-2026-boys,p_4ba75653e0bf,6,False,79,7,finished,True,13,61.5,10,
okayama-kougoren-sotai-2026-boys,p_1eea717174a5,7,False,80,8,finished,True,13,53.8,11,
okayama-kougoren-sotai-2026-boys,p_56df9da61acf,8,False,81,9,finished,True,13,46.2,12,
okayama-kougoren-sotai-2026-boys,p_cfad229ecbcb,9,False,82,10,finished,True,13,38.5,13,
okayama-kougoren-sotai-2026-boys,p_10b966ef80a7,10,False,84,12,finished,True,13,30.8,15,
okayama-kougoren-sotai-2026-boys,p_614ce5c233dd,11,False,85,13,finished,True,13,23.1,16,
okayama-kougoren-sotai-2026-boys,p_be9715d05695,12,False,86,14,finished,True,13,15.4,17,
okayama-kougoren-sotai-2026-boys,p_2d9d655c3340,13,False,107,35,finished,True,13,7.7,38,
okayama-kougoren-sotai-2026-boys,p_1cbe059e6da7,,False,,,dns,True,,,,
okayama-kougoren-sotai-2026-boys,p_11d349ab14bb,,False,,,dns,True,,,,
okayama-kougoren-sotai-2026-girls,p_5aca3adbbf26,1,False,68,-4,finished,True,17,100.0,0,
okayama-kougoren-sotai-2026-girls,p_53d29e2e3540,2,False,68,-4,finished,True,17,94.1,0,
okayama-kougoren-sotai-2026-girls,p_d1b5c06f1c24,3,False,68,-4,finished,True,17,88.2,0,
okayama-kougoren-sotai-2026-girls,p_cc2ca2835c17,4,False,73,1,finished,True,17,82.4,5,
okayama-kougoren-sotai-2026-girls,p_96eda7680456,5,False,75,3,finished,True,17,76.5,7,
okayama-kougoren-sotai-2026-girls,p_575900a7db70,6,False,75,3,finished,True,17,70.6,7,
okayama-kougoren-sotai-2026-girls,p_c5451b758dd3,7,False,77,5,finished,True,17,64.7,9,
okayama-kougoren-sotai-2026-girls,p_c25e5a8c91aa,8,False,79,7,finished,True,17,58.8,11,
okayama-kougoren-sotai-2026-girls,p_a3f883059200,9,False,80,8,finished,True,17,52.9,12,
okayama-kougoren-sotai-2026-girls,p_b866d7f6ea1e,10,False,80,8,finished,True,17,47.1,12,
okayama-kougoren-sotai-2026-girls,p_cb22e2377ebb,11,False,83,11,finished,True,17,41.2,15,
okayama-kougoren-sotai-2026-girls,p_706e1d2a44ea,12,False,83,11,finished,True,17,35.3,15,
okayama-kougoren-sotai-2026-girls,p_29f1b2d42cc5,13,False,84,12,finished,True,17,29.4,16,
okayama-kougoren-sotai-2026-girls,p_7ff972e7012c,14,False,87,15,finished,True,17,23.5,19,
okayama-kougoren-sotai-2026-girls,p_adeec79a0e3e,15,False,88,16,finished,True,17,17.6,20,
okayama-kougoren-sotai-2026-girls,p_dcb688deb3ce,16,False,99,27,finished,True,17,11.8,31,
okayama-kougoren-sotai-2026-girls,p_79b4e283eb89,17,False,103,31,finished,True,17,5.9,35,
okayama-kougoren-sotai-2026-girls,p_0781efc89d3d,,False,,,dns,True,,,,
okayama-kougoren-spring-2025-boys,p_1eea717174a5,1,False,73,1,finished,True,10,100.0,0,
okayama-kougoren-spring-2025-boys,p_b9934fec500e,2,False,77,5,finished,True,10,90.0,4,
okayama-kougoren-spring-2025-boys,p_614ce5c233dd,3,False,79,7,finished,True,10,80.0,6,
okayama-kougoren-spring-2025-boys,p_cfad229ecbcb,4,False,82,10,finished,True,10,70.0,9,
okayama-kougoren-spring-2025-boys,p_4ba75653e0bf,5,False,87,15,finished,True,10,60.0,14,
okayama-kougoren-spring-2025-boys,p_be9715d05695,6,False,88,16,finished,True,10,50.0,15,
okayama-kougoren-spring-2025-boys,p_6eb4cdd11423,7,False,89,17,finished,True,10,40.0,16,
okayama-kougoren-spring-2025-boys,p_56df9da61acf,8,False,91,19,finished,True,10,30.0,18,
okayama-kougoren-spring-2025-boys,p_10b966ef80a7,9,False,104,32,finished,True,10,20.0,31,
okayama-kougoren-spring-2025-boys,p_1cbe059e6da7,10,False,106,34,finished,True,10,10.0,33,
okayama-kougoren-spring-2025-girls,p_d1b5c06f1c24,1,False,72,0,finished,True,9,100.0,0,
okayama-kougoren-spring-2025-girls,p_53d29e2e3540,2,False,76,4,finished,True,9,88.9,4,
okayama-kougoren-spring-2025-girls,p_cc2ca2835c17,3,False,77,5,finished,True,9,77.8,5,
okayama-kougoren-spring-2025-girls,p_a3f883059200,4,False,79,7,finished,True,9,66.7,7,
okayama-kougoren-spring-2025-girls,p_575900a7db70,5,False,82,10,finished,True,9,55.6,10,
okayama-kougoren-spring-2025-girls,p_c25e5a8c91aa,6,False,83,11,finished,True,9,44.4,11,
okayama-kougoren-spring-2025-girls,p_b866d7f6ea1e,7,False,86,14,finished,True,9,33.3,14,
okayama-kougoren-spring-2025-girls,p_29f1b2d42cc5,8,False,103,31,finished,True,9,22.2,31,
okayama-kougoren-spring-2025-girls,p_79b4e283eb89,9,False,129,57,finished,True,9,11.1,57,
osaka-kogoren-autumn-2024-boys,p_4e7c28090223,1,False,67,-4,finished,True,62,100.0,0,
osaka-kogoren-autumn-2024-boys,p_cc9d3dab077a,2,False,70,-1,finished,True,62,98.4,3,
osaka-kogoren-autumn-2024-boys,p_f59758657549,3,False,70,-1,finished,True,62,96.8,3,
osaka-kogoren-autumn-2024-boys,p_151046952757,4,False,70,-1,finished,True,62,95.2,3,
osaka-kogoren-autumn-2024-boys,p_539456467889,5,False,72,1,finished,True,62,93.5,5,
osaka-kogoren-autumn-2024-boys,p_e7a6500df195,6,False,72,1,finished,True,62,91.9,5,
osaka-kogoren-autumn-2024-boys,p_44eb21e8e6e3,7,False,72,1,finished,True,62,90.3,5,
osaka-kogoren-autumn-2024-boys,p_fb9e04716073,8,False,73,2,finished,True,62,88.7,6,
osaka-kogoren-autumn-2024-boys,p_2477285a7bd8,9,True,74,3,finished,True,62,87.1,7,
osaka-kogoren-autumn-2024-boys,p_cce29baa1bed,9,True,74,3,finished,True,62,87.1,7,
osaka-kogoren-autumn-2024-boys,p_50131c3b956b,11,True,75,4,finished,True,62,83.9,8,
osaka-kogoren-autumn-2024-boys,p_20a906600e3b,11,True,75,4,finished,True,62,83.9,8,
osaka-kogoren-autumn-2024-boys,p_81493147e8bb,11,True,75,4,finished,True,62,83.9,8,
osaka-kogoren-autumn-2024-boys,p_75a0921e24ad,14,True,76,5,finished,True,62,79.0,9,
osaka-kogoren-autumn-2024-boys,p_eb8e817b9057,14,True,76,5,finished,True,62,79.0,9,
osaka-kogoren-autumn-2024-boys,p_fdbe57eaea98,14,True,76,5,finished,True,62,79.0,9,
osaka-kogoren-autumn-2024-boys,p_975c7c0d5ca3,17,False,77,6,finished,True,62,74.2,10,
osaka-kogoren-autumn-2024-boys,p_d1138f5ceb65,18,True,78,7,finished,True,62,72.6,11,
osaka-kogoren-autumn-2024-boys,p_b81d0467341a,18,True,78,7,finished,True,62,72.6,11,
osaka-kogoren-autumn-2024-boys,p_eded6c0123b2,20,True,80,9,finished,True,62,69.4,13,
osaka-kogoren-autumn-2024-boys,p_3c4f815dbe78,20,True,80,9,finished,True,62,69.4,13,
osaka-kogoren-autumn-2024-boys,p_64190e197d1d,22,True,81,10,finished,True,62,66.1,14,
osaka-kogoren-autumn-2024-boys,p_f8a230d1d9e0,22,True,81,10,finished,True,62,66.1,14,
osaka-kogoren-autumn-2024-boys,p_f3e691d94880,22,True,81,10,finished,True,62,66.1,14,
osaka-kogoren-autumn-2024-boys,p_f39b0394eb18,22,True,81,10,finished,True,62,66.1,14,
osaka-kogoren-autumn-2024-boys,p_eae165c30527,22,True,81,10,finished,True,62,66.1,14,
osaka-kogoren-autumn-2024-boys,p_25c904058022,27,False,82,11,finished,True,62,58.1,15,
osaka-kogoren-autumn-2024-boys,p_11390a60fd97,28,True,83,12,finished,True,62,56.5,16,
osaka-kogoren-autumn-2024-boys,p_257d3cab644a,28,True,83,12,finished,True,62,56.5,16,
osaka-kogoren-autumn-2024-boys,p_a09542e379b5,28,True,83,12,finished,True,62,56.5,16,
osaka-kogoren-autumn-2024-boys,p_d1aea7255795,31,True,85,14,finished,True,62,51.6,18,
osaka-kogoren-autumn-2024-boys,p_36d2bbc1444a,31,True,85,14,finished,True,62,51.6,18,
osaka-kogoren-autumn-2024-boys,p_71332fceb005,31,True,85,14,finished,True,62,51.6,18,
osaka-kogoren-autumn-2024-boys,p_a33935e75857,31,True,85,14,finished,True,62,51.6,18,
osaka-kogoren-autumn-2024-boys,p_f87cdce4ecd7,35,True,86,15,finished,True,62,45.2,19,
osaka-kogoren-autumn-2024-boys,p_ec0cdadbf6c0,35,True,86,15,finished,True,62,45.2,19,
osaka-kogoren-autumn-2024-boys,p_3a43a8349c4f,35,True,86,15,finished,True,62,45.2,19,
osaka-kogoren-autumn-2024-boys,p_f47d211f1aa9,35,True,86,15,finished,True,62,45.2,19,
osaka-kogoren-autumn-2024-boys,p_bd68554908f2,39,False,87,16,finished,True,62,38.7,20,
osaka-kogoren-autumn-2024-boys,p_f03408403e2d,40,True,88,17,finished,True,62,37.1,21,
osaka-kogoren-autumn-2024-boys,p_dc68ba539c59,40,True,88,17,finished,True,62,37.1,21,
osaka-kogoren-autumn-2024-boys,p_664c86fd0e51,42,False,90,19,finished,True,62,33.9,23,
osaka-kogoren-autumn-2024-boys,p_d6e1b76d3889,43,False,94,23,finished,True,62,32.3,27,
osaka-kogoren-autumn-2024-boys,p_a90de46120dd,44,False,96,25,finished,True,62,30.6,29,
osaka-kogoren-autumn-2024-boys,p_eb215c082078,45,False,97,26,finished,True,62,29.0,30,
osaka-kogoren-autumn-2024-boys,p_0ec51865e582,46,True,98,27,finished,True,62,27.4,31,
osaka-kogoren-autumn-2024-boys,p_4aee9415b868,46,True,98,27,finished,True,62,27.4,31,
osaka-kogoren-autumn-2024-boys,p_2ead8db4cc4e,48,False,101,30,finished,True,62,24.2,34,
osaka-kogoren-autumn-2024-boys,p_2ac4e6394927,49,False,102,31,finished,True,62,22.6,35,
osaka-kogoren-autumn-2024-boys,p_328cb2dbb4ef,50,True,103,32,finished,True,62,21.0,36,
osaka-kogoren-autumn-2024-boys,p_1bfeb9201fe4,50,True,103,32,finished,True,62,21.0,36,
osaka-kogoren-autumn-2024-boys,p_12f8fb0db9d4,52,False,104,33,finished,True,62,17.7,37,
osaka-kogoren-autumn-2024-boys,p_d01fdce66769,53,False,105,34,finished,True,62,16.1,38,
osaka-kogoren-autumn-2024-boys,p_04dcd1fb42e0,54,False,106,35,finished,True,62,14.5,39,
osaka-kogoren-autumn-2024-boys,p_11ca00a117bb,55,False,109,38,finished,True,62,12.9,42,
osaka-kogoren-autumn-2024-boys,p_f361d602958d,56,False,112,41,finished,True,62,11.3,45,
osaka-kogoren-autumn-2024-boys,p_78f0a1d2d6aa,57,False,113,42,finished,True,62,9.7,46,
osaka-kogoren-autumn-2024-boys,p_83c8eb548594,58,False,114,43,finished,True,62,8.1,47,
osaka-kogoren-autumn-2024-boys,p_7cebbb7c5388,59,False,118,47,finished,True,62,6.5,51,
osaka-kogoren-autumn-2024-boys,p_39c980477b34,60,False,121,50,finished,True,62,4.8,54,
osaka-kogoren-autumn-2024-boys,p_6b978b3e5b9d,61,False,123,52,finished,True,62,3.2,56,
osaka-kogoren-autumn-2024-boys,p_6804130b2990,62,False,125,54,finished,True,62,1.6,58,
osaka-kogoren-autumn-2024-girls,p_f6f74c6de815,1,False,69,-2,finished,True,36,100.0,0,
osaka-kogoren-autumn-2024-girls,p_d513047c765b,2,False,69,-2,finished,True,36,97.2,0,
osaka-kogoren-autumn-2024-girls,p_34367665cc28,3,False,71,0,finished,True,36,94.4,2,
osaka-kogoren-autumn-2024-girls,p_b333a6e1b497,4,False,72,1,finished,True,36,91.7,3,
osaka-kogoren-autumn-2024-girls,p_450e3d0f5848,5,True,72,1,finished,True,36,88.9,3,
osaka-kogoren-autumn-2024-girls,p_93fc6dcd5e4e,5,True,72,1,finished,True,36,88.9,3,
osaka-kogoren-autumn-2024-girls,p_42f3a59809e1,7,False,73,2,finished,True,36,83.3,4,
osaka-kogoren-autumn-2024-girls,p_5ea1da5d2b6d,8,True,74,3,finished,True,36,80.6,5,
osaka-kogoren-autumn-2024-girls,p_f0bba08116ef,8,True,74,3,finished,True,36,80.6,5,
osaka-kogoren-autumn-2024-girls,p_0e0f98573755,10,True,75,4,finished,True,36,75.0,6,
osaka-kogoren-autumn-2024-girls,p_3e051ceb0f7d,10,True,75,4,finished,True,36,75.0,6,
osaka-kogoren-autumn-2024-girls,p_d9d8d985ff39,12,False,76,5,finished,True,36,69.4,7,
osaka-kogoren-autumn-2024-girls,p_b4e8adc3d659,13,False,77,6,finished,True,36,66.7,8,
osaka-kogoren-autumn-2024-girls,p_0b43cf0cd612,14,False,78,7,finished,True,36,63.9,9,
osaka-kogoren-autumn-2024-girls,p_85b6b0fcc98c,15,False,79,8,finished,True,36,61.1,10,
osaka-kogoren-autumn-2024-girls,p_17e25616e7f8,16,False,80,9,finished,True,36,58.3,11,
osaka-kogoren-autumn-2024-girls,p_5d5495ea2956,17,False,81,10,finished,True,36,55.6,12,
osaka-kogoren-autumn-2024-girls,p_431127e570af,18,False,82,11,finished,True,36,52.8,13,
osaka-kogoren-autumn-2024-girls,p_411ee2bb5b06,19,False,83,12,finished,True,36,50.0,14,
osaka-kogoren-autumn-2024-girls,p_e26af6b9216f,20,False,84,13,finished,True,36,47.2,15,
osaka-kogoren-autumn-2024-girls,p_dbdd3bbc03ec,21,False,85,14,finished,True,36,44.4,16,
osaka-kogoren-autumn-2024-girls,p_39e7b81b899c,22,False,86,15,finished,True,36,41.7,17,
osaka-kogoren-autumn-2024-girls,p_317da804977d,23,True,90,19,finished,True,36,38.9,21,
osaka-kogoren-autumn-2024-girls,p_3edbe14fd2df,23,True,90,19,finished,True,36,38.9,21,
osaka-kogoren-autumn-2024-girls,p_7b70c5366dd7,25,False,91,20,finished,True,36,33.3,22,
osaka-kogoren-autumn-2024-girls,p_53e443040506,26,False,92,21,finished,True,36,30.6,23,
osaka-kogoren-autumn-2024-girls,p_f7acc4c1e46f,27,False,94,23,finished,True,36,27.8,25,
osaka-kogoren-autumn-2024-girls,p_c9af56d33e2b,28,False,95,24,finished,True,36,25.0,26,
osaka-kogoren-autumn-2024-girls,p_819b7ecb2305,29,False,100,29,finished,True,36,22.2,31,
osaka-kogoren-autumn-2024-girls,p_c67ff07056bf,30,False,102,31,finished,True,36,19.4,33,
osaka-kogoren-autumn-2024-girls,p_ee03701a7638,31,False,106,35,finished,True,36,16.7,37,
osaka-kogoren-autumn-2024-girls,p_3d8107bdd4bc,32,False,110,39,finished,True,36,13.9,41,
osaka-kogoren-autumn-2024-girls,p_fffe88f1fa65,33,True,115,44,finished,True,36,11.1,46,
osaka-kogoren-autumn-2024-girls,p_62ea42978d3b,33,True,115,44,finished,True,36,11.1,46,
osaka-kogoren-autumn-2024-girls,p_9bb887c67f09,35,False,118,47,finished,True,36,5.6,49,
osaka-kogoren-autumn-2024-girls,p_58177c1f8f5a,36,False,148,77,finished,True,36,2.8,79,
osaka-kogoren-autumn-2025-boys,p_58a18642a4f4,1,False,65,-6,finished,True,66,100.0,0,
osaka-kogoren-autumn-2025-boys,p_aff0240e505b,2,False,65,-6,finished,True,66,98.5,0,
osaka-kogoren-autumn-2025-boys,p_cce29baa1bed,3,False,65,-6,finished,True,66,97.0,0,
osaka-kogoren-autumn-2025-boys,p_cc9d3dab077a,4,False,66,-5,finished,True,66,95.5,1,
osaka-kogoren-autumn-2025-boys,p_dfda00cc8726,5,False,67,-4,finished,True,66,93.9,2,
osaka-kogoren-autumn-2025-boys,p_f3e691d94880,6,False,68,-3,finished,True,66,92.4,3,
osaka-kogoren-autumn-2025-boys,p_bd68554908f2,7,False,70,-1,finished,True,66,90.9,5,
osaka-kogoren-autumn-2025-boys,p_6f46ceae1915,8,True,71,0,finished,True,66,89.4,6,
osaka-kogoren-autumn-2025-boys,p_b76a7c5e8963,8,True,71,0,finished,True,66,89.4,6,
osaka-kogoren-autumn-2025-boys,p_8edb56369a53,8,True,71,0,finished,True,66,89.4,6,
osaka-kogoren-autumn-2025-boys,p_fdbe57eaea98,11,True,72,1,finished,True,66,84.8,7,
osaka-kogoren-autumn-2025-boys,p_b0ba77d21805,11,True,72,1,finished,True,66,84.8,7,
osaka-kogoren-autumn-2025-boys,p_476b82112e44,11,True,72,1,finished,True,66,84.8,7,
osaka-kogoren-autumn-2025-boys,p_768a6beba217,11,True,72,1,finished,True,66,84.8,7,
osaka-kogoren-autumn-2025-boys,p_d1aea7255795,11,True,72,1,finished,True,66,84.8,7,
osaka-kogoren-autumn-2025-boys,p_2477285a7bd8,16,True,73,2,finished,True,66,77.3,8,
osaka-kogoren-autumn-2025-boys,p_72915698cdda,16,True,73,2,finished,True,66,77.3,8,
osaka-kogoren-autumn-2025-boys,p_f8a230d1d9e0,18,False,74,3,finished,True,66,74.2,9,
osaka-kogoren-autumn-2025-boys,p_6d9e10c3116d,19,True,75,4,finished,True,66,72.7,10,
osaka-kogoren-autumn-2025-boys,p_f59758657549,19,True,75,4,finished,True,66,72.7,10,
osaka-kogoren-autumn-2025-boys,p_20a906600e3b,19,True,75,4,finished,True,66,72.7,10,
osaka-kogoren-autumn-2025-boys,p_b81d0467341a,19,True,75,4,finished,True,66,72.7,10,
osaka-kogoren-autumn-2025-boys,p_a8e5f84545d8,19,True,75,4,finished,True,66,72.7,10,
osaka-kogoren-autumn-2025-boys,p_25c904058022,24,False,76,5,finished,True,66,65.2,11,
osaka-kogoren-autumn-2025-boys,p_f9c6dd0eca0a,25,False,77,6,finished,True,66,63.6,12,
osaka-kogoren-autumn-2025-boys,p_f87cdce4ecd7,26,True,78,7,finished,True,66,62.1,13,
osaka-kogoren-autumn-2025-boys,p_1fc692738a0c,26,True,78,7,finished,True,66,62.1,13,
osaka-kogoren-autumn-2025-boys,p_664c86fd0e51,26,True,78,7,finished,True,66,62.1,13,
osaka-kogoren-autumn-2025-boys,p_c99b20fc2ad2,29,False,79,8,finished,True,66,57.6,14,
osaka-kogoren-autumn-2025-boys,p_71332fceb005,30,True,80,9,finished,True,66,56.1,15,
osaka-kogoren-autumn-2025-boys,p_7e53fdab92b2,30,True,80,9,finished,True,66,56.1,15,
osaka-kogoren-autumn-2025-boys,p_dc68ba539c59,30,True,80,9,finished,True,66,56.1,15,
osaka-kogoren-autumn-2025-boys,p_257d3cab644a,33,False,81,10,finished,True,66,51.5,16,
osaka-kogoren-autumn-2025-boys,p_f39b0394eb18,34,False,82,11,finished,True,66,50.0,17,
osaka-kogoren-autumn-2025-boys,p_1bfeb9201fe4,35,True,83,12,finished,True,66,48.5,18,
osaka-kogoren-autumn-2025-boys,p_36d2bbc1444a,35,True,83,12,finished,True,66,48.5,18,
osaka-kogoren-autumn-2025-boys,p_b2e387c2ac7c,35,True,83,12,finished,True,66,48.5,18,
osaka-kogoren-autumn-2025-boys,p_2ead8db4cc4e,35,True,83,12,finished,True,66,48.5,18,
osaka-kogoren-autumn-2025-boys,p_83c8eb548594,39,False,85,14,finished,True,66,42.4,20,
osaka-kogoren-autumn-2025-boys,p_39c980477b34,40,False,88,17,finished,True,66,40.9,23,
osaka-kogoren-autumn-2025-boys,p_167db77c2574,41,False,89,18,finished,True,66,39.4,24,
osaka-kogoren-autumn-2025-boys,p_69813da030c4,42,False,90,19,finished,True,66,37.9,25,
osaka-kogoren-autumn-2025-boys,p_11390a60fd97,43,False,92,21,finished,True,66,36.4,27,
osaka-kogoren-autumn-2025-boys,p_1a340bb260a5,44,True,94,23,finished,True,66,34.8,29,
osaka-kogoren-autumn-2025-boys,p_f471b0584cbe,44,True,94,23,finished,True,66,34.8,29,
osaka-kogoren-autumn-2025-boys,p_3eb3c4fae15d,44,True,94,23,finished,True,66,34.8,29,
osaka-kogoren-autumn-2025-boys,p_e443b8a9ba15,47,False,95,24,finished,True,66,30.3,30,
osaka-kogoren-autumn-2025-boys,p_eb215c082078,48,False,97,26,finished,True,66,28.8,32,
osaka-kogoren-autumn-2025-boys,p_53c1bc851cf7,49,False,99,28,finished,True,66,27.3,34,
osaka-kogoren-autumn-2025-boys,p_7cebbb7c5388,50,False,102,31,finished,True,66,25.8,37,
osaka-kogoren-autumn-2025-boys,p_02dcc98b81cc,51,False,103,32,finished,True,66,24.2,38,
osaka-kogoren-autumn-2025-boys,p_dcc177e9afe6,52,False,105,34,finished,True,66,22.7,40,
osaka-kogoren-autumn-2025-boys,p_533a4ab4cb0d,53,False,106,35,finished,True,66,21.2,41,
osaka-kogoren-autumn-2025-boys,p_daa997a0e815,54,False,109,38,finished,True,66,19.7,44,
osaka-kogoren-autumn-2025-boys,p_11ca00a117bb,55,False,110,39,finished,True,66,18.2,45,
osaka-kogoren-autumn-2025-boys,p_c29949297222,56,False,111,40,finished,True,66,16.7,46,
osaka-kogoren-autumn-2025-boys,p_073ed5b1f54a,57,True,112,41,finished,True,66,15.2,47,
osaka-kogoren-autumn-2025-boys,p_bbd3cc49d479,57,True,112,41,finished,True,66,15.2,47,
osaka-kogoren-autumn-2025-boys,p_4d55d20dfe30,57,True,112,41,finished,True,66,15.2,47,
osaka-kogoren-autumn-2025-boys,p_6b978b3e5b9d,60,False,113,42,finished,True,66,10.6,48,
osaka-kogoren-autumn-2025-boys,p_a92e688a6860,61,False,122,51,finished,True,66,9.1,57,
osaka-kogoren-autumn-2025-boys,p_bbde694a6252,62,False,124,53,finished,True,66,7.6,59,
osaka-kogoren-autumn-2025-boys,p_c94827e44210,63,False,128,57,finished,True,66,6.1,63,
osaka-kogoren-autumn-2025-boys,p_487b76d2a9cc,64,False,130,59,finished,True,66,4.5,65,
osaka-kogoren-autumn-2025-boys,p_5e912882959e,65,False,138,67,finished,True,66,3.0,73,
osaka-kogoren-autumn-2025-boys,p_84208129fa39,66,False,158,87,finished,True,66,1.5,93,
osaka-kogoren-autumn-2025-boys,p_75021838dd5b,,False,,,dns,True,,,,
osaka-kogoren-autumn-2025-girls,p_be496450f8e4,1,False,69,-2,finished,True,36,100.0,0,
osaka-kogoren-autumn-2025-girls,p_93fc6dcd5e4e,2,False,70,-1,finished,True,36,97.2,1,
osaka-kogoren-autumn-2025-girls,p_b333a6e1b497,3,False,71,0,finished,True,36,94.4,2,
osaka-kogoren-autumn-2025-girls,p_78878c821ed9,4,False,71,0,finished,True,36,91.7,2,
osaka-kogoren-autumn-2025-girls,p_d4d10c936d55,5,True,72,1,finished,True,36,88.9,3,
osaka-kogoren-autumn-2025-girls,p_f0bba08116ef,5,True,72,1,finished,True,36,88.9,3,
osaka-kogoren-autumn-2025-girls,p_c105472b7654,7,True,75,4,finished,True,36,83.3,6,
osaka-kogoren-autumn-2025-girls,p_34367665cc28,7,True,75,4,finished,True,36,83.3,6,
osaka-kogoren-autumn-2025-girls,p_d513047c765b,9,True,76,5,finished,True,36,77.8,7,
osaka-kogoren-autumn-2025-girls,p_015e275b8f6d,9,True,76,5,finished,True,36,77.8,7,
osaka-kogoren-autumn-2025-girls,p_1ccd7b828fe6,9,True,76,5,finished,True,36,77.8,7,
osaka-kogoren-autumn-2025-girls,p_50b9871f1b00,12,True,77,6,finished,True,36,69.4,8,
osaka-kogoren-autumn-2025-girls,p_450e3d0f5848,12,True,77,6,finished,True,36,69.4,8,
osaka-kogoren-autumn-2025-girls,p_50ddff0ba36a,12,True,77,6,finished,True,36,69.4,8,
osaka-kogoren-autumn-2025-girls,p_52ccbb934d31,12,True,77,6,finished,True,36,69.4,8,
osaka-kogoren-autumn-2025-girls,p_0c7ba489f1d4,16,False,79,8,finished,True,36,58.3,10,
osaka-kogoren-autumn-2025-girls,p_2ddfbd6b2f70,17,True,80,9,finished,True,36,55.6,11,
osaka-kogoren-autumn-2025-girls,p_e26af6b9216f,17,True,80,9,finished,True,36,55.6,11,
osaka-kogoren-autumn-2025-girls,p_b4e8adc3d659,19,False,81,10,finished,True,36,50.0,12,
osaka-kogoren-autumn-2025-girls,p_a50079b48911,20,False,82,11,finished,True,36,47.2,13,
osaka-kogoren-autumn-2025-girls,p_799e45707f30,21,False,86,15,finished,True,36,44.4,17,
osaka-kogoren-autumn-2025-girls,p_f7acc4c1e46f,22,True,87,16,finished,True,36,41.7,18,
osaka-kogoren-autumn-2025-girls,p_fffe88f1fa65,22,True,87,16,finished,True,36,41.7,18,
osaka-kogoren-autumn-2025-girls,p_621902b153e8,24,True,88,17,finished,True,36,36.1,19,
osaka-kogoren-autumn-2025-girls,p_6c88de2cf44f,24,True,88,17,finished,True,36,36.1,19,
osaka-kogoren-autumn-2025-girls,p_4f9957c9b896,24,True,88,17,finished,True,36,36.1,19,
osaka-kogoren-autumn-2025-girls,p_7b70c5366dd7,27,False,91,20,finished,True,36,27.8,22,
osaka-kogoren-autumn-2025-girls,p_85b6b0fcc98c,28,False,93,22,finished,True,36,25.0,24,
osaka-kogoren-autumn-2025-girls,p_40e5111a16ba,29,True,94,23,finished,True,36,22.2,25,
osaka-kogoren-autumn-2025-girls,p_3edbe14fd2df,29,True,94,23,finished,True,36,22.2,25,
osaka-kogoren-autumn-2025-girls,p_a88bd766f1cb,31,False,96,25,finished,True,36,16.7,27,
osaka-kogoren-autumn-2025-girls,p_2528b2f82c47,32,False,98,27,finished,True,36,13.9,29,
osaka-kogoren-autumn-2025-girls,p_c67ff07056bf,33,False,99,28,finished,True,36,11.1,30,
osaka-kogoren-autumn-2025-girls,p_2fcf65956bf9,34,False,105,34,finished,True,36,8.3,36,
osaka-kogoren-autumn-2025-girls,p_b320b1718533,35,False,110,39,finished,True,36,5.6,41,
osaka-kogoren-autumn-2025-girls,p_75fd30943c10,36,False,121,50,finished,True,36,2.8,52,
osaka-kogoren-autumn-2025-girls,p_9b3723c85464,,False,,,dns,True,,,,
osaka-kogoren-autumn-2025-girls,p_57eacad7a29c,,False,,,dns,True,,,,
osaka-kogoren-championship-2024-boys,p_fb9e04716073,1,False,70,-2,finished,True,88,100.0,0,
osaka-kogoren-championship-2024-boys,p_fc7f3f269a1c,2,False,71,-1,finished,True,88,98.9,1,
osaka-kogoren-championship-2024-boys,p_a53cfd94e6ed,3,False,72,0,finished,True,88,97.7,2,
osaka-kogoren-championship-2024-boys,p_58a18642a4f4,4,False,72,0,finished,True,88,96.6,2,
osaka-kogoren-championship-2024-boys,p_1b2507e9d7ad,5,False,72,0,finished,True,88,95.5,2,
osaka-kogoren-championship-2024-boys,p_d1138f5ceb65,6,False,73,1,finished,True,88,94.3,3,
osaka-kogoren-championship-2024-boys,p_44eb21e8e6e3,7,True,73,1,finished,True,88,93.2,3,
osaka-kogoren-championship-2024-boys,p_e97fb05ffde8,7,True,73,1,finished,True,88,93.2,3,
osaka-kogoren-championship-2024-boys,p_46aace4d7844,9,True,74,2,finished,True,88,90.9,4,
osaka-kogoren-championship-2024-boys,p_6dd5591645cf,9,True,74,2,finished,True,88,90.9,4,
osaka-kogoren-championship-2024-boys,p_cc9d3dab077a,9,True,74,2,finished,True,88,90.9,4,
osaka-kogoren-championship-2024-boys,p_b00410c2bfef,12,True,75,3,finished,True,88,87.5,5,
osaka-kogoren-championship-2024-boys,p_4e7c28090223,12,True,75,3,finished,True,88,87.5,5,
osaka-kogoren-championship-2024-boys,p_7a5468c416b9,14,True,76,4,finished,True,88,85.2,6,
osaka-kogoren-championship-2024-boys,p_50131c3b956b,14,True,76,4,finished,True,88,85.2,6,
osaka-kogoren-championship-2024-boys,p_33b1c85e4702,15,True,77,5,finished,True,88,84.1,7,
osaka-kogoren-championship-2024-boys,p_eded6c0123b2,15,True,77,5,finished,True,88,84.1,7,
osaka-kogoren-championship-2024-boys,p_539456467889,15,True,77,5,finished,True,88,84.1,7,
osaka-kogoren-championship-2024-boys,p_094e6141a7a0,15,True,77,5,finished,True,88,84.1,7,
osaka-kogoren-championship-2024-boys,p_151046952757,15,True,77,5,finished,True,88,84.1,7,
osaka-kogoren-championship-2024-boys,p_f59758657549,21,True,78,6,finished,True,88,77.3,8,
osaka-kogoren-championship-2024-boys,p_33233bf28d25,21,True,78,6,finished,True,88,77.3,8,
osaka-kogoren-championship-2024-boys,p_f3e691d94880,21,True,78,6,finished,True,88,77.3,8,
osaka-kogoren-championship-2024-boys,p_baa725937571,21,True,78,6,finished,True,88,77.3,8,
osaka-kogoren-championship-2024-boys,p_2477285a7bd8,25,True,79,7,finished,True,88,72.7,9,
osaka-kogoren-championship-2024-boys,p_cb74e0d8abdc,25,True,79,7,finished,True,88,72.7,9,
osaka-kogoren-championship-2024-boys,p_9c37811ef604,25,True,79,7,finished,True,88,72.7,9,
osaka-kogoren-championship-2024-boys,p_28417a1cd5cf,25,True,79,7,finished,True,88,72.7,9,
osaka-kogoren-championship-2024-boys,p_0e28bda97194,29,True,80,8,finished,True,88,68.2,10,
osaka-kogoren-championship-2024-boys,p_0876153fcdc9,29,True,80,8,finished,True,88,68.2,10,
osaka-kogoren-championship-2024-boys,p_75a0921e24ad,29,True,80,8,finished,True,88,68.2,10,
osaka-kogoren-championship-2024-boys,p_1638dea067c4,29,True,80,8,finished,True,88,68.2,10,
osaka-kogoren-championship-2024-boys,p_cec6de9b8cff,33,True,81,9,finished,True,88,63.6,11,
osaka-kogoren-championship-2024-boys,p_20a906600e3b,33,True,81,9,finished,True,88,63.6,11,
osaka-kogoren-championship-2024-boys,p_72949bc6de6c,35,True,82,10,finished,True,88,61.4,12,
osaka-kogoren-championship-2024-boys,p_8f0f5cd03953,35,True,82,10,finished,True,88,61.4,12,
osaka-kogoren-championship-2024-boys,p_71332fceb005,35,True,82,10,finished,True,88,61.4,12,
osaka-kogoren-championship-2024-boys,p_b81d0467341a,35,True,82,10,finished,True,88,61.4,12,
osaka-kogoren-championship-2024-boys,p_81493147e8bb,35,True,82,10,finished,True,88,61.4,12,
osaka-kogoren-championship-2024-boys,p_a33935e75857,40,True,83,11,finished,True,88,55.7,13,
osaka-kogoren-championship-2024-boys,p_124fc2932230,40,True,83,11,finished,True,88,55.7,13,
osaka-kogoren-championship-2024-boys,p_cce29baa1bed,40,True,83,11,finished,True,88,55.7,13,
osaka-kogoren-championship-2024-boys,p_975c7c0d5ca3,40,True,83,11,finished,True,88,55.7,13,
osaka-kogoren-championship-2024-boys,p_e62c432f1edd,44,True,84,12,finished,True,88,51.1,14,
osaka-kogoren-championship-2024-boys,p_d1aea7255795,44,True,84,12,finished,True,88,51.1,14,
osaka-kogoren-championship-2024-boys,p_64190e197d1d,44,True,84,12,finished,True,88,51.1,14,
osaka-kogoren-championship-2024-boys,p_f39b0394eb18,47,True,85,13,finished,True,88,47.7,15,
osaka-kogoren-championship-2024-boys,p_e7a6500df195,47,True,85,13,finished,True,88,47.7,15,
osaka-kogoren-championship-2024-boys,p_f87cdce4ecd7,49,True,86,14,finished,True,88,45.5,16,
osaka-kogoren-championship-2024-boys,p_eae165c30527,49,True,86,14,finished,True,88,45.5,16,
osaka-kogoren-championship-2024-boys,p_fdbe57eaea98,49,True,86,14,finished,True,88,45.5,16,
osaka-kogoren-championship-2024-boys,p_3a43a8349c4f,52,True,87,15,finished,True,88,42.0,17,
osaka-kogoren-championship-2024-boys,p_bd68554908f2,52,True,87,15,finished,True,88,42.0,17,
osaka-kogoren-championship-2024-boys,p_c9c6c664fc5a,54,True,88,16,finished,True,88,39.8,18,
osaka-kogoren-championship-2024-boys,p_202361b8f7ed,54,True,88,16,finished,True,88,39.8,18,
osaka-kogoren-championship-2024-boys,p_f8a230d1d9e0,56,True,89,17,finished,True,88,37.5,19,
osaka-kogoren-championship-2024-boys,p_d6e1b76d3889,56,True,89,17,finished,True,88,37.5,19,
osaka-kogoren-championship-2024-boys,p_e1c5a84d7ae1,56,True,89,17,finished,True,88,37.5,19,
osaka-kogoren-championship-2024-boys,p_eb2bdc436dae,56,True,89,17,finished,True,88,37.5,19,
osaka-kogoren-championship-2024-boys,p_a8530c651076,56,True,89,17,finished,True,88,37.5,19,
osaka-kogoren-championship-2024-boys,p_3c4f815dbe78,61,True,90,18,finished,True,88,31.8,20,
osaka-kogoren-championship-2024-boys,p_6fc2e85c3193,61,True,90,18,finished,True,88,31.8,20,
osaka-kogoren-championship-2024-boys,p_465f27d97819,63,True,91,19,finished,True,88,29.5,21,
osaka-kogoren-championship-2024-boys,p_c7153d628616,63,True,91,19,finished,True,88,29.5,21,
osaka-kogoren-championship-2024-boys,p_a09542e379b5,65,True,92,20,finished,True,88,27.3,22,
osaka-kogoren-championship-2024-boys,p_b693a6e0fba1,65,True,92,20,finished,True,88,27.3,22,
osaka-kogoren-championship-2024-boys,p_78f0a1d2d6aa,67,False,95,23,finished,True,88,25.0,25,
osaka-kogoren-championship-2024-boys,p_04dcd1fb42e0,68,False,96,24,finished,True,88,23.9,26,
osaka-kogoren-championship-2024-boys,p_68e33ac86201,69,False,97,25,finished,True,88,22.7,27,
osaka-kogoren-championship-2024-boys,p_dd4977c08a66,70,True,98,26,finished,True,88,21.6,28,
osaka-kogoren-championship-2024-boys,p_f03408403e2d,70,True,98,26,finished,True,88,21.6,28,
osaka-kogoren-championship-2024-boys,p_4aee9415b868,70,True,98,26,finished,True,88,21.6,28,
osaka-kogoren-championship-2024-boys,p_a90de46120dd,70,True,98,26,finished,True,88,21.6,28,
osaka-kogoren-championship-2024-boys,p_693c2506d1ee,70,True,98,26,finished,True,88,21.6,28,
osaka-kogoren-championship-2024-boys,p_25c904058022,70,True,98,26,finished,True,88,21.6,28,
osaka-kogoren-championship-2024-boys,p_0ec51865e582,76,False,101,29,finished,True,88,14.8,31,
osaka-kogoren-championship-2024-boys,p_36d2bbc1444a,77,True,102,30,finished,True,88,13.6,32,
osaka-kogoren-championship-2024-boys,p_eb215c082078,77,True,102,30,finished,True,88,13.6,32,
osaka-kogoren-championship-2024-boys,p_f47d211f1aa9,79,False,103,31,finished,True,88,11.4,33,
osaka-kogoren-championship-2024-boys,p_257d3cab644a,80,False,110,38,finished,True,88,10.2,40,
osaka-kogoren-championship-2024-boys,p_72a4e24e7416,81,False,111,39,finished,True,88,9.1,41,
osaka-kogoren-championship-2024-boys,p_2ac4e6394927,82,True,113,41,finished,True,88,8.0,43,
osaka-kogoren-championship-2024-boys,p_664c86fd0e51,82,True,113,41,finished,True,88,8.0,43,
osaka-kogoren-championship-2024-boys,p_dc68ba539c59,84,False,115,43,finished,True,88,5.7,45,
osaka-kogoren-championship-2024-boys,p_d1878f529c9b,85,False,117,45,finished,True,88,4.5,47,
osaka-kogoren-championship-2024-boys,p_bf9559b7e2b6,86,False,122,50,finished,True,88,3.4,52,
osaka-kogoren-championship-2024-boys,p_3732992bb762,87,False,130,58,finished,True,88,2.3,60,
osaka-kogoren-championship-2024-boys,p_328cb2dbb4ef,88,False,134,62,finished,True,88,1.1,64,
osaka-kogoren-championship-2024-boys,p_d01fdce66769,,False,,,dns,True,,,,
osaka-kogoren-championship-2024-boys,p_a0b95b88505e,,False,,,dns,True,,,,
osaka-kogoren-championship-2024-girls,p_42f3a59809e1,1,False,68,-4,finished,True,45,100.0,0,
osaka-kogoren-championship-2024-girls,p_cb50a12609c7,2,False,68,-4,finished,True,45,97.8,0,
osaka-kogoren-championship-2024-girls,p_6da6bd5e2422,3,False,69,-3,finished,True,45,95.6,1,
osaka-kogoren-championship-2024-girls,p_d513047c765b,4,False,71,-1,finished,True,45,93.3,3,
osaka-kogoren-championship-2024-girls,p_1b34b51d6c73,5,False,72,0,finished,True,45,91.1,4,
osaka-kogoren-championship-2024-girls,p_3e051ceb0f7d,6,False,73,1,finished,True,45,88.9,5,
osaka-kogoren-championship-2024-girls,p_0b43cf0cd612,7,True,74,2,finished,True,45,86.7,6,
osaka-kogoren-championship-2024-girls,p_3dc9e594910a,7,True,74,2,finished,True,45,86.7,6,
osaka-kogoren-championship-2024-girls,p_5f68518a9f46,7,True,74,2,finished,True,45,86.7,6,
osaka-kogoren-championship-2024-girls,p_b9cd64eae388,7,True,74,2,finished,True,45,86.7,6,
osaka-kogoren-championship-2024-girls,p_b333a6e1b497,11,False,75,3,finished,True,45,77.8,7,
osaka-kogoren-championship-2024-girls,p_450e3d0f5848,12,True,76,4,finished,True,45,75.6,8,
osaka-kogoren-championship-2024-girls,p_18549bcddbc8,12,True,76,4,finished,True,45,75.6,8,
osaka-kogoren-championship-2024-girls,p_5ea1da5d2b6d,12,True,76,4,finished,True,45,75.6,8,
osaka-kogoren-championship-2024-girls,p_05b420aa73c6,12,True,76,4,finished,True,45,75.6,8,
osaka-kogoren-championship-2024-girls,p_f6f74c6de815,16,True,77,5,finished,True,45,66.7,9,
osaka-kogoren-championship-2024-girls,p_0e0f98573755,16,True,77,5,finished,True,45,66.7,9,
osaka-kogoren-championship-2024-girls,p_34367665cc28,16,True,77,5,finished,True,45,66.7,9,
osaka-kogoren-championship-2024-girls,p_f0bba08116ef,19,False,78,6,finished,True,45,60.0,10,
osaka-kogoren-championship-2024-girls,p_5d5495ea2956,20,True,79,7,finished,True,45,57.8,11,
osaka-kogoren-championship-2024-girls,p_431127e570af,20,True,79,7,finished,True,45,57.8,11,
osaka-kogoren-championship-2024-girls,p_adb0e7dbbd9c,20,True,79,7,finished,True,45,57.8,11,
osaka-kogoren-championship-2024-girls,p_3c0b3ad6df3f,23,True,80,8,finished,True,45,51.1,12,
osaka-kogoren-championship-2024-girls,p_93fc6dcd5e4e,23,True,80,8,finished,True,45,51.1,12,
osaka-kogoren-championship-2024-girls,p_dbdd3bbc03ec,25,False,82,10,finished,True,45,46.7,14,
osaka-kogoren-championship-2024-girls,p_b4e8adc3d659,26,True,83,11,finished,True,45,44.4,15,
osaka-kogoren-championship-2024-girls,p_05b695225af4,26,True,83,11,finished,True,45,44.4,15,
osaka-kogoren-championship-2024-girls,p_d9d8d985ff39,28,True,85,13,finished,True,45,40.0,17,
osaka-kogoren-championship-2024-girls,p_411ee2bb5b06,28,True,85,13,finished,True,45,40.0,17,
osaka-kogoren-championship-2024-girls,p_e26af6b9216f,30,False,86,14,finished,True,45,35.6,18,
osaka-kogoren-championship-2024-girls,p_17e25616e7f8,31,True,87,15,finished,True,45,33.3,19,
osaka-kogoren-championship-2024-girls,p_f7acc4c1e46f,31,True,87,15,finished,True,45,33.3,19,
osaka-kogoren-championship-2024-girls,p_b36faa98d6f4,31,True,87,15,finished,True,45,33.3,19,
osaka-kogoren-championship-2024-girls,p_e8bc25c3cc44,34,False,88,16,finished,True,45,26.7,20,
osaka-kogoren-championship-2024-girls,p_39e7b81b899c,35,False,90,18,finished,True,45,24.4,22,
osaka-kogoren-championship-2024-girls,p_ef8444502c53,36,False,96,24,finished,True,45,22.2,28,
osaka-kogoren-championship-2024-girls,p_53e443040506,37,True,99,27,finished,True,45,20.0,31,
osaka-kogoren-championship-2024-girls,p_abbcc428651b,37,True,99,27,finished,True,45,20.0,31,
osaka-kogoren-championship-2024-girls,p_c9af56d33e2b,37,True,99,27,finished,True,45,20.0,31,
osaka-kogoren-championship-2024-girls,p_703f59cf5ae6,40,False,102,30,finished,True,45,13.3,34,
osaka-kogoren-championship-2024-girls,p_8d477dfca839,41,False,103,31,finished,True,45,11.1,35,
osaka-kogoren-championship-2024-girls,p_317da804977d,42,False,105,33,finished,True,45,8.9,37,
osaka-kogoren-championship-2024-girls,p_3d8107bdd4bc,43,False,106,34,finished,True,45,6.7,38,
osaka-kogoren-championship-2024-girls,p_ee03701a7638,44,False,107,35,finished,True,45,4.4,39,
osaka-kogoren-championship-2024-girls,p_819b7ecb2305,45,False,109,37,finished,True,45,2.2,41,
osaka-kogoren-championship-2025-boys,p_fb9e04716073,1,False,67,-5,finished,True,83,100.0,0,
osaka-kogoren-championship-2025-boys,p_50131c3b956b,2,False,68,-4,finished,True,83,98.8,1,
osaka-kogoren-championship-2025-boys,p_eb8e817b9057,3,False,68,-4,finished,True,83,97.6,1,
osaka-kogoren-championship-2025-boys,p_dfda00cc8726,4,False,69,-3,finished,True,83,96.4,2,
osaka-kogoren-championship-2025-boys,p_58a18642a4f4,5,False,69,-3,finished,True,83,95.2,2,
osaka-kogoren-championship-2025-boys,p_d1138f5ceb65,6,False,69,-3,finished,True,83,94.0,2,
osaka-kogoren-championship-2025-boys,p_4e7c28090223,7,False,70,-2,finished,True,83,92.8,3,
osaka-kogoren-championship-2025-boys,p_aff0240e505b,8,True,71,-1,finished,True,83,91.6,4,
osaka-kogoren-championship-2025-boys,p_f3e691d94880,8,True,71,-1,finished,True,83,91.6,4,
osaka-kogoren-championship-2025-boys,p_cc9d3dab077a,10,True,72,0,finished,True,83,89.2,5,
osaka-kogoren-championship-2025-boys,p_20a906600e3b,10,True,72,0,finished,True,83,89.2,5,
osaka-kogoren-championship-2025-boys,p_f59758657549,10,True,72,0,finished,True,83,89.2,5,
osaka-kogoren-championship-2025-boys,p_2477285a7bd8,13,True,73,1,finished,True,83,85.5,6,
osaka-kogoren-championship-2025-boys,p_81493147e8bb,13,True,73,1,finished,True,83,85.5,6,
osaka-kogoren-championship-2025-boys,p_fdbe57eaea98,15,True,74,2,finished,True,83,83.1,7,
osaka-kogoren-championship-2025-boys,p_eded6c0123b2,15,True,74,2,finished,True,83,83.1,7,
osaka-kogoren-championship-2025-boys,p_cce29baa1bed,15,True,74,2,finished,True,83,83.1,7,
osaka-kogoren-championship-2025-boys,p_b81d0467341a,18,True,75,3,finished,True,83,79.5,8,
osaka-kogoren-championship-2025-boys,p_a8e5f84545d8,18,True,75,3,finished,True,83,79.5,8,
osaka-kogoren-championship-2025-boys,p_151046952757,18,True,75,3,finished,True,83,79.5,8,
osaka-kogoren-championship-2025-boys,p_46aace4d7844,18,True,75,3,finished,True,83,79.5,8,
osaka-kogoren-championship-2025-boys,p_e7a6500df195,18,True,75,3,finished,True,83,79.5,8,
osaka-kogoren-championship-2025-boys,p_539456467889,18,True,75,3,finished,True,83,79.5,8,
osaka-kogoren-championship-2025-boys,p_476b82112e44,24,True,76,4,finished,True,83,72.3,9,
osaka-kogoren-championship-2025-boys,p_8edb56369a53,24,True,76,4,finished,True,83,72.3,9,
osaka-kogoren-championship-2025-boys,p_b76a7c5e8963,24,True,76,4,finished,True,83,72.3,9,
osaka-kogoren-championship-2025-boys,p_a33935e75857,24,True,76,4,finished,True,83,72.3,9,
osaka-kogoren-championship-2025-boys,p_b0ba77d21805,28,False,77,5,finished,True,83,67.5,10,
osaka-kogoren-championship-2025-boys,p_eae165c30527,29,True,78,6,finished,True,83,66.3,11,
osaka-kogoren-championship-2025-boys,p_75a0921e24ad,29,True,78,6,finished,True,83,66.3,11,
osaka-kogoren-championship-2025-boys,p_44eb21e8e6e3,29,True,78,6,finished,True,83,66.3,11,
osaka-kogoren-championship-2025-boys,p_dc68ba539c59,32,True,79,7,finished,True,83,62.7,12,
osaka-kogoren-championship-2025-boys,p_f87cdce4ecd7,32,True,79,7,finished,True,83,62.7,12,
osaka-kogoren-championship-2025-boys,p_f8a230d1d9e0,32,True,79,7,finished,True,83,62.7,12,
osaka-kogoren-championship-2025-boys,p_6f46ceae1915,32,True,79,7,finished,True,83,62.7,12,
osaka-kogoren-championship-2025-boys,p_64190e197d1d,36,True,80,8,finished,True,83,57.8,13,
osaka-kogoren-championship-2025-boys,p_bd68554908f2,36,True,80,8,finished,True,83,57.8,13,
osaka-kogoren-championship-2025-boys,p_f47d211f1aa9,38,True,81,9,finished,True,83,55.4,14,
osaka-kogoren-championship-2025-boys,p_f9c6dd0eca0a,38,True,81,9,finished,True,83,55.4,14,
osaka-kogoren-championship-2025-boys,p_d1aea7255795,38,True,81,9,finished,True,83,55.4,14,
osaka-kogoren-championship-2025-boys,p_1fc692738a0c,38,True,81,9,finished,True,83,55.4,14,
osaka-kogoren-championship-2025-boys,p_f39b0394eb18,38,True,81,9,finished,True,83,55.4,14,
osaka-kogoren-championship-2025-boys,p_25c904058022,43,True,82,10,finished,True,83,49.4,15,
osaka-kogoren-championship-2025-boys,p_71332fceb005,43,True,82,10,finished,True,83,49.4,15,
osaka-kogoren-championship-2025-boys,p_6d9e10c3116d,45,False,83,11,finished,True,83,47.0,16,
osaka-kogoren-championship-2025-boys,p_4aee9415b868,46,False,83,11,finished,True,83,45.8,16,
osaka-kogoren-championship-2025-boys,p_664c86fd0e51,47,True,84,12,finished,True,83,44.6,17,
osaka-kogoren-championship-2025-boys,p_a90de46120dd,47,True,84,12,finished,True,83,44.6,17,
osaka-kogoren-championship-2025-boys,p_72915698cdda,49,False,85,13,finished,True,83,42.2,18,
osaka-kogoren-championship-2025-boys,p_ec0cdadbf6c0,50,True,86,14,finished,True,83,41.0,19,
osaka-kogoren-championship-2025-boys,p_3a43a8349c4f,50,True,86,14,finished,True,83,41.0,19,
osaka-kogoren-championship-2025-boys,p_3c4f815dbe78,52,True,87,15,finished,True,83,38.6,20,
osaka-kogoren-championship-2025-boys,p_257d3cab644a,52,True,87,15,finished,True,83,38.6,20,
osaka-kogoren-championship-2025-boys,p_36d2bbc1444a,52,True,87,15,finished,True,83,38.6,20,
osaka-kogoren-championship-2025-boys,p_f03408403e2d,55,True,88,16,finished,True,83,34.9,21,
osaka-kogoren-championship-2025-boys,p_b2e387c2ac7c,55,True,88,16,finished,True,83,34.9,21,
osaka-kogoren-championship-2025-boys,p_eb215c082078,57,True,89,17,finished,True,83,32.5,22,
osaka-kogoren-championship-2025-boys,p_2ead8db4cc4e,57,True,89,17,finished,True,83,32.5,22,
osaka-kogoren-championship-2025-boys,p_1bfeb9201fe4,57,True,89,17,finished,True,83,32.5,22,
osaka-kogoren-championship-2025-boys,p_83c8eb548594,60,False,90,18,finished,True,83,28.9,23,
osaka-kogoren-championship-2025-boys,p_75021838dd5b,61,False,91,19,finished,True,83,27.7,24,
osaka-kogoren-championship-2025-boys,p_7e53fdab92b2,62,False,92,20,finished,True,83,26.5,25,
osaka-kogoren-championship-2025-boys,p_c99b20fc2ad2,63,False,95,23,finished,True,83,25.3,28,
osaka-kogoren-championship-2025-boys,p_11390a60fd97,64,True,96,24,finished,True,83,24.1,29,
osaka-kogoren-championship-2025-boys,p_69813da030c4,64,True,96,24,finished,True,83,24.1,29,
osaka-kogoren-championship-2025-boys,p_04dcd1fb42e0,66,True,99,27,finished,True,83,21.7,32,
osaka-kogoren-championship-2025-boys,p_39c980477b34,66,True,99,27,finished,True,83,21.7,32,
osaka-kogoren-championship-2025-boys,p_e443b8a9ba15,66,True,99,27,finished,True,83,21.7,32,
osaka-kogoren-championship-2025-boys,p_6b978b3e5b9d,69,False,100,28,finished,True,83,18.1,33,
osaka-kogoren-championship-2025-boys,p_073ed5b1f54a,70,False,103,31,finished,True,83,16.9,36,
osaka-kogoren-championship-2025-boys,p_167db77c2574,71,False,104,32,finished,True,83,15.7,37,
osaka-kogoren-championship-2025-boys,p_d94091aceab3,72,True,105,33,finished,True,83,14.5,38,
osaka-kogoren-championship-2025-boys,p_a92e688a6860,72,True,105,33,finished,True,83,14.5,38,
osaka-kogoren-championship-2025-boys,p_2ac4e6394927,72,True,105,33,finished,True,83,14.5,38,
osaka-kogoren-championship-2025-boys,p_12f8fb0db9d4,75,True,106,34,finished,True,83,10.8,39,
osaka-kogoren-championship-2025-boys,p_d6baf6ef3c16,75,True,106,34,finished,True,83,10.8,39,
osaka-kogoren-championship-2025-boys,p_7cebbb7c5388,77,False,107,35,finished,True,83,8.4,40,
osaka-kogoren-championship-2025-boys,p_11ca00a117bb,78,False,108,36,finished,True,83,7.2,41,
osaka-kogoren-championship-2025-boys,p_d1878f529c9b,79,False,111,39,finished,True,83,6.0,44,
osaka-kogoren-championship-2025-boys,p_3eb3c4fae15d,80,False,112,40,finished,True,83,4.8,45,
osaka-kogoren-championship-2025-boys,p_eafb2425cfbe,81,False,120,48,finished,True,83,3.6,53,
osaka-kogoren-championship-2025-boys,p_fe6f4d4c9243,82,False,131,59,finished,True,83,2.4,64,
osaka-kogoren-championship-2025-boys,p_d3c720b57adf,83,False,132,60,finished,True,83,1.2,65,
osaka-kogoren-championship-2025-boys,p_768a6beba217,,False,,,dns,True,,,,
osaka-kogoren-championship-2025-girls,p_d4d10c936d55,1,False,70,-2,finished,True,50,100.0,0,
osaka-kogoren-championship-2025-girls,p_7c624aab5eb0,2,False,70,-2,finished,True,50,98.0,0,
osaka-kogoren-championship-2025-girls,p_50b9871f1b00,3,False,72,0,finished,True,50,96.0,2,
osaka-kogoren-championship-2025-girls,p_b333a6e1b497,4,False,73,1,finished,True,50,94.0,3,
osaka-kogoren-championship-2025-girls,p_50ddff0ba36a,5,True,73,1,finished,True,50,92.0,3,
osaka-kogoren-championship-2025-girls,p_d513047c765b,5,True,73,1,finished,True,50,92.0,3,
osaka-kogoren-championship-2025-girls,p_431127e570af,7,False,74,2,finished,True,50,88.0,4,
osaka-kogoren-championship-2025-girls,p_015e275b8f6d,8,True,75,3,finished,True,50,86.0,5,
osaka-kogoren-championship-2025-girls,p_0e0f98573755,8,True,75,3,finished,True,50,86.0,5,
osaka-kogoren-championship-2025-girls,p_5d5495ea2956,8,True,75,3,finished,True,50,86.0,5,
osaka-kogoren-championship-2025-girls,p_be496450f8e4,8,True,75,3,finished,True,50,86.0,5,
osaka-kogoren-championship-2025-girls,p_0b43cf0cd612,12,True,76,4,finished,True,50,78.0,6,
osaka-kogoren-championship-2025-girls,p_93fc6dcd5e4e,12,True,76,4,finished,True,50,78.0,6,
osaka-kogoren-championship-2025-girls,p_34367665cc28,14,False,77,5,finished,True,50,74.0,7,
osaka-kogoren-championship-2025-girls,p_1ccd7b828fe6,15,True,78,6,finished,True,50,72.0,8,
osaka-kogoren-championship-2025-girls,p_c105472b7654,15,True,78,6,finished,True,50,72.0,8,
osaka-kogoren-championship-2025-girls,p_17e25616e7f8,17,True,79,7,finished,True,50,68.0,9,
osaka-kogoren-championship-2025-girls,p_78878c821ed9,17,True,79,7,finished,True,50,68.0,9,
osaka-kogoren-championship-2025-girls,p_b4e8adc3d659,17,True,79,7,finished,True,50,68.0,9,
osaka-kogoren-championship-2025-girls,p_f0bba08116ef,17,True,79,7,finished,True,50,68.0,9,
osaka-kogoren-championship-2025-girls,p_5ea1da5d2b6d,21,False,80,8,finished,True,50,60.0,10,
osaka-kogoren-championship-2025-girls,p_52ccbb934d31,22,False,81,9,finished,True,50,58.0,11,
osaka-kogoren-championship-2025-girls,p_f7acc4c1e46f,23,False,82,10,finished,True,50,56.0,12,
osaka-kogoren-championship-2025-girls,p_85b6b0fcc98c,24,True,83,11,finished,True,50,54.0,13,
osaka-kogoren-championship-2025-girls,p_dbdd3bbc03ec,24,True,83,11,finished,True,50,54.0,13,
osaka-kogoren-championship-2025-girls,p_57eacad7a29c,26,True,84,12,finished,True,50,50.0,14,
osaka-kogoren-championship-2025-girls,p_799e45707f30,26,True,84,12,finished,True,50,50.0,14,
osaka-kogoren-championship-2025-girls,p_d9d8d985ff39,28,True,85,13,finished,True,50,46.0,15,
osaka-kogoren-championship-2025-girls,p_e26af6b9216f,28,True,85,13,finished,True,50,46.0,15,
osaka-kogoren-championship-2025-girls,p_596be68f1dae,30,True,86,14,finished,True,50,42.0,16,
osaka-kogoren-championship-2025-girls,p_411ee2bb5b06,30,True,86,14,finished,True,50,42.0,16,
osaka-kogoren-championship-2025-girls,p_a50079b48911,32,False,88,16,finished,True,50,38.0,18,
osaka-kogoren-championship-2025-girls,p_39e7b81b899c,33,True,89,17,finished,True,50,36.0,19,
osaka-kogoren-championship-2025-girls,p_0c7ba489f1d4,33,True,89,17,finished,True,50,36.0,19,
osaka-kogoren-championship-2025-girls,p_53e443040506,35,True,91,19,finished,True,50,32.0,21,
osaka-kogoren-championship-2025-girls,p_621902b153e8,35,True,91,19,finished,True,50,32.0,21,
osaka-kogoren-championship-2025-girls,p_317da804977d,37,True,92,20,finished,True,50,28.0,22,
osaka-kogoren-championship-2025-girls,p_3edbe14fd2df,37,True,92,20,finished,True,50,28.0,22,
osaka-kogoren-championship-2025-girls,p_3d8107bdd4bc,37,True,92,20,finished,True,50,28.0,22,
osaka-kogoren-championship-2025-girls,p_6c88de2cf44f,40,False,93,21,finished,True,50,22.0,23,
osaka-kogoren-championship-2025-girls,p_ee03701a7638,41,False,94,22,finished,True,50,20.0,24,
osaka-kogoren-championship-2025-girls,p_c9af56d33e2b,42,False,97,25,finished,True,50,18.0,27,
osaka-kogoren-championship-2025-girls,p_40e5111a16ba,43,True,103,31,finished,True,50,16.0,33,
osaka-kogoren-championship-2025-girls,p_fffe88f1fa65,43,True,103,31,finished,True,50,16.0,33,
osaka-kogoren-championship-2025-girls,p_b320b1718533,45,False,104,32,finished,True,50,12.0,34,
osaka-kogoren-championship-2025-girls,p_4f9957c9b896,46,True,105,33,finished,True,50,10.0,35,
osaka-kogoren-championship-2025-girls,p_db0fec61bccd,46,True,105,33,finished,True,50,10.0,35,
osaka-kogoren-championship-2025-girls,p_58177c1f8f5a,48,True,119,47,finished,True,50,6.0,49,
osaka-kogoren-championship-2025-girls,p_a88bd766f1cb,,False,,,dns,True,,,,
osaka-kogoren-championship-2025-girls,p_2ddfbd6b2f70,,False,,,dns,True,,,,
osaka-kogoren-championship-2025-girls,p_203d5af63b15,,False,,,dns,True,,,,
osaka-kogoren-championship-2025-girls,p_1abe9d1f4e18,48,True,70,-2,finished,True,50,6.0,0,
osaka-kogoren-championship-2025-girls,p_3dc66c7b80da,48,True,76,4,finished,True,50,6.0,6,
osaka-kogoren-championship-2025-girls,p_6da6bd5e2422,,False,,,dns,True,,,,
osaka-kogoren-championship-2026-boys,p_2477285a7bd8,1,False,71,-1,finished,True,92,100.0,0,
osaka-kogoren-championship-2026-boys,p_46d4683a0ce9,2,False,72,0,finished,True,92,98.9,1,
osaka-kogoren-championship-2026-boys,p_aff0240e505b,3,False,72,0,finished,True,92,97.8,1,
osaka-kogoren-championship-2026-boys,p_b0ba77d21805,4,False,73,1,finished,True,92,96.7,2,
osaka-kogoren-championship-2026-boys,p_df07813acc73,5,False,74,2,finished,True,92,95.7,3,
osaka-kogoren-championship-2026-boys,p_dfda00cc8726,6,True,74,2,finished,True,92,94.6,3,
osaka-kogoren-championship-2026-boys,p_476b82112e44,6,True,74,2,finished,True,92,94.6,3,
osaka-kogoren-championship-2026-boys,p_cce29baa1bed,6,True,74,2,finished,True,92,94.6,3,
osaka-kogoren-championship-2026-boys,p_fdbe57eaea98,9,True,75,3,finished,True,92,91.3,4,
osaka-kogoren-championship-2026-boys,p_1800936f2667,9,True,75,3,finished,True,92,91.3,4,
osaka-kogoren-championship-2026-boys,p_6d9e10c3116d,9,True,75,3,finished,True,92,91.3,4,
osaka-kogoren-championship-2026-boys,p_f8a230d1d9e0,9,True,75,3,finished,True,92,91.3,4,
osaka-kogoren-championship-2026-boys,p_2d0f087ef426,9,True,75,3,finished,True,92,91.3,4,
osaka-kogoren-championship-2026-boys,p_f3e691d94880,9,True,75,3,finished,True,92,91.3,4,
osaka-kogoren-championship-2026-boys,p_80ccc7bbf3f7,15,True,76,4,finished,True,92,84.8,5,
osaka-kogoren-championship-2026-boys,p_f59758657549,15,True,76,4,finished,True,92,84.8,5,
osaka-kogoren-championship-2026-boys,p_f49da0847337,15,True,76,4,finished,True,92,84.8,5,
osaka-kogoren-championship-2026-boys,p_b76a7c5e8963,18,True,77,5,finished,True,92,81.5,6,
osaka-kogoren-championship-2026-boys,p_cc9d3dab077a,18,True,77,5,finished,True,92,81.5,6,
osaka-kogoren-championship-2026-boys,p_b81d0467341a,18,True,77,5,finished,True,92,81.5,6,
osaka-kogoren-championship-2026-boys,p_8edb56369a53,18,True,77,5,finished,True,92,81.5,6,
osaka-kogoren-championship-2026-boys,p_c0cf041b034c,18,True,77,5,finished,True,92,81.5,6,
osaka-kogoren-championship-2026-boys,p_20a906600e3b,18,True,77,5,finished,True,92,81.5,6,
osaka-kogoren-championship-2026-boys,p_0b5e8a2fd78c,18,True,77,5,finished,True,92,81.5,6,
osaka-kogoren-championship-2026-boys,p_6f46ceae1915,25,True,78,6,finished,True,92,73.9,7,
osaka-kogoren-championship-2026-boys,p_36d2bbc1444a,25,True,78,6,finished,True,92,73.9,7,
osaka-kogoren-championship-2026-boys,p_167db77c2574,25,True,78,6,finished,True,92,73.9,7,
osaka-kogoren-championship-2026-boys,p_1fc692738a0c,25,True,78,6,finished,True,92,73.9,7,
osaka-kogoren-championship-2026-boys,p_f87cdce4ecd7,29,True,79,7,finished,True,92,69.6,8,
osaka-kogoren-championship-2026-boys,p_7e53fdab92b2,29,True,79,7,finished,True,92,69.6,8,
osaka-kogoren-championship-2026-boys,p_a8e5f84545d8,31,False,81,9,finished,True,92,67.4,10,
osaka-kogoren-championship-2026-boys,p_bd68554908f2,32,True,82,10,finished,True,92,66.3,11,
osaka-kogoren-championship-2026-boys,p_73e95e5f8dec,32,True,82,10,finished,True,92,66.3,11,
osaka-kogoren-championship-2026-boys,p_2b8171035401,34,True,83,11,finished,True,92,64.1,12,
osaka-kogoren-championship-2026-boys,p_f9c6dd0eca0a,34,True,83,11,finished,True,92,64.1,12,
osaka-kogoren-championship-2026-boys,p_1bfeb9201fe4,34,True,83,11,finished,True,92,64.1,12,
osaka-kogoren-championship-2026-boys,p_dc68ba539c59,34,True,83,11,finished,True,92,64.1,12,
osaka-kogoren-championship-2026-boys,p_83c8eb548594,34,True,83,11,finished,True,92,64.1,12,
osaka-kogoren-championship-2026-boys,p_2ead8db4cc4e,34,True,83,11,finished,True,92,64.1,12,
osaka-kogoren-championship-2026-boys,p_768a6beba217,40,False,84,12,finished,True,92,57.6,13,
osaka-kogoren-championship-2026-boys,p_25c904058022,41,True,85,13,finished,True,92,56.5,14,
osaka-kogoren-championship-2026-boys,p_6b0a6479e899,41,True,85,13,finished,True,92,56.5,14,
osaka-kogoren-championship-2026-boys,p_1a340bb260a5,41,True,85,13,finished,True,92,56.5,14,
osaka-kogoren-championship-2026-boys,p_60a0cdeb74c9,41,True,85,13,finished,True,92,56.5,14,
osaka-kogoren-championship-2026-boys,p_a09542e379b5,41,True,85,13,finished,True,92,56.5,14,
osaka-kogoren-championship-2026-boys,p_eb215c082078,41,True,85,13,finished,True,92,56.5,14,
osaka-kogoren-championship-2026-boys,p_c99b20fc2ad2,47,True,86,14,finished,True,92,50.0,15,
osaka-kogoren-championship-2026-boys,p_e681613d754d,47,True,86,14,finished,True,92,50.0,15,
osaka-kogoren-championship-2026-boys,p_e443b8a9ba15,47,True,86,14,finished,True,92,50.0,15,
osaka-kogoren-championship-2026-boys,p_b2e387c2ac7c,47,True,86,14,finished,True,92,50.0,15,
osaka-kogoren-championship-2026-boys,p_71332fceb005,47,True,86,14,finished,True,92,50.0,15,
osaka-kogoren-championship-2026-boys,p_f471b0584cbe,47,True,86,14,finished,True,92,50.0,15,
osaka-kogoren-championship-2026-boys,p_d1aea7255795,53,True,87,15,finished,True,92,43.5,16,
osaka-kogoren-championship-2026-boys,p_1eb98b8cc674,53,True,87,15,finished,True,92,43.5,16,
osaka-kogoren-championship-2026-boys,p_11390a60fd97,53,True,87,15,finished,True,92,43.5,16,
osaka-kogoren-championship-2026-boys,p_72915698cdda,53,True,87,15,finished,True,92,43.5,16,
osaka-kogoren-championship-2026-boys,p_664c86fd0e51,57,True,88,16,finished,True,92,39.1,17,
osaka-kogoren-championship-2026-boys,p_02dcc98b81cc,57,True,88,16,finished,True,92,39.1,17,
osaka-kogoren-championship-2026-boys,p_257d3cab644a,59,True,90,18,finished,True,92,37.0,19,
osaka-kogoren-championship-2026-boys,p_25efb3687e5b,59,True,90,18,finished,True,92,37.0,19,
osaka-kogoren-championship-2026-boys,p_3eb3c4fae15d,59,True,90,18,finished,True,92,37.0,19,
osaka-kogoren-championship-2026-boys,p_f39b0394eb18,62,False,91,19,finished,True,92,33.7,20,
osaka-kogoren-championship-2026-boys,p_4d55d20dfe30,63,False,92,20,finished,True,92,32.6,21,
osaka-kogoren-championship-2026-boys,p_f00cf0ddfe15,64,True,93,21,finished,True,92,31.5,22,
osaka-kogoren-championship-2026-boys,p_69813da030c4,64,True,93,21,finished,True,92,31.5,22,
osaka-kogoren-championship-2026-boys,p_39c980477b34,66,False,94,22,finished,True,92,29.3,23,
osaka-kogoren-championship-2026-boys,p_d94091aceab3,67,False,95,23,finished,True,92,28.3,24,
osaka-kogoren-championship-2026-boys,p_073ed5b1f54a,68,False,96,24,finished,True,92,27.2,25,
osaka-kogoren-championship-2026-boys,p_40aa7eceab96,69,False,98,26,finished,True,92,26.1,27,
osaka-kogoren-championship-2026-boys,p_7cebbb7c5388,70,True,99,27,finished,True,92,25.0,28,
osaka-kogoren-championship-2026-boys,p_daa997a0e815,70,True,99,27,finished,True,92,25.0,28,
osaka-kogoren-championship-2026-boys,p_533a4ab4cb0d,72,True,100,28,finished,True,92,22.8,29,
osaka-kogoren-championship-2026-boys,p_75995d9bf9fd,72,True,100,28,finished,True,92,22.8,29,
osaka-kogoren-championship-2026-boys,p_901c9e6c78e6,74,False,101,29,finished,True,92,20.7,30,
osaka-kogoren-championship-2026-boys,p_11ca00a117bb,75,True,102,30,finished,True,92,19.6,31,
osaka-kogoren-championship-2026-boys,p_53c1bc851cf7,75,True,102,30,finished,True,92,19.6,31,
osaka-kogoren-championship-2026-boys,p_fe6f4d4c9243,77,True,104,32,finished,True,92,17.4,33,
osaka-kogoren-championship-2026-boys,p_5d227f281784,77,True,104,32,finished,True,92,17.4,33,
osaka-kogoren-championship-2026-boys,p_dcc177e9afe6,79,False,106,34,finished,True,92,15.2,35,
osaka-kogoren-championship-2026-boys,p_2d11e1623170,80,True,108,36,finished,True,92,14.1,37,
osaka-kogoren-championship-2026-boys,p_9dd20efc73bc,80,True,108,36,finished,True,92,14.1,37,
osaka-kogoren-championship-2026-boys,p_067f92e417e4,82,False,109,37,finished,True,92,12.0,38,
osaka-kogoren-championship-2026-boys,p_e89e96d2d066,83,False,113,41,finished,True,92,10.9,42,
osaka-kogoren-championship-2026-boys,p_39aa7b66219b,84,False,116,44,finished,True,92,9.8,45,
osaka-kogoren-championship-2026-boys,p_6b978b3e5b9d,85,False,117,45,finished,True,92,8.7,46,
osaka-kogoren-championship-2026-boys,p_e6be813d3551,86,False,118,46,finished,True,92,7.6,47,
osaka-kogoren-championship-2026-boys,p_487b76d2a9cc,87,True,119,47,finished,True,92,6.5,48,
osaka-kogoren-championship-2026-boys,p_cec5c6dd495e,87,True,119,47,finished,True,92,6.5,48,
osaka-kogoren-championship-2026-boys,p_c94827e44210,89,False,120,48,finished,True,92,4.3,49,
osaka-kogoren-championship-2026-boys,p_eeedd82ff28a,90,False,125,53,finished,True,92,3.3,54,
osaka-kogoren-championship-2026-boys,p_3d67cb61553d,91,False,134,62,finished,True,92,2.2,63,
osaka-kogoren-championship-2026-boys,p_84208129fa39,92,False,140,68,finished,True,92,1.1,69,
osaka-kogoren-championship-2026-boys,p_2010cb4eb70b,,False,,,dns,True,,,,
osaka-kogoren-championship-2026-girls,p_b333a6e1b497,1,False,70,-2,finished,True,50,100.0,0,
osaka-kogoren-championship-2026-girls,p_78878c821ed9,2,False,70,-2,finished,True,50,98.0,0,
osaka-kogoren-championship-2026-girls,p_9834d3ac7f71,3,False,73,1,finished,True,50,96.0,3,
osaka-kogoren-championship-2026-girls,p_c3455a4e1f66,4,True,75,3,finished,True,50,94.0,5,
osaka-kogoren-championship-2026-girls,p_499033feaad0,4,True,75,3,finished,True,50,94.0,5,
osaka-kogoren-championship-2026-girls,p_10095c800b43,4,True,75,3,finished,True,50,94.0,5,
osaka-kogoren-championship-2026-girls,p_827767d89d11,7,False,76,4,finished,True,50,88.0,6,
osaka-kogoren-championship-2026-girls,p_964f8588cc9c,8,True,77,5,finished,True,50,86.0,7,
osaka-kogoren-championship-2026-girls,p_72d375c61403,8,True,77,5,finished,True,50,86.0,7,
osaka-kogoren-championship-2026-girls,p_50ddff0ba36a,8,True,77,5,finished,True,50,86.0,7,
osaka-kogoren-championship-2026-girls,p_f4506eaf2a60,8,True,77,5,finished,True,50,86.0,7,
osaka-kogoren-championship-2026-girls,p_01a8ec254ba8,8,True,77,5,finished,True,50,86.0,7,
osaka-kogoren-championship-2026-girls,p_93fc6dcd5e4e,13,True,78,6,finished,True,50,76.0,8,
osaka-kogoren-championship-2026-girls,p_462f9c4a2b48,13,True,78,6,finished,True,50,76.0,8,
osaka-kogoren-championship-2026-girls,p_0c7ba489f1d4,13,True,78,6,finished,True,50,76.0,8,
osaka-kogoren-championship-2026-girls,p_1ccd7b828fe6,13,True,78,6,finished,True,50,76.0,8,
osaka-kogoren-championship-2026-girls,p_85b6b0fcc98c,17,True,79,7,finished,True,50,68.0,9,
osaka-kogoren-championship-2026-girls,p_52ccbb934d31,17,True,79,7,finished,True,50,68.0,9,
osaka-kogoren-championship-2026-girls,p_e4fab1bc70d7,19,True,80,8,finished,True,50,64.0,10,
osaka-kogoren-championship-2026-girls,p_d4d10c936d55,19,True,80,8,finished,True,50,64.0,10,
osaka-kogoren-championship-2026-girls,p_799e45707f30,21,True,81,9,finished,True,50,60.0,11,
osaka-kogoren-championship-2026-girls,p_f7f03cf2ab1f,21,True,81,9,finished,True,50,60.0,11,
osaka-kogoren-championship-2026-girls,p_015e275b8f6d,23,False,83,11,finished,True,50,56.0,13,
osaka-kogoren-championship-2026-girls,p_a50079b48911,24,True,85,13,finished,True,50,54.0,15,
osaka-kogoren-championship-2026-girls,p_34367665cc28,24,True,85,13,finished,True,50,54.0,15,
osaka-kogoren-championship-2026-girls,p_f0bba08116ef,26,True,86,14,finished,True,50,50.0,16,
osaka-kogoren-championship-2026-girls,p_4df155151f59,26,True,86,14,finished,True,50,50.0,16,
osaka-kogoren-championship-2026-girls,p_a88bd766f1cb,26,True,86,14,finished,True,50,50.0,16,
osaka-kogoren-championship-2026-girls,p_f7acc4c1e46f,26,True,86,14,finished,True,50,50.0,16,
osaka-kogoren-championship-2026-girls,p_fffe88f1fa65,26,True,86,14,finished,True,50,50.0,16,
osaka-kogoren-championship-2026-girls,p_e26af6b9216f,31,False,87,15,finished,True,50,40.0,17,
osaka-kogoren-championship-2026-girls,p_5af5211d8aa6,32,True,88,16,finished,True,50,38.0,18,
osaka-kogoren-championship-2026-girls,p_621902b153e8,32,True,88,16,finished,True,50,38.0,18,
osaka-kogoren-championship-2026-girls,p_3edbe14fd2df,32,True,88,16,finished,True,50,38.0,18,
osaka-kogoren-championship-2026-girls,p_4f9957c9b896,35,True,91,19,finished,True,50,32.0,21,
osaka-kogoren-championship-2026-girls,p_09dc2531f041,35,True,91,19,finished,True,50,32.0,21,
osaka-kogoren-championship-2026-girls,p_6c88de2cf44f,37,True,92,20,finished,True,50,28.0,22,
osaka-kogoren-championship-2026-girls,p_2528b2f82c47,37,True,92,20,finished,True,50,28.0,22,
osaka-kogoren-championship-2026-girls,p_f259a0c9f8f3,39,False,95,23,finished,True,50,24.0,25,
osaka-kogoren-championship-2026-girls,p_b6ea3481a3cd,40,False,96,24,finished,True,50,22.0,26,
osaka-kogoren-championship-2026-girls,p_e161660408be,41,False,99,27,finished,True,50,20.0,29,
osaka-kogoren-championship-2026-girls,p_40e5111a16ba,42,False,100,28,finished,True,50,18.0,30,
osaka-kogoren-championship-2026-girls,p_b320b1718533,43,False,101,29,finished,True,50,16.0,31,
osaka-kogoren-championship-2026-girls,p_9fc98ea4476e,44,False,106,34,finished,True,50,14.0,36,
osaka-kogoren-championship-2026-girls,p_c67ff07056bf,45,False,108,36,finished,True,50,12.0,38,
osaka-kogoren-championship-2026-girls,p_2fcf65956bf9,46,False,109,37,finished,True,50,10.0,39,
osaka-kogoren-championship-2026-girls,p_6c723a1268d4,47,False,119,47,finished,True,50,8.0,49,
osaka-kogoren-championship-2026-girls,p_ad7cf9dd82a2,48,True,119,47,finished,True,50,6.0,49,
osaka-kogoren-championship-2026-girls,p_d513047c765b,,False,,,dns,True,,,,
osaka-kogoren-championship-2026-girls,p_be496450f8e4,,False,,,dns,True,,,,
osaka-kogoren-championship-2026-girls,p_81a08d9b9867,,False,,,dns,True,,,,
osaka-kogoren-championship-2026-girls,p_b4e8adc3d659,,False,,,dns,True,,,,
osaka-kogoren-championship-2026-girls,p_c105472b7654,48,True,75,3,finished,True,50,6.0,5,
osaka-kogoren-championship-2026-girls,p_56c7f269eba9,48,True,82,10,finished,True,50,6.0,12,
osaka-kogoren-shigaku-sotai-2024-boys,p_151046952757,1,False,65,-7,finished,True,72,100.0,0,
osaka-kogoren-shigaku-sotai-2024-boys,p_a53cfd94e6ed,2,False,69,-3,finished,True,72,98.6,4,
osaka-kogoren-shigaku-sotai-2024-boys,p_7a5468c416b9,3,False,69,-3,finished,True,72,97.2,4,
osaka-kogoren-shigaku-sotai-2024-boys,p_496a5e3cbb35,4,False,69,-3,finished,True,72,95.8,4,
osaka-kogoren-shigaku-sotai-2024-boys,p_eded6c0123b2,5,False,71,-1,finished,True,72,94.4,6,
osaka-kogoren-shigaku-sotai-2024-boys,p_9c37811ef604,6,False,71,-1,finished,True,72,93.1,6,
osaka-kogoren-shigaku-sotai-2024-boys,p_e3cddf4bd0ae,7,True,71,-1,finished,True,72,91.7,6,
osaka-kogoren-shigaku-sotai-2024-boys,p_e48bdea3f659,7,True,71,-1,finished,True,72,91.7,6,
osaka-kogoren-shigaku-sotai-2024-boys,p_d1138f5ceb65,9,True,72,0,finished,True,72,88.9,7,
osaka-kogoren-shigaku-sotai-2024-boys,p_cc9d3dab077a,9,True,72,0,finished,True,72,88.9,7,
osaka-kogoren-shigaku-sotai-2024-boys,p_58a18642a4f4,9,True,72,0,finished,True,72,88.9,7,
osaka-kogoren-shigaku-sotai-2024-boys,p_bd68554908f2,9,True,72,0,finished,True,72,88.9,7,
osaka-kogoren-shigaku-sotai-2024-boys,p_aba279962b78,9,True,72,0,finished,True,72,88.9,7,
osaka-kogoren-shigaku-sotai-2024-boys,p_75a0921e24ad,14,True,73,1,finished,True,72,81.9,8,
osaka-kogoren-shigaku-sotai-2024-boys,p_094e6141a7a0,14,True,73,1,finished,True,72,81.9,8,
osaka-kogoren-shigaku-sotai-2024-boys,p_cb74e0d8abdc,14,True,73,1,finished,True,72,81.9,8,
osaka-kogoren-shigaku-sotai-2024-boys,p_e97fb05ffde8,17,True,74,2,finished,True,72,77.8,9,
osaka-kogoren-shigaku-sotai-2024-boys,p_2fd12ed31940,17,True,74,2,finished,True,72,77.8,9,
osaka-kogoren-shigaku-sotai-2024-boys,p_fb9e04716073,17,True,74,2,finished,True,72,77.8,9,
osaka-kogoren-shigaku-sotai-2024-boys,p_28417a1cd5cf,17,True,74,2,finished,True,72,77.8,9,
osaka-kogoren-shigaku-sotai-2024-boys,p_81493147e8bb,21,True,74,2,finished,True,72,72.2,9,
osaka-kogoren-shigaku-sotai-2024-boys,p_a33935e75857,21,True,75,3,finished,True,72,72.2,10,
osaka-kogoren-shigaku-sotai-2024-boys,p_cec6de9b8cff,21,True,75,3,finished,True,72,72.2,10,
osaka-kogoren-shigaku-sotai-2024-boys,p_fdbe57eaea98,21,True,75,3,finished,True,72,72.2,10,
osaka-kogoren-shigaku-sotai-2024-boys,p_44eb21e8e6e3,21,True,75,3,finished,True,72,72.2,10,
osaka-kogoren-shigaku-sotai-2024-boys,p_20a906600e3b,21,True,75,3,finished,True,72,72.2,10,
osaka-kogoren-shigaku-sotai-2024-boys,p_0e28bda97194,27,True,76,4,finished,True,72,63.9,11,
osaka-kogoren-shigaku-sotai-2024-boys,p_93e276a4e26f,27,True,76,4,finished,True,72,63.9,11,
osaka-kogoren-shigaku-sotai-2024-boys,p_f59758657549,29,False,77,5,finished,True,72,61.1,12,
osaka-kogoren-shigaku-sotai-2024-boys,p_11390a60fd97,30,True,78,6,finished,True,72,59.7,13,
osaka-kogoren-shigaku-sotai-2024-boys,p_64190e197d1d,30,True,78,6,finished,True,72,59.7,13,
osaka-kogoren-shigaku-sotai-2024-boys,p_465f27d97819,30,True,78,6,finished,True,72,59.7,13,
osaka-kogoren-shigaku-sotai-2024-boys,p_2fab74c8fb5d,30,True,78,6,finished,True,72,59.7,13,
osaka-kogoren-shigaku-sotai-2024-boys,p_2477285a7bd8,34,True,79,7,finished,True,72,54.2,14,
osaka-kogoren-shigaku-sotai-2024-boys,p_124fc2932230,34,True,79,7,finished,True,72,54.2,14,
osaka-kogoren-shigaku-sotai-2024-boys,p_33233bf28d25,34,True,79,7,finished,True,72,54.2,14,
osaka-kogoren-shigaku-sotai-2024-boys,p_f39b0394eb18,37,True,80,8,finished,True,72,50.0,15,
osaka-kogoren-shigaku-sotai-2024-boys,p_65cde13ba8a7,37,True,80,8,finished,True,72,50.0,15,
osaka-kogoren-shigaku-sotai-2024-boys,p_cce29baa1bed,39,True,81,9,finished,True,72,47.2,16,
osaka-kogoren-shigaku-sotai-2024-boys,p_2fb7b6ab05f1,39,True,81,9,finished,True,72,47.2,16,
osaka-kogoren-shigaku-sotai-2024-boys,p_25c904058022,41,False,82,10,finished,True,72,44.4,17,
osaka-kogoren-shigaku-sotai-2024-boys,p_f8a230d1d9e0,42,False,83,11,finished,True,72,43.1,18,
osaka-kogoren-shigaku-sotai-2024-boys,p_3a43a8349c4f,43,True,84,12,finished,True,72,41.7,19,
osaka-kogoren-shigaku-sotai-2024-boys,p_a09542e379b5,43,True,84,12,finished,True,72,41.7,19,
osaka-kogoren-shigaku-sotai-2024-boys,p_f87cdce4ecd7,45,True,85,13,finished,True,72,38.9,20,
osaka-kogoren-shigaku-sotai-2024-boys,p_202361b8f7ed,45,True,85,13,finished,True,72,38.9,20,
osaka-kogoren-shigaku-sotai-2024-boys,p_975c7c0d5ca3,45,True,85,13,finished,True,72,38.9,20,
osaka-kogoren-shigaku-sotai-2024-boys,p_eae165c30527,48,False,86,14,finished,True,72,34.7,21,
osaka-kogoren-shigaku-sotai-2024-boys,p_46200bc73317,49,False,88,16,finished,True,72,33.3,23,
osaka-kogoren-shigaku-sotai-2024-boys,p_f47d211f1aa9,50,True,89,17,finished,True,72,31.9,24,
osaka-kogoren-shigaku-sotai-2024-boys,p_eb2bdc436dae,50,True,89,17,finished,True,72,31.9,24,
osaka-kogoren-shigaku-sotai-2024-boys,p_a454af563f9d,50,True,89,17,finished,True,72,31.9,24,
osaka-kogoren-shigaku-sotai-2024-boys,p_68e33ac86201,50,True,89,17,finished,True,72,31.9,24,
osaka-kogoren-shigaku-sotai-2024-boys,p_36d2bbc1444a,54,False,92,20,finished,True,72,26.4,27,
osaka-kogoren-shigaku-sotai-2024-boys,p_f03408403e2d,55,False,95,23,finished,True,72,25.0,30,
osaka-kogoren-shigaku-sotai-2024-boys,p_664c86fd0e51,56,True,96,24,finished,True,72,23.6,31,
osaka-kogoren-shigaku-sotai-2024-boys,p_a90de46120dd,56,True,96,24,finished,True,72,23.6,31,
osaka-kogoren-shigaku-sotai-2024-boys,p_2ead8db4cc4e,58,False,98,26,finished,True,72,20.8,33,
osaka-kogoren-shigaku-sotai-2024-boys,p_ec0cdadbf6c0,59,False,100,28,finished,True,72,19.4,35,
osaka-kogoren-shigaku-sotai-2024-boys,p_257d3cab644a,60,False,101,29,finished,True,72,18.1,36,
osaka-kogoren-shigaku-sotai-2024-boys,p_04dcd1fb42e0,61,False,102,30,finished,True,72,16.7,37,
osaka-kogoren-shigaku-sotai-2024-boys,p_4aee9415b868,62,False,104,32,finished,True,72,15.3,39,
osaka-kogoren-shigaku-sotai-2024-boys,p_1bfeb9201fe4,63,False,105,33,finished,True,72,13.9,40,
osaka-kogoren-shigaku-sotai-2024-boys,p_2f33759ae3b8,64,False,106,34,finished,True,72,12.5,41,
osaka-kogoren-shigaku-sotai-2024-boys,p_d1878f529c9b,65,False,107,35,finished,True,72,11.1,42,
osaka-kogoren-shigaku-sotai-2024-boys,p_328cb2dbb4ef,66,True,110,38,finished,True,72,9.7,45,
osaka-kogoren-shigaku-sotai-2024-boys,p_0ec51865e582,66,True,110,38,finished,True,72,9.7,45,
osaka-kogoren-shigaku-sotai-2024-boys,p_39c980477b34,68,False,117,45,finished,True,72,6.9,52,
osaka-kogoren-shigaku-sotai-2024-boys,p_d01fdce66769,69,False,122,50,finished,True,72,5.6,57,
osaka-kogoren-shigaku-sotai-2024-boys,p_3732992bb762,70,False,124,52,finished,True,72,4.2,59,
osaka-kogoren-shigaku-sotai-2024-boys,p_9ec37acb5eac,71,True,128,56,finished,True,72,2.8,63,
osaka-kogoren-shigaku-sotai-2024-boys,p_12f8fb0db9d4,71,True,128,56,finished,True,72,2.8,63,
osaka-kogoren-shigaku-sotai-2024-boys,p_3c4f815dbe78,,False,,,dns,True,,,,
osaka-kogoren-shigaku-sotai-2024-boys,p_eb215c082078,,False,,,dns,True,,,,
osaka-kogoren-shigaku-sotai-2024-boys,p_f3e691d94880,,False,,,dns,True,,,,
osaka-kogoren-shigaku-sotai-2024-boys,p_6fc2e85c3193,,False,,,dns,True,,,,
osaka-kogoren-shigaku-sotai-2024-boys,p_d1aea7255795,,False,,,dns,True,,,,
osaka-kogoren-shigaku-sotai-2024-girls,p_6da6bd5e2422,1,False,67,-5,finished,True,38,100.0,0,
osaka-kogoren-shigaku-sotai-2024-girls,p_b333a6e1b497,2,False,71,-1,finished,True,38,97.4,4,
osaka-kogoren-shigaku-sotai-2024-girls,p_d513047c765b,3,False,73,1,finished,True,38,94.7,6,
osaka-kogoren-shigaku-sotai-2024-girls,p_b9cd64eae388,4,False,73,1,finished,True,38,92.1,6,
osaka-kogoren-shigaku-sotai-2024-girls,p_0e0f98573755,5,False,74,2,finished,True,38,89.5,7,
osaka-kogoren-shigaku-sotai-2024-girls,p_0b43cf0cd612,6,False,75,3,finished,True,38,86.8,8,
osaka-kogoren-shigaku-sotai-2024-girls,p_5ea1da5d2b6d,7,False,76,4,finished,True,38,84.2,9,
osaka-kogoren-shigaku-sotai-2024-girls,p_431127e570af,8,True,77,5,finished,True,38,81.6,10,
osaka-kogoren-shigaku-sotai-2024-girls,p_5f68518a9f46,8,True,77,5,finished,True,38,81.6,10,
osaka-kogoren-shigaku-sotai-2024-girls,p_1b34b51d6c73,10,True,79,7,finished,True,38,76.3,12,
osaka-kogoren-shigaku-sotai-2024-girls,p_05b695225af4,10,True,79,7,finished,True,38,76.3,12,
osaka-kogoren-shigaku-sotai-2024-girls,p_dbdd3bbc03ec,12,True,80,8,finished,True,38,71.1,13,
osaka-kogoren-shigaku-sotai-2024-girls,p_5d5495ea2956,12,True,80,8,finished,True,38,71.1,13,
osaka-kogoren-shigaku-sotai-2024-girls,p_93fc6dcd5e4e,12,True,80,8,finished,True,38,71.1,13,
osaka-kogoren-shigaku-sotai-2024-girls,p_b4e8adc3d659,12,True,80,8,finished,True,38,71.1,13,
osaka-kogoren-shigaku-sotai-2024-girls,p_f0bba08116ef,16,True,82,10,finished,True,38,60.5,15,
osaka-kogoren-shigaku-sotai-2024-girls,p_adb0e7dbbd9c,16,True,82,10,finished,True,38,60.5,15,
osaka-kogoren-shigaku-sotai-2024-girls,p_17e25616e7f8,18,False,83,11,finished,True,38,55.3,16,
osaka-kogoren-shigaku-sotai-2024-girls,p_34367665cc28,19,False,84,12,finished,True,38,52.6,17,
osaka-kogoren-shigaku-sotai-2024-girls,p_d9d8d985ff39,20,False,85,13,finished,True,38,50.0,18,
osaka-kogoren-shigaku-sotai-2024-girls,p_e26af6b9216f,21,False,86,14,finished,True,38,47.4,19,
osaka-kogoren-shigaku-sotai-2024-girls,p_3c0b3ad6df3f,22,True,87,15,finished,True,38,44.7,20,
osaka-kogoren-shigaku-sotai-2024-girls,p_85b6b0fcc98c,22,True,87,15,finished,True,38,44.7,20,
osaka-kogoren-shigaku-sotai-2024-girls,p_f7acc4c1e46f,24,False,89,17,finished,True,38,39.5,22,
osaka-kogoren-shigaku-sotai-2024-girls,p_53e443040506,25,False,91,19,finished,True,38,36.8,24,
osaka-kogoren-shigaku-sotai-2024-girls,p_317da804977d,26,True,93,21,finished,True,38,34.2,26,
osaka-kogoren-shigaku-sotai-2024-girls,p_4366dabb0a64,26,True,93,21,finished,True,38,34.2,26,
osaka-kogoren-shigaku-sotai-2024-girls,p_b36faa98d6f4,28,False,94,22,finished,True,38,28.9,27,
osaka-kogoren-shigaku-sotai-2024-girls,p_3d8107bdd4bc,29,False,97,25,finished,True,38,26.3,30,
osaka-kogoren-shigaku-sotai-2024-girls,p_819b7ecb2305,30,True,98,26,finished,True,38,23.7,31,
osaka-kogoren-shigaku-sotai-2024-girls,p_411ee2bb5b06,30,True,98,26,finished,True,38,23.7,31,
osaka-kogoren-shigaku-sotai-2024-girls,p_ee03701a7638,30,True,98,26,finished,True,38,23.7,31,
osaka-kogoren-shigaku-sotai-2024-girls,p_c9af56d33e2b,33,False,102,30,finished,True,38,15.8,35,
osaka-kogoren-shigaku-sotai-2024-girls,p_3edbe14fd2df,34,False,122,50,finished,True,38,13.2,55,
osaka-kogoren-shigaku-sotai-2024-girls,p_c67ff07056bf,35,False,125,53,finished,True,38,10.5,58,
osaka-kogoren-shigaku-sotai-2024-girls,p_9bb887c67f09,36,False,129,57,finished,True,38,7.9,62,
osaka-kogoren-shigaku-sotai-2024-girls,p_978a9e67af09,37,False,132,60,finished,True,38,5.3,65,
osaka-kogoren-shigaku-sotai-2024-girls,p_39e7b81b899c,,False,,,wd,True,38,,,
osaka-kogoren-shigaku-sotai-2025-boys,p_151046952757,1,False,67,-5,finished,True,74,100.0,0,
osaka-kogoren-shigaku-sotai-2025-boys,p_d1138f5ceb65,2,False,68,-4,finished,True,74,98.6,1,
osaka-kogoren-shigaku-sotai-2025-boys,p_2477285a7bd8,3,False,70,-2,finished,True,74,97.3,3,
osaka-kogoren-shigaku-sotai-2025-boys,p_dfda00cc8726,4,False,71,-1,finished,True,74,95.9,4,
osaka-kogoren-shigaku-sotai-2025-boys,p_cce29baa1bed,5,False,71,-1,finished,True,74,94.6,4,
osaka-kogoren-shigaku-sotai-2025-boys,p_fdbe57eaea98,6,False,71,-1,finished,True,74,93.2,4,
osaka-kogoren-shigaku-sotai-2025-boys,p_cc9d3dab077a,7,True,71,-1,finished,True,74,91.9,4,
osaka-kogoren-shigaku-sotai-2025-boys,p_eb8e817b9057,7,True,71,-1,finished,True,74,91.9,4,
osaka-kogoren-shigaku-sotai-2025-boys,p_44eb21e8e6e3,7,True,71,-1,finished,True,74,91.9,4,
osaka-kogoren-shigaku-sotai-2025-boys,p_20a906600e3b,10,True,72,0,finished,True,74,87.8,5,
osaka-kogoren-shigaku-sotai-2025-boys,p_bd68554908f2,10,True,72,0,finished,True,74,87.8,5,
osaka-kogoren-shigaku-sotai-2025-boys,p_75a0921e24ad,10,True,72,0,finished,True,74,87.8,5,
osaka-kogoren-shigaku-sotai-2025-boys,p_f39b0394eb18,13,True,73,1,finished,True,74,83.8,6,
osaka-kogoren-shigaku-sotai-2025-boys,p_b81d0467341a,13,True,73,1,finished,True,74,83.8,6,
osaka-kogoren-shigaku-sotai-2025-boys,p_81493147e8bb,15,False,74,2,finished,True,74,81.1,7,
osaka-kogoren-shigaku-sotai-2025-boys,p_f8a230d1d9e0,16,True,75,3,finished,True,74,79.7,8,
osaka-kogoren-shigaku-sotai-2025-boys,p_b0ba77d21805,16,True,75,3,finished,True,74,79.7,8,
osaka-kogoren-shigaku-sotai-2025-boys,p_a8e5f84545d8,18,True,76,4,finished,True,74,77.0,9,
osaka-kogoren-shigaku-sotai-2025-boys,p_539456467889,18,True,76,4,finished,True,74,77.0,9,
osaka-kogoren-shigaku-sotai-2025-boys,p_6d9e10c3116d,20,True,77,5,finished,True,74,74.3,10,
osaka-kogoren-shigaku-sotai-2025-boys,p_6f46ceae1915,20,True,77,5,finished,True,74,74.3,10,
osaka-kogoren-shigaku-sotai-2025-boys,p_e7a6500df195,20,True,77,5,finished,True,74,74.3,10,
osaka-kogoren-shigaku-sotai-2025-boys,p_3a43a8349c4f,23,True,78,6,finished,True,74,70.3,11,
osaka-kogoren-shigaku-sotai-2025-boys,p_46aace4d7844,23,True,78,6,finished,True,74,70.3,11,
osaka-kogoren-shigaku-sotai-2025-boys,p_25c904058022,23,True,78,6,finished,True,74,70.3,11,
osaka-kogoren-shigaku-sotai-2025-boys,p_f9c6dd0eca0a,23,True,78,6,finished,True,74,70.3,11,
osaka-kogoren-shigaku-sotai-2025-boys,p_eae165c30527,27,True,79,7,finished,True,74,64.9,12,
osaka-kogoren-shigaku-sotai-2025-boys,p_d1aea7255795,27,True,79,7,finished,True,74,64.9,12,
osaka-kogoren-shigaku-sotai-2025-boys,p_1fc692738a0c,29,True,80,8,finished,True,74,62.2,13,
osaka-kogoren-shigaku-sotai-2025-boys,p_64190e197d1d,29,True,80,8,finished,True,74,62.2,13,
osaka-kogoren-shigaku-sotai-2025-boys,p_71332fceb005,29,True,80,8,finished,True,74,62.2,13,
osaka-kogoren-shigaku-sotai-2025-boys,p_f87cdce4ecd7,32,True,81,9,finished,True,74,58.1,14,
osaka-kogoren-shigaku-sotai-2025-boys,p_eb215c082078,32,True,81,9,finished,True,74,58.1,14,
osaka-kogoren-shigaku-sotai-2025-boys,p_768a6beba217,34,True,82,10,finished,True,74,55.4,15,
osaka-kogoren-shigaku-sotai-2025-boys,p_476b82112e44,34,True,82,10,finished,True,74,55.4,15,
osaka-kogoren-shigaku-sotai-2025-boys,p_a33935e75857,36,True,84,12,finished,True,74,52.7,17,
osaka-kogoren-shigaku-sotai-2025-boys,p_36d2bbc1444a,36,True,85,13,finished,True,74,52.7,18,
osaka-kogoren-shigaku-sotai-2025-boys,p_2ead8db4cc4e,36,True,85,13,finished,True,74,52.7,18,
osaka-kogoren-shigaku-sotai-2025-boys,p_7e53fdab92b2,36,True,85,13,finished,True,74,52.7,18,
osaka-kogoren-shigaku-sotai-2025-boys,p_11390a60fd97,36,True,85,13,finished,True,74,52.7,18,
osaka-kogoren-shigaku-sotai-2025-boys,p_f47d211f1aa9,41,False,86,14,finished,True,74,45.9,19,
osaka-kogoren-shigaku-sotai-2025-boys,p_c99b20fc2ad2,42,True,87,15,finished,True,74,44.6,20,
osaka-kogoren-shigaku-sotai-2025-boys,p_b2e387c2ac7c,42,True,87,15,finished,True,74,44.6,20,
osaka-kogoren-shigaku-sotai-2025-boys,p_39c980477b34,42,True,87,15,finished,True,74,44.6,20,
osaka-kogoren-shigaku-sotai-2025-boys,p_664c86fd0e51,45,True,88,16,finished,True,74,40.5,21,
osaka-kogoren-shigaku-sotai-2025-boys,p_dc68ba539c59,45,True,88,16,finished,True,74,40.5,21,
osaka-kogoren-shigaku-sotai-2025-boys,p_ec0cdadbf6c0,47,True,89,17,finished,True,74,37.8,22,
osaka-kogoren-shigaku-sotai-2025-boys,p_1bfeb9201fe4,47,True,89,17,finished,True,74,37.8,22,
osaka-kogoren-shigaku-sotai-2025-boys,p_257d3cab644a,49,False,90,18,finished,True,74,35.1,23,
osaka-kogoren-shigaku-sotai-2025-boys,p_69813da030c4,50,True,91,19,finished,True,74,33.8,24,
osaka-kogoren-shigaku-sotai-2025-boys,p_04dcd1fb42e0,50,True,91,19,finished,True,74,33.8,24,
osaka-kogoren-shigaku-sotai-2025-boys,p_0ec51865e582,52,True,94,22,finished,True,74,31.1,27,
osaka-kogoren-shigaku-sotai-2025-boys,p_f471b0584cbe,52,True,94,22,finished,True,74,31.1,27,
osaka-kogoren-shigaku-sotai-2025-boys,p_e443b8a9ba15,54,True,96,24,finished,True,74,28.4,29,
osaka-kogoren-shigaku-sotai-2025-boys,p_167db77c2574,54,True,96,24,finished,True,74,28.4,29,
osaka-kogoren-shigaku-sotai-2025-boys,p_4aee9415b868,56,False,98,26,finished,True,74,25.7,31,
osaka-kogoren-shigaku-sotai-2025-boys,p_75021838dd5b,57,False,99,27,finished,True,74,24.3,32,
osaka-kogoren-shigaku-sotai-2025-boys,p_3eb3c4fae15d,58,False,102,30,finished,True,74,23.0,35,
osaka-kogoren-shigaku-sotai-2025-boys,p_7cebbb7c5388,59,False,105,33,finished,True,74,21.6,38,
osaka-kogoren-shigaku-sotai-2025-boys,p_4d55d20dfe30,60,False,108,36,finished,True,74,20.3,41,
osaka-kogoren-shigaku-sotai-2025-boys,p_a92e688a6860,61,True,109,37,finished,True,74,18.9,42,
osaka-kogoren-shigaku-sotai-2025-boys,p_e681613d754d,61,True,109,37,finished,True,74,18.9,42,
osaka-kogoren-shigaku-sotai-2025-boys,p_c29949297222,63,True,111,39,finished,True,74,16.2,44,
osaka-kogoren-shigaku-sotai-2025-boys,p_fe6f4d4c9243,63,True,111,39,finished,True,74,16.2,44,
osaka-kogoren-shigaku-sotai-2025-boys,p_02dcc98b81cc,65,False,112,40,finished,True,74,13.5,45,
osaka-kogoren-shigaku-sotai-2025-boys,p_53c1bc851cf7,66,False,114,42,finished,True,74,12.2,47,
osaka-kogoren-shigaku-sotai-2025-boys,p_dcc177e9afe6,67,False,116,44,finished,True,74,10.8,49,
osaka-kogoren-shigaku-sotai-2025-boys,p_75995d9bf9fd,68,False,117,45,finished,True,74,9.5,50,
osaka-kogoren-shigaku-sotai-2025-boys,p_073ed5b1f54a,69,False,118,46,finished,True,74,8.1,51,
osaka-kogoren-shigaku-sotai-2025-boys,p_daa997a0e815,70,False,120,48,finished,True,74,6.8,53,
osaka-kogoren-shigaku-sotai-2025-boys,p_533a4ab4cb0d,71,False,123,51,finished,True,74,5.4,56,
osaka-kogoren-shigaku-sotai-2025-boys,p_487b76d2a9cc,72,False,127,55,finished,True,74,4.1,60,
osaka-kogoren-shigaku-sotai-2025-boys,p_bbde694a6252,73,False,155,83,finished,True,74,2.7,88,
osaka-kogoren-shigaku-sotai-2025-boys,p_95d4d3c8e6cc,74,False,162,90,finished,True,74,1.4,95,
osaka-kogoren-shigaku-sotai-2025-boys,p_83c8eb548594,,False,,,dns,True,,,,
osaka-kogoren-shigaku-sotai-2025-boys,p_b693a6e0fba1,,False,,,dns,True,,,,
osaka-kogoren-shigaku-sotai-2025-girls,p_c105472b7654,1,False,70,-2,finished,True,41,100.0,0,
osaka-kogoren-shigaku-sotai-2025-girls,p_d4d10c936d55,2,False,71,-1,finished,True,41,97.6,1,
osaka-kogoren-shigaku-sotai-2025-girls,p_78878c821ed9,3,False,73,1,finished,True,41,95.1,3,
osaka-kogoren-shigaku-sotai-2025-girls,p_b333a6e1b497,4,False,73,1,finished,True,41,92.7,3,
osaka-kogoren-shigaku-sotai-2025-girls,p_50b9871f1b00,5,False,75,3,finished,True,41,90.2,5,
osaka-kogoren-shigaku-sotai-2025-girls,p_93fc6dcd5e4e,6,False,76,4,finished,True,41,87.8,6,
osaka-kogoren-shigaku-sotai-2025-girls,p_5d5495ea2956,7,True,77,5,finished,True,41,85.4,7,
osaka-kogoren-shigaku-sotai-2025-girls,p_f0bba08116ef,7,True,77,5,finished,True,41,85.4,7,
osaka-kogoren-shigaku-sotai-2025-girls,p_1ccd7b828fe6,9,False,78,6,finished,True,41,80.5,8,
osaka-kogoren-shigaku-sotai-2025-girls,p_5ea1da5d2b6d,10,False,80,8,finished,True,41,78.0,10,
osaka-kogoren-shigaku-sotai-2025-girls,p_431127e570af,11,True,81,9,finished,True,41,75.6,11,
osaka-kogoren-shigaku-sotai-2025-girls,p_e26af6b9216f,11,True,81,9,finished,True,41,75.6,11,
osaka-kogoren-shigaku-sotai-2025-girls,p_52ccbb934d31,11,True,81,9,finished,True,41,75.6,11,
osaka-kogoren-shigaku-sotai-2025-girls,p_b4e8adc3d659,11,True,81,9,finished,True,41,75.6,11,
osaka-kogoren-shigaku-sotai-2025-girls,p_317da804977d,15,True,83,11,finished,True,41,65.9,13,
osaka-kogoren-shigaku-sotai-2025-girls,p_0b43cf0cd612,15,True,83,11,finished,True,41,65.9,13,
osaka-kogoren-shigaku-sotai-2025-girls,p_a50079b48911,15,True,83,11,finished,True,41,65.9,13,
osaka-kogoren-shigaku-sotai-2025-girls,p_411ee2bb5b06,18,True,84,12,finished,True,41,58.5,14,
osaka-kogoren-shigaku-sotai-2025-girls,p_dbdd3bbc03ec,18,True,84,12,finished,True,41,58.5,14,
osaka-kogoren-shigaku-sotai-2025-girls,p_17e25616e7f8,20,True,85,13,finished,True,41,53.7,15,
osaka-kogoren-shigaku-sotai-2025-girls,p_5f948d51ef60,20,True,85,13,finished,True,41,53.7,15,
osaka-kogoren-shigaku-sotai-2025-girls,p_50ddff0ba36a,22,False,86,14,finished,True,41,48.8,16,
osaka-kogoren-shigaku-sotai-2025-girls,p_d9d8d985ff39,23,True,87,15,finished,True,41,46.3,17,
osaka-kogoren-shigaku-sotai-2025-girls,p_0c7ba489f1d4,23,True,87,15,finished,True,41,46.3,17,
osaka-kogoren-shigaku-sotai-2025-girls,p_621902b153e8,25,False,89,17,finished,True,41,41.5,19,
osaka-kogoren-shigaku-sotai-2025-girls,p_57eacad7a29c,26,False,90,18,finished,True,41,39.0,20,
osaka-kogoren-shigaku-sotai-2025-girls,p_fffe88f1fa65,27,False,90,18,finished,True,41,36.6,20,
osaka-kogoren-shigaku-sotai-2025-girls,p_39e7b81b899c,28,False,92,20,finished,True,41,34.1,22,
osaka-kogoren-shigaku-sotai-2025-girls,p_4f9957c9b896,29,False,93,21,finished,True,41,31.7,23,
osaka-kogoren-shigaku-sotai-2025-girls,p_f7acc4c1e46f,30,True,95,23,finished,True,41,29.3,25,
osaka-kogoren-shigaku-sotai-2025-girls,p_c9af56d33e2b,30,True,95,23,finished,True,41,29.3,25,
osaka-kogoren-shigaku-sotai-2025-girls,p_6c88de2cf44f,30,True,95,23,finished,True,41,29.3,25,
osaka-kogoren-shigaku-sotai-2025-girls,p_85b6b0fcc98c,33,False,97,25,finished,True,41,22.0,27,
osaka-kogoren-shigaku-sotai-2025-girls,p_53e443040506,34,False,98,26,finished,True,41,19.5,28,
osaka-kogoren-shigaku-sotai-2025-girls,p_3d8107bdd4bc,35,False,100,28,finished,True,41,17.1,30,
osaka-kogoren-shigaku-sotai-2025-girls,p_c67ff07056bf,36,True,101,29,finished,True,41,14.6,31,
osaka-kogoren-shigaku-sotai-2025-girls,p_a88bd766f1cb,36,True,101,29,finished,True,41,14.6,31,
osaka-kogoren-shigaku-sotai-2025-girls,p_b320b1718533,38,True,102,30,finished,True,41,9.8,32,
osaka-kogoren-shigaku-sotai-2025-girls,p_3edbe14fd2df,38,True,102,30,finished,True,41,9.8,32,
osaka-kogoren-shigaku-sotai-2025-girls,p_40e5111a16ba,40,False,113,41,finished,True,41,4.9,43,
osaka-kogoren-shigaku-sotai-2025-girls,p_34367665cc28,,False,,,wd,True,41,,,
osaka-kogoren-shigaku-sotai-2025-girls,p_d513047c765b,,False,,,dns,True,,,,
osaka-kogoren-shigaku-sotai-2026-boys,p_0b5e8a2fd78c,1,False,66,-6,finished,True,76,100.0,0,
osaka-kogoren-shigaku-sotai-2026-boys,p_2b8171035401,2,False,71,-1,finished,True,76,98.7,5,
osaka-kogoren-shigaku-sotai-2026-boys,p_476b82112e44,3,False,72,0,finished,True,76,97.4,6,
osaka-kogoren-shigaku-sotai-2026-boys,p_cc9d3dab077a,4,True,72,0,finished,True,76,96.1,6,
osaka-kogoren-shigaku-sotai-2026-boys,p_b81d0467341a,4,True,72,0,finished,True,76,96.1,6,
osaka-kogoren-shigaku-sotai-2026-boys,p_2477285a7bd8,6,False,73,1,finished,True,76,93.4,7,
osaka-kogoren-shigaku-sotai-2026-boys,p_fdbe57eaea98,7,True,74,2,finished,True,76,92.1,8,
osaka-kogoren-shigaku-sotai-2026-boys,p_2d0f087ef426,7,True,74,2,finished,True,76,92.1,8,
osaka-kogoren-shigaku-sotai-2026-boys,p_df07813acc73,9,False,75,3,finished,True,76,89.5,9,
osaka-kogoren-shigaku-sotai-2026-boys,p_8edb56369a53,10,True,76,4,finished,True,76,88.2,10,
osaka-kogoren-shigaku-sotai-2026-boys,p_6f46ceae1915,10,True,76,4,finished,True,76,88.2,10,
osaka-kogoren-shigaku-sotai-2026-boys,p_f39b0394eb18,12,True,77,5,finished,True,76,85.5,11,
osaka-kogoren-shigaku-sotai-2026-boys,p_768a6beba217,12,True,77,5,finished,True,76,85.5,11,
osaka-kogoren-shigaku-sotai-2026-boys,p_20a906600e3b,12,True,77,5,finished,True,76,85.5,11,
osaka-kogoren-shigaku-sotai-2026-boys,p_1800936f2667,12,True,77,5,finished,True,76,85.5,11,
osaka-kogoren-shigaku-sotai-2026-boys,p_f00cf0ddfe15,16,True,78,6,finished,True,76,80.3,12,
osaka-kogoren-shigaku-sotai-2026-boys,p_1eb98b8cc674,16,True,78,6,finished,True,76,80.3,12,
osaka-kogoren-shigaku-sotai-2026-boys,p_80ccc7bbf3f7,16,True,78,6,finished,True,76,80.3,12,
osaka-kogoren-shigaku-sotai-2026-boys,p_f49da0847337,16,True,78,6,finished,True,76,80.3,12,
osaka-kogoren-shigaku-sotai-2026-boys,p_60a0cdeb74c9,20,True,79,7,finished,True,76,75.0,13,
osaka-kogoren-shigaku-sotai-2026-boys,p_25efb3687e5b,20,True,79,7,finished,True,76,75.0,13,
osaka-kogoren-shigaku-sotai-2026-boys,p_6d9e10c3116d,20,True,79,7,finished,True,76,75.0,13,
osaka-kogoren-shigaku-sotai-2026-boys,p_cce29baa1bed,23,False,80,8,finished,True,76,71.1,14,
osaka-kogoren-shigaku-sotai-2026-boys,p_c0cf041b034c,24,True,81,9,finished,True,76,69.7,15,
osaka-kogoren-shigaku-sotai-2026-boys,p_1bfeb9201fe4,24,True,81,9,finished,True,76,69.7,15,
osaka-kogoren-shigaku-sotai-2026-boys,p_c99b20fc2ad2,24,True,81,9,finished,True,76,69.7,15,
osaka-kogoren-shigaku-sotai-2026-boys,p_e443b8a9ba15,27,True,82,10,finished,True,76,65.8,16,
osaka-kogoren-shigaku-sotai-2026-boys,p_02dcc98b81cc,27,True,82,10,finished,True,76,65.8,16,
osaka-kogoren-shigaku-sotai-2026-boys,p_f9c6dd0eca0a,27,True,82,10,finished,True,76,65.8,16,
osaka-kogoren-shigaku-sotai-2026-boys,p_9667e26b0e91,30,True,83,11,finished,True,76,61.8,17,
osaka-kogoren-shigaku-sotai-2026-boys,p_25c904058022,30,True,83,11,finished,True,76,61.8,17,
osaka-kogoren-shigaku-sotai-2026-boys,p_b2e387c2ac7c,30,True,83,11,finished,True,76,61.8,17,
osaka-kogoren-shigaku-sotai-2026-boys,p_7e53fdab92b2,30,True,83,11,finished,True,76,61.8,17,
osaka-kogoren-shigaku-sotai-2026-boys,p_d1aea7255795,34,True,84,12,finished,True,76,56.6,18,
osaka-kogoren-shigaku-sotai-2026-boys,p_f87cdce4ecd7,34,True,84,12,finished,True,76,56.6,18,
osaka-kogoren-shigaku-sotai-2026-boys,p_71332fceb005,34,True,84,12,finished,True,76,56.6,18,
osaka-kogoren-shigaku-sotai-2026-boys,p_eb215c082078,34,True,84,12,finished,True,76,56.6,18,
osaka-kogoren-shigaku-sotai-2026-boys,p_1fc692738a0c,34,True,84,12,finished,True,76,56.6,18,
osaka-kogoren-shigaku-sotai-2026-boys,p_a09542e379b5,39,False,85,13,finished,True,76,50.0,19,
osaka-kogoren-shigaku-sotai-2026-boys,p_bd68554908f2,40,True,86,14,finished,True,76,48.7,20,
osaka-kogoren-shigaku-sotai-2026-boys,p_dc68ba539c59,40,True,86,14,finished,True,76,48.7,20,
osaka-kogoren-shigaku-sotai-2026-boys,p_3eb3c4fae15d,42,True,88,16,finished,True,76,46.1,22,
osaka-kogoren-shigaku-sotai-2026-boys,p_901c9e6c78e6,42,True,88,16,finished,True,76,46.1,22,
osaka-kogoren-shigaku-sotai-2026-boys,p_69813da030c4,42,True,88,16,finished,True,76,46.1,22,
osaka-kogoren-shigaku-sotai-2026-boys,p_36d2bbc1444a,45,True,89,17,finished,True,76,42.1,23,
osaka-kogoren-shigaku-sotai-2026-boys,p_dcc177e9afe6,45,True,89,17,finished,True,76,42.1,23,
osaka-kogoren-shigaku-sotai-2026-boys,p_daa997a0e815,45,True,89,17,finished,True,76,42.1,23,
osaka-kogoren-shigaku-sotai-2026-boys,p_a8e5f84545d8,48,True,90,18,finished,True,76,38.2,24,
osaka-kogoren-shigaku-sotai-2026-boys,p_533a4ab4cb0d,48,True,90,18,finished,True,76,38.2,24,
osaka-kogoren-shigaku-sotai-2026-boys,p_664c86fd0e51,50,False,91,19,finished,True,76,35.5,25,
osaka-kogoren-shigaku-sotai-2026-boys,p_f471b0584cbe,51,True,93,21,finished,True,76,34.2,27,
osaka-kogoren-shigaku-sotai-2026-boys,p_1753532f9fb1,51,True,93,21,finished,True,76,34.2,27,
osaka-kogoren-shigaku-sotai-2026-boys,p_167db77c2574,53,True,95,23,finished,True,76,31.6,29,
osaka-kogoren-shigaku-sotai-2026-boys,p_e681613d754d,53,True,95,23,finished,True,76,31.6,29,
osaka-kogoren-shigaku-sotai-2026-boys,p_59e2d7e45d8a,55,False,98,26,finished,True,76,28.9,32,
osaka-kogoren-shigaku-sotai-2026-boys,p_0d10315a508a,56,False,101,29,finished,True,76,27.6,35,
osaka-kogoren-shigaku-sotai-2026-boys,p_3290f258222c,57,False,104,32,finished,True,76,26.3,38,
osaka-kogoren-shigaku-sotai-2026-boys,p_3d67cb61553d,58,False,105,33,finished,True,76,25.0,39,
osaka-kogoren-shigaku-sotai-2026-boys,p_39aa7b66219b,59,True,106,34,finished,True,76,23.7,40,
osaka-kogoren-shigaku-sotai-2026-boys,p_073adfd6c4f9,59,True,106,34,finished,True,76,23.7,40,
osaka-kogoren-shigaku-sotai-2026-boys,p_b33f59305be1,61,True,108,36,finished,True,76,21.1,42,
osaka-kogoren-shigaku-sotai-2026-boys,p_7617ac234444,61,True,108,36,finished,True,76,21.1,42,
osaka-kogoren-shigaku-sotai-2026-boys,p_afb7daca1a3b,63,False,109,37,finished,True,76,18.4,43,
osaka-kogoren-shigaku-sotai-2026-boys,p_e89e96d2d066,64,False,110,38,finished,True,76,17.1,44,
osaka-kogoren-shigaku-sotai-2026-boys,p_e6be813d3551,65,False,112,40,finished,True,76,15.8,46,
osaka-kogoren-shigaku-sotai-2026-boys,p_c3f6f59908cd,66,True,113,41,finished,True,76,14.5,47,
osaka-kogoren-shigaku-sotai-2026-boys,p_a6b786b41fda,66,True,113,41,finished,True,76,14.5,47,
osaka-kogoren-shigaku-sotai-2026-boys,p_e8a92fcf506f,66,True,113,41,finished,True,76,14.5,47,
osaka-kogoren-shigaku-sotai-2026-boys,p_0ed2eba38d8b,69,False,115,43,finished,True,76,10.5,49,
osaka-kogoren-shigaku-sotai-2026-boys,p_df0d843b0cc4,70,True,122,50,finished,True,76,9.2,56,
osaka-kogoren-shigaku-sotai-2026-boys,p_d692a599d2d2,70,True,122,50,finished,True,76,9.2,56,
osaka-kogoren-shigaku-sotai-2026-boys,p_08d022016c87,72,False,123,51,finished,True,76,6.6,57,
osaka-kogoren-shigaku-sotai-2026-boys,p_03c3f70e2aa2,73,False,128,56,finished,True,76,5.3,62,
osaka-kogoren-shigaku-sotai-2026-boys,p_f4ef99dc5706,74,False,129,57,finished,True,76,3.9,63,
osaka-kogoren-shigaku-sotai-2026-boys,p_9dd20efc73bc,,False,,,dns,True,,,,
osaka-kogoren-shigaku-sotai-2026-boys,p_46d4683a0ce9,,False,,,wd,True,76,,,
osaka-kogoren-shigaku-sotai-2026-boys,p_4d55d20dfe30,,False,,,dq,True,76,,,
osaka-kogoren-shigaku-sotai-2026-girls,p_9834d3ac7f71,1,False,71,-1,finished,True,43,100.0,0,
osaka-kogoren-shigaku-sotai-2026-girls,p_827767d89d11,2,False,72,0,finished,True,43,97.7,1,
osaka-kogoren-shigaku-sotai-2026-girls,p_d4d10c936d55,3,False,73,1,finished,True,43,95.3,2,
osaka-kogoren-shigaku-sotai-2026-girls,p_499033feaad0,4,False,74,2,finished,True,43,93.0,3,
osaka-kogoren-shigaku-sotai-2026-girls,p_50b9871f1b00,5,True,75,3,finished,True,43,90.7,4,
osaka-kogoren-shigaku-sotai-2026-girls,p_f0bba08116ef,5,True,75,3,finished,True,43,90.7,4,
osaka-kogoren-shigaku-sotai-2026-girls,p_01a8ec254ba8,5,True,75,3,finished,True,43,90.7,4,
osaka-kogoren-shigaku-sotai-2026-girls,p_c105472b7654,8,True,76,4,finished,True,43,83.7,5,
osaka-kogoren-shigaku-sotai-2026-girls,p_f4506eaf2a60,8,True,76,4,finished,True,43,83.7,5,
osaka-kogoren-shigaku-sotai-2026-girls,p_462f9c4a2b48,10,False,78,6,finished,True,43,79.1,7,
osaka-kogoren-shigaku-sotai-2026-girls,p_72d375c61403,11,True,79,7,finished,True,43,76.7,8,
osaka-kogoren-shigaku-sotai-2026-girls,p_50ddff0ba36a,11,True,79,7,finished,True,43,76.7,8,
osaka-kogoren-shigaku-sotai-2026-girls,p_34367665cc28,13,False,80,8,finished,True,43,72.1,9,
osaka-kogoren-shigaku-sotai-2026-girls,p_78878c821ed9,14,True,81,9,finished,True,43,69.8,10,
osaka-kogoren-shigaku-sotai-2026-girls,p_81a08d9b9867,14,True,81,9,finished,True,43,69.8,10,
osaka-kogoren-shigaku-sotai-2026-girls,p_f7acc4c1e46f,14,True,81,9,finished,True,43,69.8,10,
osaka-kogoren-shigaku-sotai-2026-girls,p_52ccbb934d31,17,False,82,10,finished,True,43,62.8,11,
osaka-kogoren-shigaku-sotai-2026-girls,p_a3183ca313b4,18,True,83,11,finished,True,43,60.5,12,
osaka-kogoren-shigaku-sotai-2026-girls,p_e26af6b9216f,18,True,83,11,finished,True,43,60.5,12,
osaka-kogoren-shigaku-sotai-2026-girls,p_a50079b48911,18,True,83,11,finished,True,43,60.5,12,
osaka-kogoren-shigaku-sotai-2026-girls,p_1ccd7b828fe6,21,False,84,12,finished,True,43,53.5,13,
osaka-kogoren-shigaku-sotai-2026-girls,p_621902b153e8,22,False,85,13,finished,True,43,51.2,14,
osaka-kogoren-shigaku-sotai-2026-girls,p_f7f03cf2ab1f,23,True,86,14,finished,True,43,48.8,15,
osaka-kogoren-shigaku-sotai-2026-girls,p_4df155151f59,23,True,86,14,finished,True,43,48.8,15,
osaka-kogoren-shigaku-sotai-2026-girls,p_0c7ba489f1d4,25,False,88,16,finished,True,43,44.2,17,
osaka-kogoren-shigaku-sotai-2026-girls,p_e4fab1bc70d7,26,False,89,17,finished,True,43,41.9,18,
osaka-kogoren-shigaku-sotai-2026-girls,p_799e45707f30,27,True,90,18,finished,True,43,39.5,19,
osaka-kogoren-shigaku-sotai-2026-girls,p_f259a0c9f8f3,27,True,90,18,finished,True,43,39.5,19,
osaka-kogoren-shigaku-sotai-2026-girls,p_3edbe14fd2df,27,True,90,18,finished,True,43,39.5,19,
osaka-kogoren-shigaku-sotai-2026-girls,p_6c88de2cf44f,30,False,91,19,finished,True,43,32.6,20,
osaka-kogoren-shigaku-sotai-2026-girls,p_40e5111a16ba,31,False,93,21,finished,True,43,30.2,22,
osaka-kogoren-shigaku-sotai-2026-girls,p_09dc2531f041,32,False,94,22,finished,True,43,27.9,23,
osaka-kogoren-shigaku-sotai-2026-girls,p_1844dd5dbb03,33,False,95,23,finished,True,43,25.6,24,
osaka-kogoren-shigaku-sotai-2026-girls,p_b6ea3481a3cd,34,True,98,26,finished,True,43,23.3,27,
osaka-kogoren-shigaku-sotai-2026-girls,p_b320b1718533,34,True,98,26,finished,True,43,23.3,27,
osaka-kogoren-shigaku-sotai-2026-girls,p_13e42f403855,36,True,99,27,finished,True,43,18.6,28,
osaka-kogoren-shigaku-sotai-2026-girls,p_ff44218420db,36,True,99,27,finished,True,43,18.6,28,
osaka-kogoren-shigaku-sotai-2026-girls,p_9fc98ea4476e,38,True,108,36,finished,True,43,14.0,37,
osaka-kogoren-shigaku-sotai-2026-girls,p_a76535721aa5,38,True,108,36,finished,True,43,14.0,37,
osaka-kogoren-shigaku-sotai-2026-girls,p_c67ff07056bf,40,False,117,45,finished,True,43,9.3,46,
osaka-kogoren-shigaku-sotai-2026-girls,p_7bbdfb5ab08d,41,False,125,53,finished,True,43,7.0,54,
osaka-kogoren-shigaku-sotai-2026-girls,p_8b1e5ba7d977,42,False,132,60,finished,True,43,4.7,61,
osaka-kogoren-shigaku-sotai-2026-girls,p_bc5a60290794,43,False,148,76,finished,True,43,2.3,77,
yamaguchi-ga-hs-championship-2024-boys,p_8245505bdd24,1,False,68,-4,finished,True,2,100.0,0,
yamaguchi-ga-hs-championship-2024-boys,p_707922c46fbf,2,False,94,22,finished,True,2,50.0,26,
yamaguchi-ga-hs-championship-2024-boys,p_76ba2fa916e9,,False,,,dns,True,,,,
yamaguchi-ga-hs-championship-2024-girls,p_6f31e27407be,1,False,74,2,finished,True,8,100.0,0,
yamaguchi-ga-hs-championship-2024-girls,p_5508c3d4c4eb,2,False,76,4,finished,True,8,87.5,2,
yamaguchi-ga-hs-championship-2024-girls,p_21dd136af2fa,3,False,83,11,finished,True,8,75.0,9,
yamaguchi-ga-hs-championship-2024-girls,p_2eadff96973a,4,False,86,14,finished,True,8,62.5,12,
yamaguchi-ga-hs-championship-2024-girls,p_c6a1945a8021,5,False,90,18,finished,True,8,50.0,16,
yamaguchi-ga-hs-championship-2024-girls,p_2d0e37cf32f7,6,False,98,26,finished,True,8,37.5,24,
yamaguchi-ga-hs-championship-2024-girls,p_0160713dcbf4,7,False,98,26,finished,True,8,25.0,24,
yamaguchi-ga-hs-championship-2024-girls,p_614d1b09d6fe,8,False,154,82,finished,True,8,12.5,80,
yamaguchi-ga-hs-championship-2025-boys,p_670f9aabb066,1,False,85,13,finished,True,2,100.0,0,
yamaguchi-ga-hs-championship-2025-boys,p_f0cb661248a2,2,False,161,89,finished,True,2,50.0,76,
yamaguchi-ga-hs-championship-2025-girls,p_9aa90db7cd83,1,False,76,4,finished,True,6,100.0,0,
yamaguchi-ga-hs-championship-2025-girls,p_64c977e497c0,2,False,84,12,finished,True,6,83.3,8,
yamaguchi-ga-hs-championship-2025-girls,p_21dd136af2fa,3,False,86,14,finished,True,6,66.7,10,
yamaguchi-ga-hs-championship-2025-girls,p_5a6bbe889fc3,4,False,86,14,finished,True,6,50.0,10,
yamaguchi-ga-hs-championship-2025-girls,p_66eefe6b31ed,5,False,92,20,finished,True,6,33.3,16,
yamaguchi-ga-hs-championship-2025-girls,p_2d0e37cf32f7,6,False,98,26,finished,True,6,16.7,22,
yamaguchi-ga-junior-spring-2025-boys,p_670f9aabb066,1,False,164,20,finished,True,3,100.0,0,
yamaguchi-ga-junior-spring-2025-boys,p_707922c46fbf,2,False,185,41,finished,True,3,66.7,21,
yamaguchi-ga-junior-spring-2025-boys,p_f0cb661248a2,3,False,356,212,finished,True,3,33.3,192,
yamaguchi-ga-junior-spring-2025-girls,p_21dd136af2fa,1,False,151,7,finished,True,9,100.0,8,
yamaguchi-ga-junior-spring-2025-girls,p_912ab347fb0b,2,False,156,12,finished,True,9,88.9,13,
yamaguchi-ga-junior-spring-2025-girls,p_5a6bbe889fc3,3,False,157,13,finished,True,9,77.8,14,
yamaguchi-ga-junior-spring-2025-girls,p_64c977e497c0,4,False,159,15,finished,True,9,66.7,16,
yamaguchi-ga-junior-spring-2025-girls,p_66eefe6b31ed,5,False,163,19,finished,True,9,55.6,20,
yamaguchi-ga-junior-spring-2025-girls,p_c6a1945a8021,6,False,168,24,finished,True,9,44.4,25,
yamaguchi-ga-junior-spring-2025-girls,p_77f8740ba21d,7,False,170,26,finished,True,9,33.3,27,
yamaguchi-ga-junior-spring-2025-girls,p_2d0e37cf32f7,8,False,186,42,finished,True,9,22.2,43,
yamaguchi-ga-junior-spring-2025-girls,p_f5da61efd010,,False,143,-1,finished,True,9,,0,
yamaguchi-ga-junior-summer-2024-boys,p_707922c46fbf,1,False,185,39,finished,True,2,100.0,0,
yamaguchi-ga-junior-summer-2024-boys,p_76ba2fa916e9,2,False,261,115,finished,True,2,50.0,76,
yamaguchi-ga-junior-summer-2024-girls,p_21dd136af2fa,1,False,146,0,finished,True,7,100.0,0,
yamaguchi-ga-junior-summer-2024-girls,p_2eadff96973a,2,False,155,9,finished,True,7,85.7,9,
yamaguchi-ga-junior-summer-2024-girls,p_5508c3d4c4eb,3,False,158,12,finished,True,7,71.4,12,
yamaguchi-ga-junior-summer-2024-girls,p_c6a1945a8021,4,False,159,13,finished,True,7,57.1,13,
yamaguchi-ga-junior-summer-2024-girls,p_912ab347fb0b,5,False,170,24,finished,True,7,42.9,24,
yamaguchi-ga-junior-summer-2024-girls,p_77f8740ba21d,6,False,175,29,finished,True,7,28.6,29,
yamaguchi-ga-junior-summer-2024-girls,p_2d0e37cf32f7,7,False,197,51,finished,True,7,14.3,51,
yamaguchi-ga-junior-summer-2025-boys,p_670f9aabb066,1,False,81,9,finished,True,3,100.0,0,
yamaguchi-ga-junior-summer-2025-boys,p_707922c46fbf,2,False,91,19,finished,True,3,66.7,10,
yamaguchi-ga-junior-summer-2025-boys,p_f0cb661248a2,3,False,171,99,finished,True,3,33.3,90,
yamaguchi-ga-junior-summer-2025-girls,p_9aa90db7cd83,1,False,75,3,finished,True,9,100.0,0,
yamaguchi-ga-junior-summer-2025-girls,p_5a6bbe889fc3,2,False,78,6,finished,True,9,88.9,3,
yamaguchi-ga-junior-summer-2025-girls,p_21dd136af2fa,3,False,78,6,finished,True,9,77.8,3,
yamaguchi-ga-junior-summer-2025-girls,p_77f8740ba21d,4,False,82,10,finished,True,9,66.7,7,
yamaguchi-ga-junior-summer-2025-girls,p_66eefe6b31ed,5,False,84,12,finished,True,9,55.6,9,
yamaguchi-ga-junior-summer-2025-girls,p_64c977e497c0,6,False,87,15,finished,True,9,44.4,12,
yamaguchi-ga-junior-summer-2025-girls,p_2d0e37cf32f7,7,False,89,17,finished,True,9,33.3,14,
yamaguchi-ga-junior-summer-2025-girls,p_912ab347fb0b,8,False,90,18,finished,True,9,22.2,15,
yamaguchi-ga-junior-summer-2025-girls,p_c6a1945a8021,9,False,90,18,finished,True,9,11.1,15,
cga-chubu-open-2024-mixed,p_ec9d719f3671,7,True,205,-5,finished,True,117,94.9,,
cga-chubu-open-2024-mixed,p_e678f991df9f,10,True,206,-4,finished,True,117,92.3,,
cga-chubu-open-2024-mixed,p_adf14392b4c6,19,True,209,-1,finished,True,117,84.6,,
cga-chubu-open-2025-mixed,p_b99d7019ee38,19,True,210,-3,finished,True,134,86.6,,
cga-chubu-open-2025-mixed,p_17f12facbdc5,44,True,216,3,finished,True,134,67.9,,
cga-chubu-open-2025-mixed,p_fe9ace6b1fbf,49,True,217,4,finished,True,134,64.2,,
cga-chubu-open-2026-mixed,p_ec9d719f3671,15,True,208,-5,finished,True,136,89.7,,
guk-kyushu-open-2024-mixed,p_cd843e5c1a29,31,True,299,11,finished,True,130,76.9,,
guk-kyushu-open-2024-mixed,p_9272f2eecc0e,47,True,304,16,finished,True,130,64.6,,
guk-kyushu-open-2025-mixed,p_cd843e5c1a29,13,True,278,-10,finished,True,130,90.8,,
guk-kyushu-open-2025-mixed,p_0ff2a8ece794,36,True,284,-4,finished,True,130,73.1,,
guk-kyushu-open-2026-mixed,p_3016626f2900,38,True,214,1,finished,True,140,73.6,,
guk-kyushu-open-2026-mixed,p_556f30625bcc,47,True,216,3,finished,True,140,67.1,,
guk-kyushu-open-2026-mixed,p_cd843e5c1a29,52,True,217,4,finished,True,140,63.6,,
guk-kyushu-open-2026-mixed,p_a5ed1b6f83ba,64,True,222,9,finished,True,140,55.0,,
guk-kyushu-open-2026-mixed,p_0ff2a8ece794,,False,146,4,cut,True,140,,,
okinawaopen-okinawa-open-2025-mixed,p_5435eddf39a7,41,True,73,1,finished,True,120,66.7,,
okinawaopen-okinawa-open-2025-mixed,p_81167b9cc243,61,True,75,3,finished,True,120,50.0,,
okinawaopen-okinawa-open-2025-mixed,p_af42dc592abe,73,True,77,5,finished,True,120,40.0,,
okinawaopen-okinawa-open-2025-mixed,p_223809c2740a,73,True,77,5,finished,True,120,40.0,,
chubu-kougoren-summer-qualifier-2025-boys-individual,p_a366386d5e62,1,False,135,-5,finished,True,46,100.0,0,
chubu-kougoren-summer-qualifier-2025-boys-individual,p_6917f0a5d54c,2,False,137,-3,finished,True,46,97.8,2,
chubu-kougoren-summer-qualifier-2025-boys-individual,p_62f8d070de73,3,False,140,0,finished,True,46,95.7,5,
chubu-kougoren-summer-qualifier-2025-boys-individual,p_bd9693cd137f,4,False,143,3,finished,True,46,93.5,8,
chubu-kougoren-summer-qualifier-2025-boys-individual,p_9a897a6a356f,5,False,144,4,finished,True,46,91.3,9,
chubu-kougoren-summer-qualifier-2025-boys-individual,p_e564c4eaa789,6,False,146,6,finished,True,46,89.1,11,
chubu-kougoren-summer-qualifier-2025-boys-individual,p_53a95ee28b2a,7,False,149,9,finished,True,46,87.0,14,
chubu-kougoren-summer-qualifier-2025-boys-individual,p_3a06e4e574b4,8,False,151,11,finished,True,46,84.8,16,
chubu-kougoren-summer-qualifier-2025-boys-individual,p_f2f3fd59c0f4,9,False,152,12,finished,True,46,82.6,17,
chubu-kougoren-summer-qualifier-2025-boys-individual,p_1edd8af5ae7c,10,False,153,13,finished,True,46,80.4,18,
chubu-kougoren-summer-qualifier-2025-boys-individual,p_1b761cc0a495,11,False,154,14,finished,True,46,78.3,19,
chubu-kougoren-summer-qualifier-2025-boys-individual,p_fa8c6da28468,12,False,155,15,finished,True,46,76.1,20,
chubu-kougoren-summer-qualifier-2025-boys-individual,p_88591d7275bb,13,False,155,15,finished,True,46,73.9,20,
chubu-kougoren-summer-qualifier-2025-boys-individual,p_b27261799b95,14,False,156,16,finished,True,46,71.7,21,
chubu-kougoren-summer-qualifier-2025-boys-individual,p_9d9237901a5d,15,False,156,16,finished,True,46,69.6,21,
chubu-kougoren-summer-qualifier-2025-boys-individual,p_2f109bda3218,16,False,156,16,finished,True,46,67.4,21,
chubu-kougoren-summer-qualifier-2025-boys-individual,p_9aa48c696a56,17,False,157,17,finished,True,46,65.2,22,
chubu-kougoren-summer-qualifier-2025-boys-individual,p_1b485c581650,18,False,157,17,finished,True,46,63.0,22,
chubu-kougoren-summer-qualifier-2025-boys-individual,p_0c025b86bfd1,19,False,159,19,finished,True,46,60.9,24,
chubu-kougoren-summer-qualifier-2025-boys-individual,p_1df113bd1ae1,20,False,159,19,finished,True,46,58.7,24,
chubu-kougoren-summer-qualifier-2025-boys-individual,p_8fa992662bdc,21,False,159,19,finished,True,46,56.5,24,
chubu-kougoren-summer-qualifier-2025-boys-individual,p_7bdcc086c5a5,22,False,163,23,finished,True,46,54.3,28,
chubu-kougoren-summer-qualifier-2025-boys-individual,p_0833874779d8,23,False,167,27,finished,True,46,52.2,32,
chubu-kougoren-summer-qualifier-2025-boys-individual,p_6779382beac3,24,False,167,27,finished,True,46,50.0,32,
chubu-kougoren-summer-qualifier-2025-boys-individual,p_10eba2cbe4d7,25,False,168,28,finished,True,46,47.8,33,
chubu-kougoren-summer-qualifier-2025-boys-individual,p_ef1465088432,26,False,169,29,finished,True,46,45.7,34,
chubu-kougoren-summer-qualifier-2025-boys-individual,p_34f56498e4ea,27,False,171,31,finished,True,46,43.5,36,
chubu-kougoren-summer-qualifier-2025-boys-individual,p_67cb9e28952c,28,False,173,33,finished,True,46,41.3,38,
chubu-kougoren-summer-qualifier-2025-boys-individual,p_453d505fe885,29,False,174,34,finished,True,46,39.1,39,
chubu-kougoren-summer-qualifier-2025-boys-individual,p_e06767f4a0e8,30,False,175,35,finished,True,46,37.0,40,
chubu-kougoren-summer-qualifier-2025-boys-individual,p_9820e70ff275,31,False,177,37,finished,True,46,34.8,42,
chubu-kougoren-summer-qualifier-2025-boys-individual,p_083e29ec909c,32,False,178,38,finished,True,46,32.6,43,
chubu-kougoren-summer-qualifier-2025-boys-individual,p_f85c240ad956,33,False,180,40,finished,True,46,30.4,45,
chubu-kougoren-summer-qualifier-2025-boys-individual,p_98fc98d5425a,34,False,186,46,finished,True,46,28.3,51,
chubu-kougoren-summer-qualifier-2025-boys-individual,p_b327e4b2b968,35,False,186,46,finished,True,46,26.1,51,
chubu-kougoren-summer-qualifier-2025-boys-individual,p_bcaf798d9945,36,False,190,50,finished,True,46,23.9,55,
chubu-kougoren-summer-qualifier-2025-boys-individual,p_6beb4a1970ec,37,False,192,52,finished,True,46,21.7,57,
chubu-kougoren-summer-qualifier-2025-boys-individual,p_03ea290be4a4,38,False,193,53,finished,True,46,19.6,58,
chubu-kougoren-summer-qualifier-2025-boys-individual,p_6db7cfd474ec,39,False,196,56,finished,True,46,17.4,61,
chubu-kougoren-summer-qualifier-2025-boys-individual,p_abd654018373,40,False,197,57,finished,True,46,15.2,62,
chubu-kougoren-summer-qualifier-2025-boys-individual,p_fe5bd13ae656,41,False,219,79,finished,True,46,13.0,84,
chubu-kougoren-summer-qualifier-2025-boys-individual,p_fb0d11a190f3,,False,,,wd,True,46,,,
chubu-kougoren-summer-qualifier-2025-boys-individual,p_cac130fd03b5,,False,,,wd,True,46,,,
chubu-kougoren-summer-qualifier-2025-boys-individual,p_446a75d1b409,,False,,,wd,True,46,,,
chubu-kougoren-summer-qualifier-2025-boys-individual,p_19a270a0eeed,,False,,,wd,True,46,,,
chubu-kougoren-summer-qualifier-2025-boys-individual,p_59117c3d5dca,,False,,,wd,True,46,,,
chubu-kougoren-summer-qualifier-2025-girls-individual,p_57ba0b858ebc,1,False,142,0,finished,True,39,100.0,0,
chubu-kougoren-summer-qualifier-2025-girls-individual,p_667b78008a97,2,False,144,2,finished,True,39,97.4,2,
chubu-kougoren-summer-qualifier-2025-girls-individual,p_78ee39141502,3,False,145,3,finished,True,39,94.9,3,
chubu-kougoren-summer-qualifier-2025-girls-individual,p_7d55f2434a8e,4,False,145,3,finished,True,39,92.3,3,
chubu-kougoren-summer-qualifier-2025-girls-individual,p_78553065aef5,5,False,148,6,finished,True,39,89.7,6,
chubu-kougoren-summer-qualifier-2025-girls-individual,p_93f584819486,6,False,148,6,finished,True,39,87.2,6,
chubu-kougoren-summer-qualifier-2025-girls-individual,p_9758182437a7,7,False,149,7,finished,True,39,84.6,7,
chubu-kougoren-summer-qualifier-2025-girls-individual,p_f17a426590bb,8,False,150,8,finished,True,39,82.1,8,
chubu-kougoren-summer-qualifier-2025-girls-individual,p_e19d9ba2cb9a,9,False,151,9,finished,True,39,79.5,9,
chubu-kougoren-summer-qualifier-2025-girls-individual,p_c0bfbb21116f,10,False,152,10,finished,True,39,76.9,10,
chubu-kougoren-summer-qualifier-2025-girls-individual,p_79f519304fc4,11,False,152,10,finished,True,39,74.4,10,
chubu-kougoren-summer-qualifier-2025-girls-individual,p_a1345285f626,12,False,153,11,finished,True,39,71.8,11,
chubu-kougoren-summer-qualifier-2025-girls-individual,p_41aced5b33ac,13,False,153,11,finished,True,39,69.2,11,
chubu-kougoren-summer-qualifier-2025-girls-individual,p_769a023822db,14,False,153,11,finished,True,39,66.7,11,
chubu-kougoren-summer-qualifier-2025-girls-individual,p_ac159ca3b2dc,15,False,153,11,finished,True,39,64.1,11,
chubu-kougoren-summer-qualifier-2025-girls-individual,p_155e041d66d4,16,False,154,12,finished,True,39,61.5,12,
chubu-kougoren-summer-qualifier-2025-girls-individual,p_a0c33ea52045,17,False,155,13,finished,True,39,59.0,13,
chubu-kougoren-summer-qualifier-2025-girls-individual,p_180972f16416,18,False,157,15,finished,True,39,56.4,15,
chubu-kougoren-summer-qualifier-2025-girls-individual,p_5a0304df38fe,19,False,158,16,finished,True,39,53.8,16,
chubu-kougoren-summer-qualifier-2025-girls-individual,p_aec32e99f29f,20,False,161,19,finished,True,39,51.3,19,
chubu-kougoren-summer-qualifier-2025-girls-individual,p_c45bb4b09831,21,False,161,19,finished,True,39,48.7,19,
chubu-kougoren-summer-qualifier-2025-girls-individual,p_2293d72baf9f,22,False,163,21,finished,True,39,46.2,21,
chubu-kougoren-summer-qualifier-2025-girls-individual,p_f539a44fd6df,23,False,166,24,finished,True,39,43.6,24,
chubu-kougoren-summer-qualifier-2025-girls-individual,p_1bad73dc7167,24,False,168,26,finished,True,39,41.0,26,
chubu-kougoren-summer-qualifier-2025-girls-individual,p_cd5ce9d9cbe3,25,False,169,27,finished,True,39,38.5,27,
chubu-kougoren-summer-qualifier-2025-girls-individual,p_ad9ce39a8a67,26,False,169,27,finished,True,39,35.9,27,
chubu-kougoren-summer-qualifier-2025-girls-individual,p_8723d70ad018,27,False,171,29,finished,True,39,33.3,29,
chubu-kougoren-summer-qualifier-2025-girls-individual,p_158930960485,28,False,172,30,finished,True,39,30.8,30,
chubu-kougoren-summer-qualifier-2025-girls-individual,p_a66cbac96328,29,False,178,36,finished,True,39,28.2,36,
chubu-kougoren-summer-qualifier-2025-girls-individual,p_4098750cef80,30,False,180,38,finished,True,39,25.6,38,
chubu-kougoren-summer-qualifier-2025-girls-individual,p_797fa5dd948f,31,False,181,39,finished,True,39,23.1,39,
chubu-kougoren-summer-qualifier-2025-girls-individual,p_49bf2fc00aec,32,False,188,46,finished,True,39,20.5,46,
chubu-kougoren-summer-qualifier-2025-girls-individual,p_b23f490a0b8f,33,False,189,47,finished,True,39,17.9,47,
chubu-kougoren-summer-qualifier-2025-girls-individual,p_1245906cf5c8,34,False,195,53,finished,True,39,15.4,53,
chubu-kougoren-summer-qualifier-2025-girls-individual,p_75dac5a119e1,35,False,196,54,finished,True,39,12.8,54,
chubu-kougoren-summer-qualifier-2025-girls-individual,p_0ade17c38b7a,36,False,197,55,finished,True,39,10.3,55,
chubu-kougoren-summer-qualifier-2025-girls-individual,p_9d69fe716ab3,,False,,,wd,True,39,,,
chubu-kougoren-summer-qualifier-2025-girls-individual,p_ff7b2ddc665f,,False,,,wd,True,39,,,
chubu-kougoren-summer-qualifier-2025-girls-individual,p_b35c69b4b1eb,,False,,,wd,True,39,,,
kanto-kougoren-summer-qualifier-2025-boys-individual,p_e8c5625d2c92,1,False,130,-10,finished,True,139,100.0,0,
kanto-kougoren-summer-qualifier-2025-boys-individual,p_6018094cd0c0,2,False,134,-6,finished,True,139,99.3,4,
kanto-kougoren-summer-qualifier-2025-boys-individual,p_792fb43f3dfc,3,False,135,-5,finished,True,139,98.6,5,
kanto-kougoren-summer-qualifier-2025-boys-individual,p_4947a9a742a8,4,False,135,-5,finished,True,139,97.8,5,
kanto-kougoren-summer-qualifier-2025-boys-individual,p_9bbe62441b1a,5,False,136,-4,finished,True,139,97.1,6,
kanto-kougoren-summer-qualifier-2025-boys-individual,p_00e91cfe7a79,6,False,137,-3,finished,True,139,96.4,7,
kanto-kougoren-summer-qualifier-2025-boys-individual,p_0626cf54afc3,7,False,138,-2,finished,True,139,95.7,8,
kanto-kougoren-summer-qualifier-2025-boys-individual,p_883b2a1013bb,8,False,139,-1,finished,True,139,95.0,9,
kanto-kougoren-summer-qualifier-2025-boys-individual,p_b00029259742,9,False,139,-1,finished,True,139,94.2,9,
kanto-kougoren-summer-qualifier-2025-boys-individual,p_6c6ca58a3283,10,False,139,-1,finished,True,139,93.5,9,
kanto-kougoren-summer-qualifier-2025-boys-individual,p_638eb26731e3,11,False,140,0,finished,True,139,92.8,10,
kanto-kougoren-summer-qualifier-2025-boys-individual,p_0fb583ef5a83,12,False,140,0,finished,True,139,92.1,10,
kanto-kougoren-summer-qualifier-2025-boys-individual,p_30a9c5afa6af,13,False,140,0,finished,True,139,91.4,10,
kanto-kougoren-summer-qualifier-2025-boys-individual,p_537ac5abb618,14,False,140,0,finished,True,139,90.6,10,
kanto-kougoren-summer-qualifier-2025-boys-individual,p_fb1c5683fcd2,15,False,140,0,finished,True,139,89.9,10,
kanto-kougoren-summer-qualifier-2025-boys-individual,p_4b3f9997625a,16,False,140,0,finished,True,139,89.2,10,
kanto-kougoren-summer-qualifier-2025-boys-individual,p_8b3cca8f29ae,17,False,140,0,finished,True,139,88.5,10,
kanto-kougoren-summer-qualifier-2025-boys-individual,p_435183ba6ce8,18,False,141,1,finished,True,139,87.8,11,
kanto-kougoren-summer-qualifier-2025-boys-individual,p_9ac6477327b5,19,False,141,1,finished,True,139,87.1,11,
kanto-kougoren-summer-qualifier-2025-boys-individual,p_36648b62c10f,20,False,141,1,finished,True,139,86.3,11,
kanto-kougoren-summer-qualifier-2025-boys-individual,p_10189063f636,21,False,141,1,finished,True,139,85.6,11,
kanto-kougoren-summer-qualifier-2025-boys-individual,p_f953babce395,22,False,141,1,finished,True,139,84.9,11,
kanto-kougoren-summer-qualifier-2025-boys-individual,p_ef2ca5efd1b9,23,False,141,1,finished,True,139,84.2,11,
kanto-kougoren-summer-qualifier-2025-boys-individual,p_7a9332982857,24,False,142,2,finished,True,139,83.5,12,
kanto-kougoren-summer-qualifier-2025-boys-individual,p_a3b3b82fb1c6,25,False,142,2,finished,True,139,82.7,12,
kanto-kougoren-summer-qualifier-2025-boys-individual,p_d372ff16f0c7,26,False,142,2,finished,True,139,82.0,12,
kanto-kougoren-summer-qualifier-2025-boys-individual,p_0dc956e88c33,27,False,142,2,finished,True,139,81.3,12,
kanto-kougoren-summer-qualifier-2025-boys-individual,p_10c119b31a15,28,False,142,2,finished,True,139,80.6,12,
kanto-kougoren-summer-qualifier-2025-boys-individual,p_a7a635ce7930,29,False,143,3,finished,True,139,79.9,13,
kanto-kougoren-summer-qualifier-2025-boys-individual,p_a7ca720c84a3,30,False,143,3,finished,True,139,79.1,13,
kanto-kougoren-summer-qualifier-2025-boys-individual,p_6db891fb7417,31,False,143,3,finished,True,139,78.4,13,
kanto-kougoren-summer-qualifier-2025-boys-individual,p_5d9ef38389c2,32,False,143,3,finished,True,139,77.7,13,
kanto-kougoren-summer-qualifier-2025-boys-individual,p_c276ebee1654,33,False,143,3,finished,True,139,77.0,13,
kanto-kougoren-summer-qualifier-2025-boys-individual,p_93fbb9613822,34,False,144,4,finished,True,139,76.3,14,
kanto-kougoren-summer-qualifier-2025-boys-individual,p_50e7f0a0a3bf,35,False,144,4,finished,True,139,75.5,14,
kanto-kougoren-summer-qualifier-2025-boys-individual,p_383211dd9918,36,False,144,4,finished,True,139,74.8,14,
kanto-kougoren-summer-qualifier-2025-boys-individual,p_16260a4500c8,37,False,145,5,finished,True,139,74.1,15,
kanto-kougoren-summer-qualifier-2025-boys-individual,p_13739c6b0706,38,False,145,5,finished,True,139,73.4,15,
kanto-kougoren-summer-qualifier-2025-boys-individual,p_20c8cf89562d,39,False,145,5,finished,True,139,72.7,15,
kanto-kougoren-summer-qualifier-2025-boys-individual,p_ff58b495c590,40,False,145,5,finished,True,139,71.9,15,
kanto-kougoren-summer-qualifier-2025-boys-individual,p_4f1911950617,41,False,146,6,finished,True,139,71.2,16,
kanto-kougoren-summer-qualifier-2025-boys-individual,p_cdef29f28db7,42,False,146,6,finished,True,139,70.5,16,
kanto-kougoren-summer-qualifier-2025-boys-individual,p_879d2689d366,43,False,146,6,finished,True,139,69.8,16,
kanto-kougoren-summer-qualifier-2025-boys-individual,p_c04932b3fab8,44,False,147,7,finished,True,139,69.1,17,
kanto-kougoren-summer-qualifier-2025-boys-individual,p_c0d654feb22a,45,False,147,7,finished,True,139,68.3,17,
kanto-kougoren-summer-qualifier-2025-boys-individual,p_9ae62d8cdcd9,46,False,147,7,finished,True,139,67.6,17,
kanto-kougoren-summer-qualifier-2025-boys-individual,p_09e4d055c79b,47,False,147,7,finished,True,139,66.9,17,
kanto-kougoren-summer-qualifier-2025-boys-individual,p_c7a5924ff885,48,False,148,8,finished,True,139,66.2,18,
kanto-kougoren-summer-qualifier-2025-boys-individual,p_d104cdb0ffb4,49,False,148,8,finished,True,139,65.5,18,
kanto-kougoren-summer-qualifier-2025-boys-individual,p_1f26259b8d0b,50,False,148,8,finished,True,139,64.7,18,
kanto-kougoren-summer-qualifier-2025-boys-individual,p_3c3644ab8988,51,False,148,8,finished,True,139,64.0,18,
kanto-kougoren-summer-qualifier-2025-boys-individual,p_559d7dff5092,52,False,148,8,finished,True,139,63.3,18,
kanto-kougoren-summer-qualifier-2025-boys-individual,p_7c33fcaf632e,53,False,148,8,finished,True,139,62.6,18,
kanto-kougoren-summer-qualifier-2025-boys-individual,p_914dd46004d4,54,False,148,8,finished,True,139,61.9,18,
kanto-kougoren-summer-qualifier-2025-boys-individual,p_4f0102d4f79c,55,False,148,8,finished,True,139,61.2,18,
kanto-kougoren-summer-qualifier-2025-boys-individual,p_dd475f446cb4,56,False,149,9,finished,True,139,60.4,19,
kanto-kougoren-summer-qualifier-2025-boys-individual,p_396f292623db,57,False,149,9,finished,True,139,59.7,19,
kanto-kougoren-summer-qualifier-2025-boys-individual,p_018eb7bb7b57,58,False,149,9,finished,True,139,59.0,19,
kanto-kougoren-summer-qualifier-2025-boys-individual,p_695f8ecc3c45,59,False,149,9,finished,True,139,58.3,19,
kanto-kougoren-summer-qualifier-2025-boys-individual,p_012a1da5d79d,60,False,149,9,finished,True,139,57.6,19,
kanto-kougoren-summer-qualifier-2025-boys-individual,p_f745536adfd4,61,False,150,10,finished,True,139,56.8,20,
kanto-kougoren-summer-qualifier-2025-boys-individual,p_1b84674141b6,62,False,150,10,finished,True,139,56.1,20,
kanto-kougoren-summer-qualifier-2025-boys-individual,p_459003b3afd1,63,False,150,10,finished,True,139,55.4,20,
kanto-kougoren-summer-qualifier-2025-boys-individual,p_021345d6f846,64,False,150,10,finished,True,139,54.7,20,
kanto-kougoren-summer-qualifier-2025-boys-individual,p_ac33a290b64b,65,False,150,10,finished,True,139,54.0,20,
kanto-kougoren-summer-qualifier-2025-boys-individual,p_1deae722ed70,66,False,150,10,finished,True,139,53.2,20,
kanto-kougoren-summer-qualifier-2025-boys-individual,p_fb755f35b93b,67,False,150,10,finished,True,139,52.5,20,
kanto-kougoren-summer-qualifier-2025-boys-individual,p_38981dbdc223,68,False,150,10,finished,True,139,51.8,20,
kanto-kougoren-summer-qualifier-2025-boys-individual,p_eb4b5d7e3fe1,69,False,151,11,finished,True,139,51.1,21,
kanto-kougoren-summer-qualifier-2025-boys-individual,p_4c5ca3dda4c9,70,False,151,11,finished,True,139,50.4,21,
kanto-kougoren-summer-qualifier-2025-boys-individual,p_2a74a826b47c,71,False,151,11,finished,True,139,49.6,21,
kanto-kougoren-summer-qualifier-2025-boys-individual,p_a00dd3471824,72,False,151,11,finished,True,139,48.9,21,
kanto-kougoren-summer-qualifier-2025-boys-individual,p_e82e43134667,73,False,151,11,finished,True,139,48.2,21,
kanto-kougoren-summer-qualifier-2025-boys-individual,p_7d5078bd77aa,74,False,151,11,finished,True,139,47.5,21,
kanto-kougoren-summer-qualifier-2025-boys-individual,p_651f578e1f2e,75,False,152,12,finished,True,139,46.8,22,
kanto-kougoren-summer-qualifier-2025-boys-individual,p_f0e063ad458e,76,False,152,12,finished,True,139,46.0,22,
kanto-kougoren-summer-qualifier-2025-boys-individual,p_a01d745e23ea,77,False,152,12,finished,True,139,45.3,22,
kanto-kougoren-summer-qualifier-2025-boys-individual,p_7cfef296e6f3,78,False,152,12,finished,True,139,44.6,22,
kanto-kougoren-summer-qualifier-2025-boys-individual,p_5dbbf3dd2431,79,False,152,12,finished,True,139,43.9,22,
kanto-kougoren-summer-qualifier-2025-boys-individual,p_3cac1f196e4c,80,False,153,13,finished,True,139,43.2,23,
kanto-kougoren-summer-qualifier-2025-boys-individual,p_5fc47bde69f6,81,False,153,13,finished,True,139,42.4,23,
kanto-kougoren-summer-qualifier-2025-boys-individual,p_2f0f45479a97,82,False,154,14,finished,True,139,41.7,24,
kanto-kougoren-summer-qualifier-2025-boys-individual,p_e6cff97ee795,83,False,154,14,finished,True,139,41.0,24,
kanto-kougoren-summer-qualifier-2025-boys-individual,p_9b80f9ba0539,84,False,154,14,finished,True,139,40.3,24,
kanto-kougoren-summer-qualifier-2025-boys-individual,p_7ff660b77701,85,False,154,14,finished,True,139,39.6,24,
kanto-kougoren-summer-qualifier-2025-boys-individual,p_d05f19ab1c37,86,False,154,14,finished,True,139,38.8,24,
kanto-kougoren-summer-qualifier-2025-boys-individual,p_d64ad0203e99,87,False,154,14,finished,True,139,38.1,24,
kanto-kougoren-summer-qualifier-2025-boys-individual,p_c5863ad2b5cb,88,False,155,15,finished,True,139,37.4,25,
kanto-kougoren-summer-qualifier-2025-boys-individual,p_877029469411,89,False,155,15,finished,True,139,36.7,25,
kanto-kougoren-summer-qualifier-2025-boys-individual,p_1a05bbb7857b,90,False,155,15,finished,True,139,36.0,25,
kanto-kougoren-summer-qualifier-2025-boys-individual,p_c45d4fbd4048,91,False,156,16,finished,True,139,35.3,26,
kanto-kougoren-summer-qualifier-2025-boys-individual,p_d7fc52abd490,92,False,156,16,finished,True,139,34.5,26,
kanto-kougoren-summer-qualifier-2025-boys-individual,p_f96b2dd835bc,93,False,156,16,finished,True,139,33.8,26,
kanto-kougoren-summer-qualifier-2025-boys-individual,p_9b769ae62653,94,False,156,16,finished,True,139,33.1,26,
kanto-kougoren-summer-qualifier-2025-boys-individual,p_b2b3491ec224,95,False,156,16,finished,True,139,32.4,26,
kanto-kougoren-summer-qualifier-2025-boys-individual,p_3ba11dda4f49,96,False,157,17,finished,True,139,31.7,27,
kanto-kougoren-summer-qualifier-2025-boys-individual,p_3bad7f2103cf,97,False,157,17,finished,True,139,30.9,27,
kanto-kougoren-summer-qualifier-2025-boys-individual,p_61a9da315782,98,False,157,17,finished,True,139,30.2,27,
kanto-kougoren-summer-qualifier-2025-boys-individual,p_2cc3378846be,99,False,157,17,finished,True,139,29.5,27,
kanto-kougoren-summer-qualifier-2025-boys-individual,p_f3b01cfb91d3,100,False,157,17,finished,True,139,28.8,27,
kanto-kougoren-summer-qualifier-2025-boys-individual,p_f81c989ebe7c,101,False,158,18,finished,True,139,28.1,28,
kanto-kougoren-summer-qualifier-2025-boys-individual,p_c2800a11baa2,102,False,159,19,finished,True,139,27.3,29,
kanto-kougoren-summer-qualifier-2025-boys-individual,p_5e0121e607f9,103,False,159,19,finished,True,139,26.6,29,
kanto-kougoren-summer-qualifier-2025-boys-individual,p_3ce97ac6c51b,104,False,160,20,finished,True,139,25.9,30,
kanto-kougoren-summer-qualifier-2025-boys-individual,p_0a7ced24240a,105,False,161,21,finished,True,139,25.2,31,
kanto-kougoren-summer-qualifier-2025-boys-individual,p_d3af45ba9638,106,False,161,21,finished,True,139,24.5,31,
kanto-kougoren-summer-qualifier-2025-boys-individual,p_204d78220866,107,False,161,21,finished,True,139,23.7,31,
kanto-kougoren-summer-qualifier-2025-boys-individual,p_afba03852442,108,False,161,21,finished,True,139,23.0,31,
kanto-kougoren-summer-qualifier-2025-boys-individual,p_abd8126ece8a,109,False,161,21,finished,True,139,22.3,31,
kanto-kougoren-summer-qualifier-2025-boys-individual,p_341d577ab6d1,110,False,161,21,finished,True,139,21.6,31,
kanto-kougoren-summer-qualifier-2025-boys-individual,p_cce384c1c024,111,False,162,22,finished,True,139,20.9,32,
kanto-kougoren-summer-qualifier-2025-boys-individual,p_1a1ca566aa2e,112,False,162,22,finished,True,139,20.1,32,
kanto-kougoren-summer-qualifier-2025-boys-individual,p_7caa3ea5e81d,113,False,163,23,finished,True,139,19.4,33,
kanto-kougoren-summer-qualifier-2025-boys-individual,p_7c42ccfdfc64,114,False,163,23,finished,True,139,18.7,33,
kanto-kougoren-summer-qualifier-2025-boys-individual,p_aa01ca13f01a,115,False,163,23,finished,True,139,18.0,33,
kanto-kougoren-summer-qualifier-2025-boys-individual,p_a154d1e603a9,116,False,163,23,finished,True,139,17.3,33,
kanto-kougoren-summer-qualifier-2025-boys-individual,p_8c1abe719068,117,False,164,24,finished,True,139,16.5,34,
kanto-kougoren-summer-qualifier-2025-boys-individual,p_0d732ba9efe7,118,False,164,24,finished,True,139,15.8,34,
kanto-kougoren-summer-qualifier-2025-boys-individual,p_e6c8e07ce403,119,False,164,24,finished,True,139,15.1,34,
kanto-kougoren-summer-qualifier-2025-boys-individual,p_91053be7f454,120,False,164,24,finished,True,139,14.4,34,
kanto-kougoren-summer-qualifier-2025-boys-individual,p_b7d3841a0e1f,121,False,165,25,finished,True,139,13.7,35,
kanto-kougoren-summer-qualifier-2025-boys-individual,p_b4fe31371c06,122,False,166,26,finished,True,139,12.9,36,
kanto-kougoren-summer-qualifier-2025-boys-individual,p_b51437039b75,123,False,167,27,finished,True,139,12.2,37,
kanto-kougoren-summer-qualifier-2025-boys-individual,p_bfb23f3dbc61,124,False,167,27,finished,True,139,11.5,37,
kanto-kougoren-summer-qualifier-2025-boys-individual,p_800fc9fe46bb,125,False,169,29,finished,True,139,10.8,39,
kanto-kougoren-summer-qualifier-2025-boys-individual,p_a515d29533c7,126,False,172,32,finished,True,139,10.1,42,
kanto-kougoren-summer-qualifier-2025-boys-individual,p_d9f0aef7647a,127,False,173,33,finished,True,139,9.4,43,
kanto-kougoren-summer-qualifier-2025-boys-individual,p_082135686152,128,False,174,34,finished,True,139,8.6,44,
kanto-kougoren-summer-qualifier-2025-boys-individual,p_960959c9deef,129,False,174,34,finished,True,139,7.9,44,
kanto-kougoren-summer-qualifier-2025-boys-individual,p_101b1fa6bb59,130,False,174,34,finished,True,139,7.2,44,
kanto-kougoren-summer-qualifier-2025-boys-individual,p_11482d423aac,131,False,174,34,finished,True,139,6.5,44,
kanto-kougoren-summer-qualifier-2025-boys-individual,p_5e47a2092716,132,False,175,35,finished,True,139,5.8,45,
kanto-kougoren-summer-qualifier-2025-boys-individual,p_8cd1f028fda4,133,False,177,37,finished,True,139,5.0,47,
kanto-kougoren-summer-qualifier-2025-boys-individual,p_80e9d44063a7,134,False,177,37,finished,True,139,4.3,47,
kanto-kougoren-summer-qualifier-2025-boys-individual,p_deee924dcb35,135,False,177,37,finished,True,139,3.6,47,
kanto-kougoren-summer-qualifier-2025-boys-individual,p_7daa7478f64b,136,False,178,38,finished,True,139,2.9,48,
kanto-kougoren-summer-qualifier-2025-boys-individual,p_4a9d5b5b2a26,137,False,187,47,finished,True,139,2.2,57,
kanto-kougoren-summer-qualifier-2025-boys-individual,p_4a2a4fb50295,138,False,188,48,finished,True,139,1.4,58,
kanto-kougoren-summer-qualifier-2025-boys-individual,p_af715053c624,,False,,,wd,True,139,,,
kanto-kougoren-summer-qualifier-2025-boys-individual,p_cbe29f684a58,,False,,,dns,True,,,,
kanto-kougoren-summer-qualifier-2025-boys-individual,p_7a6683e3f26b,,False,,,dns,True,,,,
kanto-kougoren-summer-qualifier-2025-boys-individual,p_02822b22fb70,,False,,,dns,True,,,,
kanto-kougoren-summer-qualifier-2025-boys-individual,p_0d4098c8ff58,,False,,,dns,True,,,,
kanto-kougoren-summer-qualifier-2025-girls-individual,p_399785dbe815,1,False,140,-4,finished,True,138,100.0,0,
kanto-kougoren-summer-qualifier-2025-girls-individual,p_9dc02346ac81,2,False,140,-4,finished,True,138,99.3,0,
kanto-kougoren-summer-qualifier-2025-girls-individual,p_9107773a23fe,3,False,141,-3,finished,True,138,98.6,1,
kanto-kougoren-summer-qualifier-2025-girls-individual,p_328e71ef66c6,4,False,142,-2,finished,True,138,97.8,2,
kanto-kougoren-summer-qualifier-2025-girls-individual,p_71d0693003db,5,False,143,-1,finished,True,138,97.1,3,
kanto-kougoren-summer-qualifier-2025-girls-individual,p_cf12b9439eed,6,False,144,0,finished,True,138,96.4,4,
kanto-kougoren-summer-qualifier-2025-girls-individual,p_a8ef8de036cc,7,False,144,0,finished,True,138,95.7,4,
kanto-kougoren-summer-qualifier-2025-girls-individual,p_7a681a9fe06d,8,False,145,1,finished,True,138,94.9,5,
kanto-kougoren-summer-qualifier-2025-girls-individual,p_93c8d688bcee,9,False,145,1,finished,True,138,94.2,5,
kanto-kougoren-summer-qualifier-2025-girls-individual,p_1aac75074fbd,10,False,145,1,finished,True,138,93.5,5,
kanto-kougoren-summer-qualifier-2025-girls-individual,p_88345b5a060d,11,False,146,2,finished,True,138,92.8,6,
kanto-kougoren-summer-qualifier-2025-girls-individual,p_a4efaf2c840b,12,False,147,3,finished,True,138,92.0,7,
kanto-kougoren-summer-qualifier-2025-girls-individual,p_462d9b49d343,13,False,147,3,finished,True,138,91.3,7,
kanto-kougoren-summer-qualifier-2025-girls-individual,p_7ec06f6166d9,14,False,147,3,finished,True,138,90.6,7,
kanto-kougoren-summer-qualifier-2025-girls-individual,p_62e213f51f87,15,False,147,3,finished,True,138,89.9,7,
kanto-kougoren-summer-qualifier-2025-girls-individual,p_e9ab53306479,16,False,147,3,finished,True,138,89.1,7,
kanto-kougoren-summer-qualifier-2025-girls-individual,p_5d4599e32b09,17,False,148,4,finished,True,138,88.4,8,
kanto-kougoren-summer-qualifier-2025-girls-individual,p_26018d8e7787,18,False,148,4,finished,True,138,87.7,8,
kanto-kougoren-summer-qualifier-2025-girls-individual,p_792e1b75f827,19,False,148,4,finished,True,138,87.0,8,
kanto-kougoren-summer-qualifier-2025-girls-individual,p_b2ea0332a4fc,20,False,149,5,finished,True,138,86.2,9,
kanto-kougoren-summer-qualifier-2025-girls-individual,p_74538d515df6,21,False,149,5,finished,True,138,85.5,9,
kanto-kougoren-summer-qualifier-2025-girls-individual,p_027eee77def5,22,False,149,5,finished,True,138,84.8,9,
kanto-kougoren-summer-qualifier-2025-girls-individual,p_cbd41accd89d,23,False,149,5,finished,True,138,84.1,9,
kanto-kougoren-summer-qualifier-2025-girls-individual,p_df01c3468ae5,24,False,149,5,finished,True,138,83.3,9,
kanto-kougoren-summer-qualifier-2025-girls-individual,p_7afd4b043437,25,False,150,6,finished,True,138,82.6,10,
kanto-kougoren-summer-qualifier-2025-girls-individual,p_a3fb3120d4c2,26,False,151,7,finished,True,138,81.9,11,
kanto-kougoren-summer-qualifier-2025-girls-individual,p_e232df3fdae1,27,False,151,7,finished,True,138,81.2,11,
kanto-kougoren-summer-qualifier-2025-girls-individual,p_a18a8ef234cc,28,False,151,7,finished,True,138,80.4,11,
kanto-kougoren-summer-qualifier-2025-girls-individual,p_2a220ebbeefb,29,False,151,7,finished,True,138,79.7,11,
kanto-kougoren-summer-qualifier-2025-girls-individual,p_ccc718051c54,30,False,151,7,finished,True,138,79.0,11,
kanto-kougoren-summer-qualifier-2025-girls-individual,p_b37527612d31,31,False,152,8,finished,True,138,78.3,12,
kanto-kougoren-summer-qualifier-2025-girls-individual,p_2216ccf8da05,32,False,152,8,finished,True,138,77.5,12,
kanto-kougoren-summer-qualifier-2025-girls-individual,p_9f6e743cfe48,33,False,152,8,finished,True,138,76.8,12,
kanto-kougoren-summer-qualifier-2025-girls-individual,p_e7d7f7818735,34,False,152,8,finished,True,138,76.1,12,
kanto-kougoren-summer-qualifier-2025-girls-individual,p_a2dbca258af4,35,False,152,8,finished,True,138,75.4,12,
kanto-kougoren-summer-qualifier-2025-girls-individual,p_8aa2b41b258a,36,False,152,8,finished,True,138,74.6,12,
kanto-kougoren-summer-qualifier-2025-girls-individual,p_d38f2c7a9e56,37,False,153,9,finished,True,138,73.9,13,
kanto-kougoren-summer-qualifier-2025-girls-individual,p_bdff464bbf40,38,False,153,9,finished,True,138,73.2,13,
kanto-kougoren-summer-qualifier-2025-girls-individual,p_61687d2e02ef,39,False,153,9,finished,True,138,72.5,13,
kanto-kougoren-summer-qualifier-2025-girls-individual,p_210d2d7c452d,40,False,153,9,finished,True,138,71.7,13,
kanto-kougoren-summer-qualifier-2025-girls-individual,p_67d36599aff5,41,False,154,10,finished,True,138,71.0,14,
kanto-kougoren-summer-qualifier-2025-girls-individual,p_e7576ac2d985,42,False,154,10,finished,True,138,70.3,14,
kanto-kougoren-summer-qualifier-2025-girls-individual,p_9723f3b98f80,43,False,154,10,finished,True,138,69.6,14,
kanto-kougoren-summer-qualifier-2025-girls-individual,p_f52cecd96813,44,False,154,10,finished,True,138,68.8,14,
kanto-kougoren-summer-qualifier-2025-girls-individual,p_6978b20702fa,45,False,154,10,finished,True,138,68.1,14,
kanto-kougoren-summer-qualifier-2025-girls-individual,p_462c55385b7e,46,False,154,10,finished,True,138,67.4,14,
kanto-kougoren-summer-qualifier-2025-girls-individual,p_30f6f4460915,47,False,154,10,finished,True,138,66.7,14,
kanto-kougoren-summer-qualifier-2025-girls-individual,p_4d7eb78e784c,48,False,154,10,finished,True,138,65.9,14,
kanto-kougoren-summer-qualifier-2025-girls-individual,p_205c593f03bb,49,False,154,10,finished,True,138,65.2,14,
kanto-kougoren-summer-qualifier-2025-girls-individual,p_db87158769c4,50,False,155,11,finished,True,138,64.5,15,
kanto-kougoren-summer-qualifier-2025-girls-individual,p_54be68493874,51,False,155,11,finished,True,138,63.8,15,
kanto-kougoren-summer-qualifier-2025-girls-individual,p_a0e39276612a,52,False,155,11,finished,True,138,63.0,15,
kanto-kougoren-summer-qualifier-2025-girls-individual,p_d1812e1368ad,53,False,155,11,finished,True,138,62.3,15,
kanto-kougoren-summer-qualifier-2025-girls-individual,p_687edef328e2,54,False,155,11,finished,True,138,61.6,15,
kanto-kougoren-summer-qualifier-2025-girls-individual,p_5ec187ffbd4d,55,False,155,11,finished,True,138,60.9,15,
kanto-kougoren-summer-qualifier-2025-girls-individual,p_4b04ddd46c0d,56,False,155,11,finished,True,138,60.1,15,
kanto-kougoren-summer-qualifier-2025-girls-individual,p_2f5576c2a633,57,False,156,12,finished,True,138,59.4,16,
kanto-kougoren-summer-qualifier-2025-girls-individual,p_b953061d2a9d,58,False,156,12,finished,True,138,58.7,16,
kanto-kougoren-summer-qualifier-2025-girls-individual,p_badf11f3766a,59,False,156,12,finished,True,138,58.0,16,
kanto-kougoren-summer-qualifier-2025-girls-individual,p_2f5a0a295d78,60,False,156,12,finished,True,138,57.2,16,
kanto-kougoren-summer-qualifier-2025-girls-individual,p_d7be1c067500,61,False,156,12,finished,True,138,56.5,16,
kanto-kougoren-summer-qualifier-2025-girls-individual,p_07cbbb2ca56c,62,False,156,12,finished,True,138,55.8,16,
kanto-kougoren-summer-qualifier-2025-girls-individual,p_7742429a92c7,63,False,156,12,finished,True,138,55.1,16,
kanto-kougoren-summer-qualifier-2025-girls-individual,p_76a2a81d6f3e,64,False,156,12,finished,True,138,54.3,16,
kanto-kougoren-summer-qualifier-2025-girls-individual,p_74020918f46d,65,False,157,13,finished,True,138,53.6,17,
kanto-kougoren-summer-qualifier-2025-girls-individual,p_950fddbf8023,66,False,157,13,finished,True,138,52.9,17,
kanto-kougoren-summer-qualifier-2025-girls-individual,p_1bc7e2fc7b36,67,False,157,13,finished,True,138,52.2,17,
kanto-kougoren-summer-qualifier-2025-girls-individual,p_37445188089e,68,False,157,13,finished,True,138,51.4,17,
kanto-kougoren-summer-qualifier-2025-girls-individual,p_f934893a76db,69,False,157,13,finished,True,138,50.7,17,
kanto-kougoren-summer-qualifier-2025-girls-individual,p_13dcf4592f50,70,False,158,14,finished,True,138,50.0,18,
kanto-kougoren-summer-qualifier-2025-girls-individual,p_a708c3ca1524,71,False,158,14,finished,True,138,49.3,18,
kanto-kougoren-summer-qualifier-2025-girls-individual,p_004181f78557,72,False,158,14,finished,True,138,48.6,18,
kanto-kougoren-summer-qualifier-2025-girls-individual,p_f7a26d404a3f,73,False,158,14,finished,True,138,47.8,18,
kanto-kougoren-summer-qualifier-2025-girls-individual,p_adbde600e227,74,False,158,14,finished,True,138,47.1,18,
kanto-kougoren-summer-qualifier-2025-girls-individual,p_5a8fbf8a34a1,75,False,159,15,finished,True,138,46.4,19,
kanto-kougoren-summer-qualifier-2025-girls-individual,p_dd126ea8f1be,76,False,159,15,finished,True,138,45.7,19,
kanto-kougoren-summer-qualifier-2025-girls-individual,p_edc6e0cb9311,77,False,159,15,finished,True,138,44.9,19,
kanto-kougoren-summer-qualifier-2025-girls-individual,p_09f9c0770a48,78,False,159,15,finished,True,138,44.2,19,
kanto-kougoren-summer-qualifier-2025-girls-individual,p_c7f74e41c6c3,79,False,159,15,finished,True,138,43.5,19,
kanto-kougoren-summer-qualifier-2025-girls-individual,p_9eb27ca5bd00,80,False,159,15,finished,True,138,42.8,19,
kanto-kougoren-summer-qualifier-2025-girls-individual,p_3d8e4a0c18be,81,False,160,16,finished,True,138,42.0,20,
kanto-kougoren-summer-qualifier-2025-girls-individual,p_099b2fc06419,82,False,160,16,finished,True,138,41.3,20,
kanto-kougoren-summer-qualifier-2025-girls-individual,p_c0fc3be78a4a,83,False,160,16,finished,True,138,40.6,20,
kanto-kougoren-summer-qualifier-2025-girls-individual,p_42b079c02090,84,False,160,16,finished,True,138,39.9,20,
kanto-kougoren-summer-qualifier-2025-girls-individual,p_ae113075d0f6,85,False,161,17,finished,True,138,39.1,21,
kanto-kougoren-summer-qualifier-2025-girls-individual,p_a2bf87f195a0,86,False,161,17,finished,True,138,38.4,21,
kanto-kougoren-summer-qualifier-2025-girls-individual,p_b66f79e80c51,87,False,162,18,finished,True,138,37.7,22,
kanto-kougoren-summer-qualifier-2025-girls-individual,p_c6a322e6ba7a,88,False,162,18,finished,True,138,37.0,22,
kanto-kougoren-summer-qualifier-2025-girls-individual,p_e89571773799,89,False,162,18,finished,True,138,36.2,22,
kanto-kougoren-summer-qualifier-2025-girls-individual,p_518ae4902ea0,90,False,162,18,finished,True,138,35.5,22,
kanto-kougoren-summer-qualifier-2025-girls-individual,p_8b66c53bd24c,91,False,162,18,finished,True,138,34.8,22,
kanto-kougoren-summer-qualifier-2025-girls-individual,p_58af8fc92b99,92,False,162,18,finished,True,138,34.1,22,
kanto-kougoren-summer-qualifier-2025-girls-individual,p_22a4e3b3b698,93,False,162,18,finished,True,138,33.3,22,
kanto-kougoren-summer-qualifier-2025-girls-individual,p_bbdb1d888b58,94,False,162,18,finished,True,138,32.6,22,
kanto-kougoren-summer-qualifier-2025-girls-individual,p_f92f89a29265,95,False,163,19,finished,True,138,31.9,23,
kanto-kougoren-summer-qualifier-2025-girls-individual,p_09303b1bc481,96,False,163,19,finished,True,138,31.2,23,
kanto-kougoren-summer-qualifier-2025-girls-individual,p_f1877ef13f1b,97,False,163,19,finished,True,138,30.4,23,
kanto-kougoren-summer-qualifier-2025-girls-individual,p_c406937d5689,98,False,163,19,finished,True,138,29.7,23,
kanto-kougoren-summer-qualifier-2025-girls-individual,p_f4dab2a084bd,99,False,164,20,finished,True,138,29.0,24,
kanto-kougoren-summer-qualifier-2025-girls-individual,p_e5ac0b94fa1c,100,False,164,20,finished,True,138,28.3,24,
kanto-kougoren-summer-qualifier-2025-girls-individual,p_c907c9e0d42f,101,False,164,20,finished,True,138,27.5,24,
kanto-kougoren-summer-qualifier-2025-girls-individual,p_c8bab74a3d68,102,False,165,21,finished,True,138,26.8,25,
kanto-kougoren-summer-qualifier-2025-girls-individual,p_796bbe8ceb80,103,False,166,22,finished,True,138,26.1,26,
kanto-kougoren-summer-qualifier-2025-girls-individual,p_71ae22324d4b,104,False,166,22,finished,True,138,25.4,26,
kanto-kougoren-summer-qualifier-2025-girls-individual,p_ed82dd9b2ee0,105,False,166,22,finished,True,138,24.6,26,
kanto-kougoren-summer-qualifier-2025-girls-individual,p_0f804097cf82,106,False,167,23,finished,True,138,23.9,27,
kanto-kougoren-summer-qualifier-2025-girls-individual,p_f38cfb0c9813,107,False,167,23,finished,True,138,23.2,27,
kanto-kougoren-summer-qualifier-2025-girls-individual,p_b086d7386d60,108,False,168,24,finished,True,138,22.5,28,
kanto-kougoren-summer-qualifier-2025-girls-individual,p_7e506a48a09a,109,False,168,24,finished,True,138,21.7,28,
kanto-kougoren-summer-qualifier-2025-girls-individual,p_473b8ab29cf6,110,False,169,25,finished,True,138,21.0,29,
kanto-kougoren-summer-qualifier-2025-girls-individual,p_83bddbf7952b,111,False,169,25,finished,True,138,20.3,29,
kanto-kougoren-summer-qualifier-2025-girls-individual,p_364514955d0f,112,False,170,26,finished,True,138,19.6,30,
kanto-kougoren-summer-qualifier-2025-girls-individual,p_03685dab3b47,113,False,170,26,finished,True,138,18.8,30,
kanto-kougoren-summer-qualifier-2025-girls-individual,p_10c56bcf4fb4,114,False,171,27,finished,True,138,18.1,31,
kanto-kougoren-summer-qualifier-2025-girls-individual,p_bfe99c32ee3c,115,False,171,27,finished,True,138,17.4,31,
kanto-kougoren-summer-qualifier-2025-girls-individual,p_bdab335aa3d7,116,False,171,27,finished,True,138,16.7,31,
kanto-kougoren-summer-qualifier-2025-girls-individual,p_9dfa2a5066e7,117,False,172,28,finished,True,138,15.9,32,
kanto-kougoren-summer-qualifier-2025-girls-individual,p_b23e07b7f100,118,False,172,28,finished,True,138,15.2,32,
kanto-kougoren-summer-qualifier-2025-girls-individual,p_b5475602f21e,119,False,173,29,finished,True,138,14.5,33,
kanto-kougoren-summer-qualifier-2025-girls-individual,p_18568a45be0f,120,False,173,29,finished,True,138,13.8,33,
kanto-kougoren-summer-qualifier-2025-girls-individual,p_51c21a049ff5,121,False,174,30,finished,True,138,13.0,34,
kanto-kougoren-summer-qualifier-2025-girls-individual,p_a859865d176c,122,False,174,30,finished,True,138,12.3,34,
kanto-kougoren-summer-qualifier-2025-girls-individual,p_502de0189588,123,False,175,31,finished,True,138,11.6,35,
kanto-kougoren-summer-qualifier-2025-girls-individual,p_163d999de309,124,False,175,31,finished,True,138,10.9,35,
kanto-kougoren-summer-qualifier-2025-girls-individual,p_22710dc98cb4,125,False,176,32,finished,True,138,10.1,36,
kanto-kougoren-summer-qualifier-2025-girls-individual,p_8ca598bb8072,126,False,176,32,finished,True,138,9.4,36,
kanto-kougoren-summer-qualifier-2025-girls-individual,p_c1d3e155260c,127,False,178,34,finished,True,138,8.7,38,
kanto-kougoren-summer-qualifier-2025-girls-individual,p_03c14ee31888,128,False,178,34,finished,True,138,8.0,38,
kanto-kougoren-summer-qualifier-2025-girls-individual,p_9b94e829ac1f,129,False,178,34,finished,True,138,7.2,38,
kanto-kougoren-summer-qualifier-2025-girls-individual,p_df953f4523e7,130,False,179,35,finished,True,138,6.5,39,
kanto-kougoren-summer-qualifier-2025-girls-individual,p_d09c379f5b10,131,False,182,38,finished,True,138,5.8,42,
kanto-kougoren-summer-qualifier-2025-girls-individual,p_a28a8211eb97,132,False,183,39,finished,True,138,5.1,43,
kanto-kougoren-summer-qualifier-2025-girls-individual,p_4dca2b8c4ccb,133,False,183,39,finished,True,138,4.3,43,
kanto-kougoren-summer-qualifier-2025-girls-individual,p_1442ab2b61cf,134,False,189,45,finished,True,138,3.6,49,
kanto-kougoren-summer-qualifier-2025-girls-individual,p_ba7522f30eca,135,False,198,54,finished,True,138,2.9,58,
kanto-kougoren-summer-qualifier-2025-girls-individual,p_04f30cb95c9d,136,False,198,54,finished,True,138,2.2,58,
kanto-kougoren-summer-qualifier-2025-girls-individual,p_288a1e8afc22,,False,,,wd,True,138,,,
kanto-kougoren-summer-qualifier-2025-girls-individual,p_f6d47def55da,,False,,,wd,True,138,,,
kanto-kougoren-summer-qualifier-2025-girls-individual,p_076c0aaed9c8,,False,,,dns,True,,,,
kanto-kougoren-summer-qualifier-2025-girls-individual,p_9ee1c30b8e75,,False,,,dns,True,,,,
kanto-kougoren-summer-qualifier-2025-girls-individual,p_e05a08e04311,,False,,,dns,True,,,,
kanto-kougoren-summer-qualifier-2025-girls-individual,p_d0d8943c2c9d,,False,,,dns,True,,,,
shikoku-kougoren-summer-championship-2025-boys-individual,p_72cfdc309bed,1,False,139,-5,finished,True,38,100.0,0,
shikoku-kougoren-summer-championship-2025-boys-individual,p_166d479b2d16,2,True,140,-4,finished,True,38,97.4,1,
shikoku-kougoren-summer-championship-2025-boys-individual,p_13eb1c0836c2,2,True,140,-4,finished,True,38,97.4,1,
shikoku-kougoren-summer-championship-2025-boys-individual,p_91f6a8ddc3f3,2,True,140,-4,finished,True,38,97.4,1,
shikoku-kougoren-summer-championship-2025-boys-individual,p_c0e2661f15f9,5,False,142,-2,finished,True,38,89.5,3,
shikoku-kougoren-summer-championship-2025-boys-individual,p_c1b4deac019f,6,False,144,0,finished,True,38,86.8,5,
shikoku-kougoren-summer-championship-2025-boys-individual,p_111cedaec95c,7,False,146,2,finished,True,38,84.2,7,
shikoku-kougoren-summer-championship-2025-boys-individual,p_2843bcacabd9,8,False,147,3,finished,True,38,81.6,8,
shikoku-kougoren-summer-championship-2025-boys-individual,p_3add325159ea,9,False,148,4,finished,True,38,78.9,9,
shikoku-kougoren-summer-championship-2025-boys-individual,p_afd14f62f07a,10,False,150,6,finished,True,38,76.3,11,
shikoku-kougoren-summer-championship-2025-boys-individual,p_4ecd8d4cf4c5,11,False,153,9,finished,True,38,73.7,14,
shikoku-kougoren-summer-championship-2025-boys-individual,p_4589ab6a689f,12,True,154,10,finished,True,38,71.1,15,
shikoku-kougoren-summer-championship-2025-boys-individual,p_9d708b61952c,12,True,154,10,finished,True,38,71.1,15,
shikoku-kougoren-summer-championship-2025-boys-individual,p_e02f0b75ca41,12,True,154,10,finished,True,38,71.1,15,
shikoku-kougoren-summer-championship-2025-boys-individual,p_2a0cbb474f0a,15,True,155,11,finished,True,38,63.2,16,
shikoku-kougoren-summer-championship-2025-boys-individual,p_e046340bc5b5,15,True,155,11,finished,True,38,63.2,16,
shikoku-kougoren-summer-championship-2025-boys-individual,p_f9a9bd5d517c,15,True,155,11,finished,True,38,63.2,16,
shikoku-kougoren-summer-championship-2025-boys-individual,p_2857ae6fb5e0,18,True,156,12,finished,True,38,55.3,17,
shikoku-kougoren-summer-championship-2025-boys-individual,p_6d25a2f64164,18,True,156,12,finished,True,38,55.3,17,
shikoku-kougoren-summer-championship-2025-boys-individual,p_2232f3b5b2d6,20,True,158,14,finished,True,38,50.0,19,
shikoku-kougoren-summer-championship-2025-boys-individual,p_23fa56e9f9c4,20,True,158,14,finished,True,38,50.0,19,
shikoku-kougoren-summer-championship-2025-boys-individual,p_3b0dfbe45de3,20,True,158,14,finished,True,38,50.0,19,
shikoku-kougoren-summer-championship-2025-boys-individual,p_6cb41a9912ea,23,False,160,16,finished,True,38,42.1,21,
shikoku-kougoren-summer-championship-2025-boys-individual,p_8c0ebaa6b026,24,True,161,17,finished,True,38,39.5,22,
shikoku-kougoren-summer-championship-2025-boys-individual,p_c8bea214eeb4,24,True,161,17,finished,True,38,39.5,22,
shikoku-kougoren-summer-championship-2025-boys-individual,p_a944fb158d32,26,True,162,18,finished,True,38,34.2,23,
shikoku-kougoren-summer-championship-2025-boys-individual,p_a679fdcdad74,26,True,162,18,finished,True,38,34.2,23,
shikoku-kougoren-summer-championship-2025-boys-individual,p_724cefa2ea0b,28,False,163,19,finished,True,38,28.9,24,
shikoku-kougoren-summer-championship-2025-boys-individual,p_7969886b81d6,29,False,175,31,finished,True,38,26.3,36,
shikoku-kougoren-summer-championship-2025-boys-individual,p_2a4ae048501a,30,False,177,33,finished,True,38,23.7,38,
shikoku-kougoren-summer-championship-2025-boys-individual,p_fdfd9c3b5887,31,False,182,38,finished,True,38,21.1,43,
shikoku-kougoren-summer-championship-2025-boys-individual,p_65cfc4e47e87,32,False,186,42,finished,True,38,18.4,47,
shikoku-kougoren-summer-championship-2025-boys-individual,p_131c5699a2d1,33,False,188,44,finished,True,38,15.8,49,
shikoku-kougoren-summer-championship-2025-boys-individual,p_4cab8f75e4f9,34,False,200,56,finished,True,38,13.2,61,
shikoku-kougoren-summer-championship-2025-boys-individual,p_8f52b0c56cfd,35,False,202,58,finished,True,38,10.5,63,
shikoku-kougoren-summer-championship-2025-boys-individual,p_a3bb6698cbd9,36,False,206,62,finished,True,38,7.9,67,
shikoku-kougoren-summer-championship-2025-boys-individual,p_954aca56639b,,False,,,wd,True,38,,,
shikoku-kougoren-summer-championship-2025-boys-individual,p_ae5522bf1829,,False,,,wd,True,38,,,
shikoku-kougoren-summer-championship-2025-boys-individual,p_b22f94ce9d73,,False,,,dns,True,,,,
shikoku-kougoren-summer-championship-2025-boys-individual,p_d3b5af1f0eac,,False,,,dns,True,,,,
shikoku-kougoren-summer-championship-2025-girls-individual,p_089b1ae128b7,1,False,138,-6,finished,True,23,100.0,0,
shikoku-kougoren-summer-championship-2025-girls-individual,p_7ce4377d5546,2,False,141,-3,finished,True,23,95.7,3,
shikoku-kougoren-summer-championship-2025-girls-individual,p_2ae92e9a0de6,3,False,143,-1,finished,True,23,91.3,5,
shikoku-kougoren-summer-championship-2025-girls-individual,p_fc1a3d799932,4,False,144,0,finished,True,23,87.0,6,
shikoku-kougoren-summer-championship-2025-girls-individual,p_4f1cd99ec901,5,True,146,2,finished,True,23,82.6,8,
shikoku-kougoren-summer-championship-2025-girls-individual,p_162e1defbd9b,5,True,146,2,finished,True,23,82.6,8,
shikoku-kougoren-summer-championship-2025-girls-individual,p_2e6f46827f63,7,False,147,3,finished,True,23,73.9,9,
shikoku-kougoren-summer-championship-2025-girls-individual,p_cf4e6af50b9c,8,False,150,6,finished,True,23,69.6,12,
shikoku-kougoren-summer-championship-2025-girls-individual,p_e366e3105b05,9,False,151,7,finished,True,23,65.2,13,
shikoku-kougoren-summer-championship-2025-girls-individual,p_f9c6dfb74262,10,False,152,8,finished,True,23,60.9,14,
shikoku-kougoren-summer-championship-2025-girls-individual,p_c8dcf2c63f66,11,True,154,10,finished,True,23,56.5,16,
shikoku-kougoren-summer-championship-2025-girls-individual,p_5f214604898f,11,True,154,10,finished,True,23,56.5,16,
shikoku-kougoren-summer-championship-2025-girls-individual,p_0e9a45e86d89,13,False,155,11,finished,True,23,47.8,17,
shikoku-kougoren-summer-championship-2025-girls-individual,p_53010e69b4ab,14,False,159,15,finished,True,23,43.5,21,
shikoku-kougoren-summer-championship-2025-girls-individual,p_1e0a642b8fcd,15,True,160,16,finished,True,23,39.1,22,
shikoku-kougoren-summer-championship-2025-girls-individual,p_3770f0256961,15,True,160,16,finished,True,23,39.1,22,
shikoku-kougoren-summer-championship-2025-girls-individual,p_c31217e463bf,17,True,165,21,finished,True,23,30.4,27,
shikoku-kougoren-summer-championship-2025-girls-individual,p_cd92af479e49,17,True,165,21,finished,True,23,30.4,27,
shikoku-kougoren-summer-championship-2025-girls-individual,p_dc85fd33151b,19,False,166,22,finished,True,23,21.7,28,
shikoku-kougoren-summer-championship-2025-girls-individual,p_7a6dab82542f,20,False,182,38,finished,True,23,17.4,44,
shikoku-kougoren-summer-championship-2025-girls-individual,p_64423db9749e,21,False,186,42,finished,True,23,13.0,48,
shikoku-kougoren-summer-championship-2025-girls-individual,p_c6daac98b568,22,False,199,55,finished,True,23,8.7,61,
shikoku-kougoren-summer-championship-2025-girls-individual,p_75cc516e407e,,False,,,wd,True,23,,,
shikoku-kougoren-summer-championship-2025-girls-individual,p_43833c307024,,False,,,dns,True,,,,
cga-junior-2025-boys-15-17,p_a366386d5e62,1,False,138,-6,finished,True,43,100.0,0,
cga-junior-2025-boys-15-17,p_62f8d070de73,2,False,139,-5,finished,True,43,97.7,1,
cga-junior-2025-boys-15-17,p_2d60603a3047,3,False,140,-4,finished,True,43,95.3,2,
cga-junior-2025-boys-15-17,p_fa8c6da28468,4,False,141,-3,finished,True,43,93.0,3,
cga-junior-2025-boys-15-17,p_cb282cb10ede,5,False,142,-2,finished,True,43,90.7,4,
cga-junior-2025-boys-15-17,p_1b761cc0a495,6,False,143,-1,finished,True,43,88.4,5,
cga-junior-2025-boys-15-17,p_453ee50e903a,7,True,144,0,finished,True,43,86.0,6,
cga-junior-2025-boys-15-17,p_53a95ee28b2a,7,True,144,0,finished,True,43,86.0,6,
cga-junior-2025-boys-15-17,p_9aa48c696a56,7,True,144,0,finished,True,43,86.0,6,
cga-junior-2025-boys-15-17,p_c6ef86fea92d,7,True,144,0,finished,True,43,86.0,6,
cga-junior-2025-boys-15-17,p_8fe8ad8d6c1f,11,True,145,1,finished,True,43,76.7,7,
cga-junior-2025-boys-15-17,p_e564c4eaa789,11,True,145,1,finished,True,43,76.7,7,
cga-junior-2025-boys-15-17,p_1210617cacd5,13,True,147,3,finished,True,43,72.1,9,
cga-junior-2025-boys-15-17,p_fc7240d29117,13,True,147,3,finished,True,43,72.1,9,
cga-junior-2025-boys-15-17,p_9a897a6a356f,13,True,147,3,finished,True,43,72.1,9,
cga-junior-2025-boys-15-17,p_fb0d11a190f3,16,False,148,4,finished,True,43,65.1,10,
cga-junior-2025-boys-15-17,p_3a06e4e574b4,17,False,149,5,finished,True,43,62.8,11,
cga-junior-2025-boys-15-17,p_7e2a0176f4f7,18,True,150,6,finished,True,43,60.5,12,
cga-junior-2025-boys-15-17,p_59117c3d5dca,18,True,150,6,finished,True,43,60.5,12,
cga-junior-2025-boys-15-17,p_88591d7275bb,18,True,150,6,finished,True,43,60.5,12,
cga-junior-2025-boys-15-17,p_19a270a0eeed,21,True,152,8,finished,True,43,53.5,14,
cga-junior-2025-boys-15-17,p_7c88749a4b5b,21,True,152,8,finished,True,43,53.5,14,
cga-junior-2025-boys-15-17,p_401549ffa5a7,23,True,154,10,finished,True,43,48.8,16,
cga-junior-2025-boys-15-17,p_2f109bda3218,23,True,154,10,finished,True,43,48.8,16,
cga-junior-2025-boys-15-17,p_6917f0a5d54c,23,True,154,10,finished,True,43,48.8,16,
cga-junior-2025-boys-15-17,p_bd9693cd137f,23,True,154,10,finished,True,43,48.8,16,
cga-junior-2025-boys-15-17,p_ea536fb1a3fa,27,True,156,12,finished,True,43,39.5,18,
cga-junior-2025-boys-15-17,p_f585d642fd1e,27,True,156,12,finished,True,43,39.5,18,
cga-junior-2025-boys-15-17,p_a24c7edcd8be,29,True,157,13,finished,True,43,34.9,19,
cga-junior-2025-boys-15-17,p_6e37627e3c40,29,True,157,13,finished,True,43,34.9,19,
cga-junior-2025-boys-15-17,p_b27261799b95,31,True,159,15,finished,True,43,30.2,21,
cga-junior-2025-boys-15-17,p_f6d26f7bba1a,31,True,159,15,finished,True,43,30.2,21,
cga-junior-2025-boys-15-17,p_09dbc7a2dbe0,33,True,160,16,finished,True,43,25.6,22,
cga-junior-2025-boys-15-17,p_9abcd67fe191,33,True,160,16,finished,True,43,25.6,22,
cga-junior-2025-boys-15-17,p_9d9237901a5d,35,True,162,18,finished,True,43,20.9,24,
cga-junior-2025-boys-15-17,p_4efa938d2d7e,35,True,162,18,finished,True,43,20.9,24,
cga-junior-2025-boys-15-17,p_7bdcc086c5a5,37,True,163,19,finished,True,43,16.3,25,
cga-junior-2025-boys-15-17,p_1af779fe2521,37,True,163,19,finished,True,43,16.3,25,
cga-junior-2025-boys-15-17,p_2d43ce6a3c62,39,False,165,21,finished,True,43,11.6,27,
cga-junior-2025-boys-15-17,p_bbc13992eded,40,True,166,22,finished,True,43,9.3,28,
cga-junior-2025-boys-15-17,p_3df3f93c0e6f,40,True,166,22,finished,True,43,9.3,28,
cga-junior-2025-boys-15-17,p_446a75d1b409,42,False,170,26,finished,True,43,4.7,32,
cga-junior-2025-boys-15-17,p_7242c13d3825,43,False,172,28,finished,True,43,2.3,34,
cga-junior-2025-girls-15-17,p_17717826902f,1,False,136,-8,finished,True,28,100.0,0,
cga-junior-2025-girls-15-17,p_65d8c5f019bb,2,False,138,-6,finished,True,28,96.4,2,
cga-junior-2025-girls-15-17,p_57ba0b858ebc,3,True,141,-3,finished,True,28,92.9,5,
cga-junior-2025-girls-15-17,p_155e041d66d4,3,True,141,-3,finished,True,28,92.9,5,
cga-junior-2025-girls-15-17,p_44dc112d0688,5,True,142,-2,finished,True,28,85.7,6,
cga-junior-2025-girls-15-17,p_41aced5b33ac,5,True,142,-2,finished,True,28,85.7,6,
cga-junior-2025-girls-15-17,p_b35c69b4b1eb,7,True,143,-1,finished,True,28,78.6,7,
cga-junior-2025-girls-15-17,p_9758182437a7,7,True,143,-1,finished,True,28,78.6,7,
cga-junior-2025-girls-15-17,p_78553065aef5,9,True,144,0,finished,True,28,71.4,8,
cga-junior-2025-girls-15-17,p_93f584819486,9,True,144,0,finished,True,28,71.4,8,
cga-junior-2025-girls-15-17,p_ccde6dd52b78,11,True,146,2,finished,True,28,64.3,10,
cga-junior-2025-girls-15-17,p_79f519304fc4,11,True,146,2,finished,True,28,64.3,10,
cga-junior-2025-girls-15-17,p_78ee39141502,13,True,147,3,finished,True,28,57.1,11,
cga-junior-2025-girls-15-17,p_a0c33ea52045,13,True,147,3,finished,True,28,57.1,11,
cga-junior-2025-girls-15-17,p_549abe0b2125,15,True,148,4,finished,True,28,50.0,12,
cga-junior-2025-girls-15-17,p_f17a426590bb,15,True,148,4,finished,True,28,50.0,12,
cga-junior-2025-girls-15-17,p_4dde8dd1c885,17,False,150,6,finished,True,28,42.9,14,
cga-junior-2025-girls-15-17,p_87a6c6a4c370,18,True,151,7,finished,True,28,39.3,15,
cga-junior-2025-girls-15-17,p_2293d72baf9f,18,True,151,7,finished,True,28,39.3,15,
cga-junior-2025-girls-15-17,p_05d9ddb3360b,20,True,153,9,finished,True,28,32.1,17,
cga-junior-2025-girls-15-17,p_c0bfbb21116f,20,True,153,9,finished,True,28,32.1,17,
cga-junior-2025-girls-15-17,p_667b78008a97,20,True,153,9,finished,True,28,32.1,17,
cga-junior-2025-girls-15-17,p_0e0a6d77ea9a,23,False,155,11,finished,True,28,21.4,19,
cga-junior-2025-girls-15-17,p_7d55f2434a8e,24,False,156,12,finished,True,28,17.9,20,
cga-junior-2025-girls-15-17,p_180972f16416,25,False,159,15,finished,True,28,14.3,23,
cga-junior-2025-girls-15-17,p_a1345285f626,26,False,161,17,finished,True,28,10.7,25,
cga-junior-2025-girls-15-17,p_6aec2b82632c,27,False,164,20,finished,True,28,7.1,28,
cga-junior-2025-girls-15-17,p_804a7ce15472,28,False,171,27,finished,True,28,3.6,35,
cga-junior-2026-boys-15-17,p_88591d7275bb,1,False,107,-1,finished,True,74,100.0,0,
cga-junior-2026-boys-15-17,p_7e2a0176f4f7,2,False,107,-1,finished,True,74,98.6,0,
cga-junior-2026-boys-15-17,p_59117c3d5dca,3,False,108,0,finished,True,74,97.3,1,
cga-junior-2026-boys-15-17,p_feddc152ec6e,4,True,109,1,finished,True,74,95.9,2,
cga-junior-2026-boys-15-17,p_46785dba31a4,4,True,109,1,finished,True,74,95.9,2,
cga-junior-2026-boys-15-17,p_db2c5c0dc7da,6,True,110,2,finished,True,74,93.2,3,
cga-junior-2026-boys-15-17,p_fa8c6da28468,6,True,110,2,finished,True,74,93.2,3,
cga-junior-2026-boys-15-17,p_f6d26f7bba1a,8,True,111,3,finished,True,74,90.5,4,
cga-junior-2026-boys-15-17,p_176ed0e197c6,8,True,111,3,finished,True,74,90.5,4,
cga-junior-2026-boys-15-17,p_c6ef86fea92d,10,False,112,4,finished,True,74,87.8,5,
cga-junior-2026-boys-15-17,p_7158a994ebcf,11,False,114,6,finished,True,74,86.5,7,
cga-junior-2026-boys-15-17,p_3df3f93c0e6f,12,True,115,7,finished,True,74,85.1,8,
cga-junior-2026-boys-15-17,p_1210617cacd5,12,True,115,7,finished,True,74,85.1,8,
cga-junior-2026-boys-15-17,p_1edd8af5ae7c,12,True,115,7,finished,True,74,85.1,8,
cga-junior-2026-boys-15-17,p_9abcd67fe191,12,True,115,7,finished,True,74,85.1,8,
cga-junior-2026-boys-15-17,p_6917f0a5d54c,16,True,116,8,finished,True,74,79.7,9,
cga-junior-2026-boys-15-17,p_809eb1ad5f7b,16,True,116,8,finished,True,74,79.7,9,
cga-junior-2026-boys-15-17,p_53a95ee28b2a,16,True,116,8,finished,True,74,79.7,9,
cga-junior-2026-boys-15-17,p_6c3143844b3a,19,True,117,9,finished,True,74,75.7,10,
cga-junior-2026-boys-15-17,p_4efa938d2d7e,19,True,117,9,finished,True,74,75.7,10,
cga-junior-2026-boys-15-17,p_e170fc6eef57,19,True,117,9,finished,True,74,75.7,10,
cga-junior-2026-boys-15-17,p_1b761cc0a495,19,True,117,9,finished,True,74,75.7,10,
cga-junior-2026-boys-15-17,p_7d7f109ca600,23,True,118,10,finished,True,74,70.3,11,
cga-junior-2026-boys-15-17,p_453ee50e903a,23,True,118,10,finished,True,74,70.3,11,
cga-junior-2026-boys-15-17,p_1b485c581650,25,True,119,11,finished,True,74,67.6,12,
cga-junior-2026-boys-15-17,p_09dbc7a2dbe0,25,True,119,11,finished,True,74,67.6,12,
cga-junior-2026-boys-15-17,p_64c82164840c,25,True,119,11,finished,True,74,67.6,12,
cga-junior-2026-boys-15-17,p_220fa48bd9c1,28,True,120,12,finished,True,74,63.5,13,
cga-junior-2026-boys-15-17,p_267fd1fabd0b,28,True,120,12,finished,True,74,63.5,13,
cga-junior-2026-boys-15-17,p_ea536fb1a3fa,28,True,120,12,finished,True,74,63.5,13,
cga-junior-2026-boys-15-17,p_924643164042,31,True,121,13,finished,True,74,59.5,14,
cga-junior-2026-boys-15-17,p_c17002fb9e2b,31,True,121,13,finished,True,74,59.5,14,
cga-junior-2026-boys-15-17,p_a9f9dc332dc1,31,True,121,13,finished,True,74,59.5,14,
cga-junior-2026-boys-15-17,p_fb0d11a190f3,34,True,122,14,finished,True,74,55.4,15,
cga-junior-2026-boys-15-17,p_2f109bda3218,34,True,122,14,finished,True,74,55.4,15,
cga-junior-2026-boys-15-17,p_8b25fd562170,36,True,123,15,finished,True,74,52.7,16,
cga-junior-2026-boys-15-17,p_be5e17c50d38,36,True,123,15,finished,True,74,52.7,16,
cga-junior-2026-boys-15-17,p_387f940d35cb,38,False,124,16,finished,True,74,50.0,17,
cga-junior-2026-boys-15-17,p_6779382beac3,39,True,125,17,finished,True,74,48.6,18,
cga-junior-2026-boys-15-17,p_31b7f5700977,39,True,125,17,finished,True,74,48.6,18,
cga-junior-2026-boys-15-17,p_7f7c9bb06d13,41,True,126,18,finished,True,74,45.9,19,
cga-junior-2026-boys-15-17,p_6e37627e3c40,41,True,126,18,finished,True,74,45.9,19,
cga-junior-2026-boys-15-17,p_1af779fe2521,43,False,127,19,finished,True,74,43.2,20,
cga-junior-2026-boys-15-17,p_83a6676c893d,44,True,129,21,finished,True,74,41.9,22,
cga-junior-2026-boys-15-17,p_abd654018373,44,True,129,21,finished,True,74,41.9,22,
cga-junior-2026-boys-15-17,p_1ea77915891a,46,True,130,22,finished,True,74,39.2,23,
cga-junior-2026-boys-15-17,p_f8aa6de0df81,46,True,130,22,finished,True,74,39.2,23,
cga-junior-2026-boys-15-17,p_2bac48a33232,48,True,131,23,finished,True,74,36.5,24,
cga-junior-2026-boys-15-17,p_f2f3fd59c0f4,48,True,131,23,finished,True,74,36.5,24,
cga-junior-2026-boys-15-17,p_698ab18e950b,50,True,132,24,finished,True,74,33.8,25,
cga-junior-2026-boys-15-17,p_293a245f9766,50,True,132,24,finished,True,74,33.8,25,
cga-junior-2026-boys-15-17,p_169ac2c29fbc,50,True,132,24,finished,True,74,33.8,25,
cga-junior-2026-boys-15-17,p_f4dd8c922c9a,53,False,133,25,finished,True,74,29.7,26,
cga-junior-2026-boys-15-17,p_2bd0a4002ba2,54,False,134,26,finished,True,74,28.4,27,
cga-junior-2026-boys-15-17,p_67b4ca66ded1,55,True,135,27,finished,True,74,27.0,28,
cga-junior-2026-boys-15-17,p_c9f21adde9c8,55,True,135,27,finished,True,74,27.0,28,
cga-junior-2026-boys-15-17,p_706a1ff4eafb,57,True,137,29,finished,True,74,24.3,30,
cga-junior-2026-boys-15-17,p_f9eecc8caa18,57,True,137,29,finished,True,74,24.3,30,
cga-junior-2026-boys-15-17,p_f055086fb32f,59,True,138,30,finished,True,74,21.6,31,
cga-junior-2026-boys-15-17,p_524944eecdd5,59,True,138,30,finished,True,74,21.6,31,
cga-junior-2026-boys-15-17,p_bbab4ed2bb9b,61,False,140,32,finished,True,74,18.9,33,
cga-junior-2026-boys-15-17,p_17a5d2afb635,62,True,143,35,finished,True,74,17.6,36,
cga-junior-2026-boys-15-17,p_42754487787e,62,True,143,35,finished,True,74,17.6,36,
cga-junior-2026-boys-15-17,p_24ca36a4791a,64,False,149,41,finished,True,74,14.9,42,
cga-junior-2026-boys-15-17,p_4e8f576ddb7c,65,False,151,43,finished,True,74,13.5,44,
cga-junior-2026-boys-15-17,p_c5ce326da23e,66,False,158,50,finished,True,74,12.2,51,
cga-junior-2026-boys-15-17,p_69d1f8688526,,False,51,15,cut,True,74,,,
cga-junior-2026-boys-15-17,p_fc664f1522ef,,False,54,18,cut,True,74,,,
cga-junior-2026-boys-15-17,p_4289468c14d8,,False,55,19,cut,True,74,,,
cga-junior-2026-boys-15-17,p_d959136ef044,,False,55,19,cut,True,74,,,
cga-junior-2026-boys-15-17,p_c3c19b1fecea,,False,58,22,cut,True,74,,,
cga-junior-2026-boys-15-17,p_ec8cef14afa7,,False,60,24,cut,True,74,,,
cga-junior-2026-boys-15-17,p_2b842536d38b,,False,61,25,cut,True,74,,,
cga-junior-2026-boys-15-17,p_003abb3ca6e5,,False,63,27,cut,True,74,,,
cga-junior-2026-boys-15-17,p_b4aee3893b0c,,False,,,dns,True,,,,
cga-junior-2026-girls-15-17,p_571323ec0643,1,False,103,-5,finished,True,67,100.0,0,
cga-junior-2026-girls-15-17,p_65d8c5f019bb,2,False,103,-5,finished,True,67,98.5,0,
cga-junior-2026-girls-15-17,p_a8a76e04c9bf,3,True,104,-4,finished,True,67,97.0,1,
cga-junior-2026-girls-15-17,p_e63bfec0aa8d,3,True,104,-4,finished,True,67,97.0,1,
cga-junior-2026-girls-15-17,p_93f584819486,3,True,104,-4,finished,True,67,97.0,1,
cga-junior-2026-girls-15-17,p_9758182437a7,6,False,105,-3,finished,True,67,92.5,2,
cga-junior-2026-girls-15-17,p_a0c33ea52045,7,True,106,-2,finished,True,67,91.0,3,
cga-junior-2026-girls-15-17,p_44dc112d0688,7,True,106,-2,finished,True,67,91.0,3,
cga-junior-2026-girls-15-17,p_9d69fe716ab3,9,True,107,-1,finished,True,67,88.1,4,
cga-junior-2026-girls-15-17,p_78ee39141502,9,True,107,-1,finished,True,67,88.1,4,
cga-junior-2026-girls-15-17,p_abfb715fb223,9,True,107,-1,finished,True,67,88.1,4,
cga-junior-2026-girls-15-17,p_1bad73dc7167,12,True,108,0,finished,True,67,83.6,5,
cga-junior-2026-girls-15-17,p_ac159ca3b2dc,12,True,108,0,finished,True,67,83.6,5,
cga-junior-2026-girls-15-17,p_79f519304fc4,12,True,108,0,finished,True,67,83.6,5,
cga-junior-2026-girls-15-17,p_faff0f835d03,12,True,108,0,finished,True,67,83.6,5,
cga-junior-2026-girls-15-17,p_155e041d66d4,16,False,109,1,finished,True,67,77.6,6,
cga-junior-2026-girls-15-17,p_7d55f2434a8e,17,True,111,3,finished,True,67,76.1,8,
cga-junior-2026-girls-15-17,p_f17a426590bb,17,True,111,3,finished,True,67,76.1,8,
cga-junior-2026-girls-15-17,p_aa167152140b,17,True,111,3,finished,True,67,76.1,8,
cga-junior-2026-girls-15-17,p_e19d9ba2cb9a,17,True,111,3,finished,True,67,76.1,8,
cga-junior-2026-girls-15-17,p_0e0a6d77ea9a,21,True,112,4,finished,True,67,70.1,9,
cga-junior-2026-girls-15-17,p_b35c69b4b1eb,21,True,112,4,finished,True,67,70.1,9,
cga-junior-2026-girls-15-17,p_7bf7c69350dd,21,True,112,4,finished,True,67,70.1,9,
cga-junior-2026-girls-15-17,p_78553065aef5,21,True,112,4,finished,True,67,70.1,9,
cga-junior-2026-girls-15-17,p_aec32e99f29f,25,True,115,7,finished,True,67,64.2,12,
cga-junior-2026-girls-15-17,p_c2dd7f2837d0,25,True,115,7,finished,True,67,64.2,12,
cga-junior-2026-girls-15-17,p_428bdf84eb8e,25,True,115,7,finished,True,67,64.2,12,
cga-junior-2026-girls-15-17,p_25c18c49d9d6,28,True,116,8,finished,True,67,59.7,13,
cga-junior-2026-girls-15-17,p_c45bb4b09831,28,True,116,8,finished,True,67,59.7,13,
cga-junior-2026-girls-15-17,p_318669551087,30,False,117,9,finished,True,67,56.7,14,
cga-junior-2026-girls-15-17,p_769a023822db,31,True,118,10,finished,True,67,55.2,15,
cga-junior-2026-girls-15-17,p_05d9ddb3360b,31,True,118,10,finished,True,67,55.2,15,
cga-junior-2026-girls-15-17,p_ff16d18f3415,31,True,118,10,finished,True,67,55.2,15,
cga-junior-2026-girls-15-17,p_1284736e2fd3,34,True,119,11,finished,True,67,50.7,16,
cga-junior-2026-girls-15-17,p_3947716d481d,34,True,119,11,finished,True,67,50.7,16,
cga-junior-2026-girls-15-17,p_cb18df91948f,34,True,119,11,finished,True,67,50.7,16,
cga-junior-2026-girls-15-17,p_22972d724c02,37,True,121,13,finished,True,67,46.3,18,
cga-junior-2026-girls-15-17,p_5d198e573593,37,True,121,13,finished,True,67,46.3,18,
cga-junior-2026-girls-15-17,p_0b0ebc1a397a,39,True,122,14,finished,True,67,43.3,19,
cga-junior-2026-girls-15-17,p_a1345285f626,39,True,122,14,finished,True,67,43.3,19,
cga-junior-2026-girls-15-17,p_122cdc598a35,39,True,122,14,finished,True,67,43.3,19,
cga-junior-2026-girls-15-17,p_180972f16416,42,False,123,15,finished,True,67,38.8,20,
cga-junior-2026-girls-15-17,p_8723d70ad018,43,False,124,16,finished,True,67,37.3,21,
cga-junior-2026-girls-15-17,p_f539a44fd6df,44,False,125,17,finished,True,67,35.8,22,
cga-junior-2026-girls-15-17,p_21b6835d4c6b,45,True,126,18,finished,True,67,34.3,23,
cga-junior-2026-girls-15-17,p_b23f490a0b8f,45,True,126,18,finished,True,67,34.3,23,
cga-junior-2026-girls-15-17,p_2293d72baf9f,47,False,127,19,finished,True,67,31.3,24,
cga-junior-2026-girls-15-17,p_befdd8b59aee,48,False,129,21,finished,True,67,29.9,26,
cga-junior-2026-girls-15-17,p_2c529a89ea06,49,False,131,23,finished,True,67,28.4,28,
cga-junior-2026-girls-15-17,p_4f5543615373,50,False,133,25,finished,True,67,26.9,30,
cga-junior-2026-girls-15-17,p_9f38b25d7d79,51,True,134,26,finished,True,67,25.4,31,
cga-junior-2026-girls-15-17,p_0ade17c38b7a,51,True,134,26,finished,True,67,25.4,31,
cga-junior-2026-girls-15-17,p_299b74992ee2,53,False,135,27,finished,True,67,22.4,32,
cga-junior-2026-girls-15-17,p_cda0cc23b857,54,True,136,28,finished,True,67,20.9,33,
cga-junior-2026-girls-15-17,p_368ae7546dec,54,True,136,28,finished,True,67,20.9,33,
cga-junior-2026-girls-15-17,p_31e4e4be99c1,54,True,136,28,finished,True,67,20.9,33,
cga-junior-2026-girls-15-17,p_f2f5cd25ace1,57,True,137,29,finished,True,67,16.4,34,
cga-junior-2026-girls-15-17,p_6f082c1f6a00,57,True,137,29,finished,True,67,16.4,34,
cga-junior-2026-girls-15-17,p_967af54f6e15,59,False,139,31,finished,True,67,13.4,36,
cga-junior-2026-girls-15-17,p_80dd87e61c21,60,False,141,33,finished,True,67,11.9,38,
cga-junior-2026-girls-15-17,p_f9b91e14f67d,61,True,143,35,finished,True,67,10.4,40,
cga-junior-2026-girls-15-17,p_29f1fbe236da,61,True,143,35,finished,True,67,10.4,40,
cga-junior-2026-girls-15-17,p_9d22bdc8befd,63,True,144,36,finished,True,67,7.5,41,
cga-junior-2026-girls-15-17,p_842b37d87afc,63,True,144,36,finished,True,67,7.5,41,
cga-junior-2026-girls-15-17,p_aeef18cfee64,63,True,144,36,finished,True,67,7.5,41,
cga-junior-2026-girls-15-17,p_cd5ce9d9cbe3,,False,,,wd,True,67,,,
cga-junior-2026-girls-15-17,p_95a951ddf1e0,,False,,,dns,True,,,,
cga-junior-2026-girls-15-17,p_1245906cf5c8,,False,,,dns,True,,,,
cga-junior-2026-girls-15-17,p_5c7b49345fea,,False,,,dq,True,67,,,
cga-junior-qualifier-aichi-2025-boys-15-17,p_7e2a0176f4f7,1,False,73,1,finished,True,70,100.0,0,
cga-junior-qualifier-aichi-2025-boys-15-17,p_59117c3d5dca,2,False,74,2,finished,True,70,98.6,1,
cga-junior-qualifier-aichi-2025-boys-15-17,p_a24c7edcd8be,3,True,75,3,finished,True,70,97.1,2,
cga-junior-qualifier-aichi-2025-boys-15-17,p_2d60603a3047,3,True,75,3,finished,True,70,97.1,2,
cga-junior-qualifier-aichi-2025-boys-15-17,p_1b761cc0a495,5,True,76,4,finished,True,70,94.3,3,
cga-junior-qualifier-aichi-2025-boys-15-17,p_1edd8af5ae7c,5,True,76,4,finished,True,70,94.3,3,
cga-junior-qualifier-aichi-2025-boys-15-17,p_09dbc7a2dbe0,5,True,76,4,finished,True,70,94.3,3,
cga-junior-qualifier-aichi-2025-boys-15-17,p_9abcd67fe191,5,True,76,4,finished,True,70,94.3,3,
cga-junior-qualifier-aichi-2025-boys-15-17,p_2f109bda3218,9,True,77,5,finished,True,70,88.6,4,
cga-junior-qualifier-aichi-2025-boys-15-17,p_4efa938d2d7e,9,True,77,5,finished,True,70,88.6,4,
cga-junior-qualifier-aichi-2025-boys-15-17,p_9d9237901a5d,9,True,77,5,finished,True,70,88.6,4,
cga-junior-qualifier-aichi-2025-boys-15-17,p_fa8c6da28468,12,True,79,7,finished,True,70,84.3,6,
cga-junior-qualifier-aichi-2025-boys-15-17,p_19a270a0eeed,12,True,79,7,finished,True,70,84.3,6,
cga-junior-qualifier-aichi-2025-boys-15-17,p_b27261799b95,14,True,80,8,finished,True,70,81.4,7,
cga-junior-qualifier-aichi-2025-boys-15-17,p_401549ffa5a7,14,True,80,8,finished,True,70,81.4,7,
cga-junior-qualifier-aichi-2025-boys-15-17,p_9a897a6a356f,16,True,81,9,finished,True,70,78.6,8,
cga-junior-qualifier-aichi-2025-boys-15-17,p_1af779fe2521,16,True,81,9,finished,True,70,78.6,8,
cga-junior-qualifier-aichi-2025-boys-15-17,p_2d43ce6a3c62,16,True,81,9,finished,True,70,78.6,8,
cga-junior-qualifier-aichi-2025-boys-15-17,p_453ee50e903a,16,True,81,9,finished,True,70,78.6,8,
cga-junior-qualifier-aichi-2025-boys-15-17,p_7242c13d3825,16,True,81,9,finished,True,70,78.6,8,
cga-junior-qualifier-aichi-2025-boys-15-17,p_1210617cacd5,16,True,81,9,finished,True,70,78.6,8,
cga-junior-qualifier-aichi-2025-boys-15-17,p_8fe8ad8d6c1f,22,True,82,10,finished,True,70,70.0,9,
cga-junior-qualifier-aichi-2025-boys-15-17,p_446a75d1b409,22,True,82,10,finished,True,70,70.0,9,
cga-junior-qualifier-aichi-2025-boys-15-17,p_6e37627e3c40,24,False,83,11,finished,True,70,67.1,10,
cga-junior-qualifier-aichi-2025-boys-15-17,p_fc7240d29117,25,True,84,12,finished,True,70,65.7,11,
cga-junior-qualifier-aichi-2025-boys-15-17,p_e6052ab362e4,25,True,84,12,finished,True,70,65.7,11,
cga-junior-qualifier-aichi-2025-boys-15-17,p_f2f3fd59c0f4,25,True,84,12,finished,True,70,65.7,11,
cga-junior-qualifier-aichi-2025-boys-15-17,p_f85c240ad956,28,False,85,13,finished,True,70,61.4,12,
cga-junior-qualifier-aichi-2025-boys-15-17,p_58c48add9d7c,29,True,86,14,finished,True,70,60.0,13,
cga-junior-qualifier-aichi-2025-boys-15-17,p_0833874779d8,29,True,86,14,finished,True,70,60.0,13,
cga-junior-qualifier-aichi-2025-boys-15-17,p_e170fc6eef57,29,True,86,14,finished,True,70,60.0,13,
cga-junior-qualifier-aichi-2025-boys-15-17,p_6779382beac3,32,True,87,15,finished,True,70,55.7,14,
cga-junior-qualifier-aichi-2025-boys-15-17,p_44abdcad8c1b,32,True,87,15,finished,True,70,55.7,14,
cga-junior-qualifier-aichi-2025-boys-15-17,p_4b7c72e64ac2,34,False,88,16,finished,True,70,52.9,15,
cga-junior-qualifier-aichi-2025-boys-15-17,p_182e62d436de,35,True,89,17,finished,True,70,51.4,16,
cga-junior-qualifier-aichi-2025-boys-15-17,p_0c025b86bfd1,35,True,89,17,finished,True,70,51.4,16,
cga-junior-qualifier-aichi-2025-boys-15-17,p_3062ad733bfc,35,True,89,17,finished,True,70,51.4,16,
cga-junior-qualifier-aichi-2025-boys-15-17,p_6beb4a1970ec,35,True,89,17,finished,True,70,51.4,16,
cga-junior-qualifier-aichi-2025-boys-15-17,p_453d505fe885,39,True,90,18,finished,True,70,45.7,17,
cga-junior-qualifier-aichi-2025-boys-15-17,p_67cb9e28952c,39,True,90,18,finished,True,70,45.7,17,
cga-junior-qualifier-aichi-2025-boys-15-17,p_809eb1ad5f7b,41,False,91,19,finished,True,70,42.9,18,
cga-junior-qualifier-aichi-2025-boys-15-17,p_96dcb8f1ac6f,42,True,92,20,finished,True,70,41.4,19,
cga-junior-qualifier-aichi-2025-boys-15-17,p_8fa992662bdc,42,True,92,20,finished,True,70,41.4,19,
cga-junior-qualifier-aichi-2025-boys-15-17,p_6433ee93b9e1,44,True,93,21,finished,True,70,38.6,20,
cga-junior-qualifier-aichi-2025-boys-15-17,p_dc643959c37d,44,True,93,21,finished,True,70,38.6,20,
cga-junior-qualifier-aichi-2025-boys-15-17,p_dd8be8ec6099,46,True,94,22,finished,True,70,35.7,21,
cga-junior-qualifier-aichi-2025-boys-15-17,p_88024d9c61d2,46,True,94,22,finished,True,70,35.7,21,
cga-junior-qualifier-aichi-2025-boys-15-17,p_cdbc91230259,46,True,94,22,finished,True,70,35.7,21,
cga-junior-qualifier-aichi-2025-boys-15-17,p_bcaf798d9945,46,True,94,22,finished,True,70,35.7,21,
cga-junior-qualifier-aichi-2025-boys-15-17,p_555ab529d5ee,46,True,94,22,finished,True,70,35.7,21,
cga-junior-qualifier-aichi-2025-boys-15-17,p_98fc98d5425a,51,False,95,23,finished,True,70,28.6,22,
cga-junior-qualifier-aichi-2025-boys-15-17,p_36ba6d9332e6,52,False,98,26,finished,True,70,27.1,25,
cga-junior-qualifier-aichi-2025-boys-15-17,p_da5ab5185a33,53,True,99,27,finished,True,70,25.7,26,
cga-junior-qualifier-aichi-2025-boys-15-17,p_810de999c604,53,True,99,27,finished,True,70,25.7,26,
cga-junior-qualifier-aichi-2025-boys-15-17,p_3382cccffbf1,55,False,100,28,finished,True,70,22.9,27,
cga-junior-qualifier-aichi-2025-boys-15-17,p_f055086fb32f,56,True,101,29,finished,True,70,21.4,28,
cga-junior-qualifier-aichi-2025-boys-15-17,p_c5bd963261bf,56,True,101,29,finished,True,70,21.4,28,
cga-junior-qualifier-aichi-2025-boys-15-17,p_259c0065f1aa,58,True,102,30,finished,True,70,18.6,29,
cga-junior-qualifier-aichi-2025-boys-15-17,p_f9eecc8caa18,58,True,102,30,finished,True,70,18.6,29,
cga-junior-qualifier-aichi-2025-boys-15-17,p_e1a4369b3521,58,True,102,30,finished,True,70,18.6,29,
cga-junior-qualifier-aichi-2025-boys-15-17,p_a2b9d114f4a7,61,False,106,34,finished,True,70,14.3,33,
cga-junior-qualifier-aichi-2025-boys-15-17,p_9206e907f6aa,62,False,111,39,finished,True,70,12.9,38,
cga-junior-qualifier-aichi-2025-boys-15-17,p_030e05180556,63,True,112,40,finished,True,70,11.4,39,
cga-junior-qualifier-aichi-2025-boys-15-17,p_d76292b724c9,63,True,112,40,finished,True,70,11.4,39,
cga-junior-qualifier-aichi-2025-boys-15-17,p_42754487787e,65,False,113,41,finished,True,70,8.6,40,
cga-junior-qualifier-aichi-2025-boys-15-17,p_d959136ef044,66,False,115,43,finished,True,70,7.1,42,
cga-junior-qualifier-aichi-2025-boys-15-17,p_4e13f8006a02,67,False,116,44,finished,True,70,5.7,43,
cga-junior-qualifier-aichi-2025-boys-15-17,p_e27845344fac,68,False,118,46,finished,True,70,4.3,45,
cga-junior-qualifier-aichi-2025-boys-15-17,p_6db7cfd474ec,69,False,126,54,finished,True,70,2.9,53,
cga-junior-qualifier-aichi-2025-boys-15-17,p_aeec32db4f32,70,False,134,62,finished,True,70,1.4,61,
cga-junior-qualifier-aichi-2025-boys-15-17,p_a491f3498772,,False,,,dns,True,,,,
cga-junior-qualifier-aichi-2025-boys-15-17,p_2be663898d76,,False,,,dns,True,,,,
cga-junior-qualifier-aichi-2025-girls-15-17,p_9758182437a7,1,False,69,-3,finished,True,33,100.0,0,
cga-junior-qualifier-aichi-2025-girls-15-17,p_155e041d66d4,2,True,70,-2,finished,True,33,97.0,1,
cga-junior-qualifier-aichi-2025-girls-15-17,p_c0bfbb21116f,2,True,70,-2,finished,True,33,97.0,1,
cga-junior-qualifier-aichi-2025-girls-15-17,p_2293d72baf9f,2,True,70,-2,finished,True,33,97.0,1,
cga-junior-qualifier-aichi-2025-girls-15-17,p_57ba0b858ebc,2,True,70,-2,finished,True,33,97.0,1,
cga-junior-qualifier-aichi-2025-girls-15-17,p_0e0a6d77ea9a,6,False,71,-1,finished,True,33,84.8,2,
cga-junior-qualifier-aichi-2025-girls-15-17,p_79f519304fc4,7,False,73,1,finished,True,33,81.8,4,
cga-junior-qualifier-aichi-2025-girls-15-17,p_a0c33ea52045,8,False,74,2,finished,True,33,78.8,5,
cga-junior-qualifier-aichi-2025-girls-15-17,p_87a6c6a4c370,9,True,76,4,finished,True,33,75.8,7,
cga-junior-qualifier-aichi-2025-girls-15-17,p_667b78008a97,9,True,76,4,finished,True,33,75.8,7,
cga-junior-qualifier-aichi-2025-girls-15-17,p_05d9ddb3360b,11,True,77,5,finished,True,33,69.7,8,
cga-junior-qualifier-aichi-2025-girls-15-17,p_1c11e4352eda,11,True,77,5,finished,True,33,69.7,8,
cga-junior-qualifier-aichi-2025-girls-15-17,p_769a023822db,13,True,78,6,finished,True,33,63.6,9,
cga-junior-qualifier-aichi-2025-girls-15-17,p_ff7b2ddc665f,13,True,78,6,finished,True,33,63.6,9,
cga-junior-qualifier-aichi-2025-girls-15-17,p_8527430121e5,13,True,78,6,finished,True,33,63.6,9,
cga-junior-qualifier-aichi-2025-girls-15-17,p_e19d9ba2cb9a,16,True,79,7,finished,True,33,54.5,10,
cga-junior-qualifier-aichi-2025-girls-15-17,p_5a0304df38fe,16,True,79,7,finished,True,33,54.5,10,
cga-junior-qualifier-aichi-2025-girls-15-17,p_1284736e2fd3,18,False,81,9,finished,True,33,48.5,12,
cga-junior-qualifier-aichi-2025-girls-15-17,p_ac159ca3b2dc,19,False,82,10,finished,True,33,45.5,13,
cga-junior-qualifier-aichi-2025-girls-15-17,p_98e99721e858,20,False,83,11,finished,True,33,42.4,14,
cga-junior-qualifier-aichi-2025-girls-15-17,p_8723d70ad018,21,False,84,12,finished,True,33,39.4,15,
cga-junior-qualifier-aichi-2025-girls-15-17,p_4098750cef80,22,False,88,16,finished,True,33,36.4,19,
cga-junior-qualifier-aichi-2025-girls-15-17,p_299b74992ee2,23,False,91,19,finished,True,33,33.3,22,
cga-junior-qualifier-aichi-2025-girls-15-17,p_797fa5dd948f,24,False,92,20,finished,True,33,30.3,23,
cga-junior-qualifier-aichi-2025-girls-15-17,p_ad9ce39a8a67,25,False,94,22,finished,True,33,27.3,25,
cga-junior-qualifier-aichi-2025-girls-15-17,p_2c529a89ea06,26,True,97,25,finished,True,33,24.2,28,
cga-junior-qualifier-aichi-2025-girls-15-17,p_49bf2fc00aec,26,True,97,25,finished,True,33,24.2,28,
cga-junior-qualifier-aichi-2025-girls-15-17,p_b23f490a0b8f,28,False,99,27,finished,True,33,18.2,30,
cga-junior-qualifier-aichi-2025-girls-15-17,p_0ade17c38b7a,29,False,101,29,finished,True,33,15.2,32,
cga-junior-qualifier-aichi-2025-girls-15-17,p_1245906cf5c8,30,True,102,30,finished,True,33,12.1,33,
cga-junior-qualifier-aichi-2025-girls-15-17,p_9d22bdc8befd,30,True,102,30,finished,True,33,12.1,33,
cga-junior-qualifier-aichi-2025-girls-15-17,p_6473d11fa6e4,32,False,107,35,finished,True,33,6.1,38,
cga-junior-qualifier-aichi-2025-girls-15-17,p_aeef18cfee64,33,False,110,38,finished,True,33,3.0,41,
cga-junior-qualifier-gifu-2025-boys-15-17,p_fb0d11a190f3,1,False,71,-1,finished,True,9,100.0,0,
cga-junior-qualifier-gifu-2025-boys-15-17,p_9aa48c696a56,2,False,73,1,finished,True,9,88.9,2,
cga-junior-qualifier-gifu-2025-boys-15-17,p_7bdcc086c5a5,3,False,78,6,finished,True,9,77.8,7,
cga-junior-qualifier-gifu-2025-boys-15-17,p_17bb91b30f01,4,False,80,8,finished,True,9,66.7,9,
cga-junior-qualifier-gifu-2025-boys-15-17,p_31b7f5700977,5,False,81,9,finished,True,9,55.6,10,
cga-junior-qualifier-gifu-2025-boys-15-17,p_1df113bd1ae1,6,False,84,12,finished,True,9,44.4,13,
cga-junior-qualifier-gifu-2025-boys-15-17,p_ef1465088432,7,False,87,15,finished,True,9,33.3,16,
cga-junior-qualifier-gifu-2025-boys-15-17,p_fb0f446f4ea0,8,False,95,23,finished,True,9,22.2,24,
cga-junior-qualifier-gifu-2025-boys-15-17,p_fe5bd13ae656,9,False,108,36,finished,True,9,11.1,37,
cga-junior-qualifier-gifu-2025-girls-15-17,p_41aced5b33ac,1,False,68,-4,finished,True,12,100.0,0,
cga-junior-qualifier-gifu-2025-girls-15-17,p_78ee39141502,2,True,71,-1,finished,True,12,91.7,3,
cga-junior-qualifier-gifu-2025-girls-15-17,p_93f584819486,2,True,71,-1,finished,True,12,91.7,3,
cga-junior-qualifier-gifu-2025-girls-15-17,p_549abe0b2125,2,True,71,-1,finished,True,12,91.7,3,
cga-junior-qualifier-gifu-2025-girls-15-17,p_9d69fe716ab3,5,False,73,1,finished,True,12,66.7,5,
cga-junior-qualifier-gifu-2025-girls-15-17,p_fd8900e6d1a7,6,False,74,2,finished,True,12,58.3,6,
cga-junior-qualifier-gifu-2025-girls-15-17,p_aec32e99f29f,7,False,75,3,finished,True,12,50.0,7,
cga-junior-qualifier-gifu-2025-girls-15-17,p_1bad73dc7167,8,False,77,5,finished,True,12,41.7,9,
cga-junior-qualifier-gifu-2025-girls-15-17,p_6f082c1f6a00,9,False,86,14,finished,True,12,33.3,18,
cga-junior-qualifier-gifu-2025-girls-15-17,p_842b37d87afc,10,False,98,26,finished,True,12,25.0,30,
cga-junior-qualifier-gifu-2025-girls-15-17,p_d716dc4c8d32,11,False,105,33,finished,True,12,16.7,37,
cga-junior-qualifier-gifu-2025-girls-15-17,p_a638ff64d16c,12,False,116,44,finished,True,12,8.3,48,
cga-junior-qualifier-hokuriku-2025-boys-15-17,p_3a06e4e574b4,1,False,74,2,finished,True,17,100.0,0,
cga-junior-qualifier-hokuriku-2025-boys-15-17,p_f6d26f7bba1a,2,True,75,3,finished,True,17,94.1,1,
cga-junior-qualifier-hokuriku-2025-boys-15-17,p_53a95ee28b2a,2,True,75,3,finished,True,17,94.1,1,
cga-junior-qualifier-hokuriku-2025-boys-15-17,p_c6ef86fea92d,4,False,78,6,finished,True,17,82.4,4,
cga-junior-qualifier-hokuriku-2025-boys-15-17,p_ea536fb1a3fa,5,False,79,7,finished,True,17,76.5,5,
cga-junior-qualifier-hokuriku-2025-boys-15-17,p_3df3f93c0e6f,6,True,80,8,finished,True,17,70.6,6,
cga-junior-qualifier-hokuriku-2025-boys-15-17,p_b7793ce7745b,6,True,80,8,finished,True,17,70.6,6,
cga-junior-qualifier-hokuriku-2025-boys-15-17,p_83a6676c893d,8,False,81,9,finished,True,17,58.8,7,
cga-junior-qualifier-hokuriku-2025-boys-15-17,p_267fd1fabd0b,9,False,82,10,finished,True,17,52.9,8,
cga-junior-qualifier-hokuriku-2025-boys-15-17,p_7d7f109ca600,10,False,84,12,finished,True,17,47.1,10,
cga-junior-qualifier-hokuriku-2025-boys-15-17,p_e06767f4a0e8,11,False,85,13,finished,True,17,41.2,11,
cga-junior-qualifier-hokuriku-2025-boys-15-17,p_34f56498e4ea,12,True,95,23,finished,True,17,35.3,21,
cga-junior-qualifier-hokuriku-2025-boys-15-17,p_abd654018373,12,True,95,23,finished,True,17,35.3,21,
cga-junior-qualifier-hokuriku-2025-boys-15-17,p_bc3432e573b8,14,False,96,24,finished,True,17,23.5,22,
cga-junior-qualifier-hokuriku-2025-boys-15-17,p_b327e4b2b968,15,False,105,33,finished,True,17,17.6,31,
cga-junior-qualifier-hokuriku-2025-boys-15-17,p_003abb3ca6e5,16,False,122,50,finished,True,17,11.8,48,
cga-junior-qualifier-hokuriku-2025-boys-15-17,p_cf2636092e0c,,False,,,wd,True,17,,,
cga-junior-qualifier-hokuriku-2025-girls-15-17,p_180972f16416,1,True,75,3,finished,True,16,100.0,0,
cga-junior-qualifier-hokuriku-2025-girls-15-17,p_7d55f2434a8e,1,True,75,3,finished,True,16,100.0,0,
cga-junior-qualifier-hokuriku-2025-girls-15-17,p_a1345285f626,3,False,76,4,finished,True,16,87.5,1,
cga-junior-qualifier-hokuriku-2025-girls-15-17,p_f17a426590bb,4,True,77,5,finished,True,16,81.2,2,
cga-junior-qualifier-hokuriku-2025-girls-15-17,p_804a7ce15472,4,True,77,5,finished,True,16,81.2,2,
cga-junior-qualifier-hokuriku-2025-girls-15-17,p_4a479d5a3060,6,True,79,7,finished,True,16,68.8,4,
cga-junior-qualifier-hokuriku-2025-girls-15-17,p_158930960485,6,True,79,7,finished,True,16,68.8,4,
cga-junior-qualifier-hokuriku-2025-girls-15-17,p_be3256718400,6,True,79,7,finished,True,16,68.8,4,
cga-junior-qualifier-hokuriku-2025-girls-15-17,p_c45bb4b09831,6,True,79,7,finished,True,16,68.8,4,
cga-junior-qualifier-hokuriku-2025-girls-15-17,p_0b0ebc1a397a,10,True,80,8,finished,True,16,43.8,5,
cga-junior-qualifier-hokuriku-2025-girls-15-17,p_f539a44fd6df,10,True,80,8,finished,True,16,43.8,5,
cga-junior-qualifier-hokuriku-2025-girls-15-17,p_9f38b25d7d79,12,False,82,10,finished,True,16,31.2,7,
cga-junior-qualifier-hokuriku-2025-girls-15-17,p_cd5ce9d9cbe3,13,False,83,11,finished,True,16,25.0,8,
cga-junior-qualifier-hokuriku-2025-girls-15-17,p_5d198e573593,14,False,93,21,finished,True,16,18.8,18,
cga-junior-qualifier-hokuriku-2025-girls-15-17,p_befdd8b59aee,15,False,94,22,finished,True,16,12.5,19,
cga-junior-qualifier-hokuriku-2025-girls-15-17,p_e91aec925828,16,False,100,28,finished,True,16,6.2,25,
cga-junior-qualifier-mie-2025-boys-15-17,p_cb282cb10ede,1,False,67,-5,finished,True,9,100.0,0,
cga-junior-qualifier-mie-2025-boys-15-17,p_e564c4eaa789,2,False,69,-3,finished,True,9,88.9,2,
cga-junior-qualifier-mie-2025-boys-15-17,p_bbc13992eded,3,False,78,6,finished,True,9,77.8,11,
cga-junior-qualifier-mie-2025-boys-15-17,p_2bac48a33232,4,False,80,8,finished,True,9,66.7,13,
cga-junior-qualifier-mie-2025-boys-15-17,p_10eba2cbe4d7,5,False,82,10,finished,True,9,55.6,15,
cga-junior-qualifier-mie-2025-boys-15-17,p_1b485c581650,6,False,91,19,finished,True,9,44.4,24,
cga-junior-qualifier-mie-2025-boys-15-17,p_892e3a7f26dc,7,False,93,21,finished,True,9,33.3,26,
cga-junior-qualifier-mie-2025-boys-15-17,p_039ec517646b,8,False,96,24,finished,True,9,22.2,29,
cga-junior-qualifier-mie-2025-boys-15-17,p_ac6e6f2ccbf8,9,False,101,29,finished,True,9,11.1,34,
cga-junior-qualifier-mie-2025-girls-15-17,p_6aec2b82632c,1,False,72,0,finished,True,4,100.0,0,
cga-junior-qualifier-mie-2025-girls-15-17,p_4dde8dd1c885,2,False,75,3,finished,True,4,75.0,3,
cga-junior-qualifier-mie-2025-girls-15-17,p_611ac1c58c3b,3,False,77,5,finished,True,4,50.0,5,
cga-junior-qualifier-mie-2025-girls-15-17,p_714b60b61b45,4,False,88,16,finished,True,4,25.0,16,
cga-junior-qualifier-mie-2025-girls-15-17,p_d6e13a6227c5,,False,,,dns,True,,,,
cgu-junior-2025-boys-15-17,p_753184fd0bac,1,False,132,-12,finished,True,42,100.0,0,
cgu-junior-2025-boys-15-17,p_ec1f839b2728,2,False,133,-11,finished,True,42,97.6,1,
cgu-junior-2025-boys-15-17,p_0b36b81de360,3,False,136,-8,finished,True,42,95.2,4,
cgu-junior-2025-boys-15-17,p_b9934fec500e,4,False,139,-5,finished,True,42,92.9,7,
cgu-junior-2025-boys-15-17,p_8d9c836d6591,5,False,140,-4,finished,True,42,90.5,8,
cgu-junior-2025-boys-15-17,p_52b06429d9b5,6,False,141,-3,finished,True,42,88.1,9,
cgu-junior-2025-boys-15-17,p_b8af4c57b698,7,True,144,0,finished,True,42,85.7,12,
cgu-junior-2025-boys-15-17,p_864d4d7cda15,7,True,144,0,finished,True,42,85.7,12,
cgu-junior-2025-boys-15-17,p_f5cbfbe28c7f,9,False,146,2,finished,True,42,81.0,14,
cgu-junior-2025-boys-15-17,p_4448470cb9d6,10,False,147,3,finished,True,42,78.6,15,
cgu-junior-2025-boys-15-17,p_a30d7dc2014a,11,False,148,4,finished,True,42,76.2,16,
cgu-junior-2025-boys-15-17,p_1eea717174a5,12,False,149,5,finished,True,42,73.8,17,
cgu-junior-2025-boys-15-17,p_a76aee3d91c0,13,True,150,6,finished,True,42,71.4,18,
cgu-junior-2025-boys-15-17,p_34ccc4a68d34,13,True,150,6,finished,True,42,71.4,18,
cgu-junior-2025-boys-15-17,p_4ba75653e0bf,15,True,151,7,finished,True,42,66.7,19,
cgu-junior-2025-boys-15-17,p_ce7d046256cf,15,True,151,7,finished,True,42,66.7,19,
cgu-junior-2025-boys-15-17,p_6e6e3220fa01,17,True,152,8,finished,True,42,61.9,20,
cgu-junior-2025-boys-15-17,p_72db5a47fd24,17,True,152,8,finished,True,42,61.9,20,
cgu-junior-2025-boys-15-17,p_1cc2545643f4,19,False,154,10,finished,True,42,57.1,22,
cgu-junior-2025-boys-15-17,p_fe3d505a18db,20,False,155,11,finished,True,42,54.8,23,
cgu-junior-2025-boys-15-17,p_2ef568df34fe,21,True,156,12,finished,True,42,52.4,24,
cgu-junior-2025-boys-15-17,p_670f9aabb066,21,True,156,12,finished,True,42,52.4,24,
cgu-junior-2025-boys-15-17,p_be22bb5e097a,21,True,156,12,finished,True,42,52.4,24,
cgu-junior-2025-boys-15-17,p_db439ed023d0,24,False,158,14,finished,True,42,45.2,26,
cgu-junior-2025-boys-15-17,p_6753b5a66cb2,25,False,159,15,finished,True,42,42.9,27,
cgu-junior-2025-boys-15-17,p_12330b5914e1,26,True,160,16,finished,True,42,40.5,28,
cgu-junior-2025-boys-15-17,p_0c03834a0616,26,True,160,16,finished,True,42,40.5,28,
cgu-junior-2025-boys-15-17,p_8fa03cff7bf1,28,True,161,17,finished,True,42,35.7,29,
cgu-junior-2025-boys-15-17,p_0dccd6a3c179,28,True,161,17,finished,True,42,35.7,29,
cgu-junior-2025-boys-15-17,p_0f3778cde616,28,True,161,17,finished,True,42,35.7,29,
cgu-junior-2025-boys-15-17,p_9b18d5b07e27,31,False,162,18,finished,True,42,28.6,30,
cgu-junior-2025-boys-15-17,p_495e52695a19,32,False,164,20,finished,True,42,26.2,32,
cgu-junior-2025-boys-15-17,p_2ca19b4126ab,33,False,166,22,finished,True,42,23.8,34,
cgu-junior-2025-boys-15-17,p_4397211e1925,34,True,168,24,finished,True,42,21.4,36,
cgu-junior-2025-boys-15-17,p_cfad229ecbcb,34,True,168,24,finished,True,42,21.4,36,
cgu-junior-2025-boys-15-17,p_83bf1575daf2,36,False,169,25,finished,True,42,16.7,37,
cgu-junior-2025-boys-15-17,p_ed59886de430,37,True,180,36,finished,True,42,14.3,48,
cgu-junior-2025-boys-15-17,p_be9715d05695,37,True,180,36,finished,True,42,14.3,48,
cgu-junior-2025-boys-15-17,p_56df9da61acf,39,False,184,40,finished,True,42,9.5,52,
cgu-junior-2025-boys-15-17,p_614ce5c233dd,40,False,186,42,finished,True,42,7.1,54,
cgu-junior-2025-boys-15-17,p_37684d6e019f,41,False,192,48,finished,True,42,4.8,60,
cgu-junior-2025-boys-15-17,p_40b9d0bb707e,42,False,194,50,finished,True,42,2.4,62,
cgu-junior-2025-boys-15-17,p_49e5d589f20f,,False,,,dns,True,,,,
cgu-junior-2025-girls-15-17,p_1fdbcc81d6ee,1,False,138,-6,finished,True,45,100.0,0,
cgu-junior-2025-girls-15-17,p_ec8739fc8971,2,False,139,-5,finished,True,45,97.8,1,
cgu-junior-2025-girls-15-17,p_e896ecdb41a6,3,False,141,-3,finished,True,45,95.6,3,
cgu-junior-2025-girls-15-17,p_f9026f92dc9d,4,False,142,-2,finished,True,45,93.3,4,
cgu-junior-2025-girls-15-17,p_f5da61efd010,5,False,143,-1,finished,True,45,91.1,5,
cgu-junior-2025-girls-15-17,p_53d29e2e3540,6,False,145,1,finished,True,45,88.9,7,
cgu-junior-2025-girls-15-17,p_2f8015f9d83c,7,False,146,2,finished,True,45,86.7,8,
cgu-junior-2025-girls-15-17,p_9aa90db7cd83,8,False,147,3,finished,True,45,84.4,9,
cgu-junior-2025-girls-15-17,p_cc2ca2835c17,9,False,148,4,finished,True,45,82.2,10,
cgu-junior-2025-girls-15-17,p_0c2cabfaf6f8,10,True,149,5,finished,True,45,80.0,11,
cgu-junior-2025-girls-15-17,p_cff3cd2cbbc5,10,True,149,5,finished,True,45,80.0,11,
cgu-junior-2025-girls-15-17,p_21dd136af2fa,12,False,150,6,finished,True,45,75.6,12,
cgu-junior-2025-girls-15-17,p_47234b9ed48b,13,True,151,7,finished,True,45,73.3,13,
cgu-junior-2025-girls-15-17,p_c48f0e3128fa,13,True,151,7,finished,True,45,73.3,13,
cgu-junior-2025-girls-15-17,p_72f310d8db94,13,True,151,7,finished,True,45,73.3,13,
cgu-junior-2025-girls-15-17,p_0aa56b7a7124,13,True,151,7,finished,True,45,73.3,13,
cgu-junior-2025-girls-15-17,p_d1b5c06f1c24,17,True,152,8,finished,True,45,64.4,14,
cgu-junior-2025-girls-15-17,p_23cdf95b9a5f,17,True,152,8,finished,True,45,64.4,14,
cgu-junior-2025-girls-15-17,p_3985a1bf7fba,19,False,155,11,finished,True,45,60.0,17,
cgu-junior-2025-girls-15-17,p_f5fa0a79abcc,20,True,156,12,finished,True,45,57.8,18,
cgu-junior-2025-girls-15-17,p_5a6bbe889fc3,20,True,156,12,finished,True,45,57.8,18,
cgu-junior-2025-girls-15-17,p_9c9de2fa3270,22,True,157,13,finished,True,45,53.3,19,
cgu-junior-2025-girls-15-17,p_a3f883059200,22,True,157,13,finished,True,45,53.3,19,
cgu-junior-2025-girls-15-17,p_d347c7a92912,24,True,159,15,finished,True,45,48.9,21,
cgu-junior-2025-girls-15-17,p_0781efc89d3d,24,True,159,15,finished,True,45,48.9,21,
cgu-junior-2025-girls-15-17,p_0e4c30764a9b,26,True,160,16,finished,True,45,44.4,22,
cgu-junior-2025-girls-15-17,p_66eefe6b31ed,26,True,160,16,finished,True,45,44.4,22,
cgu-junior-2025-girls-15-17,p_912ab347fb0b,28,False,162,18,finished,True,45,40.0,24,
cgu-junior-2025-girls-15-17,p_746a7811968c,29,False,164,20,finished,True,45,37.8,26,
cgu-junior-2025-girls-15-17,p_ceb7355d4497,30,False,165,21,finished,True,45,35.6,27,
cgu-junior-2025-girls-15-17,p_87533ac10910,31,False,166,22,finished,True,45,33.3,28,
cgu-junior-2025-girls-15-17,p_e2934d7ae059,32,False,169,25,finished,True,45,31.1,31,
cgu-junior-2025-girls-15-17,p_c6a1945a8021,33,True,172,28,finished,True,45,28.9,34,
cgu-junior-2025-girls-15-17,p_191ac326190b,33,True,172,28,finished,True,45,28.9,34,
cgu-junior-2025-girls-15-17,p_2a7eee620c23,35,False,176,32,finished,True,45,24.4,38,
cgu-junior-2025-girls-15-17,p_29f1b2d42cc5,36,False,177,33,finished,True,45,22.2,39,
cgu-junior-2025-girls-15-17,p_2ad28eec0849,37,False,179,35,finished,True,45,20.0,41,
cgu-junior-2025-girls-15-17,p_2d0e37cf32f7,38,False,180,36,finished,True,45,17.8,42,
cgu-junior-2025-girls-15-17,p_b2c695256db1,39,True,182,38,finished,True,45,15.6,44,
cgu-junior-2025-girls-15-17,p_b93c1ccd8bb2,39,True,182,38,finished,True,45,15.6,44,
cgu-junior-2025-girls-15-17,p_7e2f6e8aef0b,41,False,183,39,finished,True,45,11.1,45,
cgu-junior-2025-girls-15-17,p_e24acc252c0e,42,False,184,40,finished,True,45,8.9,46,
cgu-junior-2025-girls-15-17,p_557652bde254,43,False,185,41,finished,True,45,6.7,47,
cgu-junior-2025-girls-15-17,p_c0d19cc945a9,44,False,186,42,finished,True,45,4.4,48,
cgu-junior-2025-girls-15-17,p_b866d7f6ea1e,45,False,188,44,finished,True,45,2.2,50,
cgu-junior-2025-girls-15-17,p_d58db4c89c1c,,False,,,dns,True,,,,
cgu-junior-2026-boys-15-17,p_bcabe60c15a2,1,False,138,-6,finished,True,39,100.0,0,
cgu-junior-2026-boys-15-17,p_ad20c0c54f5f,2,False,138,-6,finished,True,39,97.4,0,
cgu-junior-2026-boys-15-17,p_6e6e3220fa01,3,False,140,-4,finished,True,39,94.9,2,
cgu-junior-2026-boys-15-17,p_b9934fec500e,4,False,141,-3,finished,True,39,92.3,3,
cgu-junior-2026-boys-15-17,p_1eea717174a5,5,False,146,2,finished,True,39,89.7,8,
cgu-junior-2026-boys-15-17,p_6753b5a66cb2,6,False,147,3,finished,True,39,87.2,9,
cgu-junior-2026-boys-15-17,p_8077f2d72a3c,7,True,150,6,finished,True,39,84.6,12,
cgu-junior-2026-boys-15-17,p_6cd607992f8a,7,True,150,6,finished,True,39,84.6,12,
cgu-junior-2026-boys-15-17,p_52b06429d9b5,9,False,152,8,finished,True,39,79.5,14,
cgu-junior-2026-boys-15-17,p_cfad229ecbcb,10,True,153,9,finished,True,39,76.9,15,
cgu-junior-2026-boys-15-17,p_a30d7dc2014a,10,True,153,9,finished,True,39,76.9,15,
cgu-junior-2026-boys-15-17,p_b3b303bacdd8,12,False,154,10,finished,True,39,71.8,16,
cgu-junior-2026-boys-15-17,p_670f9aabb066,13,False,155,11,finished,True,39,69.2,17,
cgu-junior-2026-boys-15-17,p_4ba75653e0bf,14,True,156,12,finished,True,39,66.7,18,
cgu-junior-2026-boys-15-17,p_f284231cd267,14,True,156,12,finished,True,39,66.7,18,
cgu-junior-2026-boys-15-17,p_34ccc4a68d34,16,True,157,13,finished,True,39,61.5,19,
cgu-junior-2026-boys-15-17,p_8fa03cff7bf1,16,True,157,13,finished,True,39,61.5,19,
cgu-junior-2026-boys-15-17,p_6e76404abea6,18,True,159,15,finished,True,39,56.4,21,
cgu-junior-2026-boys-15-17,p_bc0545b8b73d,18,True,159,15,finished,True,39,56.4,21,
cgu-junior-2026-boys-15-17,p_be9715d05695,20,True,160,16,finished,True,39,51.3,22,
cgu-junior-2026-boys-15-17,p_13ecc4b5f65d,20,True,160,16,finished,True,39,51.3,22,
cgu-junior-2026-boys-15-17,p_035236193ba2,22,False,162,18,finished,True,39,46.2,24,
cgu-junior-2026-boys-15-17,p_e837a240553e,23,False,166,22,finished,True,39,43.6,28,
cgu-junior-2026-boys-15-17,p_1f6142c43392,24,False,170,26,finished,True,39,41.0,32,
cgu-junior-2026-boys-15-17,p_841ed8850f48,25,False,171,27,finished,True,39,38.5,33,
cgu-junior-2026-boys-15-17,p_25c99998c913,26,False,172,28,finished,True,39,35.9,34,
cgu-junior-2026-boys-15-17,p_10b966ef80a7,27,False,173,29,finished,True,39,33.3,35,
cgu-junior-2026-boys-15-17,p_27f3e5d28f2a,28,True,174,30,finished,True,39,30.8,36,
cgu-junior-2026-boys-15-17,p_4397211e1925,28,True,174,30,finished,True,39,30.8,36,
cgu-junior-2026-boys-15-17,p_12330b5914e1,28,True,174,30,finished,True,39,30.8,36,
cgu-junior-2026-boys-15-17,p_614ce5c233dd,31,False,176,32,finished,True,39,23.1,38,
cgu-junior-2026-boys-15-17,p_475f26458c45,32,False,177,33,finished,True,39,20.5,39,
cgu-junior-2026-boys-15-17,p_f10cf85f3468,33,False,178,34,finished,True,39,17.9,40,
cgu-junior-2026-boys-15-17,p_37684d6e019f,34,False,183,39,finished,True,39,15.4,45,
cgu-junior-2026-boys-15-17,p_00665d053503,35,False,185,41,finished,True,39,12.8,47,
cgu-junior-2026-boys-15-17,p_7a2528d5c487,36,False,186,42,finished,True,39,10.3,48,
cgu-junior-2026-boys-15-17,p_04abf85eda64,37,False,197,53,finished,True,39,7.7,59,
cgu-junior-2026-boys-15-17,p_15ee499f1f03,38,False,213,69,finished,True,39,5.1,75,
cgu-junior-2026-boys-15-17,p_d261b797bf64,,False,,,wd,True,39,,,
cgu-junior-2026-boys-15-17,p_40b9d0bb707e,,False,,,dns,True,,,,
cgu-junior-2026-boys-15-17,p_56df9da61acf,,False,,,dns,True,,,,
cgu-junior-2026-girls-15-17,p_1fdbcc81d6ee,1,False,137,-7,finished,True,41,100.0,0,
cgu-junior-2026-girls-15-17,p_0781efc89d3d,2,False,139,-5,finished,True,41,97.6,2,
cgu-junior-2026-girls-15-17,p_0456c210c08e,3,False,142,-2,finished,True,41,95.1,5,
cgu-junior-2026-girls-15-17,p_6a85d1022bbc,4,True,144,0,finished,True,41,92.7,7,
cgu-junior-2026-girls-15-17,p_82b6fb544fd0,4,True,144,0,finished,True,41,92.7,7,
cgu-junior-2026-girls-15-17,p_cc2ca2835c17,4,True,144,0,finished,True,41,92.7,7,
cgu-junior-2026-girls-15-17,p_53d29e2e3540,7,False,145,1,finished,True,41,85.4,8,
cgu-junior-2026-girls-15-17,p_a3f883059200,8,True,146,2,finished,True,41,82.9,9,
cgu-junior-2026-girls-15-17,p_96eda7680456,8,True,146,2,finished,True,41,82.9,9,
cgu-junior-2026-girls-15-17,p_d1b5c06f1c24,10,True,147,3,finished,True,41,78.0,10,
cgu-junior-2026-girls-15-17,p_5aca3adbbf26,10,True,147,3,finished,True,41,78.0,10,
cgu-junior-2026-girls-15-17,p_9aa90db7cd83,10,True,147,3,finished,True,41,78.0,10,
cgu-junior-2026-girls-15-17,p_c48f0e3128fa,13,False,150,6,finished,True,41,70.7,13,
cgu-junior-2026-girls-15-17,p_72f310d8db94,14,False,151,7,finished,True,41,68.3,14,
cgu-junior-2026-girls-15-17,p_3472d24606e0,15,True,153,9,finished,True,41,65.9,16,
cgu-junior-2026-girls-15-17,p_706e1d2a44ea,15,True,153,9,finished,True,41,65.9,16,
cgu-junior-2026-girls-15-17,p_c28a290998b5,15,True,153,9,finished,True,41,65.9,16,
cgu-junior-2026-girls-15-17,p_e43586f23120,15,True,153,9,finished,True,41,65.9,16,
cgu-junior-2026-girls-15-17,p_5bcd45e2f9cf,19,False,155,11,finished,True,41,56.1,18,
cgu-junior-2026-girls-15-17,p_ea5cdf392532,20,True,156,12,finished,True,41,53.7,19,
cgu-junior-2026-girls-15-17,p_98b8435f04a0,20,True,156,12,finished,True,41,53.7,19,
cgu-junior-2026-girls-15-17,p_0e4c30764a9b,22,False,157,13,finished,True,41,48.8,20,
cgu-junior-2026-girls-15-17,p_d347c7a92912,23,False,159,15,finished,True,41,46.3,22,
cgu-junior-2026-girls-15-17,p_5a6bbe889fc3,24,False,160,16,finished,True,41,43.9,23,
cgu-junior-2026-girls-15-17,p_c62ffa3f5e37,25,False,161,17,finished,True,41,41.5,24,
cgu-junior-2026-girls-15-17,p_87533ac10910,26,False,162,18,finished,True,41,39.0,25,
cgu-junior-2026-girls-15-17,p_66eefe6b31ed,27,False,165,21,finished,True,41,36.6,28,
cgu-junior-2026-girls-15-17,p_571abfc07250,28,True,169,25,finished,True,41,34.1,32,
cgu-junior-2026-girls-15-17,p_29f1b2d42cc5,28,True,169,25,finished,True,41,34.1,32,
cgu-junior-2026-girls-15-17,p_1306a1b853be,30,False,172,28,finished,True,41,29.3,35,
cgu-junior-2026-girls-15-17,p_0ff19a31f515,31,False,173,29,finished,True,41,26.8,36,
cgu-junior-2026-girls-15-17,p_2d0e37cf32f7,32,False,177,33,finished,True,41,24.4,40,
cgu-junior-2026-girls-15-17,p_adeec79a0e3e,33,False,179,35,finished,True,41,22.0,42,
cgu-junior-2026-girls-15-17,p_b75452de7157,34,False,180,36,finished,True,41,19.5,43,
cgu-junior-2026-girls-15-17,p_08db1131d05e,35,False,184,40,finished,True,41,17.1,47,
cgu-junior-2026-girls-15-17,p_a0b0fee78817,36,False,185,41,finished,True,41,14.6,48,
cgu-junior-2026-girls-15-17,p_a7ab32f99671,37,False,191,47,finished,True,41,12.2,54,
cgu-junior-2026-girls-15-17,p_da3074ea6f46,38,False,192,48,finished,True,41,9.8,55,
cgu-junior-2026-girls-15-17,p_2679d9ed6546,39,False,196,52,finished,True,41,7.3,59,
cgu-junior-2026-girls-15-17,p_7e2f6e8aef0b,40,False,200,56,finished,True,41,4.9,63,
cgu-junior-2026-girls-15-17,p_fbd1e133a703,41,False,217,73,finished,True,41,2.4,80,
cgu-junior-2026-girls-15-17,p_b866d7f6ea1e,,False,,,dns,True,,,,
guk-junior-2025-boys-15-17,p_4593dcfcf790,1,False,137,-7,finished,True,48,100.0,0,
guk-junior-2025-boys-15-17,p_f4f16c957650,2,False,140,-4,finished,True,48,97.9,3,
guk-junior-2025-boys-15-17,p_e8d18b80e595,3,False,141,-3,finished,True,48,95.8,4,
guk-junior-2025-boys-15-17,p_c96e73911c78,4,True,142,-2,finished,True,48,93.8,5,
guk-junior-2025-boys-15-17,p_9aa54481c1ac,4,True,142,-2,finished,True,48,93.8,5,
guk-junior-2025-boys-15-17,p_cdd99505b93b,4,True,142,-2,finished,True,48,93.8,5,
guk-junior-2025-boys-15-17,p_a7d67c8a7005,7,False,143,-1,finished,True,48,87.5,6,
guk-junior-2025-boys-15-17,p_d3c85a77b08f,8,False,144,0,finished,True,48,85.4,7,
guk-junior-2025-boys-15-17,p_923541ad13cc,9,True,145,1,finished,True,48,83.3,8,
guk-junior-2025-boys-15-17,p_a6cd244068ba,9,True,145,1,finished,True,48,83.3,8,
guk-junior-2025-boys-15-17,p_a4d43f724ff9,11,True,146,2,finished,True,48,79.2,9,
guk-junior-2025-boys-15-17,p_cb859e94daa6,11,True,146,2,finished,True,48,79.2,9,
guk-junior-2025-boys-15-17,p_2e3fbdd85951,11,True,146,2,finished,True,48,79.2,9,
guk-junior-2025-boys-15-17,p_507cd607e610,11,True,146,2,finished,True,48,79.2,9,
guk-junior-2025-boys-15-17,p_73313473b55a,15,True,147,3,finished,True,48,70.8,10,
guk-junior-2025-boys-15-17,p_47d71213d728,15,True,147,3,finished,True,48,70.8,10,
guk-junior-2025-boys-15-17,p_169c4b6ea4fb,15,True,147,3,finished,True,48,70.8,10,
guk-junior-2025-boys-15-17,p_eb111f3fafa0,18,False,148,4,finished,True,48,64.6,11,
guk-junior-2025-boys-15-17,p_4b61e36993d7,19,False,149,5,finished,True,48,62.5,12,
guk-junior-2025-boys-15-17,p_36147e627394,20,True,150,6,finished,True,48,60.4,13,
guk-junior-2025-boys-15-17,p_6488c0ce96f2,20,True,150,6,finished,True,48,60.4,13,
guk-junior-2025-boys-15-17,p_dc89263d9283,20,True,150,6,finished,True,48,60.4,13,
guk-junior-2025-boys-15-17,p_b698ec6d4ebf,23,False,151,7,finished,True,48,54.2,14,
guk-junior-2025-boys-15-17,p_9eafbf5af593,24,True,152,8,finished,True,48,52.1,15,
guk-junior-2025-boys-15-17,p_1f518c5ac155,24,True,152,8,finished,True,48,52.1,15,
guk-junior-2025-boys-15-17,p_34bb0e0c056a,26,False,153,9,finished,True,48,47.9,16,
guk-junior-2025-boys-15-17,p_f5431dd6584c,27,True,154,10,finished,True,48,45.8,17,
guk-junior-2025-boys-15-17,p_eb40204c85f8,27,True,154,10,finished,True,48,45.8,17,
guk-junior-2025-boys-15-17,p_260f0805c89b,27,True,154,10,finished,True,48,45.8,17,
guk-junior-2025-boys-15-17,p_4fb0aed9c7a9,30,False,157,13,finished,True,48,39.6,20,
guk-junior-2025-boys-15-17,p_ab3081f39970,31,False,159,15,finished,True,48,37.5,22,
guk-junior-2025-boys-15-17,p_417b499a6f29,,False,78,6,cut,True,48,,,
guk-junior-2025-boys-15-17,p_076c1cfe9da8,,False,78,6,cut,True,48,,,
guk-junior-2025-boys-15-17,p_5483a8ca9c15,,False,79,7,cut,True,48,,,
guk-junior-2025-boys-15-17,p_f27f1076e0e7,,False,80,8,cut,True,48,,,
guk-junior-2025-boys-15-17,p_cf4e5678f258,,False,80,8,cut,True,48,,,
guk-junior-2025-boys-15-17,p_8b6c3d3c1bde,,False,80,8,cut,True,48,,,
guk-junior-2025-boys-15-17,p_b46d0d7494f3,,False,81,9,cut,True,48,,,
guk-junior-2025-boys-15-17,p_11d9203c0ed9,,False,81,9,cut,True,48,,,
guk-junior-2025-boys-15-17,p_ca914816bab2,,False,81,9,cut,True,48,,,
guk-junior-2025-boys-15-17,p_74933de77d19,,False,82,10,cut,True,48,,,
guk-junior-2025-boys-15-17,p_80f3fff33018,,False,82,10,cut,True,48,,,
guk-junior-2025-boys-15-17,p_32550ee052ee,,False,84,12,cut,True,48,,,
guk-junior-2025-boys-15-17,p_d7025ce3135f,,False,85,13,cut,True,48,,,
guk-junior-2025-boys-15-17,p_e1b81a3917c2,,False,86,14,cut,True,48,,,
guk-junior-2025-boys-15-17,p_2a23fa2328d1,,False,87,15,cut,True,48,,,
guk-junior-2025-boys-15-17,p_909b91a114e5,,False,88,16,cut,True,48,,,
guk-junior-2025-boys-15-17,p_8732fde0c0d7,,False,92,20,cut,True,48,,,
guk-junior-2025-boys-15-17,p_d5a417f904e3,,False,,,dns,True,,,,
guk-junior-2025-girls-15-17,p_64f7f382606b,1,False,134,-10,finished,True,50,100.0,0,
guk-junior-2025-girls-15-17,p_ee6c81710171,2,False,138,-6,finished,True,50,98.0,4,
guk-junior-2025-girls-15-17,p_1e7a69bb3a1b,3,True,140,-4,finished,True,50,96.0,6,
guk-junior-2025-girls-15-17,p_13059df98b28,3,True,140,-4,finished,True,50,96.0,6,
guk-junior-2025-girls-15-17,p_23549cffe8eb,3,True,140,-4,finished,True,50,96.0,6,
guk-junior-2025-girls-15-17,p_676ea2696d5a,3,True,140,-4,finished,True,50,96.0,6,
guk-junior-2025-girls-15-17,p_165f2e716676,7,False,141,-3,finished,True,50,88.0,7,
guk-junior-2025-girls-15-17,p_6ec32c95989e,8,True,142,-2,finished,True,50,86.0,8,
guk-junior-2025-girls-15-17,p_82f197e72560,8,True,142,-2,finished,True,50,86.0,8,
guk-junior-2025-girls-15-17,p_24fd520f7e82,8,True,142,-2,finished,True,50,86.0,8,
guk-junior-2025-girls-15-17,p_6184a5443b2f,8,True,142,-2,finished,True,50,86.0,8,
guk-junior-2025-girls-15-17,p_9bd9407db91b,12,False,143,-1,finished,True,50,78.0,9,
guk-junior-2025-girls-15-17,p_75e3cb3aaf82,13,False,144,0,finished,True,50,76.0,10,
guk-junior-2025-girls-15-17,p_0580b70d849f,14,True,145,1,finished,True,50,74.0,11,
guk-junior-2025-girls-15-17,p_e1a27e5f367b,14,True,145,1,finished,True,50,74.0,11,
guk-junior-2025-girls-15-17,p_397980d3d041,14,True,145,1,finished,True,50,74.0,11,
guk-junior-2025-girls-15-17,p_90097c2c2ea2,14,True,145,1,finished,True,50,74.0,11,
guk-junior-2025-girls-15-17,p_087c2d86b6b8,18,True,146,2,finished,True,50,66.0,12,
guk-junior-2025-girls-15-17,p_d080f24ebccf,18,True,146,2,finished,True,50,66.0,12,
guk-junior-2025-girls-15-17,p_0f24f9d5b58a,18,True,146,2,finished,True,50,66.0,12,
guk-junior-2025-girls-15-17,p_b71544405445,21,True,147,3,finished,True,50,60.0,13,
guk-junior-2025-girls-15-17,p_5e1bdea73025,21,True,147,3,finished,True,50,60.0,13,
guk-junior-2025-girls-15-17,p_aada3ab85a8a,21,True,147,3,finished,True,50,60.0,13,
guk-junior-2025-girls-15-17,p_06e43dc8d586,21,True,147,3,finished,True,50,60.0,13,
guk-junior-2025-girls-15-17,p_2c55cb34a6d6,21,True,147,3,finished,True,50,60.0,13,
guk-junior-2025-girls-15-17,p_a4eae45f14e6,21,True,147,3,finished,True,50,60.0,13,
guk-junior-2025-girls-15-17,p_9e4df7b0b064,27,True,148,4,finished,True,50,48.0,14,
guk-junior-2025-girls-15-17,p_47ac7a42f5e6,27,True,148,4,finished,True,50,48.0,14,
guk-junior-2025-girls-15-17,p_353678be2515,27,True,148,4,finished,True,50,48.0,14,
guk-junior-2025-girls-15-17,p_b985391a9e17,30,False,149,5,finished,True,50,42.0,15,
guk-junior-2025-girls-15-17,p_0b31a7112f52,31,False,151,7,finished,True,50,40.0,17,
guk-junior-2025-girls-15-17,p_d369c9c229dd,32,True,152,8,finished,True,50,38.0,18,
guk-junior-2025-girls-15-17,p_0fcd068d09e4,32,True,152,8,finished,True,50,38.0,18,
guk-junior-2025-girls-15-17,p_9354c48936f6,34,True,156,12,finished,True,50,34.0,22,
guk-junior-2025-girls-15-17,p_3ac158e80625,34,True,156,12,finished,True,50,34.0,22,
guk-junior-2025-girls-15-17,p_a8ef3446015b,,False,77,5,cut,True,50,,,
guk-junior-2025-girls-15-17,p_bce25459acb1,,False,77,5,cut,True,50,,,
guk-junior-2025-girls-15-17,p_295218aabb3f,,False,77,5,cut,True,50,,,
guk-junior-2025-girls-15-17,p_973a8bf4cd6f,,False,77,5,cut,True,50,,,
guk-junior-2025-girls-15-17,p_5c49b06ffb63,,False,78,6,cut,True,50,,,
guk-junior-2025-girls-15-17,p_a4180ea33a1c,,False,79,7,cut,True,50,,,
guk-junior-2025-girls-15-17,p_cead287f1bc4,,False,79,7,cut,True,50,,,
guk-junior-2025-girls-15-17,p_c5cc26d02ec3,,False,79,7,cut,True,50,,,
guk-junior-2025-girls-15-17,p_e65df58011a0,,False,79,7,cut,True,50,,,
guk-junior-2025-girls-15-17,p_27579d8a3298,,False,80,8,cut,True,50,,,
guk-junior-2025-girls-15-17,p_9d888470de81,,False,80,8,cut,True,50,,,
guk-junior-2025-girls-15-17,p_0e925bc3be32,,False,80,8,cut,True,50,,,
guk-junior-2025-girls-15-17,p_147fed75f7b3,,False,81,9,cut,True,50,,,
guk-junior-2025-girls-15-17,p_d3bfb2131993,,False,82,10,cut,True,50,,,
guk-junior-2025-girls-15-17,p_c30d3e0004a5,,False,88,16,cut,True,50,,,
guk-junior-2026-boys-15-17,p_9eafbf5af593,1,False,132,-12,finished,True,58,100.0,0,
guk-junior-2026-boys-15-17,p_4b61e36993d7,2,False,135,-9,finished,True,58,98.3,3,
guk-junior-2026-boys-15-17,p_e8d18b80e595,3,False,138,-6,finished,True,58,96.6,6,
guk-junior-2026-boys-15-17,p_4593dcfcf790,4,True,139,-5,finished,True,58,94.8,7,
guk-junior-2026-boys-15-17,p_a7d67c8a7005,4,True,139,-5,finished,True,58,94.8,7,
guk-junior-2026-boys-15-17,p_c96e73911c78,4,True,139,-5,finished,True,58,94.8,7,
guk-junior-2026-boys-15-17,p_47d71213d728,7,False,140,-4,finished,True,58,89.7,8,
guk-junior-2026-boys-15-17,p_a4d43f724ff9,8,False,141,-3,finished,True,58,87.9,9,
guk-junior-2026-boys-15-17,p_5f2c946bbef3,9,True,144,0,finished,True,58,86.2,12,
guk-junior-2026-boys-15-17,p_507cd607e610,9,True,144,0,finished,True,58,86.2,12,
guk-junior-2026-boys-15-17,p_dc89263d9283,9,True,144,0,finished,True,58,86.2,12,
guk-junior-2026-boys-15-17,p_34bb0e0c056a,12,True,145,1,finished,True,58,81.0,13,
guk-junior-2026-boys-15-17,p_eb40204c85f8,12,True,145,1,finished,True,58,81.0,13,
guk-junior-2026-boys-15-17,p_dd46a863ce9b,12,True,145,1,finished,True,58,81.0,13,
guk-junior-2026-boys-15-17,p_8dc9d46d6fe9,15,True,146,2,finished,True,58,75.9,14,
guk-junior-2026-boys-15-17,p_36147e627394,15,True,146,2,finished,True,58,75.9,14,
guk-junior-2026-boys-15-17,p_897017c904ac,17,True,147,3,finished,True,58,72.4,15,
guk-junior-2026-boys-15-17,p_80f3fff33018,17,True,147,3,finished,True,58,72.4,15,
guk-junior-2026-boys-15-17,p_b6e6e14efa2e,19,True,148,4,finished,True,58,69.0,16,
guk-junior-2026-boys-15-17,p_6488c0ce96f2,19,True,148,4,finished,True,58,69.0,16,
guk-junior-2026-boys-15-17,p_8b6c3d3c1bde,19,True,148,4,finished,True,58,69.0,16,
guk-junior-2026-boys-15-17,p_5483a8ca9c15,22,True,149,5,finished,True,58,63.8,17,
guk-junior-2026-boys-15-17,p_260f0805c89b,22,True,149,5,finished,True,58,63.8,17,
guk-junior-2026-boys-15-17,p_ca914816bab2,22,True,149,5,finished,True,58,63.8,17,
guk-junior-2026-boys-15-17,p_2e3fbdd85951,22,True,149,5,finished,True,58,63.8,17,
guk-junior-2026-boys-15-17,p_f00c8f79ef39,22,True,149,5,finished,True,58,63.8,17,
guk-junior-2026-boys-15-17,p_1f9d298fc422,27,True,150,6,finished,True,58,55.2,18,
guk-junior-2026-boys-15-17,p_11d9203c0ed9,27,True,150,6,finished,True,58,55.2,18,
guk-junior-2026-boys-15-17,p_a2c1bd3739c6,29,True,151,7,finished,True,58,51.7,19,
guk-junior-2026-boys-15-17,p_2fcfec474e0a,29,True,151,7,finished,True,58,51.7,19,
guk-junior-2026-boys-15-17,p_74933de77d19,31,True,152,8,finished,True,58,48.3,20,
guk-junior-2026-boys-15-17,p_a1c8c9ce2d32,31,True,152,8,finished,True,58,48.3,20,
guk-junior-2026-boys-15-17,p_14ae9ea1044a,31,True,152,8,finished,True,58,48.3,20,
guk-junior-2026-boys-15-17,p_73313473b55a,34,True,153,9,finished,True,58,43.1,21,
guk-junior-2026-boys-15-17,p_f856beb9191f,34,True,153,9,finished,True,58,43.1,21,
guk-junior-2026-boys-15-17,p_edce42b584d1,34,True,153,9,finished,True,58,43.1,21,
guk-junior-2026-boys-15-17,p_41a831f2a811,37,False,154,10,finished,True,58,37.9,22,
guk-junior-2026-boys-15-17,p_050e9e99e699,,False,77,5,cut,True,58,,,
guk-junior-2026-boys-15-17,p_8d0167e6c257,,False,77,5,cut,True,58,,,
guk-junior-2026-boys-15-17,p_ccc34608528b,,False,77,5,cut,True,58,,,
guk-junior-2026-boys-15-17,p_dc3eb12e2e16,,False,78,6,cut,True,58,,,
guk-junior-2026-boys-15-17,p_f48b98928636,,False,78,6,cut,True,58,,,
guk-junior-2026-boys-15-17,p_4210c294906b,,False,78,6,cut,True,58,,,
guk-junior-2026-boys-15-17,p_205acbef2bb6,,False,78,6,cut,True,58,,,
guk-junior-2026-boys-15-17,p_4570fb170ef2,,False,79,7,cut,True,58,,,
guk-junior-2026-boys-15-17,p_1e8468c16d71,,False,80,8,cut,True,58,,,
guk-junior-2026-boys-15-17,p_32550ee052ee,,False,81,9,cut,True,58,,,
guk-junior-2026-boys-15-17,p_785164166b74,,False,82,10,cut,True,58,,,
guk-junior-2026-boys-15-17,p_8867e5239a74,,False,82,10,cut,True,58,,,
guk-junior-2026-boys-15-17,p_50387045ae83,,False,83,11,cut,True,58,,,
guk-junior-2026-boys-15-17,p_11a7978597b4,,False,83,11,cut,True,58,,,
guk-junior-2026-boys-15-17,p_946cd1e41ede,,False,84,12,cut,True,58,,,
guk-junior-2026-boys-15-17,p_417b499a6f29,,False,85,13,cut,True,58,,,
guk-junior-2026-boys-15-17,p_7ad58dce11f1,,False,86,14,cut,True,58,,,
guk-junior-2026-boys-15-17,p_30ec82d9d7e5,,False,89,17,cut,True,58,,,
guk-junior-2026-boys-15-17,p_a8ae78902d71,,False,89,17,cut,True,58,,,
guk-junior-2026-boys-15-17,p_289ea5281c1b,,False,99,27,cut,True,58,,,
guk-junior-2026-boys-15-17,p_bd5eabfbfaca,,False,108,36,cut,True,58,,,
guk-junior-2026-boys-15-17,p_3058bce73b77,,False,,,dns,True,,,,
guk-junior-2026-girls-15-17,p_428fd9fe5c1e,1,False,139,-5,finished,True,60,100.0,0,
guk-junior-2026-girls-15-17,p_7cc02db63e16,2,True,147,3,finished,True,60,98.3,8,
guk-junior-2026-girls-15-17,p_90097c2c2ea2,2,True,147,3,finished,True,60,98.3,8,
guk-junior-2026-girls-15-17,p_7641f9099b87,4,False,148,4,finished,True,60,95.0,9,
guk-junior-2026-girls-15-17,p_0fcd068d09e4,5,True,149,5,finished,True,60,93.3,10,
guk-junior-2026-girls-15-17,p_5be9e594065d,5,True,149,5,finished,True,60,93.3,10,
guk-junior-2026-girls-15-17,p_a4eae45f14e6,7,True,150,6,finished,True,60,90.0,11,
guk-junior-2026-girls-15-17,p_9583b8d02a32,7,True,150,6,finished,True,60,90.0,11,
guk-junior-2026-girls-15-17,p_08fdbab55084,7,True,150,6,finished,True,60,90.0,11,
guk-junior-2026-girls-15-17,p_676ea2696d5a,10,True,151,7,finished,True,60,85.0,12,
guk-junior-2026-girls-15-17,p_29022def16f4,10,True,151,7,finished,True,60,85.0,12,
guk-junior-2026-girls-15-17,p_6ec32c95989e,10,True,151,7,finished,True,60,85.0,12,
guk-junior-2026-girls-15-17,p_353678be2515,13,True,152,8,finished,True,60,80.0,13,
guk-junior-2026-girls-15-17,p_82f197e72560,13,True,152,8,finished,True,60,80.0,13,
guk-junior-2026-girls-15-17,p_788733a3dbf6,13,True,152,8,finished,True,60,80.0,13,
guk-junior-2026-girls-15-17,p_fe1fa25e781d,16,True,153,9,finished,True,60,75.0,14,
guk-junior-2026-girls-15-17,p_9bd9407db91b,16,True,153,9,finished,True,60,75.0,14,
guk-junior-2026-girls-15-17,p_5c49b06ffb63,16,True,153,9,finished,True,60,75.0,14,
guk-junior-2026-girls-15-17,p_27579d8a3298,16,True,153,9,finished,True,60,75.0,14,
guk-junior-2026-girls-15-17,p_8a8f7ee0beef,20,True,154,10,finished,True,60,68.3,15,
guk-junior-2026-girls-15-17,p_0580b70d849f,20,True,154,10,finished,True,60,68.3,15,
guk-junior-2026-girls-15-17,p_bf4535296eef,20,True,154,10,finished,True,60,68.3,15,
guk-junior-2026-girls-15-17,p_3e7ac3c875ac,20,True,154,10,finished,True,60,68.3,15,
guk-junior-2026-girls-15-17,p_b985391a9e17,24,True,155,11,finished,True,60,61.7,16,
guk-junior-2026-girls-15-17,p_868da1edb888,24,True,155,11,finished,True,60,61.7,16,
guk-junior-2026-girls-15-17,p_0e925bc3be32,26,False,156,12,finished,True,60,58.3,17,
guk-junior-2026-girls-15-17,p_d9e743920e56,27,True,158,14,finished,True,60,56.7,19,
guk-junior-2026-girls-15-17,p_18f82a84a177,27,True,158,14,finished,True,60,56.7,19,
guk-junior-2026-girls-15-17,p_9cfec99840b0,27,True,158,14,finished,True,60,56.7,19,
guk-junior-2026-girls-15-17,p_97f97d97209e,27,True,158,14,finished,True,60,56.7,19,
guk-junior-2026-girls-15-17,p_ab1556dc4780,31,True,159,15,finished,True,60,50.0,20,
guk-junior-2026-girls-15-17,p_ae34ce66be62,31,True,159,15,finished,True,60,50.0,20,
guk-junior-2026-girls-15-17,p_da9e7c837e79,31,True,159,15,finished,True,60,50.0,20,
guk-junior-2026-girls-15-17,p_a367f4cd2cfa,34,True,162,18,finished,True,60,45.0,23,
guk-junior-2026-girls-15-17,p_73bae3ecae08,34,True,162,18,finished,True,60,45.0,23,
guk-junior-2026-girls-15-17,p_0b6d14dc286b,34,True,162,18,finished,True,60,45.0,23,
guk-junior-2026-girls-15-17,p_30a8b7fe1f46,37,False,164,20,finished,True,60,40.0,25,
guk-junior-2026-girls-15-17,p_295218aabb3f,38,False,165,21,finished,True,60,38.3,26,
guk-junior-2026-girls-15-17,p_d2b481686e4a,,False,80,8,cut,True,60,,,
guk-junior-2026-girls-15-17,p_e65df58011a0,,False,80,8,cut,True,60,,,
guk-junior-2026-girls-15-17,p_2c55cb34a6d6,,False,80,8,cut,True,60,,,
guk-junior-2026-girls-15-17,p_fc8357c477b2,,False,80,8,cut,True,60,,,
guk-junior-2026-girls-15-17,p_180ddd4e98e3,,False,80,8,cut,True,60,,,
guk-junior-2026-girls-15-17,p_147fed75f7b3,,False,81,9,cut,True,60,,,
guk-junior-2026-girls-15-17,p_07f570bb758b,,False,81,9,cut,True,60,,,
guk-junior-2026-girls-15-17,p_46c99a01a72f,,False,81,9,cut,True,60,,,
guk-junior-2026-girls-15-17,p_8cb5d82f981f,,False,81,9,cut,True,60,,,
guk-junior-2026-girls-15-17,p_0b31a7112f52,,False,82,10,cut,True,60,,,
guk-junior-2026-girls-15-17,p_d3bfb2131993,,False,82,10,cut,True,60,,,
guk-junior-2026-girls-15-17,p_a4180ea33a1c,,False,83,11,cut,True,60,,,
guk-junior-2026-girls-15-17,p_ddfff0a486c1,,False,83,11,cut,True,60,,,
guk-junior-2026-girls-15-17,p_165f2e716676,,False,83,11,cut,True,60,,,
guk-junior-2026-girls-15-17,p_ca26fa4a99fb,,False,83,11,cut,True,60,,,
guk-junior-2026-girls-15-17,p_4aaf3f35105c,,False,84,12,cut,True,60,,,
guk-junior-2026-girls-15-17,p_8082eee8d7cc,,False,85,13,cut,True,60,,,
guk-junior-2026-girls-15-17,p_56282998cfcf,,False,85,13,cut,True,60,,,
guk-junior-2026-girls-15-17,p_13d1de7ca619,,False,85,13,cut,True,60,,,
guk-junior-2026-girls-15-17,p_d77c0b37acf4,,False,87,15,cut,True,60,,,
guk-junior-2026-girls-15-17,p_5c8f990ce097,,False,88,16,cut,True,60,,,
guk-junior-2026-girls-15-17,p_892879e181a0,,False,91,19,cut,True,60,,,
kansai-kougoren-championship-2025-boys,p_46aace4d7844,1,False,63,,finished,True,47,100.0,0,
kansai-kougoren-championship-2025-boys,p_cc9d3dab077a,2,False,65,,finished,True,47,97.9,2,
kansai-kougoren-championship-2025-boys,p_8edb56369a53,3,False,69,,finished,True,47,95.7,6,
kansai-kougoren-championship-2025-boys,p_3a8faa2aa934,4,False,70,,finished,True,47,93.6,7,
kansai-kougoren-championship-2025-boys,p_bf83f3dbdd70,5,False,70,,finished,True,47,91.5,7,
kansai-kougoren-championship-2025-boys,p_b0ba77d21805,6,False,70,,finished,True,47,89.4,7,
kansai-kougoren-championship-2025-boys,p_f24544304816,7,False,71,,finished,True,47,87.2,8,
kansai-kougoren-championship-2025-boys,p_4e7c28090223,8,True,71,,finished,True,47,85.1,8,
kansai-kougoren-championship-2025-boys,p_75a0921e24ad,8,True,71,,finished,True,47,85.1,8,
kansai-kougoren-championship-2025-boys,p_cce29baa1bed,10,True,72,,finished,True,47,80.9,9,
kansai-kougoren-championship-2025-boys,p_1b03cfa34604,10,True,72,,finished,True,47,80.9,9,
kansai-kougoren-championship-2025-boys,p_1ef5903ae38b,10,True,72,,finished,True,47,80.9,9,
kansai-kougoren-championship-2025-boys,p_5aa227256f31,13,True,72,,finished,True,47,74.5,9,
kansai-kougoren-championship-2025-boys,p_b81d0467341a,13,True,72,,finished,True,47,74.5,9,
kansai-kougoren-championship-2025-boys,p_fb9e04716073,15,False,72,,finished,True,47,70.2,9,
kansai-kougoren-championship-2025-boys,p_4129a1a5b846,16,False,73,,finished,True,47,68.1,10,
kansai-kougoren-championship-2025-boys,p_f3e19efdc2b2,17,False,73,,finished,True,47,66.0,10,
kansai-kougoren-championship-2025-boys,p_d1138f5ceb65,18,True,73,,finished,True,47,63.8,10,
kansai-kougoren-championship-2025-boys,p_ea8beaa684e7,18,True,73,,finished,True,47,63.8,10,
kansai-kougoren-championship-2025-boys,p_dfda00cc8726,20,True,73,,finished,True,47,59.6,10,
kansai-kougoren-championship-2025-boys,p_1fea4c4fb7d8,20,True,73,,finished,True,47,59.6,10,
kansai-kougoren-championship-2025-boys,p_151046952757,22,False,73,,finished,True,47,55.3,10,
kansai-kougoren-championship-2025-boys,p_7999ce4a8f6a,23,False,74,,finished,True,47,53.2,11,
kansai-kougoren-championship-2025-boys,p_5b4a001e91fc,24,True,74,,finished,True,47,51.1,11,
kansai-kougoren-championship-2025-boys,p_8754855f0d63,24,True,74,,finished,True,47,51.1,11,
kansai-kougoren-championship-2025-boys,p_2477285a7bd8,26,True,74,,finished,True,47,46.8,11,
kansai-kougoren-championship-2025-boys,p_fdbe57eaea98,26,True,74,,finished,True,47,46.8,11,
kansai-kougoren-championship-2025-boys,p_50131c3b956b,28,True,75,,finished,True,47,42.6,12,
kansai-kougoren-championship-2025-boys,p_44eb21e8e6e3,28,True,75,,finished,True,47,42.6,12,
kansai-kougoren-championship-2025-boys,p_a33935e75857,30,False,75,,finished,True,47,38.3,12,
kansai-kougoren-championship-2025-boys,p_9c93f0814f24,31,False,75,,finished,True,47,36.2,12,
kansai-kougoren-championship-2025-boys,p_eb8e817b9057,32,False,75,,finished,True,47,34.0,12,
kansai-kougoren-championship-2025-boys,p_fbfecd294a57,33,False,76,,finished,True,47,31.9,13,
kansai-kougoren-championship-2025-boys,p_20a906600e3b,34,False,77,,finished,True,47,29.8,14,
kansai-kougoren-championship-2025-boys,p_eae165c30527,35,False,77,,finished,True,47,27.7,14,
kansai-kougoren-championship-2025-boys,p_476b82112e44,36,False,77,,finished,True,47,25.5,14,
kansai-kougoren-championship-2025-boys,p_539456467889,37,False,78,,finished,True,47,23.4,15,
kansai-kougoren-championship-2025-boys,p_9067dac8674a,38,False,78,,finished,True,47,21.3,15,
kansai-kougoren-championship-2025-boys,p_a38b081ec8e5,39,False,79,,finished,True,47,19.1,16,
kansai-kougoren-championship-2025-boys,p_b76a7c5e8963,40,False,81,,finished,True,47,17.0,18,
kansai-kougoren-championship-2025-boys,p_3c1eb0072afe,41,False,81,,finished,True,47,14.9,18,
kansai-kougoren-championship-2025-boys,p_e7a6500df195,42,False,81,,finished,True,47,12.8,18,
kansai-kougoren-championship-2025-boys,p_118a471b6a26,43,False,81,,finished,True,47,10.6,18,
kansai-kougoren-championship-2025-boys,p_8f1e36dfc516,44,False,81,,finished,True,47,8.5,18,
kansai-kougoren-championship-2025-boys,p_a8e5f84545d8,45,False,82,,finished,True,47,6.4,19,
kansai-kougoren-championship-2025-boys,p_eadab13a9fed,46,False,83,,finished,True,47,4.3,20,
kansai-kougoren-championship-2025-boys,p_81493147e8bb,47,False,85,,finished,True,47,2.1,22,
kansai-kougoren-championship-2025-boys,p_ef31070efe81,,False,,,dns,True,,,,
kansai-kougoren-championship-2025-girls,p_141d8fea9cfe,1,False,66,,finished,True,48,100.0,0,
kansai-kougoren-championship-2025-girls,p_be496450f8e4,2,False,68,,finished,True,48,97.9,2,
kansai-kougoren-championship-2025-girls,p_a193a13f27e9,3,False,69,,finished,True,48,95.8,3,
kansai-kougoren-championship-2025-girls,p_7c624aab5eb0,4,False,69,,finished,True,48,93.8,3,
kansai-kougoren-championship-2025-girls,p_b333a6e1b497,5,False,69,,finished,True,48,91.7,3,
kansai-kougoren-championship-2025-girls,p_d4d10c936d55,6,False,69,,finished,True,48,89.6,3,
kansai-kougoren-championship-2025-girls,p_a298c4c4c625,7,True,70,,finished,True,48,87.5,4,
kansai-kougoren-championship-2025-girls,p_5fdeabbcdb14,7,True,70,,finished,True,48,87.5,4,
kansai-kougoren-championship-2025-girls,p_a517f5d62d69,9,False,70,,finished,True,48,83.3,4,
kansai-kougoren-championship-2025-girls,p_fa26d8f78fa0,10,True,70,,finished,True,48,81.2,4,
kansai-kougoren-championship-2025-girls,p_d513047c765b,10,True,70,,finished,True,48,81.2,4,
kansai-kougoren-championship-2025-girls,p_59ad0ea066ae,12,True,71,,finished,True,48,77.1,5,
kansai-kougoren-championship-2025-girls,p_1abe9d1f4e18,12,True,71,,finished,True,48,77.1,5,
kansai-kougoren-championship-2025-girls,p_1927add38583,14,True,71,,finished,True,48,72.9,5,
kansai-kougoren-championship-2025-girls,p_0cce52b6e4a1,14,True,71,,finished,True,48,72.9,5,
kansai-kougoren-championship-2025-girls,p_75f4a6d317f5,16,False,72,,finished,True,48,68.8,6,
kansai-kougoren-championship-2025-girls,p_c105472b7654,17,True,72,,finished,True,48,66.7,6,
kansai-kougoren-championship-2025-girls,p_1fedd8d3c221,17,True,72,,finished,True,48,66.7,6,
kansai-kougoren-championship-2025-girls,p_36c9b0a14d4a,19,True,72,,finished,True,48,62.5,6,
kansai-kougoren-championship-2025-girls,p_0d8030b40870,19,True,72,,finished,True,48,62.5,6,
kansai-kougoren-championship-2025-girls,p_3ca577aca71f,21,True,72,,finished,True,48,58.3,6,
kansai-kougoren-championship-2025-girls,p_4ddc0b759977,21,True,72,,finished,True,48,58.3,6,
kansai-kougoren-championship-2025-girls,p_50ddff0ba36a,23,False,73,,finished,True,48,54.2,7,
kansai-kougoren-championship-2025-girls,p_50b9871f1b00,24,True,74,,finished,True,48,52.1,8,
kansai-kougoren-championship-2025-girls,p_b4e8adc3d659,24,True,74,,finished,True,48,52.1,8,
kansai-kougoren-championship-2025-girls,p_8aa5b18c8ff0,26,True,74,,finished,True,48,47.9,8,
kansai-kougoren-championship-2025-girls,p_b2a666f12918,26,True,74,,finished,True,48,47.9,8,
kansai-kougoren-championship-2025-girls,p_a65b488a89d1,28,False,74,,finished,True,48,43.8,8,
kansai-kougoren-championship-2025-girls,p_1ccd7b828fe6,29,False,75,,finished,True,48,41.7,9,
kansai-kougoren-championship-2025-girls,p_110a42ca0936,30,False,75,,finished,True,48,39.6,9,
kansai-kougoren-championship-2025-girls,p_34367665cc28,31,False,75,,finished,True,48,37.5,9,
kansai-kougoren-championship-2025-girls,p_0b43cf0cd612,32,False,76,,finished,True,48,35.4,10,
kansai-kougoren-championship-2025-girls,p_431127e570af,33,False,76,,finished,True,48,33.3,10,
kansai-kougoren-championship-2025-girls,p_7685f9dbbb05,34,True,76,,finished,True,48,31.2,10,
kansai-kougoren-championship-2025-girls,p_015e275b8f6d,34,True,76,,finished,True,48,31.2,10,
kansai-kougoren-championship-2025-girls,p_efcdf1178614,34,True,76,,finished,True,48,31.2,10,
kansai-kougoren-championship-2025-girls,p_aebcc83fab6e,37,False,77,,finished,True,48,25.0,11,
kansai-kougoren-championship-2025-girls,p_82f644e6aac5,38,False,77,,finished,True,48,22.9,11,
kansai-kougoren-championship-2025-girls,p_93fc6dcd5e4e,39,False,77,,finished,True,48,20.8,11,
kansai-kougoren-championship-2025-girls,p_869382d330b5,40,False,78,,finished,True,48,18.8,12,
kansai-kougoren-championship-2025-girls,p_4841492ca7a8,41,False,78,,finished,True,48,16.7,12,
kansai-kougoren-championship-2025-girls,p_78878c821ed9,42,False,79,,finished,True,48,14.6,13,
kansai-kougoren-championship-2025-girls,p_a340f72cdccb,43,False,79,,finished,True,48,12.5,13,
kansai-kougoren-championship-2025-girls,p_5d5495ea2956,44,False,80,,finished,True,48,10.4,14,
kansai-kougoren-championship-2025-girls,p_f0bba08116ef,45,False,81,,finished,True,48,8.3,15,
kansai-kougoren-championship-2025-girls,p_17e25616e7f8,46,False,82,,finished,True,48,6.2,16,
kansai-kougoren-championship-2025-girls,p_1289433cc8a9,47,False,82,,finished,True,48,4.2,16,
kansai-kougoren-championship-2025-girls,p_4e4f511fc36d,48,False,85,,finished,True,48,2.1,19,
kansai-kougoren-championship-2026-boys,p_4129a1a5b846,1,False,68,,finished,True,46,100.0,0,
kansai-kougoren-championship-2026-boys,p_b0ba77d21805,2,False,69,,finished,True,46,97.8,1,
kansai-kougoren-championship-2026-boys,p_aff0240e505b,3,False,69,,finished,True,46,95.7,1,
kansai-kougoren-championship-2026-boys,p_8edb56369a53,4,False,69,,finished,True,46,93.5,1,
kansai-kougoren-championship-2026-boys,p_df07813acc73,5,False,69,,finished,True,46,91.3,1,
kansai-kougoren-championship-2026-boys,p_f59758657549,6,False,70,,finished,True,46,89.1,2,
kansai-kougoren-championship-2026-boys,p_1ef5903ae38b,7,True,70,,finished,True,46,87.0,2,
kansai-kougoren-championship-2026-boys,p_dfda00cc8726,7,True,70,,finished,True,46,87.0,2,
kansai-kougoren-championship-2026-boys,p_1b03cfa34604,9,False,71,,finished,True,46,82.6,3,
kansai-kougoren-championship-2026-boys,p_cc9d3dab077a,10,False,71,,finished,True,46,80.4,3,
kansai-kougoren-championship-2026-boys,p_0b5e8a2fd78c,11,False,71,,finished,True,46,78.3,3,
kansai-kougoren-championship-2026-boys,p_fdbe57eaea98,12,False,72,,finished,True,46,76.1,4,
kansai-kougoren-championship-2026-boys,p_5aa227256f31,13,False,72,,finished,True,46,73.9,4,
kansai-kougoren-championship-2026-boys,p_f49da0847337,14,True,73,,finished,True,46,71.7,5,
kansai-kougoren-championship-2026-boys,p_46d4683a0ce9,14,True,73,,finished,True,46,71.7,5,
kansai-kougoren-championship-2026-boys,p_2477285a7bd8,16,False,74,,finished,True,46,67.4,6,
kansai-kougoren-championship-2026-boys,p_928c74de9d6a,17,False,74,,finished,True,46,65.2,6,
kansai-kougoren-championship-2026-boys,p_5b4a001e91fc,18,False,74,,finished,True,46,63.0,6,
kansai-kougoren-championship-2026-boys,p_476b82112e44,19,True,74,,finished,True,46,60.9,6,
kansai-kougoren-championship-2026-boys,p_8f1e36dfc516,19,True,74,,finished,True,46,60.9,6,
kansai-kougoren-championship-2026-boys,p_2574929b245d,21,False,74,,finished,True,46,56.5,6,
kansai-kougoren-championship-2026-boys,p_fbfecd294a57,22,False,75,,finished,True,46,54.3,7,
kansai-kougoren-championship-2026-boys,p_ef31070efe81,23,False,75,,finished,True,46,52.2,7,
kansai-kougoren-championship-2026-boys,p_f3e691d94880,24,False,75,,finished,True,46,50.0,7,
kansai-kougoren-championship-2026-boys,p_b81d0467341a,25,False,75,,finished,True,46,47.8,7,
kansai-kougoren-championship-2026-boys,p_f3e19efdc2b2,26,True,76,,finished,True,46,45.7,8,
kansai-kougoren-championship-2026-boys,p_b0cd54ea3b0f,26,True,76,,finished,True,46,45.7,8,
kansai-kougoren-championship-2026-boys,p_2d0f087ef426,28,True,76,,finished,True,46,41.3,8,
kansai-kougoren-championship-2026-boys,p_1fea4c4fb7d8,28,True,76,,finished,True,46,41.3,8,
kansai-kougoren-championship-2026-boys,p_1800936f2667,28,True,76,,finished,True,46,41.3,8,
kansai-kougoren-championship-2026-boys,p_80ccc7bbf3f7,31,False,77,,finished,True,46,34.8,9,
kansai-kougoren-championship-2026-boys,p_f8a230d1d9e0,32,True,77,,finished,True,46,32.6,9,
kansai-kougoren-championship-2026-boys,p_20dca4a04a11,32,True,77,,finished,True,46,32.6,9,
kansai-kougoren-championship-2026-boys,p_564ee936894d,34,False,77,,finished,True,46,28.3,9,
kansai-kougoren-championship-2026-boys,p_cce29baa1bed,35,False,78,,finished,True,46,26.1,10,
kansai-kougoren-championship-2026-boys,p_6f46ceae1915,36,True,79,,finished,True,46,23.9,11,
kansai-kougoren-championship-2026-boys,p_6d9e10c3116d,36,True,79,,finished,True,46,23.9,11,
kansai-kougoren-championship-2026-boys,p_d40c105bae79,38,False,79,,finished,True,46,19.6,11,
kansai-kougoren-championship-2026-boys,p_dd545f228fe7,39,False,79,,finished,True,46,17.4,11,
kansai-kougoren-championship-2026-boys,p_b26dde5c0906,40,False,80,,finished,True,46,15.2,12,
kansai-kougoren-championship-2026-boys,p_20a906600e3b,41,False,82,,finished,True,46,13.0,14,
kansai-kougoren-championship-2026-boys,p_167db77c2574,42,False,84,,finished,True,46,10.9,16,
kansai-kougoren-championship-2026-boys,p_f24544304816,43,False,85,,finished,True,46,8.7,17,
kansai-kougoren-championship-2026-boys,p_b76a7c5e8963,44,False,85,,finished,True,46,6.5,17,
kansai-kougoren-championship-2026-boys,p_fd9add4f19e7,45,False,86,,finished,True,46,4.3,18,
kansai-kougoren-championship-2026-boys,p_36d2bbc1444a,46,False,88,,finished,True,46,2.2,20,
kansai-kougoren-championship-2026-boys,p_c0cf041b034c,,False,,,dns,True,,,,
kansai-kougoren-championship-2026-boys,p_caeb8f3ea963,,False,,,dns,True,,,,
kansai-kougoren-championship-2026-girls,p_21e3c6d665c3,1,False,67,,finished,True,49,100.0,0,
kansai-kougoren-championship-2026-girls,p_bbb1f5bba6b9,2,False,67,,finished,True,49,98.0,0,
kansai-kougoren-championship-2026-girls,p_1927add38583,3,False,70,,finished,True,49,95.9,3,
kansai-kougoren-championship-2026-girls,p_02c8f3d7647e,4,False,70,,finished,True,49,93.9,3,
kansai-kougoren-championship-2026-girls,p_b333a6e1b497,5,False,70,,finished,True,49,91.8,3,
kansai-kougoren-championship-2026-girls,p_499033feaad0,6,False,70,,finished,True,49,89.8,3,
kansai-kougoren-championship-2026-girls,p_1ccd7b828fe6,7,False,70,,finished,True,49,87.8,3,
kansai-kougoren-championship-2026-girls,p_7740ab373f7a,8,True,71,,finished,True,49,85.7,4,
kansai-kougoren-championship-2026-girls,p_5fdeabbcdb14,8,True,71,,finished,True,49,85.7,4,
kansai-kougoren-championship-2026-girls,p_462f9c4a2b48,8,True,71,,finished,True,49,85.7,4,
kansai-kougoren-championship-2026-girls,p_50b9871f1b00,8,True,71,,finished,True,49,85.7,4,
kansai-kougoren-championship-2026-girls,p_69788e181a0f,8,True,71,,finished,True,49,85.7,4,
kansai-kougoren-championship-2026-girls,p_869382d330b5,13,False,71,,finished,True,49,75.5,4,
kansai-kougoren-championship-2026-girls,p_35a76917470b,14,False,72,,finished,True,49,73.5,5,
kansai-kougoren-championship-2026-girls,p_72d375c61403,15,False,72,,finished,True,49,71.4,5,
kansai-kougoren-championship-2026-girls,p_fce7a3746694,16,True,72,,finished,True,49,69.4,5,
kansai-kougoren-championship-2026-girls,p_f4506eaf2a60,16,True,72,,finished,True,49,69.4,5,
kansai-kougoren-championship-2026-girls,p_196c07965d51,18,False,73,,finished,True,49,65.3,6,
kansai-kougoren-championship-2026-girls,p_9834d3ac7f71,19,True,73,,finished,True,49,63.3,6,
kansai-kougoren-championship-2026-girls,p_95a86fbf5001,19,True,73,,finished,True,49,63.3,6,
kansai-kougoren-championship-2026-girls,p_78878c821ed9,19,True,73,,finished,True,49,63.3,6,
kansai-kougoren-championship-2026-girls,p_ba4a0280bef5,22,False,73,,finished,True,49,57.1,6,
kansai-kougoren-championship-2026-girls,p_d513047c765b,23,False,74,,finished,True,49,55.1,7,
kansai-kougoren-championship-2026-girls,p_43b18ddb342d,24,True,74,,finished,True,49,53.1,7,
kansai-kougoren-championship-2026-girls,p_afdfb8ed316e,24,True,74,,finished,True,49,53.1,7,
kansai-kougoren-championship-2026-girls,p_141d8fea9cfe,24,True,74,,finished,True,49,53.1,7,
kansai-kougoren-championship-2026-girls,p_827767d89d11,27,True,74,,finished,True,49,46.9,7,
kansai-kougoren-championship-2026-girls,p_ea89b4e9b09f,27,True,74,,finished,True,49,46.9,7,
kansai-kougoren-championship-2026-girls,p_3dc66c7b80da,27,True,74,,finished,True,49,46.9,7,
kansai-kougoren-championship-2026-girls,p_3f8bca0cdb9b,27,True,74,,finished,True,49,46.9,7,
kansai-kougoren-championship-2026-girls,p_110a42ca0936,27,True,74,,finished,True,49,46.9,7,
kansai-kougoren-championship-2026-girls,p_50ddff0ba36a,32,True,75,,finished,True,49,36.7,8,
kansai-kougoren-championship-2026-girls,p_a298c4c4c625,32,True,75,,finished,True,49,36.7,8,
kansai-kougoren-championship-2026-girls,p_01a8ec254ba8,34,False,76,,finished,True,49,32.7,9,
kansai-kougoren-championship-2026-girls,p_93fc6dcd5e4e,35,False,76,,finished,True,49,30.6,9,
kansai-kougoren-championship-2026-girls,p_f2e7fcb85bd1,36,False,77,,finished,True,49,28.6,10,
kansai-kougoren-championship-2026-girls,p_a1a46c066aad,37,False,77,,finished,True,49,26.5,10,
kansai-kougoren-championship-2026-girls,p_439a4d96259b,38,False,77,,finished,True,49,24.5,10,
kansai-kougoren-championship-2026-girls,p_e333de2d16a4,39,False,78,,finished,True,49,22.4,11,
kansai-kougoren-championship-2026-girls,p_9ce38d548a4a,40,False,79,,finished,True,49,20.4,12,
kansai-kougoren-championship-2026-girls,p_bf087099045b,41,False,80,,finished,True,49,18.4,13,
kansai-kougoren-championship-2026-girls,p_0c7ba489f1d4,42,False,81,,finished,True,49,16.3,14,
kansai-kougoren-championship-2026-girls,p_9c7e2ffaca15,43,False,82,,finished,True,49,14.3,15,
kansai-kougoren-championship-2026-girls,p_435acb2ca4d3,44,False,82,,finished,True,49,12.2,15,
kansai-kougoren-championship-2026-girls,p_733f69a4eace,45,False,84,,finished,True,49,10.2,17,
kansai-kougoren-championship-2026-girls,p_b8adba129cc3,46,False,86,,finished,True,49,8.2,19,
kansai-kougoren-championship-2026-girls,p_a340f72cdccb,47,False,88,,finished,True,49,6.1,21,
kansai-kougoren-championship-2026-girls,p_67be4cfb5103,48,False,92,,finished,True,49,4.1,25,
kansai-kougoren-championship-2026-girls,p_226b26eaffae,49,False,102,,finished,True,49,2.0,35,
kansai-kougoren-fall-final-2025-boys,p_5aa227256f31,1,False,140,,finished,True,66,100.0,0,-4.3
kansai-kougoren-fall-final-2025-boys,p_b0ba77d21805,2,False,142,,finished,True,66,98.5,2,-3.5
kansai-kougoren-fall-final-2025-boys,p_f59758657549,3,False,142,,finished,True,66,97.0,2,-3.5
kansai-kougoren-fall-final-2025-boys,p_cc9d3dab077a,4,False,144,,finished,True,66,95.5,4,-2.7
kansai-kougoren-fall-final-2025-boys,p_aff0240e505b,5,False,145,,finished,True,66,93.9,5,-2.3
kansai-kougoren-fall-final-2025-boys,p_58a18642a4f4,6,False,147,,finished,True,66,92.4,7,-1.5
kansai-kougoren-fall-final-2025-boys,p_1fea4c4fb7d8,7,True,148,,finished,True,66,90.9,8,-1.1
kansai-kougoren-fall-final-2025-boys,p_6f46ceae1915,7,True,148,,finished,True,66,90.9,8,-1.1
kansai-kougoren-fall-final-2025-boys,p_dfda00cc8726,7,True,148,,finished,True,66,90.9,8,-1.1
kansai-kougoren-fall-final-2025-boys,p_f59c98c3d8a7,7,True,148,,finished,True,66,90.9,8,-1.1
kansai-kougoren-fall-final-2025-boys,p_f3e691d94880,7,True,148,,finished,True,66,90.9,8,-1.1
kansai-kougoren-fall-final-2025-boys,p_20a906600e3b,12,False,149,,finished,True,66,83.3,9,-0.7
kansai-kougoren-fall-final-2025-boys,p_b5edbddadafc,13,True,150,,finished,True,66,81.8,10,-0.3
kansai-kougoren-fall-final-2025-boys,p_1b03cfa34604,13,True,150,,finished,True,66,81.8,10,-0.3
kansai-kougoren-fall-final-2025-boys,p_1ef5903ae38b,15,False,151,,finished,True,66,78.8,11,0.1
kansai-kougoren-fall-final-2025-boys,p_5b4a001e91fc,16,False,153,,finished,True,66,77.3,13,0.9
kansai-kougoren-fall-final-2025-boys,p_b81d0467341a,17,True,154,,finished,True,66,75.8,14,1.3
kansai-kougoren-fall-final-2025-boys,p_4129a1a5b846,17,True,154,,finished,True,66,75.8,14,1.3
kansai-kougoren-fall-final-2025-boys,p_f3e19efdc2b2,17,True,154,,finished,True,66,75.8,14,1.3
kansai-kougoren-fall-final-2025-boys,p_2477285a7bd8,17,True,154,,finished,True,66,75.8,14,1.3
kansai-kougoren-fall-final-2025-boys,p_476b82112e44,21,True,156,,finished,True,66,69.7,16,2.1
kansai-kougoren-fall-final-2025-boys,p_fdbe57eaea98,21,True,156,,finished,True,66,69.7,16,2.1
kansai-kougoren-fall-final-2025-boys,p_e7f3277400b8,23,True,157,,finished,True,66,66.7,17,2.5
kansai-kougoren-fall-final-2025-boys,p_cce29baa1bed,23,True,157,,finished,True,66,66.7,17,2.5
kansai-kougoren-fall-final-2025-boys,p_a8e5f84545d8,25,True,158,,finished,True,66,63.6,18,2.9
kansai-kougoren-fall-final-2025-boys,p_b454b2cdec39,25,True,158,,finished,True,66,63.6,18,2.9
kansai-kougoren-fall-final-2025-boys,p_25c904058022,27,False,159,,finished,True,66,60.6,19,3.3
kansai-kougoren-fall-final-2025-boys,p_8edb56369a53,28,True,161,,finished,True,66,59.1,21,4.1
kansai-kougoren-fall-final-2025-boys,p_caeb8f3ea963,28,True,161,,finished,True,66,59.1,21,4.1
kansai-kougoren-fall-final-2025-boys,p_ef31070efe81,28,True,161,,finished,True,66,59.1,21,4.1
kansai-kougoren-fall-final-2025-boys,p_f8a230d1d9e0,31,False,162,,finished,True,66,54.5,22,4.5
kansai-kougoren-fall-final-2025-boys,p_b26dde5c0906,32,True,163,,finished,True,66,53.0,23,4.9
kansai-kougoren-fall-final-2025-boys,p_8f1e36dfc516,32,True,163,,finished,True,66,53.0,23,4.9
kansai-kougoren-fall-final-2025-boys,p_f39b0394eb18,32,True,163,,finished,True,66,53.0,23,4.9
kansai-kougoren-fall-final-2025-boys,p_6d9e10c3116d,35,True,164,,finished,True,66,48.5,24,5.3
kansai-kougoren-fall-final-2025-boys,p_1fc692738a0c,35,True,164,,finished,True,66,48.5,24,5.3
kansai-kougoren-fall-final-2025-boys,p_2574929b245d,37,False,165,,finished,True,66,45.5,25,5.7
kansai-kougoren-fall-final-2025-boys,p_83c8eb548594,38,False,166,,finished,True,66,43.9,26,6.1
kansai-kougoren-fall-final-2025-boys,p_768a6beba217,39,True,168,,finished,True,66,42.4,28,6.9
kansai-kougoren-fall-final-2025-boys,p_e50302b7b4e8,39,True,168,,finished,True,66,42.4,28,6.9
kansai-kougoren-fall-final-2025-boys,p_d40c105bae79,39,True,168,,finished,True,66,42.4,28,6.9
kansai-kougoren-fall-final-2025-boys,p_72915698cdda,42,False,169,,finished,True,66,37.9,29,7.3
kansai-kougoren-fall-final-2025-boys,p_d1aea7255795,43,True,170,,finished,True,66,36.4,30,7.7
kansai-kougoren-fall-final-2025-boys,p_36d2bbc1444a,43,True,170,,finished,True,66,36.4,30,7.7
kansai-kougoren-fall-final-2025-boys,p_f9c6dd0eca0a,45,True,171,,finished,True,66,33.3,31,8.1
kansai-kougoren-fall-final-2025-boys,p_dc68ba539c59,45,True,171,,finished,True,66,33.3,31,8.1
kansai-kougoren-fall-final-2025-boys,p_2ead8db4cc4e,47,False,172,,finished,True,66,30.3,32,8.5
kansai-kougoren-fall-final-2025-boys,p_f87cdce4ecd7,48,False,174,,finished,True,66,28.8,34,9.3
kansai-kougoren-fall-final-2025-boys,p_c99b20fc2ad2,49,True,175,,finished,True,66,27.3,35,9.7
kansai-kougoren-fall-final-2025-boys,p_7e53fdab92b2,49,True,175,,finished,True,66,27.3,35,9.7
kansai-kougoren-fall-final-2025-boys,p_978ca17f65e2,49,True,175,,finished,True,66,27.3,35,9.7
kansai-kougoren-fall-final-2025-boys,p_1bfeb9201fe4,52,True,177,,finished,True,66,22.7,37,10.5
kansai-kougoren-fall-final-2025-boys,p_664c86fd0e51,52,True,177,,finished,True,66,22.7,37,10.5
kansai-kougoren-fall-final-2025-boys,p_257d3cab644a,52,True,177,,finished,True,66,22.7,37,10.5
kansai-kougoren-fall-final-2025-boys,p_588726f4c4b3,55,False,178,,finished,True,66,18.2,38,10.9
kansai-kougoren-fall-final-2025-boys,p_71332fceb005,56,False,179,,finished,True,66,16.7,39,11.3
kansai-kougoren-fall-final-2025-boys,p_d8e2f19134b5,57,True,180,,finished,True,66,15.2,40,11.7
kansai-kougoren-fall-final-2025-boys,p_928c74de9d6a,57,True,180,,finished,True,66,15.2,40,11.7
kansai-kougoren-fall-final-2025-boys,p_b2e387c2ac7c,59,False,184,,finished,True,66,12.1,44,13.3
kansai-kougoren-fall-final-2025-boys,p_9996fc6a4a74,60,False,186,,finished,True,66,10.6,46,14.1
kansai-kougoren-fall-final-2025-boys,p_ae22933881ec,61,False,189,,finished,True,66,9.1,49,15.3
kansai-kougoren-fall-final-2025-boys,p_39c980477b34,62,False,190,,finished,True,66,7.6,50,15.7
kansai-kougoren-fall-final-2025-boys,p_e7a1584e98ae,63,True,197,,finished,True,66,6.1,57,18.5
kansai-kougoren-fall-final-2025-boys,p_f75830e4d1d4,63,True,197,,finished,True,66,6.1,57,18.5
kansai-kougoren-fall-final-2025-boys,p_d2107e996964,65,False,207,,finished,True,66,3.0,67,22.5
kansai-kougoren-fall-final-2025-boys,p_bd68554908f2,,False,,,wd,True,66,,,10.9
kansai-kougoren-fall-final-2025-boys,p_fbfecd294a57,,False,,,dns,True,,,,
kansai-kougoren-fall-final-2025-boys,p_bf83f3dbdd70,,False,,,dns,True,,,,
kansai-kougoren-fall-final-2025-boys,p_f24544304816,,False,,,dns,True,,,,
kansai-kougoren-fall-final-2025-girls,p_b333a6e1b497,1,False,143,,finished,True,64,100.0,0,
kansai-kougoren-fall-final-2025-girls,p_110a42ca0936,2,False,144,,finished,True,64,98.4,1,
kansai-kougoren-fall-final-2025-girls,p_c105472b7654,3,False,145,,finished,True,64,96.9,2,
kansai-kougoren-fall-final-2025-girls,p_1927add38583,4,False,147,,finished,True,64,95.3,4,
kansai-kougoren-fall-final-2025-girls,p_69788e181a0f,5,False,147,,finished,True,64,93.8,4,
kansai-kougoren-fall-final-2025-girls,p_50b9871f1b00,6,False,147,,finished,True,64,92.2,4,
kansai-kougoren-fall-final-2025-girls,p_ff7cd535269e,7,True,148,,finished,True,64,90.6,5,
kansai-kougoren-fall-final-2025-girls,p_78878c821ed9,7,True,148,,finished,True,64,90.6,5,
kansai-kougoren-fall-final-2025-girls,p_e333de2d16a4,7,True,148,,finished,True,64,90.6,5,
kansai-kougoren-fall-final-2025-girls,p_5fdeabbcdb14,10,True,149,,finished,True,64,85.9,6,
kansai-kougoren-fall-final-2025-girls,p_141d8fea9cfe,10,True,149,,finished,True,64,85.9,6,
kansai-kougoren-fall-final-2025-girls,p_1abe9d1f4e18,12,True,151,,finished,True,64,82.8,8,
kansai-kougoren-fall-final-2025-girls,p_d4d10c936d55,12,True,151,,finished,True,64,82.8,8,
kansai-kougoren-fall-final-2025-girls,p_1ccd7b828fe6,12,True,151,,finished,True,64,82.8,8,
kansai-kougoren-fall-final-2025-girls,p_02c8f3d7647e,12,True,151,,finished,True,64,82.8,8,
kansai-kougoren-fall-final-2025-girls,p_52ccbb934d31,16,False,152,,finished,True,64,76.6,9,
kansai-kougoren-fall-final-2025-girls,p_389b7bd7c744,17,True,153,,finished,True,64,75.0,10,
kansai-kougoren-fall-final-2025-girls,p_d513047c765b,17,True,153,,finished,True,64,75.0,10,
kansai-kougoren-fall-final-2025-girls,p_a298c4c4c625,19,True,154,,finished,True,64,71.9,11,
kansai-kougoren-fall-final-2025-girls,p_a517f5d62d69,19,True,154,,finished,True,64,71.9,11,
kansai-kougoren-fall-final-2025-girls,p_439a4d96259b,19,True,154,,finished,True,64,71.9,11,
kansai-kougoren-fall-final-2025-girls,p_b985391a9e17,19,True,154,,finished,True,64,71.9,11,
kansai-kougoren-fall-final-2025-girls,p_c8e0c1937ba8,23,True,155,,finished,True,64,65.6,12,
kansai-kougoren-fall-final-2025-girls,p_ea89b4e9b09f,23,True,155,,finished,True,64,65.6,12,
kansai-kougoren-fall-final-2025-girls,p_f0bba08116ef,25,False,156,,finished,True,64,62.5,13,
kansai-kougoren-fall-final-2025-girls,p_a340f72cdccb,26,False,157,,finished,True,64,60.9,14,
kansai-kougoren-fall-final-2025-girls,p_fce7a3746694,27,False,158,,finished,True,64,59.4,15,
kansai-kougoren-fall-final-2025-girls,p_9c7e2ffaca15,28,True,159,,finished,True,64,57.8,16,
kansai-kougoren-fall-final-2025-girls,p_3dc66c7b80da,28,True,159,,finished,True,64,57.8,16,
kansai-kougoren-fall-final-2025-girls,p_ed42e3aa02b3,30,True,160,,finished,True,64,54.7,17,
kansai-kougoren-fall-final-2025-girls,p_93fc6dcd5e4e,30,True,160,,finished,True,64,54.7,17,
kansai-kougoren-fall-final-2025-girls,p_9129105936cf,32,False,161,,finished,True,64,51.6,18,
kansai-kougoren-fall-final-2025-girls,p_34367665cc28,33,False,162,,finished,True,64,50.0,19,
kansai-kougoren-fall-final-2025-girls,p_29f4489d6381,34,True,163,,finished,True,64,48.4,20,
kansai-kougoren-fall-final-2025-girls,p_3387126a983b,34,True,163,,finished,True,64,48.4,20,
kansai-kougoren-fall-final-2025-girls,p_50ddff0ba36a,36,True,166,,finished,True,64,45.3,23,
kansai-kougoren-fall-final-2025-girls,p_b4e8adc3d659,36,True,166,,finished,True,64,45.3,23,
kansai-kougoren-fall-final-2025-girls,p_a50079b48911,36,True,166,,finished,True,64,45.3,23,
kansai-kougoren-fall-final-2025-girls,p_f2e7fcb85bd1,39,False,167,,finished,True,64,40.6,24,
kansai-kougoren-fall-final-2025-girls,p_85b6b0fcc98c,40,False,168,,finished,True,64,39.1,25,
kansai-kougoren-fall-final-2025-girls,p_435acb2ca4d3,41,True,169,,finished,True,64,37.5,26,
kansai-kougoren-fall-final-2025-girls,p_4e4f511fc36d,41,True,169,,finished,True,64,37.5,26,
kansai-kougoren-fall-final-2025-girls,p_e26af6b9216f,43,False,173,,finished,True,64,34.4,30,
kansai-kougoren-fall-final-2025-girls,p_621902b153e8,44,True,175,,finished,True,64,32.8,32,
kansai-kougoren-fall-final-2025-girls,p_bf087099045b,44,True,175,,finished,True,64,32.8,32,
kansai-kougoren-fall-final-2025-girls,p_a0b896cfc9d6,46,True,176,,finished,True,64,29.7,33,
kansai-kougoren-fall-final-2025-girls,p_fc6fe05fbeea,46,True,176,,finished,True,64,29.7,33,
kansai-kougoren-fall-final-2025-girls,p_c10a80aabc11,48,False,177,,finished,True,64,26.6,34,
kansai-kougoren-fall-final-2025-girls,p_f7acc4c1e46f,49,False,178,,finished,True,64,25.0,35,
kansai-kougoren-fall-final-2025-girls,p_c0f0f8ed4667,50,True,179,,finished,True,64,23.4,36,
kansai-kougoren-fall-final-2025-girls,p_bfa5c77c8fda,50,True,179,,finished,True,64,23.4,36,
kansai-kougoren-fall-final-2025-girls,p_0c7ba489f1d4,50,True,179,,finished,True,64,23.4,36,
kansai-kougoren-fall-final-2025-girls,p_a24a52011386,53,False,184,,finished,True,64,18.8,41,
kansai-kougoren-fall-final-2025-girls,p_799e45707f30,54,False,187,,finished,True,64,17.2,44,
kansai-kougoren-fall-final-2025-girls,p_6c88de2cf44f,55,False,190,,finished,True,64,15.6,47,
kansai-kougoren-fall-final-2025-girls,p_3edbe14fd2df,56,False,192,,finished,True,64,14.1,49,
kansai-kougoren-fall-final-2025-girls,p_f921d8697d5e,57,False,198,,finished,True,64,12.5,55,
kansai-kougoren-fall-final-2025-girls,p_fffe88f1fa65,58,True,200,,finished,True,64,10.9,57,
kansai-kougoren-fall-final-2025-girls,p_4f9957c9b896,58,True,200,,finished,True,64,10.9,57,
kansai-kougoren-fall-final-2025-girls,p_40e5111a16ba,60,False,202,,finished,True,64,7.8,59,
kansai-kougoren-fall-final-2025-girls,p_fd22d79093de,61,False,213,,finished,True,64,6.2,70,
kansai-kougoren-fall-final-2025-girls,p_16a4db0b6588,62,False,216,,finished,True,64,4.7,73,
kansai-kougoren-fall-final-2025-girls,p_015e275b8f6d,,False,,,wd,True,64,,,
kansai-kougoren-fall-final-2025-girls,p_c5b0ee53839a,,False,,,wd,True,64,,,
kansai-kougoren-fall-final-2025-girls,p_7b70c5366dd7,,False,,,dns,True,,,,
kga-cup-junior-2025-boys-15-17,p_620960fb0cff,1,False,69,-3,finished,True,42,100.0,0,
kga-cup-junior-2025-boys-15-17,p_d4f43031e284,2,False,70,-2,finished,True,42,97.6,1,
kga-cup-junior-2025-boys-15-17,p_303676ad213c,3,False,72,0,finished,True,42,95.2,3,
kga-cup-junior-2025-boys-15-17,p_f9dbc2b6e7c6,4,False,73,1,finished,True,42,92.9,4,
kga-cup-junior-2025-boys-15-17,p_012a1da5d79d,5,False,73,1,finished,True,42,90.5,4,
kga-cup-junior-2025-boys-15-17,p_36648b62c10f,6,False,74,2,finished,True,42,88.1,5,
kga-cup-junior-2025-boys-15-17,p_36a10f7affbd,7,False,74,2,finished,True,42,85.7,5,
kga-cup-junior-2025-boys-15-17,p_c04932b3fab8,8,False,74,2,finished,True,42,83.3,5,
kga-cup-junior-2025-boys-15-17,p_cdef29f28db7,9,False,75,3,finished,True,42,81.0,6,
kga-cup-junior-2025-boys-15-17,p_5dbbf3dd2431,10,False,77,5,finished,True,42,78.6,8,
kga-cup-junior-2025-boys-15-17,p_1f26259b8d0b,11,False,77,5,finished,True,42,76.2,8,
kga-cup-junior-2025-boys-15-17,p_7cfef296e6f3,12,False,77,5,finished,True,42,73.8,8,
kga-cup-junior-2025-boys-15-17,p_161e022585dc,13,False,77,5,finished,True,42,71.4,8,
kga-cup-junior-2025-boys-15-17,p_3ba11dda4f49,14,False,78,6,finished,True,42,69.0,9,
kga-cup-junior-2025-boys-15-17,p_20646530e101,15,False,78,6,finished,True,42,66.7,9,
kga-cup-junior-2025-boys-15-17,p_018eb7bb7b57,16,False,79,7,finished,True,42,64.3,10,
kga-cup-junior-2025-boys-15-17,p_530e572198b8,17,False,79,7,finished,True,42,61.9,10,
kga-cup-junior-2025-boys-15-17,p_90c53efcd245,18,False,80,8,finished,True,42,59.5,11,
kga-cup-junior-2025-boys-15-17,p_ef128ecc1c04,19,False,81,9,finished,True,42,57.1,12,
kga-cup-junior-2025-boys-15-17,p_98464ef22674,20,False,81,9,finished,True,42,54.8,12,
kga-cup-junior-2025-boys-15-17,p_8581e6a5787e,21,False,81,9,finished,True,42,52.4,12,
kga-cup-junior-2025-boys-15-17,p_6db891fb7417,22,False,81,9,finished,True,42,50.0,12,
kga-cup-junior-2025-boys-15-17,p_e9c7706b4c57,23,False,82,10,finished,True,42,47.6,13,
kga-cup-junior-2025-boys-15-17,p_ffd015c7509a,24,False,82,10,finished,True,42,45.2,13,
kga-cup-junior-2025-boys-15-17,p_b51437039b75,25,False,83,11,finished,True,42,42.9,14,
kga-cup-junior-2025-boys-15-17,p_0a7ced24240a,26,False,83,11,finished,True,42,40.5,14,
kga-cup-junior-2025-boys-15-17,p_1fc230df1e7b,27,False,83,11,finished,True,42,38.1,14,
kga-cup-junior-2025-boys-15-17,p_b40f63ddc39d,28,False,83,11,finished,True,42,35.7,14,
kga-cup-junior-2025-boys-15-17,p_11482d423aac,29,False,85,13,finished,True,42,33.3,16,
kga-cup-junior-2025-boys-15-17,p_f0e063ad458e,30,False,87,15,finished,True,42,31.0,18,
kga-cup-junior-2025-boys-15-17,p_b77b7bf55d7d,31,False,87,15,finished,True,42,28.6,18,
kga-cup-junior-2025-boys-15-17,p_af715053c624,32,False,88,16,finished,True,42,26.2,19,
kga-cup-junior-2025-boys-15-17,p_75ae18078159,33,False,88,16,finished,True,42,23.8,19,
kga-cup-junior-2025-boys-15-17,p_51cfdb5e6d8e,34,False,89,17,finished,True,42,21.4,20,
kga-cup-junior-2025-boys-15-17,p_b4fe31371c06,35,False,90,18,finished,True,42,19.0,21,
kga-cup-junior-2025-boys-15-17,p_e4a79e14c71a,36,False,90,18,finished,True,42,16.7,21,
kga-cup-junior-2025-boys-15-17,p_9b769ae62653,37,False,91,19,finished,True,42,14.3,22,
kga-cup-junior-2025-boys-15-17,p_42980d645b33,38,False,92,20,finished,True,42,11.9,23,
kga-cup-junior-2025-boys-15-17,p_b035a937958d,39,False,94,22,finished,True,42,9.5,25,
kga-cup-junior-2025-boys-15-17,p_aa395a4b4d82,40,False,94,22,finished,True,42,7.1,25,
kga-cup-junior-2025-boys-15-17,p_d24a247aef31,41,False,97,25,finished,True,42,4.8,28,
kga-cup-junior-2025-boys-15-17,p_80e9d44063a7,42,False,102,30,finished,True,42,2.4,33,
kga-cup-junior-2025-girls-15-17,p_74538d515df6,1,False,73,1,finished,True,42,100.0,0,
kga-cup-junior-2025-girls-15-17,p_cbd41accd89d,2,False,73,1,finished,True,42,97.6,0,
kga-cup-junior-2025-girls-15-17,p_462c55385b7e,3,False,74,2,finished,True,42,95.2,1,
kga-cup-junior-2025-girls-15-17,p_d1812e1368ad,4,False,74,2,finished,True,42,92.9,1,
kga-cup-junior-2025-girls-15-17,p_2a220ebbeefb,5,False,75,3,finished,True,42,90.5,2,
kga-cup-junior-2025-girls-15-17,p_c264ca86190e,6,False,75,3,finished,True,42,88.1,2,
kga-cup-junior-2025-girls-15-17,p_f7a26d404a3f,7,False,75,3,finished,True,42,85.7,2,
kga-cup-junior-2025-girls-15-17,p_b1325bdf15ff,8,False,76,4,finished,True,42,83.3,3,
kga-cup-junior-2025-girls-15-17,p_d38f2c7a9e56,9,False,76,4,finished,True,42,81.0,3,
kga-cup-junior-2025-girls-15-17,p_54be68493874,10,False,76,4,finished,True,42,78.6,3,
kga-cup-junior-2025-girls-15-17,p_ccc718051c54,11,False,77,5,finished,True,42,76.2,4,
kga-cup-junior-2025-girls-15-17,p_5cb2ec9ea1c2,12,False,78,6,finished,True,42,73.8,5,
kga-cup-junior-2025-girls-15-17,p_ae113075d0f6,13,False,78,6,finished,True,42,71.4,5,
kga-cup-junior-2025-girls-15-17,p_502de0189588,14,False,78,6,finished,True,42,69.0,5,
kga-cup-junior-2025-girls-15-17,p_b2ea0332a4fc,15,False,78,6,finished,True,42,66.7,5,
kga-cup-junior-2025-girls-15-17,p_b66f79e80c51,16,False,78,6,finished,True,42,64.3,5,
kga-cup-junior-2025-girls-15-17,p_30f6f4460915,17,False,78,6,finished,True,42,61.9,5,
kga-cup-junior-2025-girls-15-17,p_58af8fc92b99,18,False,79,7,finished,True,42,59.5,6,
kga-cup-junior-2025-girls-15-17,p_d5f90805d44e,19,False,79,7,finished,True,42,57.1,6,
kga-cup-junior-2025-girls-15-17,p_f934893a76db,20,False,79,7,finished,True,42,54.8,6,
kga-cup-junior-2025-girls-15-17,p_8aa2b41b258a,21,False,80,8,finished,True,42,52.4,7,
kga-cup-junior-2025-girls-15-17,p_42b079c02090,22,False,80,8,finished,True,42,50.0,7,
kga-cup-junior-2025-girls-15-17,p_c1d3e155260c,23,False,81,9,finished,True,42,47.6,8,
kga-cup-junior-2025-girls-15-17,p_74020918f46d,24,False,81,9,finished,True,42,45.2,8,
kga-cup-junior-2025-girls-15-17,p_792e1b75f827,25,False,81,9,finished,True,42,42.9,8,
kga-cup-junior-2025-girls-15-17,p_67d36599aff5,26,False,82,10,finished,True,42,40.5,9,
kga-cup-junior-2025-girls-15-17,p_957cb0857801,27,False,82,10,finished,True,42,38.1,9,
kga-cup-junior-2025-girls-15-17,p_2f5576c2a633,28,False,82,10,finished,True,42,35.7,9,
kga-cup-junior-2025-girls-15-17,p_07cbbb2ca56c,29,False,82,10,finished,True,42,33.3,9,
kga-cup-junior-2025-girls-15-17,p_a156e2996f73,30,False,83,11,finished,True,42,31.0,10,
kga-cup-junior-2025-girls-15-17,p_8ca598bb8072,31,False,83,11,finished,True,42,28.6,10,
kga-cup-junior-2025-girls-15-17,p_c0fc3be78a4a,32,False,83,11,finished,True,42,26.2,10,
kga-cup-junior-2025-girls-15-17,p_9a10e5d29950,33,False,87,15,finished,True,42,23.8,14,
kga-cup-junior-2025-girls-15-17,p_a3fb3120d4c2,34,False,87,15,finished,True,42,21.4,14,
kga-cup-junior-2025-girls-15-17,p_076c0aaed9c8,35,False,88,16,finished,True,42,19.0,15,
kga-cup-junior-2025-girls-15-17,p_d4636a756bd9,36,False,89,17,finished,True,42,16.7,16,
kga-cup-junior-2025-girls-15-17,p_0f804097cf82,37,False,91,19,finished,True,42,14.3,18,
kga-cup-junior-2025-girls-15-17,p_cfcd095d929b,38,False,92,20,finished,True,42,11.9,19,
kga-cup-junior-2025-girls-15-17,p_22a4e3b3b698,39,False,94,22,finished,True,42,9.5,21,
kga-cup-junior-2025-girls-15-17,p_9dfa2a5066e7,40,False,94,22,finished,True,42,7.1,21,
kga-cup-junior-2025-girls-15-17,p_0744c25bdc33,41,False,95,23,finished,True,42,4.8,22,
kga-cup-junior-2025-girls-15-17,p_dd126ea8f1be,,False,,,wd,True,42,,,
kga-cup-junior-2025-girls-15-17,p_9723f3b98f80,,False,,,dns,True,,,,
kga-cup-junior-2026-boys-15-17,p_3eafcdf3e353,1,False,67,-5,finished,True,37,100.0,0,
kga-cup-junior-2026-boys-15-17,p_3734f3bc49ce,2,False,70,-2,finished,True,37,97.3,3,
kga-cup-junior-2026-boys-15-17,p_cdef29f28db7,3,False,72,0,finished,True,37,94.6,5,
kga-cup-junior-2026-boys-15-17,p_3ba11dda4f49,4,False,75,3,finished,True,37,91.9,8,
kga-cup-junior-2026-boys-15-17,p_75ae18078159,5,False,76,4,finished,True,37,89.2,9,
kga-cup-junior-2026-boys-15-17,p_9d352d9f8cdb,6,False,76,4,finished,True,37,86.5,9,
kga-cup-junior-2026-boys-15-17,p_d4f43031e284,7,False,77,5,finished,True,37,83.8,10,
kga-cup-junior-2026-boys-15-17,p_42980d645b33,8,False,77,5,finished,True,37,81.1,10,
kga-cup-junior-2026-boys-15-17,p_b199bc8d42b6,9,False,77,5,finished,True,37,78.4,10,
kga-cup-junior-2026-boys-15-17,p_c5863ad2b5cb,10,False,77,5,finished,True,37,75.7,10,
kga-cup-junior-2026-boys-15-17,p_b99e0443e58a,11,False,79,7,finished,True,37,73.0,12,
kga-cup-junior-2026-boys-15-17,p_f0e063ad458e,12,False,79,7,finished,True,37,70.3,12,
kga-cup-junior-2026-boys-15-17,p_d59f3bb83f58,13,False,79,7,finished,True,37,67.6,12,
kga-cup-junior-2026-boys-15-17,p_67d748d45c80,14,False,79,7,finished,True,37,64.9,12,
kga-cup-junior-2026-boys-15-17,p_36a10f7affbd,15,False,79,7,finished,True,37,62.2,12,
kga-cup-junior-2026-boys-15-17,p_0dc956e88c33,16,False,80,8,finished,True,37,59.5,13,
kga-cup-junior-2026-boys-15-17,p_36648b62c10f,17,False,80,8,finished,True,37,56.8,13,
kga-cup-junior-2026-boys-15-17,p_a3b3b82fb1c6,18,False,81,9,finished,True,37,54.1,14,
kga-cup-junior-2026-boys-15-17,p_8a282fb813d6,19,False,81,9,finished,True,37,51.4,14,
kga-cup-junior-2026-boys-15-17,p_b51437039b75,20,False,82,10,finished,True,37,48.6,15,
kga-cup-junior-2026-boys-15-17,p_ca18521c00a2,21,False,82,10,finished,True,37,45.9,15,
kga-cup-junior-2026-boys-15-17,p_7554469aae45,22,False,82,10,finished,True,37,43.2,15,
kga-cup-junior-2026-boys-15-17,p_abd50d90ca3d,23,False,84,12,finished,True,37,40.5,17,
kga-cup-junior-2026-boys-15-17,p_d161b75e93ff,24,False,84,12,finished,True,37,37.8,17,
kga-cup-junior-2026-boys-15-17,p_8581e6a5787e,25,False,85,13,finished,True,37,35.1,18,
kga-cup-junior-2026-boys-15-17,p_35548ff26b99,26,False,85,13,finished,True,37,32.4,18,
kga-cup-junior-2026-boys-15-17,p_09d26ad8aeef,27,False,85,13,finished,True,37,29.7,18,
kga-cup-junior-2026-boys-15-17,p_a84a6b03c058,28,False,85,13,finished,True,37,27.0,18,
kga-cup-junior-2026-boys-15-17,p_51cfdb5e6d8e,29,False,87,15,finished,True,37,24.3,20,
kga-cup-junior-2026-boys-15-17,p_f5c2b13a6a39,30,False,87,15,finished,True,37,21.6,20,
kga-cup-junior-2026-boys-15-17,p_1fc230df1e7b,31,False,88,16,finished,True,37,18.9,21,
kga-cup-junior-2026-boys-15-17,p_3f35e919dad8,32,False,90,18,finished,True,37,16.2,23,
kga-cup-junior-2026-boys-15-17,p_4a6814c23a11,33,False,91,19,finished,True,37,13.5,24,
kga-cup-junior-2026-boys-15-17,p_af715053c624,34,False,92,20,finished,True,37,10.8,25,
kga-cup-junior-2026-boys-15-17,p_5e47a2092716,35,False,103,31,finished,True,37,8.1,36,
kga-cup-junior-2026-boys-15-17,p_3f4b05166f9d,36,False,104,32,finished,True,37,5.4,37,
kga-cup-junior-2026-boys-15-17,p_8253799403d6,37,False,109,37,finished,True,37,2.7,42,
kga-cup-junior-2026-boys-15-17,p_1b52db2b3b09,,False,,,dns,True,,,,
kga-cup-junior-2026-boys-15-17,p_e9c7706b4c57,,False,,,dns,True,,,,
kga-cup-junior-2026-girls-15-17,p_9af129e06e5c,1,False,69,-3,finished,True,38,100.0,0,
kga-cup-junior-2026-girls-15-17,p_a0e39276612a,2,False,70,-2,finished,True,38,97.4,1,
kga-cup-junior-2026-girls-15-17,p_41d1512968d6,3,False,70,-2,finished,True,38,94.7,1,
kga-cup-junior-2026-girls-15-17,p_462c55385b7e,4,False,71,-1,finished,True,38,92.1,2,
kga-cup-junior-2026-girls-15-17,p_2f5a0a295d78,5,False,72,0,finished,True,38,89.5,3,
kga-cup-junior-2026-girls-15-17,p_1bc7e2fc7b36,6,False,72,0,finished,True,38,86.8,3,
kga-cup-junior-2026-girls-15-17,p_5d86ab2ebb59,7,False,74,2,finished,True,38,84.2,5,
kga-cup-junior-2026-girls-15-17,p_c7f74e41c6c3,8,False,74,2,finished,True,38,81.6,5,
kga-cup-junior-2026-girls-15-17,p_18568a45be0f,9,False,75,3,finished,True,38,78.9,6,
kga-cup-junior-2026-girls-15-17,p_f7a26d404a3f,10,False,75,3,finished,True,38,76.3,6,
kga-cup-junior-2026-girls-15-17,p_a18a8ef234cc,11,False,75,3,finished,True,38,73.7,6,
kga-cup-junior-2026-girls-15-17,p_e588583fd277,12,False,76,4,finished,True,38,71.1,7,
kga-cup-junior-2026-girls-15-17,p_f83aa152590c,13,False,76,4,finished,True,38,68.4,7,
kga-cup-junior-2026-girls-15-17,p_8b8997d2c626,14,False,76,4,finished,True,38,65.8,7,
kga-cup-junior-2026-girls-15-17,p_1991eeec969c,15,False,77,5,finished,True,38,63.2,8,
kga-cup-junior-2026-girls-15-17,p_d0cc05e59a7c,16,False,77,5,finished,True,38,60.5,8,
kga-cup-junior-2026-girls-15-17,p_0f804097cf82,17,False,77,5,finished,True,38,57.9,8,
kga-cup-junior-2026-girls-15-17,p_71f449662022,18,False,78,6,finished,True,38,55.3,9,
kga-cup-junior-2026-girls-15-17,p_b10a1436061a,19,False,78,6,finished,True,38,52.6,9,
kga-cup-junior-2026-girls-15-17,p_c1d3e155260c,20,False,78,6,finished,True,38,50.0,9,
kga-cup-junior-2026-girls-15-17,p_666b027714a7,21,False,78,6,finished,True,38,47.4,9,
kga-cup-junior-2026-girls-15-17,p_b1325bdf15ff,22,False,79,7,finished,True,38,44.7,10,
kga-cup-junior-2026-girls-15-17,p_d4636a756bd9,23,False,79,7,finished,True,38,42.1,10,
kga-cup-junior-2026-girls-15-17,p_f934893a76db,24,False,79,7,finished,True,38,39.5,10,
kga-cup-junior-2026-girls-15-17,p_58af8fc92b99,25,False,80,8,finished,True,38,36.8,11,
kga-cup-junior-2026-girls-15-17,p_77445924b56d,26,False,80,8,finished,True,38,34.2,11,
kga-cup-junior-2026-girls-15-17,p_e7576ac2d985,27,False,81,9,finished,True,38,31.6,12,
kga-cup-junior-2026-girls-15-17,p_c0fc3be78a4a,28,False,81,9,finished,True,38,28.9,12,
kga-cup-junior-2026-girls-15-17,p_2a220ebbeefb,29,False,83,11,finished,True,38,26.3,14,
kga-cup-junior-2026-girls-15-17,p_bfe99c32ee3c,30,False,85,13,finished,True,38,23.7,16,
kga-cup-junior-2026-girls-15-17,p_e43390d9e69d,31,False,86,14,finished,True,38,21.1,17,
kga-cup-junior-2026-girls-15-17,p_0a4e3d476f3a,32,False,88,16,finished,True,38,18.4,19,
kga-cup-junior-2026-girls-15-17,p_ad6e22edb5a9,33,False,89,17,finished,True,38,15.8,20,
kga-cup-junior-2026-girls-15-17,p_df953f4523e7,34,False,89,17,finished,True,38,13.2,20,
kga-cup-junior-2026-girls-15-17,p_59e52c96535a,35,False,91,19,finished,True,38,10.5,22,
kga-cup-junior-2026-girls-15-17,p_613bcb5bdad6,36,False,93,21,finished,True,38,7.9,24,
kga-cup-junior-2026-girls-15-17,p_cfcd095d929b,37,False,103,31,finished,True,38,5.3,34,
kga-cup-junior-2026-girls-15-17,p_6aed5e28876d,38,False,107,35,finished,True,38,2.6,38,
kga-cup-junior-2026-girls-15-17,p_f6f0e077acb8,,False,,,dns,True,,,,
kga-cup-junior-2026-girls-15-17,p_5a4594f47e3e,,False,,,dns,True,,,,
kga-cup-junior-2026-girls-15-17,p_b37527612d31,,False,,,dns,True,,,,
kga-junior-2025-boys-15-17,p_9bbe62441b1a,1,False,203,-10,finished,True,81,100.0,0,
kga-junior-2025-boys-15-17,p_6018094cd0c0,2,False,206,-7,finished,True,81,98.8,3,
kga-junior-2025-boys-15-17,p_c9b2fdce8a81,3,False,208,-5,finished,True,81,97.5,5,
kga-junior-2025-boys-15-17,p_0fb583ef5a83,4,True,211,-2,finished,True,81,96.3,8,
kga-junior-2025-boys-15-17,p_30a9c5afa6af,4,True,211,-2,finished,True,81,96.3,8,
kga-junior-2025-boys-15-17,p_638eb26731e3,6,False,212,-1,finished,True,81,93.8,9,
kga-junior-2025-boys-15-17,p_537ac5abb618,7,False,213,0,finished,True,81,92.6,10,
kga-junior-2025-boys-15-17,p_00e91cfe7a79,8,False,214,1,finished,True,81,91.4,11,
kga-junior-2025-boys-15-17,p_1754eb84867c,9,True,216,3,finished,True,81,90.1,13,
kga-junior-2025-boys-15-17,p_38981dbdc223,9,True,216,3,finished,True,81,90.1,13,
kga-junior-2025-boys-15-17,p_c276ebee1654,9,True,216,3,finished,True,81,90.1,13,
kga-junior-2025-boys-15-17,p_5d9ef38389c2,12,True,217,4,finished,True,81,86.4,14,
kga-junior-2025-boys-15-17,p_e8c5625d2c92,12,True,217,4,finished,True,81,86.4,14,
kga-junior-2025-boys-15-17,p_a3b3b82fb1c6,12,True,217,4,finished,True,81,86.4,14,
kga-junior-2025-boys-15-17,p_10c119b31a15,12,True,217,4,finished,True,81,86.4,14,
kga-junior-2025-boys-15-17,p_4947a9a742a8,16,True,218,5,finished,True,81,81.5,15,
kga-junior-2025-boys-15-17,p_7a9332982857,16,True,218,5,finished,True,81,81.5,15,
kga-junior-2025-boys-15-17,p_055b52094cc0,16,True,218,5,finished,True,81,81.5,15,
kga-junior-2025-boys-15-17,p_792fb43f3dfc,16,True,218,5,finished,True,81,81.5,15,
kga-junior-2025-boys-15-17,p_682391911107,20,True,219,6,finished,True,81,76.5,16,
kga-junior-2025-boys-15-17,p_0626cf54afc3,20,True,219,6,finished,True,81,76.5,16,
kga-junior-2025-boys-15-17,p_50e7f0a0a3bf,20,True,219,6,finished,True,81,76.5,16,
kga-junior-2025-boys-15-17,p_fb755f35b93b,23,True,221,8,finished,True,81,72.8,18,
kga-junior-2025-boys-15-17,p_e5c310df61d9,23,True,221,8,finished,True,81,72.8,18,
kga-junior-2025-boys-15-17,p_9ac6477327b5,23,True,221,8,finished,True,81,72.8,18,
kga-junior-2025-boys-15-17,p_ff58b495c590,23,True,221,8,finished,True,81,72.8,18,
kga-junior-2025-boys-15-17,p_459003b3afd1,27,True,222,9,finished,True,81,67.9,19,
kga-junior-2025-boys-15-17,p_93fbb9613822,27,True,222,9,finished,True,81,67.9,19,
kga-junior-2025-boys-15-17,p_10189063f636,29,True,223,10,finished,True,81,65.4,20,
kga-junior-2025-boys-15-17,p_16260a4500c8,29,True,223,10,finished,True,81,65.4,20,
kga-junior-2025-boys-15-17,p_883b2a1013bb,29,True,223,10,finished,True,81,65.4,20,
kga-junior-2025-boys-15-17,p_ef2ca5efd1b9,29,True,223,10,finished,True,81,65.4,20,
kga-junior-2025-boys-15-17,p_8b3cca8f29ae,29,True,223,10,finished,True,81,65.4,20,
kga-junior-2025-boys-15-17,p_0dc956e88c33,34,True,224,11,finished,True,81,59.3,21,
kga-junior-2025-boys-15-17,p_4c5ca3dda4c9,34,True,224,11,finished,True,81,59.3,21,
kga-junior-2025-boys-15-17,p_a7a635ce7930,36,True,225,12,finished,True,81,56.8,22,
kga-junior-2025-boys-15-17,p_613b2026b7d8,36,True,225,12,finished,True,81,56.8,22,
kga-junior-2025-boys-15-17,p_9b80f9ba0539,38,True,226,13,finished,True,81,54.3,23,
kga-junior-2025-boys-15-17,p_cc60bc8995c0,38,True,226,13,finished,True,81,54.3,23,
kga-junior-2025-boys-15-17,p_b2da431d222d,38,True,226,13,finished,True,81,54.3,23,
kga-junior-2025-boys-15-17,p_b4dd30f4477b,41,False,227,14,finished,True,81,50.6,24,
kga-junior-2025-boys-15-17,p_d372ff16f0c7,42,True,228,15,finished,True,81,49.4,25,
kga-junior-2025-boys-15-17,p_2a74a826b47c,42,True,228,15,finished,True,81,49.4,25,
kga-junior-2025-boys-15-17,p_021345d6f846,44,True,229,16,finished,True,81,46.9,26,
kga-junior-2025-boys-15-17,p_f3b01cfb91d3,44,True,229,16,finished,True,81,46.9,26,
kga-junior-2025-boys-15-17,p_695f8ecc3c45,46,True,230,17,finished,True,81,44.4,27,
kga-junior-2025-boys-15-17,p_6c6ca58a3283,46,True,230,17,finished,True,81,44.4,27,
kga-junior-2025-boys-15-17,p_383211dd9918,46,True,230,17,finished,True,81,44.4,27,
kga-junior-2025-boys-15-17,p_4f0102d4f79c,46,True,230,17,finished,True,81,44.4,27,
kga-junior-2025-boys-15-17,p_018eb7bb7b57,46,True,230,17,finished,True,81,44.4,27,
kga-junior-2025-boys-15-17,p_1f26259b8d0b,51,True,231,18,finished,True,81,38.3,28,
kga-junior-2025-boys-15-17,p_3ba11dda4f49,51,True,231,18,finished,True,81,38.3,28,
kga-junior-2025-boys-15-17,p_aacb32f4fc86,51,True,231,18,finished,True,81,38.3,28,
kga-junior-2025-boys-15-17,p_f346048c92b7,51,True,231,18,finished,True,81,38.3,28,
kga-junior-2025-boys-15-17,p_36648b62c10f,55,True,233,20,finished,True,81,33.3,30,
kga-junior-2025-boys-15-17,p_6db891fb7417,55,True,233,20,finished,True,81,33.3,30,
kga-junior-2025-boys-15-17,p_4b3f9997625a,57,True,234,21,finished,True,81,30.9,31,
kga-junior-2025-boys-15-17,p_7c33fcaf632e,57,True,234,21,finished,True,81,30.9,31,
kga-junior-2025-boys-15-17,p_ccd9055ccb44,57,True,234,21,finished,True,81,30.9,31,
kga-junior-2025-boys-15-17,p_c5863ad2b5cb,60,True,235,22,finished,True,81,27.2,32,
kga-junior-2025-boys-15-17,p_954c551b684d,60,True,235,22,finished,True,81,27.2,32,
kga-junior-2025-boys-15-17,p_d05f19ab1c37,60,True,235,22,finished,True,81,27.2,32,
kga-junior-2025-boys-15-17,p_13739c6b0706,63,False,236,23,finished,True,81,23.5,33,
kga-junior-2025-boys-15-17,p_a7ca720c84a3,64,False,237,24,finished,True,81,22.2,34,
kga-junior-2025-boys-15-17,p_2f0f45479a97,65,False,238,25,finished,True,81,21.0,35,
kga-junior-2025-boys-15-17,p_c2800a11baa2,66,False,239,26,finished,True,81,19.8,36,
kga-junior-2025-boys-15-17,p_acd9cb995120,67,False,240,27,finished,True,81,18.5,37,
kga-junior-2025-boys-15-17,p_9b769ae62653,,False,161,19,cut,True,81,,,
kga-junior-2025-boys-15-17,p_1a05bbb7857b,,False,163,21,cut,True,81,,,
kga-junior-2025-boys-15-17,p_d7fc52abd490,,False,163,21,cut,True,81,,,
kga-junior-2025-boys-15-17,p_02822b22fb70,,False,164,22,cut,True,81,,,
kga-junior-2025-boys-15-17,p_a154d1e603a9,,False,164,22,cut,True,81,,,
kga-junior-2025-boys-15-17,p_f0e063ad458e,,False,165,23,cut,True,81,,,
kga-junior-2025-boys-15-17,p_0fb6e5a01ee7,,False,165,23,cut,True,81,,,
kga-junior-2025-boys-15-17,p_6604aec234f0,,False,166,24,cut,True,81,,,
kga-junior-2025-boys-15-17,p_972dd7b8637a,,False,167,25,cut,True,81,,,
kga-junior-2025-boys-15-17,p_877029469411,,False,168,26,cut,True,81,,,
kga-junior-2025-boys-15-17,p_06a632c41b66,,False,169,27,cut,True,81,,,
kga-junior-2025-boys-15-17,p_cce384c1c024,,False,174,32,cut,True,81,,,
kga-junior-2025-boys-15-17,p_d9f0aef7647a,,False,176,34,cut,True,81,,,
kga-junior-2025-boys-15-17,p_774e0d721621,,False,213,71,cut,True,81,,,
kga-junior-2025-boys-15-17,p_879d2689d366,,False,,,dns,True,,,,
kga-junior-2025-boys-15-17,p_e82e43134667,,False,,,dns,True,,,,
kga-junior-2025-girls-15-17,p_651cd183a45e,1,False,207,-9,finished,True,71,100.0,0,
kga-junior-2025-girls-15-17,p_ff1d254522ae,2,True,212,-4,finished,True,71,98.6,5,
kga-junior-2025-girls-15-17,p_1bdfdba18316,2,True,212,-4,finished,True,71,98.6,5,
kga-junior-2025-girls-15-17,p_9dc02346ac81,4,False,214,-2,finished,True,71,95.8,7,
kga-junior-2025-girls-15-17,p_93c8d688bcee,5,False,215,-1,finished,True,71,94.4,8,
kga-junior-2025-girls-15-17,p_2f5a0a295d78,6,True,216,0,finished,True,71,93.0,9,
kga-junior-2025-girls-15-17,p_5d9e94d213d2,6,True,216,0,finished,True,71,93.0,9,
kga-junior-2025-girls-15-17,p_743d7a90e4f8,6,True,216,0,finished,True,71,93.0,9,
kga-junior-2025-girls-15-17,p_462d9b49d343,9,True,217,1,finished,True,71,88.7,10,
kga-junior-2025-girls-15-17,p_76565dd601a5,9,True,217,1,finished,True,71,88.7,10,
kga-junior-2025-girls-15-17,p_10e0f4a69c0f,11,True,219,3,finished,True,71,85.9,12,
kga-junior-2025-girls-15-17,p_61687d2e02ef,11,True,219,3,finished,True,71,85.9,12,
kga-junior-2025-girls-15-17,p_328e71ef66c6,11,True,219,3,finished,True,71,85.9,12,
kga-junior-2025-girls-15-17,p_a4efaf2c840b,11,True,219,3,finished,True,71,85.9,12,
kga-junior-2025-girls-15-17,p_5d4599e32b09,15,True,220,4,finished,True,71,80.3,13,
kga-junior-2025-girls-15-17,p_cf12b9439eed,15,True,220,4,finished,True,71,80.3,13,
kga-junior-2025-girls-15-17,p_ec3abad7e759,17,True,221,5,finished,True,71,77.5,14,
kga-junior-2025-girls-15-17,p_9107773a23fe,17,True,221,5,finished,True,71,77.5,14,
kga-junior-2025-girls-15-17,p_76a2a81d6f3e,17,True,221,5,finished,True,71,77.5,14,
kga-junior-2025-girls-15-17,p_88345b5a060d,20,True,222,6,finished,True,71,73.2,15,
kga-junior-2025-girls-15-17,p_d7be1c067500,20,True,222,6,finished,True,71,73.2,15,
kga-junior-2025-girls-15-17,p_3c0a9222b5ea,20,True,222,6,finished,True,71,73.2,15,
kga-junior-2025-girls-15-17,p_92b75483b96b,20,True,222,6,finished,True,71,73.2,15,
kga-junior-2025-girls-15-17,p_2720bbe5d6a7,20,True,222,6,finished,True,71,73.2,15,
kga-junior-2025-girls-15-17,p_7ec06f6166d9,20,True,222,6,finished,True,71,73.2,15,
kga-junior-2025-girls-15-17,p_db87158769c4,26,True,223,7,finished,True,71,64.8,16,
kga-junior-2025-girls-15-17,p_399785dbe815,26,True,223,7,finished,True,71,64.8,16,
kga-junior-2025-girls-15-17,p_027eee77def5,26,True,223,7,finished,True,71,64.8,16,
kga-junior-2025-girls-15-17,p_9f6e743cfe48,29,False,224,8,finished,True,71,60.6,17,
kga-junior-2025-girls-15-17,p_3387126a983b,30,False,225,9,finished,True,71,59.2,18,
kga-junior-2025-girls-15-17,p_687edef328e2,31,True,226,10,finished,True,71,57.7,19,
kga-junior-2025-girls-15-17,p_a8ef8de036cc,31,True,226,10,finished,True,71,57.7,19,
kga-junior-2025-girls-15-17,p_9ee1c30b8e75,33,True,227,11,finished,True,71,54.9,20,
kga-junior-2025-girls-15-17,p_7742429a92c7,33,True,227,11,finished,True,71,54.9,20,
kga-junior-2025-girls-15-17,p_a0e39276612a,33,True,227,11,finished,True,71,54.9,20,
kga-junior-2025-girls-15-17,p_71d0693003db,36,True,228,12,finished,True,71,50.7,21,
kga-junior-2025-girls-15-17,p_72a1ce6b191a,36,True,228,12,finished,True,71,50.7,21,
kga-junior-2025-girls-15-17,p_210d2d7c452d,36,True,228,12,finished,True,71,50.7,21,
kga-junior-2025-girls-15-17,p_7a681a9fe06d,36,True,228,12,finished,True,71,50.7,21,
kga-junior-2025-girls-15-17,p_462c55385b7e,36,True,228,12,finished,True,71,50.7,21,
kga-junior-2025-girls-15-17,p_5ec187ffbd4d,41,True,229,13,finished,True,71,43.7,22,
kga-junior-2025-girls-15-17,p_2d5368dc84b0,41,True,229,13,finished,True,71,43.7,22,
kga-junior-2025-girls-15-17,p_b953061d2a9d,41,True,229,13,finished,True,71,43.7,22,
kga-junior-2025-girls-15-17,p_f7a26d404a3f,44,True,230,14,finished,True,71,39.4,23,
kga-junior-2025-girls-15-17,p_9723f3b98f80,44,True,230,14,finished,True,71,39.4,23,
kga-junior-2025-girls-15-17,p_a2dbca258af4,46,False,232,16,finished,True,71,36.6,25,
kga-junior-2025-girls-15-17,p_09303b1bc481,47,True,233,17,finished,True,71,35.2,26,
kga-junior-2025-girls-15-17,p_2a220ebbeefb,47,True,233,17,finished,True,71,35.2,26,
kga-junior-2025-girls-15-17,p_b2ea0332a4fc,49,False,234,18,finished,True,71,32.4,27,
kga-junior-2025-girls-15-17,p_6978b20702fa,50,True,235,19,finished,True,71,31.0,28,
kga-junior-2025-girls-15-17,p_a3fb3120d4c2,50,True,235,19,finished,True,71,31.0,28,
kga-junior-2025-girls-15-17,p_2216ccf8da05,52,True,236,20,finished,True,71,28.2,29,
kga-junior-2025-girls-15-17,p_5cb2ec9ea1c2,52,True,236,20,finished,True,71,28.2,29,
kga-junior-2025-girls-15-17,p_74020918f46d,54,True,237,21,finished,True,71,25.4,30,
kga-junior-2025-girls-15-17,p_badf11f3766a,54,True,237,21,finished,True,71,25.4,30,
kga-junior-2025-girls-15-17,p_cbd41accd89d,54,True,237,21,finished,True,71,25.4,30,
kga-junior-2025-girls-15-17,p_564dfb7e6ac7,57,False,238,22,finished,True,71,21.1,31,
kga-junior-2025-girls-15-17,p_30f6f4460915,58,False,239,23,finished,True,71,19.7,32,
kga-junior-2025-girls-15-17,p_42b079c02090,59,False,241,25,finished,True,71,18.3,34,
kga-junior-2025-girls-15-17,p_ccc718051c54,60,True,242,26,finished,True,71,16.9,35,
kga-junior-2025-girls-15-17,p_1a2910546afa,60,True,242,26,finished,True,71,16.9,35,
kga-junior-2025-girls-15-17,p_9eb27ca5bd00,60,True,242,26,finished,True,71,16.9,35,
kga-junior-2025-girls-15-17,p_e7576ac2d985,63,False,243,27,finished,True,71,12.7,36,
kga-junior-2025-girls-15-17,p_88663b710ff4,64,False,245,29,finished,True,71,11.3,38,
kga-junior-2025-girls-15-17,p_67d36599aff5,65,False,248,32,finished,True,71,9.9,41,
kga-junior-2025-girls-15-17,p_51c21a049ff5,,False,168,24,cut,True,71,,,
kga-junior-2025-girls-15-17,p_4750571d30f7,,False,169,25,cut,True,71,,,
kga-junior-2025-girls-15-17,p_7c39c854b95e,,False,169,25,cut,True,71,,,
kga-junior-2025-girls-15-17,p_076c0aaed9c8,,False,174,30,cut,True,71,,,
kga-junior-2025-girls-15-17,p_8ca598bb8072,,False,174,30,cut,True,71,,,
kga-junior-2025-girls-15-17,p_c7f74e41c6c3,,False,,,wd,True,71,,,
kga-junior-2025-girls-15-17,p_b94a03938fd9,,False,,,dns,True,,,,
kga-junior-2026-boys-15-17,p_e8c5625d2c92,1,False,209,-4,finished,True,83,100.0,0,
kga-junior-2026-boys-15-17,p_4f1911950617,2,True,211,-2,finished,True,83,98.8,2,
kga-junior-2026-boys-15-17,p_b4dd30f4477b,2,True,211,-2,finished,True,83,98.8,2,
kga-junior-2026-boys-15-17,p_0fb583ef5a83,2,True,211,-2,finished,True,83,98.8,2,
kga-junior-2026-boys-15-17,p_537ac5abb618,5,False,212,-1,finished,True,83,95.2,3,
kga-junior-2026-boys-15-17,p_6c6ca58a3283,6,False,213,0,finished,True,83,94.0,4,
kga-junior-2026-boys-15-17,p_b2da431d222d,7,False,214,1,finished,True,83,92.8,5,
kga-junior-2026-boys-15-17,p_766afd327396,8,True,215,2,finished,True,83,91.6,6,
kga-junior-2026-boys-15-17,p_6018094cd0c0,8,True,215,2,finished,True,83,91.6,6,
kga-junior-2026-boys-15-17,p_61ceb434b199,10,True,218,5,finished,True,83,89.2,9,
kga-junior-2026-boys-15-17,p_e4233530308e,10,True,218,5,finished,True,83,89.2,9,
kga-junior-2026-boys-15-17,p_da00b1270901,10,True,218,5,finished,True,83,89.2,9,
kga-junior-2026-boys-15-17,p_53a34a90c5db,10,True,218,5,finished,True,83,89.2,9,
kga-junior-2026-boys-15-17,p_ef2ca5efd1b9,14,True,219,6,finished,True,83,84.3,10,
kga-junior-2026-boys-15-17,p_012a1da5d79d,14,True,219,6,finished,True,83,84.3,10,
kga-junior-2026-boys-15-17,p_a7a635ce7930,16,True,220,7,finished,True,83,81.9,11,
kga-junior-2026-boys-15-17,p_69d027df9df5,16,True,220,7,finished,True,83,81.9,11,
kga-junior-2026-boys-15-17,p_4947a9a742a8,16,True,220,7,finished,True,83,81.9,11,
kga-junior-2026-boys-15-17,p_e82e43134667,16,True,220,7,finished,True,83,81.9,11,
kga-junior-2026-boys-15-17,p_383211dd9918,16,True,220,7,finished,True,83,81.9,11,
kga-junior-2026-boys-15-17,p_459003b3afd1,21,True,222,9,finished,True,83,75.9,13,
kga-junior-2026-boys-15-17,p_1f26259b8d0b,21,True,222,9,finished,True,83,75.9,13,
kga-junior-2026-boys-15-17,p_30a9c5afa6af,23,True,223,10,finished,True,83,73.5,14,
kga-junior-2026-boys-15-17,p_cbe29f684a58,23,True,223,10,finished,True,83,73.5,14,
kga-junior-2026-boys-15-17,p_769e9447beef,23,True,223,10,finished,True,83,73.5,14,
kga-junior-2026-boys-15-17,p_1754eb84867c,23,True,223,10,finished,True,83,73.5,14,
kga-junior-2026-boys-15-17,p_d05f19ab1c37,23,True,223,10,finished,True,83,73.5,14,
kga-junior-2026-boys-15-17,p_00e91cfe7a79,23,True,223,10,finished,True,83,73.5,14,
kga-junior-2026-boys-15-17,p_ba7284b09eb8,29,False,224,11,finished,True,83,66.3,15,
kga-junior-2026-boys-15-17,p_eb49a278163d,30,True,225,12,finished,True,83,65.1,16,
kga-junior-2026-boys-15-17,p_31f7d8b225f0,30,True,225,12,finished,True,83,65.1,16,
kga-junior-2026-boys-15-17,p_435183ba6ce8,32,True,226,13,finished,True,83,62.7,17,
kga-junior-2026-boys-15-17,p_d372ff16f0c7,32,True,226,13,finished,True,83,62.7,17,
kga-junior-2026-boys-15-17,p_7cfef296e6f3,32,True,226,13,finished,True,83,62.7,17,
kga-junior-2026-boys-15-17,p_29331223b494,32,True,226,13,finished,True,83,62.7,17,
kga-junior-2026-boys-15-17,p_1deae722ed70,32,True,226,13,finished,True,83,62.7,17,
kga-junior-2026-boys-15-17,p_8c1abe719068,32,True,226,13,finished,True,83,62.7,17,
kga-junior-2026-boys-15-17,p_8eb38dcb00ad,32,True,226,13,finished,True,83,62.7,17,
kga-junior-2026-boys-15-17,p_b4eccaa45ec3,39,True,227,14,finished,True,83,54.2,18,
kga-junior-2026-boys-15-17,p_4b3f9997625a,39,True,227,14,finished,True,83,54.2,18,
kga-junior-2026-boys-15-17,p_fa3d61c5ce66,39,True,227,14,finished,True,83,54.2,18,
kga-junior-2026-boys-15-17,p_7d5078bd77aa,42,True,228,15,finished,True,83,50.6,19,
kga-junior-2026-boys-15-17,p_c0d654feb22a,42,True,228,15,finished,True,83,50.6,19,
kga-junior-2026-boys-15-17,p_a95a05fa32bc,42,True,228,15,finished,True,83,50.6,19,
kga-junior-2026-boys-15-17,p_5385f40d965e,45,True,229,16,finished,True,83,47.0,20,
kga-junior-2026-boys-15-17,p_c5fb4b19fc40,45,True,229,16,finished,True,83,47.0,20,
kga-junior-2026-boys-15-17,p_055b52094cc0,47,True,230,17,finished,True,83,44.6,21,
kga-junior-2026-boys-15-17,p_526059829a68,47,True,230,17,finished,True,83,44.6,21,
kga-junior-2026-boys-15-17,p_14564acee135,47,True,230,17,finished,True,83,44.6,21,
kga-junior-2026-boys-15-17,p_9202706b181b,50,False,233,20,finished,True,83,41.0,24,
kga-junior-2026-boys-15-17,p_c00c8382e2e2,51,True,235,22,finished,True,83,39.8,26,
kga-junior-2026-boys-15-17,p_3b61f7330fc2,51,True,235,22,finished,True,83,39.8,26,
kga-junior-2026-boys-15-17,p_cdef29f28db7,51,True,235,22,finished,True,83,39.8,26,
kga-junior-2026-boys-15-17,p_7554469aae45,51,True,235,22,finished,True,83,39.8,26,
kga-junior-2026-boys-15-17,p_3ce97ac6c51b,51,True,235,22,finished,True,83,39.8,26,
kga-junior-2026-boys-15-17,p_cc60bc8995c0,56,True,236,23,finished,True,83,33.7,27,
kga-junior-2026-boys-15-17,p_a3b3b82fb1c6,56,True,236,23,finished,True,83,33.7,27,
kga-junior-2026-boys-15-17,p_972dd7b8637a,58,True,237,24,finished,True,83,31.3,28,
kga-junior-2026-boys-15-17,p_101b1fa6bb59,58,True,237,24,finished,True,83,31.3,28,
kga-junior-2026-boys-15-17,p_17043739ba87,58,True,237,24,finished,True,83,31.3,28,
kga-junior-2026-boys-15-17,p_303676ad213c,58,True,237,24,finished,True,83,31.3,28,
kga-junior-2026-boys-15-17,p_9ae62d8cdcd9,62,False,239,26,finished,True,83,26.5,30,
kga-junior-2026-boys-15-17,p_8a282fb813d6,63,True,240,27,finished,True,83,25.3,31,
kga-junior-2026-boys-15-17,p_b8fd5863919b,63,True,240,27,finished,True,83,25.3,31,
kga-junior-2026-boys-15-17,p_fad715bcff72,65,False,241,28,finished,True,83,22.9,32,
kga-junior-2026-boys-15-17,p_954c551b684d,66,True,243,30,finished,True,83,21.7,34,
kga-junior-2026-boys-15-17,p_3ba11dda4f49,66,True,243,30,finished,True,83,21.7,34,
kga-junior-2026-boys-15-17,p_73b58a615823,68,False,244,31,finished,True,83,19.3,35,
kga-junior-2026-boys-15-17,p_ff58b495c590,,False,,,wd,True,83,,,
kga-junior-2026-boys-15-17,p_b199bc8d42b6,,False,163,21,cut,True,83,,,
kga-junior-2026-boys-15-17,p_88484a1b0631,,False,163,21,cut,True,83,,,
kga-junior-2026-boys-15-17,p_d24a247aef31,,False,163,21,cut,True,83,,,
kga-junior-2026-boys-15-17,p_ee91c827ace6,,False,164,22,cut,True,83,,,
kga-junior-2026-boys-15-17,p_c5863ad2b5cb,,False,166,24,cut,True,83,,,
kga-junior-2026-boys-15-17,p_a84a6b03c058,,False,168,26,cut,True,83,,,
kga-junior-2026-boys-15-17,p_6501fc2fe47f,,False,170,28,cut,True,83,,,
kga-junior-2026-boys-15-17,p_960959c9deef,,False,170,28,cut,True,83,,,
kga-junior-2026-boys-15-17,p_5fc47bde69f6,,False,172,30,cut,True,83,,,
kga-junior-2026-boys-15-17,p_09dfab1d59d5,,False,173,31,cut,True,83,,,
kga-junior-2026-boys-15-17,p_af715053c624,,False,173,31,cut,True,83,,,
kga-junior-2026-boys-15-17,p_8326a9d40935,,False,175,33,cut,True,83,,,
kga-junior-2026-boys-15-17,p_d2fd6f5561eb,,False,203,61,cut,True,83,,,
kga-junior-2026-boys-15-17,p_f6061e7907e8,,False,208,66,cut,True,83,,,
kga-junior-2026-boys-15-17,p_bfd07b0c17df,,False,,,dns,True,,,,
kga-junior-2026-girls-15-17,p_7ec06f6166d9,1,False,208,-8,finished,True,72,100.0,0,
kga-junior-2026-girls-15-17,p_1bdfdba18316,2,True,210,-6,finished,True,72,98.6,2,
kga-junior-2026-girls-15-17,p_93c8d688bcee,2,True,210,-6,finished,True,72,98.6,2,
kga-junior-2026-girls-15-17,p_ed1609ac0371,4,False,212,-4,finished,True,72,95.8,4,
kga-junior-2026-girls-15-17,p_9107773a23fe,5,True,214,-2,finished,True,72,94.4,6,
kga-junior-2026-girls-15-17,p_7742429a92c7,5,True,214,-2,finished,True,72,94.4,6,
kga-junior-2026-girls-15-17,p_10e0f4a69c0f,7,False,215,-1,finished,True,72,91.7,7,
kga-junior-2026-girls-15-17,p_badf11f3766a,8,True,216,0,finished,True,72,90.3,8,
kga-junior-2026-girls-15-17,p_25be99a08cac,8,True,216,0,finished,True,72,90.3,8,
kga-junior-2026-girls-15-17,p_a4efaf2c840b,8,True,216,0,finished,True,72,90.3,8,
kga-junior-2026-girls-15-17,p_328e71ef66c6,11,True,217,1,finished,True,72,86.1,9,
kga-junior-2026-girls-15-17,p_5cb2ec9ea1c2,11,True,217,1,finished,True,72,86.1,9,
kga-junior-2026-girls-15-17,p_9dc02346ac81,13,True,218,2,finished,True,72,83.3,10,
kga-junior-2026-girls-15-17,p_5dca981dc4ef,13,True,218,2,finished,True,72,83.3,10,
kga-junior-2026-girls-15-17,p_9ee1c30b8e75,15,True,219,3,finished,True,72,80.6,11,
kga-junior-2026-girls-15-17,p_210d2d7c452d,15,True,219,3,finished,True,72,80.6,11,
kga-junior-2026-girls-15-17,p_5fb69cbb9158,17,False,220,4,finished,True,72,77.8,12,
kga-junior-2026-girls-15-17,p_54be68493874,18,False,221,5,finished,True,72,76.4,13,
kga-junior-2026-girls-15-17,p_9723f3b98f80,19,True,222,6,finished,True,72,75.0,14,
kga-junior-2026-girls-15-17,p_b953061d2a9d,19,True,222,6,finished,True,72,75.0,14,
kga-junior-2026-girls-15-17,p_ce53bca37327,19,True,222,6,finished,True,72,75.0,14,
kga-junior-2026-girls-15-17,p_74538d515df6,19,True,222,6,finished,True,72,75.0,14,
kga-junior-2026-girls-15-17,p_e53041307a86,19,True,222,6,finished,True,72,75.0,14,
kga-junior-2026-girls-15-17,p_74020918f46d,19,True,222,6,finished,True,72,75.0,14,
kga-junior-2026-girls-15-17,p_399785dbe815,19,True,222,6,finished,True,72,75.0,14,
kga-junior-2026-girls-15-17,p_3c0a9222b5ea,19,True,222,6,finished,True,72,75.0,14,
kga-junior-2026-girls-15-17,p_113093af80b4,19,True,222,6,finished,True,72,75.0,14,
kga-junior-2026-girls-15-17,p_92b75483b96b,19,True,222,6,finished,True,72,75.0,14,
kga-junior-2026-girls-15-17,p_e7d7f7818735,29,True,223,7,finished,True,72,61.1,15,
kga-junior-2026-girls-15-17,p_b03683a726f0,29,True,223,7,finished,True,72,61.1,15,
kga-junior-2026-girls-15-17,p_99dd4643ca3b,29,True,223,7,finished,True,72,61.1,15,
kga-junior-2026-girls-15-17,p_ccc718051c54,32,True,224,8,finished,True,72,56.9,16,
kga-junior-2026-girls-15-17,p_06a66d007060,32,True,224,8,finished,True,72,56.9,16,
kga-junior-2026-girls-15-17,p_d38f2c7a9e56,32,True,224,8,finished,True,72,56.9,16,
kga-junior-2026-girls-15-17,p_792e1b75f827,32,True,224,8,finished,True,72,56.9,16,
kga-junior-2026-girls-15-17,p_d7be1c067500,36,False,225,9,finished,True,72,51.4,17,
kga-junior-2026-girls-15-17,p_13dcf4592f50,37,True,226,10,finished,True,72,50.0,18,
kga-junior-2026-girls-15-17,p_26018d8e7787,37,True,226,10,finished,True,72,50.0,18,
kga-junior-2026-girls-15-17,p_42b5b6331819,39,False,227,11,finished,True,72,47.2,19,
kga-junior-2026-girls-15-17,p_72a1ce6b191a,40,False,228,12,finished,True,72,45.8,20,
kga-junior-2026-girls-15-17,p_71d0693003db,41,True,230,14,finished,True,72,44.4,22,
kga-junior-2026-girls-15-17,p_011bbc3208dd,41,True,230,14,finished,True,72,44.4,22,
kga-junior-2026-girls-15-17,p_30f6f4460915,43,False,231,15,finished,True,72,41.7,23,
kga-junior-2026-girls-15-17,p_c4f96deb6fe4,44,True,232,16,finished,True,72,40.3,24,
kga-junior-2026-girls-15-17,p_71f449662022,44,True,232,16,finished,True,72,40.3,24,
kga-junior-2026-girls-15-17,p_a18a8ef234cc,46,True,233,17,finished,True,72,37.5,25,
kga-junior-2026-girls-15-17,p_a0e39276612a,46,True,233,17,finished,True,72,37.5,25,
kga-junior-2026-girls-15-17,p_3387126a983b,48,True,234,18,finished,True,72,34.7,26,
kga-junior-2026-girls-15-17,p_37445188089e,48,True,234,18,finished,True,72,34.7,26,
kga-junior-2026-girls-15-17,p_48743e65f201,50,False,235,19,finished,True,72,31.9,27,
kga-junior-2026-girls-15-17,p_f83aa152590c,51,True,237,21,finished,True,72,30.6,29,
kga-junior-2026-girls-15-17,p_1bc7e2fc7b36,51,True,237,21,finished,True,72,30.6,29,
kga-junior-2026-girls-15-17,p_31fc89fb7869,51,True,237,21,finished,True,72,30.6,29,
kga-junior-2026-girls-15-17,p_d1812e1368ad,54,False,238,22,finished,True,72,26.4,30,
kga-junior-2026-girls-15-17,p_2a220ebbeefb,55,True,239,23,finished,True,72,25.0,31,
kga-junior-2026-girls-15-17,p_e588583fd277,55,True,239,23,finished,True,72,25.0,31,
kga-junior-2026-girls-15-17,p_77445924b56d,55,True,239,23,finished,True,72,25.0,31,
kga-junior-2026-girls-15-17,p_58af8fc92b99,58,True,240,24,finished,True,72,20.8,32,
kga-junior-2026-girls-15-17,p_b66f79e80c51,58,True,240,24,finished,True,72,20.8,32,
kga-junior-2026-girls-15-17,p_b2ea0332a4fc,60,False,242,26,finished,True,72,18.1,34,
kga-junior-2026-girls-15-17,p_d4636a756bd9,61,False,243,27,finished,True,72,16.7,35,
kga-junior-2026-girls-15-17,p_214cf92b826d,62,True,244,28,finished,True,72,15.3,36,
kga-junior-2026-girls-15-17,p_b1325bdf15ff,62,True,244,28,finished,True,72,15.3,36,
kga-junior-2026-girls-15-17,p_51c21a049ff5,64,False,245,29,finished,True,72,12.5,37,
kga-junior-2026-girls-15-17,p_5a4594f47e3e,65,False,246,30,finished,True,72,11.1,38,
kga-junior-2026-girls-15-17,p_c7f74e41c6c3,,False,,,wd,True,72,,,
kga-junior-2026-girls-15-17,p_c0e8269d9598,,False,172,28,cut,True,72,,,
kga-junior-2026-girls-15-17,p_37bbdf0b9668,,False,173,29,cut,True,72,,,
kga-junior-2026-girls-15-17,p_0a4e3d476f3a,,False,174,30,cut,True,72,,,
kga-junior-2026-girls-15-17,p_96665ad84dcd,,False,176,32,cut,True,72,,,
kga-junior-2026-girls-15-17,p_f82c09d0b6ef,,False,177,33,cut,True,72,,,
kga-junior-2026-girls-15-17,p_60b89a0cfd46,,False,182,38,cut,True,72,,,
kga-junior-2026-girls-15-17,p_b677e1586265,,False,,,dns,True,,,,
kga-junior-2026-girls-15-17,p_d38217acec68,,False,,,dns,True,,,,
kga-junior-2026-girls-15-17,p_61687d2e02ef,,False,,,dns,True,,,,
kgu-amateur-2025-boys,p_f24544304816,14,True,73,2,finished,True,107,87.9,,
kgu-amateur-2025-boys,p_011d979870f1,21,True,74,3,finished,True,107,81.3,,
kgu-amateur-2025-boys,p_46aace4d7844,21,True,74,3,finished,True,107,81.3,,
kgu-amateur-2025-boys,p_b0ba77d21805,21,True,74,3,finished,True,107,81.3,,
kgu-amateur-2025-boys,p_58a18642a4f4,39,True,76,5,finished,True,107,64.5,,
kgu-amateur-2026-boys,p_f59c98c3d8a7,2,True,68,-3,finished,True,106,99.1,,
kgu-amateur-2026-boys,p_58a18642a4f4,10,True,71,0,finished,True,106,91.5,,
kgu-amateur-2026-boys,p_f3e691d94880,50,True,75,4,finished,True,106,53.8,,
kgu-amateur-2026-boys,p_f24544304816,61,True,77,6,finished,True,106,43.4,,
kgu-womens-amateur-2025-girls,p_a193a13f27e9,2,True,72,0,finished,True,104,99.0,,
kgu-womens-amateur-2025-girls,p_5fdeabbcdb14,7,True,74,2,finished,True,104,94.2,,
kgu-womens-amateur-2025-girls,p_50b9871f1b00,12,True,75,3,finished,True,104,89.4,,
kgu-womens-amateur-2025-girls,p_14785c08bdb9,22,True,76,4,finished,True,104,79.8,,
kgu-womens-amateur-2025-girls,p_141d8fea9cfe,29,True,77,5,finished,True,104,73.1,,
kgu-womens-amateur-2025-girls,p_75f4a6d317f5,29,True,77,5,finished,True,104,73.1,,
kgu-womens-amateur-2025-girls,p_4ddc0b759977,29,True,77,5,finished,True,104,73.1,,
kgu-womens-amateur-2025-girls,p_1fedd8d3c221,36,True,78,6,finished,True,104,66.3,,
kgu-womens-amateur-2025-girls,p_fa26d8f78fa0,45,True,79,7,finished,True,104,57.7,,
kgu-womens-amateur-2025-girls,p_82f644e6aac5,53,True,80,8,finished,True,104,50.0,,
kgu-womens-amateur-2025-girls,p_3ca577aca71f,53,True,80,8,finished,True,104,50.0,,
kgu-womens-amateur-2025-girls,p_df92aafb60bf,66,True,81,9,finished,True,104,37.5,,
kgu-womens-amateur-2025-girls,p_5d5495ea2956,75,True,82,10,finished,True,104,28.8,,
kgu-womens-amateur-2025-girls,p_d4d10c936d55,75,True,82,10,finished,True,104,28.8,,
kgu-womens-amateur-2025-girls,p_f723f6e1876d,81,True,83,11,finished,True,104,23.1,,
kgu-womens-amateur-2025-girls,p_178dcd447ef8,81,True,83,11,finished,True,104,23.1,,
kgu-womens-amateur-2025-girls,p_ea89b4e9b09f,94,True,85,13,finished,True,104,10.6,,
kgu-womens-amateur-2026-girls,p_5fdeabbcdb14,2,True,70,-2,finished,True,107,99.1,,
kgu-womens-amateur-2026-girls,p_b333a6e1b497,4,True,71,-1,finished,True,107,97.2,,
kgu-womens-amateur-2026-girls,p_ef883f52eaef,7,True,72,0,finished,True,107,94.4,,
kgu-womens-amateur-2026-girls,p_c105472b7654,7,True,72,0,finished,True,107,94.4,,
kgu-womens-amateur-2026-girls,p_0b43cf0cd612,16,True,73,1,finished,True,107,86.0,,
kgu-womens-amateur-2026-girls,p_efcdf1178614,18,True,74,2,finished,True,107,84.1,,
kgu-womens-amateur-2026-girls,p_1d5bbefbf835,18,True,74,2,finished,True,107,84.1,,
kgu-womens-amateur-2026-girls,p_02c8f3d7647e,18,True,74,2,finished,True,107,84.1,,
kgu-womens-amateur-2026-girls,p_9834d3ac7f71,38,True,75,3,finished,True,107,65.4,,
kgu-womens-amateur-2026-girls,p_7740ab373f7a,51,True,76,4,finished,True,107,53.3,,
kgu-womens-amateur-2026-girls,p_95a86fbf5001,51,True,76,4,finished,True,107,53.3,,
kgu-womens-amateur-2026-girls,p_78878c821ed9,51,True,76,4,finished,True,107,53.3,,
kgu-womens-amateur-2026-girls,p_69788e181a0f,62,True,77,5,finished,True,107,43.0,,
kgu-womens-amateur-2026-girls,p_fce7a3746694,69,True,78,6,finished,True,107,36.4,,
kgu-womens-amateur-2026-girls,p_21e3c6d665c3,69,True,78,6,finished,True,107,36.4,,
kgu-womens-amateur-2026-girls,p_50b9871f1b00,85,True,80,8,finished,True,107,21.5,,
kgu-womens-amateur-2026-girls,p_cf94e0b129e8,91,True,81,9,finished,True,107,15.9,,
kgu-womens-amateur-2026-girls,p_e333de2d16a4,91,True,81,9,finished,True,107,15.9,,
kgu-womens-amateur-2026-girls,p_9c7e2ffaca15,91,True,81,9,finished,True,107,15.9,,
kgu-womens-amateur-2026-girls,p_d513047c765b,97,True,82,10,finished,True,107,10.3,,
kgu-womens-amateur-2026-girls,p_52ccbb934d31,105,False,87,15,finished,True,107,2.8,,
kgu-womens-amateur-2026-girls,p_a1a46c066aad,,False,,,dq,True,107,,,
kyushu-kougoren-shinjin-2025-boys,p_11d9203c0ed9,1,False,69,-3,finished,True,57,100.0,0,
kyushu-kougoren-shinjin-2025-boys,p_e8d18b80e595,2,False,69,-3,finished,True,57,98.2,0,
kyushu-kougoren-shinjin-2025-boys,p_8b6c3d3c1bde,3,True,70,-2,finished,True,57,96.5,1,
kyushu-kougoren-shinjin-2025-boys,p_eb40204c85f8,3,True,70,-2,finished,True,57,96.5,1,
kyushu-kougoren-shinjin-2025-boys,p_c96e73911c78,3,True,70,-2,finished,True,57,96.5,1,
kyushu-kougoren-shinjin-2025-boys,p_507cd607e610,3,True,70,-2,finished,True,57,96.5,1,
kyushu-kougoren-shinjin-2025-boys,p_169c4b6ea4fb,3,True,70,-2,finished,True,57,96.5,1,
kyushu-kougoren-shinjin-2025-boys,p_2e3fbdd85951,3,True,70,-2,finished,True,57,96.5,1,
kyushu-kougoren-shinjin-2025-boys,p_6488c0ce96f2,9,False,71,-1,finished,True,57,86.0,2,
kyushu-kougoren-shinjin-2025-boys,p_897017c904ac,10,True,73,1,finished,True,57,84.2,4,
kyushu-kougoren-shinjin-2025-boys,p_36147e627394,10,True,73,1,finished,True,57,84.2,4,
kyushu-kougoren-shinjin-2025-boys,p_a4d43f724ff9,10,True,73,1,finished,True,57,84.2,4,
kyushu-kougoren-shinjin-2025-boys,p_34bb0e0c056a,13,True,74,2,finished,True,57,78.9,5,
kyushu-kougoren-shinjin-2025-boys,p_ca914816bab2,13,True,74,2,finished,True,57,78.9,5,
kyushu-kougoren-shinjin-2025-boys,p_2fcfec474e0a,13,True,74,2,finished,True,57,78.9,5,
kyushu-kougoren-shinjin-2025-boys,p_260f0805c89b,13,True,74,2,finished,True,57,78.9,5,
kyushu-kougoren-shinjin-2025-boys,p_32550ee052ee,13,True,74,2,finished,True,57,78.9,5,
kyushu-kougoren-shinjin-2025-boys,p_a7d67c8a7005,13,True,74,2,finished,True,57,78.9,5,
kyushu-kougoren-shinjin-2025-boys,p_dc3eb12e2e16,19,True,75,3,finished,True,57,68.4,6,
kyushu-kougoren-shinjin-2025-boys,p_73313473b55a,19,True,75,3,finished,True,57,68.4,6,
kyushu-kougoren-shinjin-2025-boys,p_0f5962048bb5,19,True,75,3,finished,True,57,68.4,6,
kyushu-kougoren-shinjin-2025-boys,p_a1c8c9ce2d32,22,True,76,4,finished,True,57,63.2,7,
kyushu-kougoren-shinjin-2025-boys,p_b698ec6d4ebf,22,True,76,4,finished,True,57,63.2,7,
kyushu-kougoren-shinjin-2025-boys,p_d54d3297a322,22,True,76,4,finished,True,57,63.2,7,
kyushu-kougoren-shinjin-2025-boys,p_1f9d298fc422,22,True,76,4,finished,True,57,63.2,7,
kyushu-kougoren-shinjin-2025-boys,p_4570fb170ef2,22,True,76,4,finished,True,57,63.2,7,
kyushu-kougoren-shinjin-2025-boys,p_14ae9ea1044a,22,True,76,4,finished,True,57,63.2,7,
kyushu-kougoren-shinjin-2025-boys,p_9a11f180edab,28,True,77,5,finished,True,57,52.6,8,
kyushu-kougoren-shinjin-2025-boys,p_946cd1e41ede,28,True,77,5,finished,True,57,52.6,8,
kyushu-kougoren-shinjin-2025-boys,p_dc89263d9283,28,True,77,5,finished,True,57,52.6,8,
kyushu-kougoren-shinjin-2025-boys,p_e1b81a3917c2,28,True,77,5,finished,True,57,52.6,8,
kyushu-kougoren-shinjin-2025-boys,p_80f3fff33018,32,True,78,6,finished,True,57,45.6,9,
kyushu-kougoren-shinjin-2025-boys,p_03902a1d8fa1,32,True,78,6,finished,True,57,45.6,9,
kyushu-kougoren-shinjin-2025-boys,p_1e8468c16d71,32,True,78,6,finished,True,57,45.6,9,
kyushu-kougoren-shinjin-2025-boys,p_417b499a6f29,32,True,78,6,finished,True,57,45.6,9,
kyushu-kougoren-shinjin-2025-boys,p_050e9e99e699,36,True,79,7,finished,True,57,38.6,10,
kyushu-kougoren-shinjin-2025-boys,p_8867e5239a74,36,True,79,7,finished,True,57,38.6,10,
kyushu-kougoren-shinjin-2025-boys,p_785164166b74,38,True,80,8,finished,True,57,35.1,11,
kyushu-kougoren-shinjin-2025-boys,p_5483a8ca9c15,38,True,80,8,finished,True,57,35.1,11,
kyushu-kougoren-shinjin-2025-boys,p_74933de77d19,38,True,80,8,finished,True,57,35.1,11,
kyushu-kougoren-shinjin-2025-boys,p_280a4e4dc003,41,False,82,10,finished,True,57,29.8,13,
kyushu-kougoren-shinjin-2025-boys,p_9762e941e5d2,42,False,83,11,finished,True,57,28.1,14,
kyushu-kougoren-shinjin-2025-boys,p_50c83c82fd0f,43,True,85,13,finished,True,57,26.3,16,
kyushu-kougoren-shinjin-2025-boys,p_69cc4b0a6ec4,43,True,85,13,finished,True,57,26.3,16,
kyushu-kougoren-shinjin-2025-boys,p_014d922a326a,45,True,87,15,finished,True,57,22.8,18,
kyushu-kougoren-shinjin-2025-boys,p_2581839940f2,45,True,87,15,finished,True,57,22.8,18,
kyushu-kougoren-shinjin-2025-boys,p_078210de958e,47,False,88,16,finished,True,57,19.3,19,
kyushu-kougoren-shinjin-2025-boys,p_b55f62c037da,48,False,91,19,finished,True,57,17.5,22,
kyushu-kougoren-shinjin-2025-boys,p_9f8f0f2cf9a7,49,False,92,20,finished,True,57,15.8,23,
kyushu-kougoren-shinjin-2025-boys,p_6963a295d5c3,50,False,93,21,finished,True,57,14.0,24,
kyushu-kougoren-shinjin-2025-boys,p_76a0a80098d3,51,False,94,22,finished,True,57,12.3,25,
kyushu-kougoren-shinjin-2025-boys,p_c1b4b51c2aa5,52,False,97,25,finished,True,57,10.5,28,
kyushu-kougoren-shinjin-2025-boys,p_b4d1179bbcab,53,False,102,30,finished,True,57,8.8,33,
kyushu-kougoren-shinjin-2025-boys,p_bd5eabfbfaca,54,False,108,36,finished,True,57,7.0,39,
kyushu-kougoren-shinjin-2025-boys,p_cee0c519152a,55,True,114,42,finished,True,57,5.3,45,
kyushu-kougoren-shinjin-2025-boys,p_c2d0e2f10b18,55,True,114,42,finished,True,57,5.3,45,
kyushu-kougoren-shinjin-2025-boys,p_a02b7fb60067,57,False,116,44,finished,True,57,1.8,47,
kyushu-kougoren-shinjin-2025-girls,p_428fd9fe5c1e,1,False,69,-3,finished,True,58,100.0,0,
kyushu-kougoren-shinjin-2025-girls,p_82f197e72560,2,True,72,0,finished,True,58,98.3,3,
kyushu-kougoren-shinjin-2025-girls,p_9bd9407db91b,2,True,72,0,finished,True,58,98.3,3,
kyushu-kougoren-shinjin-2025-girls,p_97f97d97209e,2,True,72,0,finished,True,58,98.3,3,
kyushu-kougoren-shinjin-2025-girls,p_29022def16f4,2,True,72,0,finished,True,58,98.3,3,
kyushu-kougoren-shinjin-2025-girls,p_5c49b06ffb63,2,True,72,0,finished,True,58,98.3,3,
kyushu-kougoren-shinjin-2025-girls,p_2c55cb34a6d6,2,True,72,0,finished,True,58,98.3,3,
kyushu-kougoren-shinjin-2025-girls,p_295218aabb3f,8,True,73,1,finished,True,58,87.9,4,
kyushu-kougoren-shinjin-2025-girls,p_cd0717fc4922,8,True,73,1,finished,True,58,87.9,4,
kyushu-kougoren-shinjin-2025-girls,p_d080f24ebccf,8,True,73,1,finished,True,58,87.9,4,
kyushu-kougoren-shinjin-2025-girls,p_788733a3dbf6,8,True,73,1,finished,True,58,87.9,4,
kyushu-kougoren-shinjin-2025-girls,p_6ec32c95989e,12,True,74,2,finished,True,58,81.0,5,
kyushu-kougoren-shinjin-2025-girls,p_dfbcac371e99,12,True,74,2,finished,True,58,81.0,5,
kyushu-kougoren-shinjin-2025-girls,p_cc2bd5a026d5,12,True,74,2,finished,True,58,81.0,5,
kyushu-kougoren-shinjin-2025-girls,p_d264bec2c67a,12,True,74,2,finished,True,58,81.0,5,
kyushu-kougoren-shinjin-2025-girls,p_0fcd068d09e4,16,True,75,3,finished,True,58,74.1,6,
kyushu-kougoren-shinjin-2025-girls,p_147fed75f7b3,16,True,75,3,finished,True,58,74.1,6,
kyushu-kougoren-shinjin-2025-girls,p_0d2e69b6e4d6,16,True,75,3,finished,True,58,74.1,6,
kyushu-kougoren-shinjin-2025-girls,p_a4180ea33a1c,19,True,76,4,finished,True,58,69.0,7,
kyushu-kougoren-shinjin-2025-girls,p_e65df58011a0,19,True,76,4,finished,True,58,69.0,7,
kyushu-kougoren-shinjin-2025-girls,p_d3bfb2131993,19,True,76,4,finished,True,58,69.0,7,
kyushu-kougoren-shinjin-2025-girls,p_18f82a84a177,19,True,76,4,finished,True,58,69.0,7,
kyushu-kougoren-shinjin-2025-girls,p_46c99a01a72f,19,True,76,4,finished,True,58,69.0,7,
kyushu-kougoren-shinjin-2025-girls,p_ab1556dc4780,19,True,76,4,finished,True,58,69.0,7,
kyushu-kougoren-shinjin-2025-girls,p_a9149b4650d3,25,True,77,5,finished,True,58,58.6,8,
kyushu-kougoren-shinjin-2025-girls,p_0a8a3e58664a,25,True,77,5,finished,True,58,58.6,8,
kyushu-kougoren-shinjin-2025-girls,p_0580b70d849f,25,True,77,5,finished,True,58,58.6,8,
kyushu-kougoren-shinjin-2025-girls,p_4990cf8918d3,28,True,78,6,finished,True,58,53.4,9,
kyushu-kougoren-shinjin-2025-girls,p_7137703ebf5f,28,True,78,6,finished,True,58,53.4,9,
kyushu-kougoren-shinjin-2025-girls,p_892879e181a0,30,True,79,7,finished,True,58,50.0,10,
kyushu-kougoren-shinjin-2025-girls,p_c30d3e0004a5,30,True,79,7,finished,True,58,50.0,10,
kyushu-kougoren-shinjin-2025-girls,p_bca5e1d5d1ff,32,True,80,8,finished,True,58,46.6,11,
kyushu-kougoren-shinjin-2025-girls,p_c45f49a62b05,32,True,80,8,finished,True,58,46.6,11,
kyushu-kougoren-shinjin-2025-girls,p_83106ac543a9,32,True,80,8,finished,True,58,46.6,11,
kyushu-kougoren-shinjin-2025-girls,p_d9e743920e56,32,True,80,8,finished,True,58,46.6,11,
kyushu-kougoren-shinjin-2025-girls,p_40a6787eda96,32,True,80,8,finished,True,58,46.6,11,
kyushu-kougoren-shinjin-2025-girls,p_31815f87eba2,32,True,80,8,finished,True,58,46.6,11,
kyushu-kougoren-shinjin-2025-girls,p_c5cc26d02ec3,32,True,80,8,finished,True,58,46.6,11,
kyushu-kougoren-shinjin-2025-girls,p_0e925bc3be32,32,True,80,8,finished,True,58,46.6,11,
kyushu-kougoren-shinjin-2025-girls,p_3e0e4eea0f23,40,False,81,9,finished,True,58,32.8,12,
kyushu-kougoren-shinjin-2025-girls,p_4ba25d10b8de,41,True,82,10,finished,True,58,31.0,13,
kyushu-kougoren-shinjin-2025-girls,p_f0a3249d3466,41,True,82,10,finished,True,58,31.0,13,
kyushu-kougoren-shinjin-2025-girls,p_0b31a7112f52,43,False,83,11,finished,True,58,27.6,14,
kyushu-kougoren-shinjin-2025-girls,p_a3b98041b29a,44,True,86,14,finished,True,58,25.9,17,
kyushu-kougoren-shinjin-2025-girls,p_165f2e716676,44,True,86,14,finished,True,58,25.9,17,
kyushu-kougoren-shinjin-2025-girls,p_bbe5d3777147,46,False,87,15,finished,True,58,22.4,18,
kyushu-kougoren-shinjin-2025-girls,p_29387fcd0c48,47,True,88,16,finished,True,58,20.7,19,
kyushu-kougoren-shinjin-2025-girls,p_04337f409aeb,47,True,88,16,finished,True,58,20.7,19,
kyushu-kougoren-shinjin-2025-girls,p_bb5f93597576,49,False,89,17,finished,True,58,17.2,20,
kyushu-kougoren-shinjin-2025-girls,p_9d89153aae43,50,False,90,18,finished,True,58,15.5,21,
kyushu-kougoren-shinjin-2025-girls,p_e52e172ce3b1,51,True,91,19,finished,True,58,13.8,22,
kyushu-kougoren-shinjin-2025-girls,p_7333cd1bf20a,51,True,91,19,finished,True,58,13.8,22,
kyushu-kougoren-shinjin-2025-girls,p_6422c06f6337,51,True,91,19,finished,True,58,13.8,22,
kyushu-kougoren-shinjin-2025-girls,p_df09134fe8ea,54,True,92,20,finished,True,58,8.6,23,
kyushu-kougoren-shinjin-2025-girls,p_aa3a1e3c6511,54,True,92,20,finished,True,58,8.6,23,
kyushu-kougoren-shinjin-2025-girls,p_579e3558c325,56,True,93,21,finished,True,58,5.2,24,
kyushu-kougoren-shinjin-2025-girls,p_d77c0b37acf4,56,True,93,21,finished,True,58,5.2,24,
kyushu-kougoren-shinjin-2025-girls,p_77a0a9ec8eb7,58,False,104,32,finished,True,58,1.7,35,
sgu-junior-2026-boys-15-17,p_13eb1c0836c2,1,False,138,-6,finished,True,32,100.0,0,
sgu-junior-2026-boys-15-17,p_b9f35d9908d1,2,False,139,-5,finished,True,32,96.9,1,
sgu-junior-2026-boys-15-17,p_521afce35133,3,False,143,-1,finished,True,32,93.8,5,
sgu-junior-2026-boys-15-17,p_06c668bf104c,4,True,145,1,finished,True,32,90.6,7,
sgu-junior-2026-boys-15-17,p_a944fb158d32,4,True,145,1,finished,True,32,90.6,7,
sgu-junior-2026-boys-15-17,p_3add325159ea,4,True,145,1,finished,True,32,90.6,7,
sgu-junior-2026-boys-15-17,p_c0e2661f15f9,7,True,147,3,finished,True,32,81.2,9,
sgu-junior-2026-boys-15-17,p_c8bea214eeb4,7,True,147,3,finished,True,32,81.2,9,
sgu-junior-2026-boys-15-17,p_2857ae6fb5e0,7,True,147,3,finished,True,32,81.2,9,
sgu-junior-2026-boys-15-17,p_6df17f9ee441,10,False,148,4,finished,True,32,71.9,10,
sgu-junior-2026-boys-15-17,p_8c0ebaa6b026,11,True,149,5,finished,True,32,68.8,11,
sgu-junior-2026-boys-15-17,p_47822cb28bb7,11,True,149,5,finished,True,32,68.8,11,
sgu-junior-2026-boys-15-17,p_5ec3537fd525,13,True,151,7,finished,True,32,62.5,13,
sgu-junior-2026-boys-15-17,p_954aca56639b,13,True,151,7,finished,True,32,62.5,13,
sgu-junior-2026-boys-15-17,p_6cb41a9912ea,15,True,152,8,finished,True,32,56.2,14,
sgu-junior-2026-boys-15-17,p_9d708b61952c,15,True,152,8,finished,True,32,56.2,14,
sgu-junior-2026-boys-15-17,p_4589ab6a689f,17,False,153,9,finished,True,32,50.0,15,
sgu-junior-2026-boys-15-17,p_f9a9bd5d517c,18,False,154,10,finished,True,32,46.9,16,
sgu-junior-2026-boys-15-17,p_4ecd8d4cf4c5,19,False,155,11,finished,True,32,43.8,17,
sgu-junior-2026-boys-15-17,p_d1a2b31131ea,20,True,160,16,finished,True,32,40.6,22,
sgu-junior-2026-boys-15-17,p_3ef238249494,20,True,160,16,finished,True,32,40.6,22,
sgu-junior-2026-boys-15-17,p_c058bb3e8d1b,22,False,161,17,finished,True,32,34.4,23,
sgu-junior-2026-boys-15-17,p_4dd6d17eb772,23,False,163,19,finished,True,32,31.2,25,
sgu-junior-2026-boys-15-17,p_733683d620e7,24,False,164,20,finished,True,32,28.1,26,
sgu-junior-2026-boys-15-17,p_2ea190bd4336,25,False,166,22,finished,True,32,25.0,28,
sgu-junior-2026-boys-15-17,p_592761168902,26,False,170,26,finished,True,32,21.9,32,
sgu-junior-2026-boys-15-17,p_65cfc4e47e87,27,False,172,28,finished,True,32,18.8,34,
sgu-junior-2026-boys-15-17,p_d3b5af1f0eac,28,False,178,34,finished,True,32,15.6,40,
sgu-junior-2026-boys-15-17,p_642ffa584fc3,29,False,187,43,finished,True,32,12.5,49,
sgu-junior-2026-boys-15-17,p_4cab8f75e4f9,30,False,188,44,finished,True,32,9.4,50,
sgu-junior-2026-boys-15-17,p_ae5522bf1829,31,False,226,82,finished,True,32,6.2,88,
sgu-junior-2026-boys-15-17,p_f2b680889ad5,32,False,237,93,finished,True,32,3.1,99,
sgu-junior-2026-boys-15-17,p_fdfd9c3b5887,,False,,,dns,True,,,,
sgu-junior-2026-girls-15-17,p_5f214604898f,1,False,139,-5,finished,True,23,100.0,0,
sgu-junior-2026-girls-15-17,p_7ce4377d5546,2,False,141,-3,finished,True,23,95.7,2,
sgu-junior-2026-girls-15-17,p_ce921bf44a17,3,False,146,2,finished,True,23,91.3,7,
sgu-junior-2026-girls-15-17,p_636fa3bff8a7,4,False,147,3,finished,True,23,87.0,8,
sgu-junior-2026-girls-15-17,p_1e0a642b8fcd,5,True,148,4,finished,True,23,82.6,9,
sgu-junior-2026-girls-15-17,p_f9c6dfb74262,5,True,148,4,finished,True,23,82.6,9,
sgu-junior-2026-girls-15-17,p_4f1cd99ec901,5,True,148,4,finished,True,23,82.6,9,
sgu-junior-2026-girls-15-17,p_2e6f46827f63,5,True,148,4,finished,True,23,82.6,9,
sgu-junior-2026-girls-15-17,p_2d24f397e55d,5,True,148,4,finished,True,23,82.6,9,
sgu-junior-2026-girls-15-17,p_f82b069f1d53,10,False,151,7,finished,True,23,60.9,12,
sgu-junior-2026-girls-15-17,p_162e1defbd9b,11,False,152,8,finished,True,23,56.5,13,
sgu-junior-2026-girls-15-17,p_dc85fd33151b,12,False,153,9,finished,True,23,52.2,14,
sgu-junior-2026-girls-15-17,p_53010e69b4ab,13,False,155,11,finished,True,23,47.8,16,
sgu-junior-2026-girls-15-17,p_d5e63ed79655,14,False,156,12,finished,True,23,43.5,17,
sgu-junior-2026-girls-15-17,p_4adc09ffea14,15,False,157,13,finished,True,23,39.1,18,
sgu-junior-2026-girls-15-17,p_1351167f49e0,16,False,163,19,finished,True,23,34.8,24,
sgu-junior-2026-girls-15-17,p_3770f0256961,17,False,166,22,finished,True,23,30.4,27,
sgu-junior-2026-girls-15-17,p_89f1a739cb9d,18,True,170,26,finished,True,23,26.1,31,
sgu-junior-2026-girls-15-17,p_4fd250f1ed69,18,True,170,26,finished,True,23,26.1,31,
sgu-junior-2026-girls-15-17,p_71cf050ed101,20,False,174,30,finished,True,23,17.4,35,
sgu-junior-2026-girls-15-17,p_7a6dab82542f,21,False,178,34,finished,True,23,13.0,39,
sgu-junior-2026-girls-15-17,p_126f567b17df,22,False,179,35,finished,True,23,8.7,40,
sgu-junior-2026-girls-15-17,p_40f23f5b94ae,23,False,180,36,finished,True,23,4.3,41,
sgu-junior-2026-girls-15-17,p_1d096348cf58,,False,,,dns,True,,,,
tga-amateur-2025-boys,p_a8271f55de68,14,False,299,11,finished,True,115,88.7,,
tga-amateur-2025-boys,p_4d2363fcf68f,21,True,303,15,finished,True,115,82.6,,
tga-amateur-2025-boys,p_b22173cc5b66,27,True,307,19,finished,True,115,77.4,,
tga-amateur-2025-boys,p_55cd66805551,27,True,307,19,finished,True,115,77.4,,
tga-amateur-2025-boys,p_50fbec37c5ed,40,False,316,28,finished,True,115,66.1,,
tga-amateur-2025-boys,p_70542d7875a5,54,True,325,37,finished,True,115,53.9,,
tga-amateur-2025-boys,p_3cf8a54a479a,58,True,328,40,finished,True,115,50.4,,
tga-amateur-2025-boys,p_455daddd4a2d,60,False,330,42,finished,True,115,48.7,,
tga-amateur-2025-boys,p_6b7e104dda9f,61,False,331,43,finished,True,115,47.8,,
tga-amateur-2025-boys,p_1518adaa0cf2,,False,176,32,cut,True,115,,,
tga-amateur-2025-boys,p_dab426bcdad7,,False,178,34,cut,True,115,,,
tga-amateur-2026-boys,p_4d2363fcf68f,9,True,216,0,finished,True,130,93.8,,
tga-amateur-2026-boys,p_b22173cc5b66,20,True,223,7,finished,True,130,85.4,,
tga-amateur-2026-boys,p_c577706356af,37,True,232,16,finished,True,130,72.3,,
tga-amateur-2026-boys,p_6b7e104dda9f,42,True,234,18,finished,True,130,68.5,,
tga-amateur-2026-boys,p_4ea76e596461,56,True,239,23,finished,True,130,57.7,,
tga-amateur-2026-boys,p_bd817c3063bb,61,True,242,26,finished,True,130,53.8,,
tga-amateur-2026-boys,p_b35752d027fb,65,False,243,27,finished,True,130,50.8,,
tga-amateur-2026-boys,p_215fe5d3ac83,66,True,244,28,finished,True,130,50.0,,
tga-amateur-2026-boys,p_7f9b8a1c4b45,,False,163,19,cut,True,130,,,
tga-amateur-2026-boys,p_dab426bcdad7,,False,164,20,cut,True,130,,,
tga-amateur-2026-boys,p_1c7428e0f848,,False,168,24,cut,True,130,,,
tga-amateur-2026-boys,p_7e111ae234e4,,False,180,36,cut,True,130,,,
tga-amateur-2026-boys,p_45e2422b61d1,,False,,,wd,True,130,,,
tga-womens-amateur-2025-girls,p_9fb05ff58aaf,4,False,217,1,finished,True,56,94.6,,
tga-womens-amateur-2025-girls,p_44bc86c5585c,9,False,225,9,finished,True,56,85.7,,
tga-womens-amateur-2025-girls,p_54437e67b877,10,True,226,10,finished,True,56,83.9,,
tga-womens-amateur-2025-girls,p_c58a7b50d4da,13,True,227,11,finished,True,56,78.6,,
tga-womens-amateur-2025-girls,p_92aaa624664a,13,True,227,11,finished,True,56,78.6,,
tga-womens-amateur-2025-girls,p_b77e19f80167,19,False,231,15,finished,True,56,67.9,,
tga-womens-amateur-2025-girls,p_c83df2ac82c8,20,True,232,16,finished,True,56,66.1,,
tga-womens-amateur-2025-girls,p_051a248c3190,20,True,232,16,finished,True,56,66.1,,
tga-womens-amateur-2025-girls,p_b3e0ce2a625f,20,True,232,16,finished,True,56,66.1,,
tga-womens-amateur-2025-girls,p_6fb3acd60fc1,27,True,239,23,finished,True,56,53.6,,
tga-womens-amateur-2025-girls,p_e35ffca63cf7,27,True,239,23,finished,True,56,53.6,,
tga-womens-amateur-2025-girls,p_a70b592979b7,32,False,242,26,finished,True,56,44.6,,
tga-womens-amateur-2025-girls,p_9ad3d95b7202,33,False,244,28,finished,True,56,42.9,,
tga-womens-amateur-2025-girls,p_b0f0fb422663,,False,160,16,cut,True,56,,,
tga-womens-amateur-2025-girls,p_a979edc49633,,False,160,16,cut,True,56,,,
tga-womens-amateur-2025-girls,p_87d2fd5e5cd9,,False,161,17,cut,True,56,,,
tga-womens-amateur-2025-girls,p_cc363adf8429,,False,161,17,cut,True,56,,,
tga-womens-amateur-2025-girls,p_514cbb0bece9,,False,162,18,cut,True,56,,,
tga-womens-amateur-2025-girls,p_4d757c1f5a06,,False,166,22,cut,True,56,,,
tga-womens-amateur-2025-girls,p_921f1214c6d9,,False,168,24,cut,True,56,,,
tga-womens-amateur-2025-girls,p_228908214ba8,,False,170,26,cut,True,56,,,
tga-womens-amateur-2025-girls,p_3da47f36fab4,,False,171,27,cut,True,56,,,
tga-womens-amateur-2025-girls,p_70c34f6edb7f,,False,173,29,cut,True,56,,,
tga-womens-amateur-2025-girls,p_366229228f8c,,False,177,33,cut,True,56,,,
tga-womens-amateur-2025-girls,p_04c2dcb58da4,,False,179,35,cut,True,56,,,
tga-womens-amateur-2025-girls,p_687d8417b034,,False,182,38,cut,True,56,,,
tga-womens-amateur-2025-girls,p_819825802723,,False,182,38,cut,True,56,,,
tga-womens-amateur-2025-girls,p_175d5335428b,,False,183,39,cut,True,56,,,
tga-womens-amateur-2025-girls,p_834c327c5b9d,,False,185,41,cut,True,56,,,
tga-womens-amateur-2025-girls,p_3b8c2f8315e3,,False,185,41,cut,True,56,,,
tga-womens-amateur-2025-girls,p_e3340c422ffb,,False,185,41,cut,True,56,,,
tga-womens-amateur-2026-girls,p_051a248c3190,5,True,236,20,finished,True,48,91.7,,
tga-womens-amateur-2026-girls,p_92aaa624664a,11,False,240,24,finished,True,48,79.2,,
tga-womens-amateur-2026-girls,p_b0f0fb422663,17,True,246,30,finished,True,48,66.7,,
tga-womens-amateur-2026-girls,p_6fb3acd60fc1,17,True,246,30,finished,True,48,66.7,,
tga-womens-amateur-2026-girls,p_921f1214c6d9,19,False,247,31,finished,True,48,62.5,,
tga-womens-amateur-2026-girls,p_b77e19f80167,20,False,248,32,finished,True,48,60.4,,
tga-womens-amateur-2026-girls,p_228908214ba8,21,False,249,33,finished,True,48,58.3,,
tga-womens-amateur-2026-girls,p_dfc056c94359,22,True,250,34,finished,True,48,56.2,,
tga-womens-amateur-2026-girls,p_c368472206ee,28,False,253,37,finished,True,48,43.8,,
tga-womens-amateur-2026-girls,p_44bc86c5585c,,False,170,26,cut,True,48,,,
tga-womens-amateur-2026-girls,p_b3e0ce2a625f,,False,170,26,cut,True,48,,,
tga-womens-amateur-2026-girls,p_819825802723,,False,172,28,cut,True,48,,,
tga-womens-amateur-2026-girls,p_70c34f6edb7f,,False,173,29,cut,True,48,,,
tga-womens-amateur-2026-girls,p_366229228f8c,,False,177,33,cut,True,48,,,
tga-womens-amateur-2026-girls,p_e3340c422ffb,,False,179,35,cut,True,48,,,
tga-womens-amateur-2026-girls,p_4d757c1f5a06,,False,181,37,cut,True,48,,,
tga-womens-amateur-2026-girls,p_687d8417b034,,False,184,40,cut,True,48,,,
tga-womens-amateur-2026-girls,p_f9ebe405d095,,False,186,42,cut,True,48,,,
tga-womens-amateur-2026-girls,p_8ca5c0593d02,,False,196,52,cut,True,48,,,
tga-womens-amateur-2026-girls,p_a979edc49633,,False,,,dq,True,48,,,
tga-womens-amateur-2026-girls,p_e35ffca63cf7,,False,,,dns,True,,,,
tohoku-junior-2025-boys-15-17,p_55cd66805551,1,False,145,1,finished,True,32,100.0,0,
tohoku-junior-2025-boys-15-17,p_70542d7875a5,2,True,148,4,finished,True,32,96.9,3,
tohoku-junior-2025-boys-15-17,p_a8271f55de68,2,True,148,4,finished,True,32,96.9,3,
tohoku-junior-2025-boys-15-17,p_b22173cc5b66,4,False,150,6,finished,True,32,90.6,5,
tohoku-junior-2025-boys-15-17,p_4ea76e596461,5,True,151,7,finished,True,32,87.5,6,
tohoku-junior-2025-boys-15-17,p_50fbec37c5ed,5,True,151,7,finished,True,32,87.5,6,
tohoku-junior-2025-boys-15-17,p_7f9b8a1c4b45,7,True,153,9,finished,True,32,81.2,8,
tohoku-junior-2025-boys-15-17,p_455daddd4a2d,7,True,153,9,finished,True,32,81.2,8,
tohoku-junior-2025-boys-15-17,p_ddbc2bf93a1c,9,False,155,11,finished,True,32,75.0,10,
tohoku-junior-2025-boys-15-17,p_6b7e104dda9f,10,False,156,12,finished,True,32,71.9,11,
tohoku-junior-2025-boys-15-17,p_e27296fec3c8,11,False,157,13,finished,True,32,68.8,12,
tohoku-junior-2025-boys-15-17,p_4d2363fcf68f,12,False,158,14,finished,True,32,65.6,13,
tohoku-junior-2025-boys-15-17,p_dab426bcdad7,13,False,159,15,finished,True,32,62.5,14,
tohoku-junior-2025-boys-15-17,p_b35752d027fb,14,True,160,16,finished,True,32,59.4,15,
tohoku-junior-2025-boys-15-17,p_bd817c3063bb,14,True,160,16,finished,True,32,59.4,15,
tohoku-junior-2025-boys-15-17,p_1518adaa0cf2,16,False,163,19,finished,True,32,53.1,18,
tohoku-junior-2025-boys-15-17,p_24864d33d930,17,True,166,22,finished,True,32,50.0,21,
tohoku-junior-2025-boys-15-17,p_ecd1dd3d04fc,17,True,166,22,finished,True,32,50.0,21,
tohoku-junior-2025-boys-15-17,p_58a36aa54ac7,19,False,167,23,finished,True,32,43.8,22,
tohoku-junior-2025-boys-15-17,p_0db5bccb6bbf,20,False,168,24,finished,True,32,40.6,23,
tohoku-junior-2025-boys-15-17,p_215fe5d3ac83,21,False,169,25,finished,True,32,37.5,24,
tohoku-junior-2025-boys-15-17,p_502dd4674c79,22,False,171,27,finished,True,32,34.4,26,
tohoku-junior-2025-boys-15-17,p_04631dcca890,23,False,173,29,finished,True,32,31.2,28,
tohoku-junior-2025-boys-15-17,p_c9a52e366b2a,24,True,175,31,finished,True,32,28.1,30,
tohoku-junior-2025-boys-15-17,p_9e974f4d03f4,24,True,175,31,finished,True,32,28.1,30,
tohoku-junior-2025-boys-15-17,p_8b8ac487034d,26,False,179,35,finished,True,32,21.9,34,
tohoku-junior-2025-boys-15-17,p_08ed849a263a,27,False,183,39,finished,True,32,18.8,38,
tohoku-junior-2025-boys-15-17,p_a9798b9565ef,28,False,188,44,finished,True,32,15.6,43,
tohoku-junior-2025-boys-15-17,p_ae11cf09a54e,29,False,190,46,finished,True,32,12.5,45,
tohoku-junior-2025-boys-15-17,p_07f091c28de1,30,False,198,54,finished,True,32,9.4,53,
tohoku-junior-2025-boys-15-17,p_66f345123f8e,31,False,205,61,finished,True,32,6.2,60,
tohoku-junior-2025-boys-15-17,p_0bf3cc417ac7,32,False,212,68,finished,True,32,3.1,67,
tohoku-junior-2025-girls-15-17,p_b3e0ce2a625f,1,False,145,1,finished,True,35,100.0,0,
tohoku-junior-2025-girls-15-17,p_9fb05ff58aaf,2,True,145,1,finished,True,35,97.1,0,
tohoku-junior-2025-girls-15-17,p_35c9a174106a,2,True,145,1,finished,True,35,97.1,0,
tohoku-junior-2025-girls-15-17,p_44bc86c5585c,4,False,149,5,finished,True,35,91.4,4,
tohoku-junior-2025-girls-15-17,p_b77e19f80167,5,True,150,6,finished,True,35,88.6,5,
tohoku-junior-2025-girls-15-17,p_cc2bd5a026d5,5,True,150,6,finished,True,35,88.6,5,
tohoku-junior-2025-girls-15-17,p_c83df2ac82c8,5,True,150,6,finished,True,35,88.6,5,
tohoku-junior-2025-girls-15-17,p_514cbb0bece9,8,True,152,8,finished,True,35,80.0,7,
tohoku-junior-2025-girls-15-17,p_a979edc49633,8,True,152,8,finished,True,35,80.0,7,
tohoku-junior-2025-girls-15-17,p_3b7a727a6065,10,False,153,9,finished,True,35,74.3,8,
tohoku-junior-2025-girls-15-17,p_92aaa624664a,11,False,154,10,finished,True,35,71.4,9,
tohoku-junior-2025-girls-15-17,p_c58a7b50d4da,12,True,155,11,finished,True,35,68.6,10,
tohoku-junior-2025-girls-15-17,p_6fb3acd60fc1,12,True,155,11,finished,True,35,68.6,10,
tohoku-junior-2025-girls-15-17,p_87d2fd5e5cd9,14,True,157,13,finished,True,35,62.9,12,
tohoku-junior-2025-girls-15-17,p_c368472206ee,14,True,157,13,finished,True,35,62.9,12,
tohoku-junior-2025-girls-15-17,p_e35ffca63cf7,14,True,157,13,finished,True,35,62.9,12,
tohoku-junior-2025-girls-15-17,p_a70b592979b7,14,True,157,13,finished,True,35,62.9,12,
tohoku-junior-2025-girls-15-17,p_051a248c3190,18,True,158,14,finished,True,35,51.4,13,
tohoku-junior-2025-girls-15-17,p_b0f0fb422663,18,True,158,14,finished,True,35,51.4,13,
tohoku-junior-2025-girls-15-17,p_cc363adf8429,20,False,163,19,finished,True,35,45.7,18,
tohoku-junior-2025-girls-15-17,p_b9718498b105,21,False,165,21,finished,True,35,42.9,20,
tohoku-junior-2025-girls-15-17,p_9ad3d95b7202,22,False,166,22,finished,True,35,40.0,21,
tohoku-junior-2025-girls-15-17,p_366229228f8c,23,True,167,23,finished,True,35,37.1,22,
tohoku-junior-2025-girls-15-17,p_3da47f36fab4,23,True,167,23,finished,True,35,37.1,22,
tohoku-junior-2025-girls-15-17,p_819825802723,25,False,169,25,finished,True,35,31.4,24,
tohoku-junior-2025-girls-15-17,p_9d34f3586442,26,False,172,28,finished,True,35,28.6,27,
tohoku-junior-2025-girls-15-17,p_803b0420f015,27,False,174,30,finished,True,35,25.7,29,
tohoku-junior-2025-girls-15-17,p_e3340c422ffb,28,False,175,31,finished,True,35,22.9,30,
tohoku-junior-2025-girls-15-17,p_5bad5f0d866f,29,False,177,33,finished,True,35,20.0,32,
tohoku-junior-2025-girls-15-17,p_04c2dcb58da4,30,False,181,37,finished,True,35,17.1,36,
tohoku-junior-2025-girls-15-17,p_921f1214c6d9,31,False,189,45,finished,True,35,14.3,44,
tohoku-junior-2025-girls-15-17,p_687d8417b034,32,False,191,47,finished,True,35,11.4,46,
tohoku-junior-2025-girls-15-17,p_06da30a9e64a,33,False,194,50,finished,True,35,8.6,49,
tohoku-junior-2025-girls-15-17,p_4d27091a71d9,34,False,206,62,finished,True,35,5.7,61,
tohoku-junior-2025-girls-15-17,p_96bd2bc4459f,35,False,227,83,finished,True,35,2.9,82,
tohoku-junior-2026-boys-15-17,p_45e2422b61d1,1,False,143,-1,finished,True,26,100.0,0,
tohoku-junior-2026-boys-15-17,p_4d2363fcf68f,2,True,145,1,finished,True,26,96.2,2,
tohoku-junior-2026-boys-15-17,p_6b7e104dda9f,2,True,145,1,finished,True,26,96.2,2,
tohoku-junior-2026-boys-15-17,p_4ea76e596461,4,False,146,2,finished,True,26,88.5,3,
tohoku-junior-2026-boys-15-17,p_c577706356af,5,True,149,5,finished,True,26,84.6,6,
tohoku-junior-2026-boys-15-17,p_b22173cc5b66,5,True,149,5,finished,True,26,84.6,6,
tohoku-junior-2026-boys-15-17,p_bd817c3063bb,7,True,150,6,finished,True,26,76.9,7,
tohoku-junior-2026-boys-15-17,p_d45ad433a144,7,True,150,6,finished,True,26,76.9,7,
tohoku-junior-2026-boys-15-17,p_7f9b8a1c4b45,9,False,157,13,finished,True,26,69.2,14,
tohoku-junior-2026-boys-15-17,p_1c7428e0f848,10,False,158,14,finished,True,26,65.4,15,
tohoku-junior-2026-boys-15-17,p_ecd1dd3d04fc,11,False,159,15,finished,True,26,61.5,16,
tohoku-junior-2026-boys-15-17,p_dab426bcdad7,12,False,160,16,finished,True,26,57.7,17,
tohoku-junior-2026-boys-15-17,p_a3c9700d5b39,13,False,161,17,finished,True,26,53.8,18,
tohoku-junior-2026-boys-15-17,p_b35752d027fb,14,False,166,22,finished,True,26,50.0,23,
tohoku-junior-2026-boys-15-17,p_7099e3d36437,15,False,169,25,finished,True,26,46.2,26,
tohoku-junior-2026-boys-15-17,p_3bd47b0382ce,16,False,170,26,finished,True,26,42.3,27,
tohoku-junior-2026-boys-15-17,p_8b8ac487034d,17,False,171,27,finished,True,26,38.5,28,
tohoku-junior-2026-boys-15-17,p_9e974f4d03f4,18,False,172,28,finished,True,26,34.6,29,
tohoku-junior-2026-boys-15-17,p_08ed849a263a,19,False,173,29,finished,True,26,30.8,30,
tohoku-junior-2026-boys-15-17,p_0db5bccb6bbf,20,False,179,35,finished,True,26,26.9,36,
tohoku-junior-2026-boys-15-17,p_a9798b9565ef,21,True,183,39,finished,True,26,23.1,40,
tohoku-junior-2026-boys-15-17,p_7e111ae234e4,21,True,183,39,finished,True,26,23.1,40,
tohoku-junior-2026-boys-15-17,p_22a7dc3822d8,23,False,185,41,finished,True,26,15.4,42,
tohoku-junior-2026-boys-15-17,p_8e5322e4ef66,24,False,188,44,finished,True,26,11.5,45,
tohoku-junior-2026-boys-15-17,p_ad0705428024,25,False,214,70,finished,True,26,7.7,71,
tohoku-junior-2026-boys-15-17,p_2aae3934a834,26,False,218,74,finished,True,26,3.8,75,
tohoku-junior-2026-girls-15-17,p_a979edc49633,1,False,140,-4,finished,True,27,100.0,0,
tohoku-junior-2026-girls-15-17,p_cc2bd5a026d5,2,False,145,1,finished,True,27,96.3,5,
tohoku-junior-2026-girls-15-17,p_051a248c3190,3,True,146,2,finished,True,27,92.6,6,
tohoku-junior-2026-girls-15-17,p_b77e19f80167,3,True,146,2,finished,True,27,92.6,6,
tohoku-junior-2026-girls-15-17,p_dfc056c94359,5,False,147,3,finished,True,27,85.2,7,
tohoku-junior-2026-girls-15-17,p_b0f0fb422663,6,False,148,4,finished,True,27,81.5,8,
tohoku-junior-2026-girls-15-17,p_44bc86c5585c,7,True,149,5,finished,True,27,77.8,9,
tohoku-junior-2026-girls-15-17,p_b3e0ce2a625f,7,True,149,5,finished,True,27,77.8,9,
tohoku-junior-2026-girls-15-17,p_92aaa624664a,9,False,150,6,finished,True,27,70.4,10,
tohoku-junior-2026-girls-15-17,p_228908214ba8,10,True,152,8,finished,True,27,66.7,12,
tohoku-junior-2026-girls-15-17,p_6fb3acd60fc1,10,True,152,8,finished,True,27,66.7,12,
tohoku-junior-2026-girls-15-17,p_c368472206ee,12,False,153,9,finished,True,27,59.3,13,
tohoku-junior-2026-girls-15-17,p_b9718498b105,13,False,157,13,finished,True,27,55.6,17,
tohoku-junior-2026-girls-15-17,p_366229228f8c,14,False,158,14,finished,True,27,51.9,18,
tohoku-junior-2026-girls-15-17,p_921f1214c6d9,15,False,159,15,finished,True,27,48.1,19,
tohoku-junior-2026-girls-15-17,p_4d757c1f5a06,16,False,160,16,finished,True,27,44.4,20,
tohoku-junior-2026-girls-15-17,p_819825802723,17,False,164,20,finished,True,27,40.7,24,
tohoku-junior-2026-girls-15-17,p_e3340c422ffb,18,True,166,22,finished,True,27,37.0,26,
tohoku-junior-2026-girls-15-17,p_687d8417b034,18,True,166,22,finished,True,27,37.0,26,
tohoku-junior-2026-girls-15-17,p_3b7a727a6065,20,False,170,26,finished,True,27,29.6,30,
tohoku-junior-2026-girls-15-17,p_96bd2bc4459f,21,False,172,28,finished,True,27,25.9,32,
tohoku-junior-2026-girls-15-17,p_06da30a9e64a,22,False,177,33,finished,True,27,22.2,37,
tohoku-junior-2026-girls-15-17,p_e35ffca63cf7,23,False,179,35,finished,True,27,18.5,39,
tohoku-junior-2026-girls-15-17,p_5bad5f0d866f,24,False,182,38,finished,True,27,14.8,42,
tohoku-junior-2026-girls-15-17,p_8ca5c0593d02,25,False,185,41,finished,True,27,11.1,45,
tohoku-junior-2026-girls-15-17,p_82ee22b92b4b,26,False,190,46,finished,True,27,7.4,50,
tohoku-junior-2026-girls-15-17,p_c8eed8925497,27,False,259,115,finished,True,27,3.7,119,
tohoku-kougoren-summer-championship-2025-boys,p_a8271f55de68,1,False,67,-5,finished,True,27,100.0,0,
tohoku-kougoren-summer-championship-2025-boys,p_55cd66805551,2,False,69,-3,finished,True,27,96.3,2,
tohoku-kougoren-summer-championship-2025-boys,p_4ea76e596461,3,False,71,-1,finished,True,27,92.6,4,
tohoku-kougoren-summer-championship-2025-boys,p_70542d7875a5,4,False,74,2,finished,True,27,88.9,7,
tohoku-kougoren-summer-championship-2025-boys,p_b22173cc5b66,5,False,74,2,finished,True,27,85.2,7,
tohoku-kougoren-summer-championship-2025-boys,p_ddbc2bf93a1c,6,False,75,3,finished,True,27,81.5,8,
tohoku-kougoren-summer-championship-2025-boys,p_50fbec37c5ed,7,False,75,3,finished,True,27,77.8,8,
tohoku-kougoren-summer-championship-2025-boys,p_7f9b8a1c4b45,8,False,76,4,finished,True,27,74.1,9,
tohoku-kougoren-summer-championship-2025-boys,p_6b7e104dda9f,9,False,77,5,finished,True,27,70.4,10,
tohoku-kougoren-summer-championship-2025-boys,p_e27296fec3c8,10,False,78,6,finished,True,27,66.7,11,
tohoku-kougoren-summer-championship-2025-boys,p_4d2363fcf68f,11,False,78,6,finished,True,27,63.0,11,
tohoku-kougoren-summer-championship-2025-boys,p_bd783b2a6c5d,12,False,79,7,finished,True,27,59.3,12,
tohoku-kougoren-summer-championship-2025-boys,p_49ce6232b3a0,13,False,81,9,finished,True,27,55.6,14,
tohoku-kougoren-summer-championship-2025-boys,p_ecd1dd3d04fc,14,False,82,10,finished,True,27,51.9,15,
tohoku-kougoren-summer-championship-2025-boys,p_215fe5d3ac83,15,False,84,12,finished,True,27,48.1,17,
tohoku-kougoren-summer-championship-2025-boys,p_8b8ac487034d,16,False,84,12,finished,True,27,44.4,17,
tohoku-kougoren-summer-championship-2025-boys,p_58a36aa54ac7,17,False,85,13,finished,True,27,40.7,18,
tohoku-kougoren-summer-championship-2025-boys,p_0db5bccb6bbf,18,False,85,13,finished,True,27,37.0,18,
tohoku-kougoren-summer-championship-2025-boys,p_bd817c3063bb,19,False,86,14,finished,True,27,33.3,19,
tohoku-kougoren-summer-championship-2025-boys,p_24864d33d930,20,False,86,14,finished,True,27,29.6,19,
tohoku-kougoren-summer-championship-2025-boys,p_1518adaa0cf2,21,False,86,14,finished,True,27,25.9,19,
tohoku-kougoren-summer-championship-2025-boys,p_53d319ed933d,22,False,87,15,finished,True,27,22.2,20,
tohoku-kougoren-summer-championship-2025-boys,p_9e974f4d03f4,23,False,88,16,finished,True,27,18.5,21,
tohoku-kougoren-summer-championship-2025-boys,p_ae11cf09a54e,24,False,94,22,finished,True,27,14.8,27,
tohoku-kougoren-summer-championship-2025-boys,p_a9798b9565ef,25,False,94,22,finished,True,27,11.1,27,
tohoku-kougoren-summer-championship-2025-boys,p_22a7dc3822d8,26,False,104,32,finished,True,27,7.4,37,
tohoku-kougoren-summer-championship-2025-boys,p_23ee13eaf2bf,27,False,209,137,finished,True,27,3.7,142,
tohoku-kougoren-summer-championship-2025-girls,p_b77e19f80167,1,False,68,-4,finished,True,30,100.0,0,
tohoku-kougoren-summer-championship-2025-girls,p_44bc86c5585c,2,False,69,-3,finished,True,30,96.7,1,
tohoku-kougoren-summer-championship-2025-girls,p_b0f0fb422663,3,False,69,-3,finished,True,30,93.3,1,
tohoku-kougoren-summer-championship-2025-girls,p_a979edc49633,4,False,71,-1,finished,True,30,90.0,3,
tohoku-kougoren-summer-championship-2025-girls,p_cc363adf8429,5,False,72,0,finished,True,30,86.7,4,
tohoku-kougoren-summer-championship-2025-girls,p_92aaa624664a,6,False,72,0,finished,True,30,83.3,4,
tohoku-kougoren-summer-championship-2025-girls,p_b3e0ce2a625f,7,False,73,1,finished,True,30,80.0,5,
tohoku-kougoren-summer-championship-2025-girls,p_051a248c3190,8,False,73,1,finished,True,30,76.7,5,
tohoku-kougoren-summer-championship-2025-girls,p_9fb05ff58aaf,9,False,75,3,finished,True,30,73.3,7,
tohoku-kougoren-summer-championship-2025-girls,p_87d2fd5e5cd9,10,False,75,3,finished,True,30,70.0,7,
tohoku-kougoren-summer-championship-2025-girls,p_4d757c1f5a06,11,False,77,5,finished,True,30,66.7,9,
tohoku-kougoren-summer-championship-2025-girls,p_e35ffca63cf7,12,False,77,5,finished,True,30,63.3,9,
tohoku-kougoren-summer-championship-2025-girls,p_3b7a727a6065,13,False,78,6,finished,True,30,60.0,10,
tohoku-kougoren-summer-championship-2025-girls,p_819825802723,14,False,78,6,finished,True,30,56.7,10,
tohoku-kougoren-summer-championship-2025-girls,p_6fb3acd60fc1,15,False,79,7,finished,True,30,53.3,11,
tohoku-kougoren-summer-championship-2025-girls,p_228908214ba8,16,False,80,8,finished,True,30,50.0,12,
tohoku-kougoren-summer-championship-2025-girls,p_921f1214c6d9,17,False,81,9,finished,True,30,46.7,13,
tohoku-kougoren-summer-championship-2025-girls,p_803b0420f015,18,False,81,9,finished,True,30,43.3,13,
tohoku-kougoren-summer-championship-2025-girls,p_3b8c2f8315e3,19,False,82,10,finished,True,30,40.0,14,
tohoku-kougoren-summer-championship-2025-girls,p_a70b592979b7,20,False,83,11,finished,True,30,36.7,15,
tohoku-kougoren-summer-championship-2025-girls,p_366229228f8c,21,False,85,13,finished,True,30,33.3,17,
tohoku-kougoren-summer-championship-2025-girls,p_687d8417b034,22,False,86,14,finished,True,30,30.0,18,
tohoku-kougoren-summer-championship-2025-girls,p_06da30a9e64a,23,False,86,14,finished,True,30,26.7,18,
tohoku-kougoren-summer-championship-2025-girls,p_9ad3d95b7202,24,False,87,15,finished,True,30,23.3,19,
tohoku-kougoren-summer-championship-2025-girls,p_e3340c422ffb,25,False,88,16,finished,True,30,20.0,20,
tohoku-kougoren-summer-championship-2025-girls,p_04c2dcb58da4,26,False,89,17,finished,True,30,16.7,21,
tohoku-kougoren-summer-championship-2025-girls,p_819f2de925ff,27,False,104,32,finished,True,30,13.3,36,
tohoku-kougoren-summer-championship-2025-girls,p_96bd2bc4459f,28,False,105,33,finished,True,30,10.0,37,
tohoku-kougoren-summer-championship-2025-girls,p_8ca5c0593d02,29,False,112,40,finished,True,30,6.7,44,
tohoku-kougoren-summer-championship-2025-girls,p_82ee22b92b4b,30,False,116,44,finished,True,30,3.3,48,
tohoku-kougoren-summer-championship-2026-boys,p_d45ad433a144,1,False,71,-1,finished,True,23,100.0,0,
tohoku-kougoren-summer-championship-2026-boys,p_c577706356af,2,False,74,2,finished,True,23,95.7,3,
tohoku-kougoren-summer-championship-2026-boys,p_4d2363fcf68f,3,False,75,3,finished,True,23,91.3,4,
tohoku-kougoren-summer-championship-2026-boys,p_6b7e104dda9f,4,False,76,4,finished,True,23,87.0,5,
tohoku-kougoren-summer-championship-2026-boys,p_215fe5d3ac83,5,False,76,4,finished,True,23,82.6,5,
tohoku-kougoren-summer-championship-2026-boys,p_b35752d027fb,6,False,76,4,finished,True,23,78.3,5,
tohoku-kougoren-summer-championship-2026-boys,p_1c7428e0f848,7,False,76,4,finished,True,23,73.9,5,
tohoku-kougoren-summer-championship-2026-boys,p_4ea76e596461,8,False,78,6,finished,True,23,69.6,7,
tohoku-kougoren-summer-championship-2026-boys,p_b22173cc5b66,9,False,78,6,finished,True,23,65.2,7,
tohoku-kougoren-summer-championship-2026-boys,p_a3c9700d5b39,10,False,79,7,finished,True,23,60.9,8,
tohoku-kougoren-summer-championship-2026-boys,p_3bd47b0382ce,11,False,80,8,finished,True,23,56.5,9,
tohoku-kougoren-summer-championship-2026-boys,p_45e2422b61d1,12,False,81,9,finished,True,23,52.2,10,
tohoku-kougoren-summer-championship-2026-boys,p_7f9b8a1c4b45,13,False,81,9,finished,True,23,47.8,10,
tohoku-kougoren-summer-championship-2026-boys,p_dab426bcdad7,14,False,81,9,finished,True,23,43.5,10,
tohoku-kougoren-summer-championship-2026-boys,p_bd817c3063bb,15,False,84,12,finished,True,23,39.1,13,
tohoku-kougoren-summer-championship-2026-boys,p_a9798b9565ef,16,False,85,13,finished,True,23,34.8,14,
tohoku-kougoren-summer-championship-2026-boys,p_ecd1dd3d04fc,17,False,89,17,finished,True,23,30.4,18,
tohoku-kougoren-summer-championship-2026-boys,p_c89278d7e9c4,18,False,90,18,finished,True,23,26.1,19,
tohoku-kougoren-summer-championship-2026-boys,p_7099e3d36437,19,False,91,19,finished,True,23,21.7,20,
tohoku-kougoren-summer-championship-2026-boys,p_0db5bccb6bbf,20,False,92,20,finished,True,23,17.4,21,
tohoku-kougoren-summer-championship-2026-boys,p_9e974f4d03f4,21,False,93,21,finished,True,23,13.0,22,
tohoku-kougoren-summer-championship-2026-boys,p_22a7dc3822d8,22,False,94,22,finished,True,23,8.7,23,
tohoku-kougoren-summer-championship-2026-boys,p_8e5322e4ef66,23,False,94,22,finished,True,23,4.3,23,
tohoku-kougoren-summer-championship-2026-girls,p_b3e0ce2a625f,1,False,69,-3,finished,True,25,100.0,0,
tohoku-kougoren-summer-championship-2026-girls,p_b77e19f80167,2,False,70,-2,finished,True,25,96.0,1,
tohoku-kougoren-summer-championship-2026-girls,p_92aaa624664a,3,False,72,0,finished,True,25,92.0,3,
tohoku-kougoren-summer-championship-2026-girls,p_6fb3acd60fc1,4,False,73,1,finished,True,25,88.0,4,
tohoku-kougoren-summer-championship-2026-girls,p_921f1214c6d9,5,False,75,3,finished,True,25,84.0,6,
tohoku-kougoren-summer-championship-2026-girls,p_051a248c3190,6,False,75,3,finished,True,25,80.0,6,
tohoku-kougoren-summer-championship-2026-girls,p_228908214ba8,7,False,77,5,finished,True,25,76.0,8,
tohoku-kougoren-summer-championship-2026-girls,p_819825802723,8,False,77,5,finished,True,25,72.0,8,
tohoku-kougoren-summer-championship-2026-girls,p_dfc056c94359,9,False,78,6,finished,True,25,68.0,9,
tohoku-kougoren-summer-championship-2026-girls,p_3b7a727a6065,10,False,78,6,finished,True,25,64.0,9,
tohoku-kougoren-summer-championship-2026-girls,p_a979edc49633,11,False,78,6,finished,True,25,60.0,9,
tohoku-kougoren-summer-championship-2026-girls,p_44bc86c5585c,12,False,79,7,finished,True,25,56.0,10,
tohoku-kougoren-summer-championship-2026-girls,p_4d757c1f5a06,13,False,80,8,finished,True,25,52.0,11,
tohoku-kougoren-summer-championship-2026-girls,p_e35ffca63cf7,14,False,80,8,finished,True,25,48.0,11,
tohoku-kougoren-summer-championship-2026-girls,p_b0f0fb422663,15,False,80,8,finished,True,25,44.0,11,
tohoku-kougoren-summer-championship-2026-girls,p_c368472206ee,16,False,81,9,finished,True,25,40.0,12,
tohoku-kougoren-summer-championship-2026-girls,p_366229228f8c,17,False,84,12,finished,True,25,36.0,15,
tohoku-kougoren-summer-championship-2026-girls,p_e3340c422ffb,18,False,86,14,finished,True,25,32.0,17,
tohoku-kougoren-summer-championship-2026-girls,p_96bd2bc4459f,19,False,87,15,finished,True,25,28.0,18,
tohoku-kougoren-summer-championship-2026-girls,p_06da30a9e64a,20,False,87,15,finished,True,25,24.0,18,
tohoku-kougoren-summer-championship-2026-girls,p_687d8417b034,21,False,87,15,finished,True,25,20.0,18,
tohoku-kougoren-summer-championship-2026-girls,p_8ca5c0593d02,22,False,93,21,finished,True,25,16.0,24,
tohoku-kougoren-summer-championship-2026-girls,p_3b8c2f8315e3,23,False,95,23,finished,True,25,12.0,26,
tohoku-kougoren-summer-championship-2026-girls,p_c8eed8925497,24,False,110,38,finished,True,25,8.0,41,
tohoku-kougoren-summer-championship-2026-girls,p_450eb171b94d,25,False,143,71,finished,True,25,4.0,74,
jga-junior-2026-boys-15-17,p_88fd65d9723b,,False,130,-12,finished,True,122,,0,-8.3
jga-junior-2026-boys-15-17,p_f59758657549,,False,135,-7,finished,True,122,,5,-6.2
jga-junior-2026-boys-15-17,p_d0dbe3853339,,False,136,-6,finished,True,122,,6,-5.8
jga-junior-2026-boys-15-17,p_0fb583ef5a83,,False,136,-6,finished,True,122,,6,-5.8
jga-junior-2026-boys-15-17,p_8dc9d46d6fe9,,False,138,-4,finished,True,122,,8,-5.0
jga-junior-2026-boys-15-17,p_f3e691d94880,,False,138,-4,finished,True,122,,8,-5.0
jga-junior-2026-boys-15-17,p_e72a5b29e4db,,False,138,-4,finished,True,122,,8,-5.0
jga-junior-2026-boys-15-17,p_b9f35d9908d1,,False,138,-4,finished,True,122,,8,-5.0
jga-junior-2026-boys-15-17,p_b4dd30f4477b,,False,139,-3,finished,True,122,,9,-4.5
jga-junior-2026-boys-15-17,p_46785dba31a4,,False,139,-3,finished,True,122,,9,-4.6
jga-junior-2026-boys-15-17,p_cc9d3dab077a,,False,139,-3,finished,True,122,,9,-4.6
jga-junior-2026-boys-15-17,p_6018094cd0c0,,False,140,-2,finished,True,122,,10,-4.2
jga-junior-2026-boys-15-17,p_f9d70a42cf0e,,False,140,-2,finished,True,122,,10,-4.2
jga-junior-2026-boys-15-17,p_9856cb6df080,,False,140,-2,finished,True,122,,10,-4.2
jga-junior-2026-boys-15-17,p_f59c98c3d8a7,,False,140,-2,finished,True,122,,10,-4.1
jga-junior-2026-boys-15-17,p_9eafbf5af593,,False,140,-2,finished,True,122,,10,-4.2
jga-junior-2026-boys-15-17,p_dfda00cc8726,,False,140,-2,finished,True,122,,10,-4.2
jga-junior-2026-boys-15-17,p_58a18642a4f4,,False,141,-1,finished,True,122,,11,-3.8
jga-junior-2026-boys-15-17,p_4b61e36993d7,,False,141,-1,finished,True,122,,11,-3.8
jga-junior-2026-boys-15-17,p_b454b2cdec39,,False,141,-1,finished,True,122,,11,-3.8
jga-junior-2026-boys-15-17,p_aff0240e505b,,False,142,0,finished,True,122,,12,-3.3
jga-junior-2026-boys-15-17,p_4593dcfcf790,,False,142,0,finished,True,122,,12,-3.3
jga-junior-2026-boys-15-17,p_176ed0e197c6,,False,142,0,finished,True,122,,12,-3.4
jga-junior-2026-boys-15-17,p_37bb0c747b0e,,False,142,0,finished,True,122,,12,-3.4
jga-junior-2026-boys-15-17,p_e8c5625d2c92,,False,142,0,finished,True,122,,12,-3.3
jga-junior-2026-boys-15-17,p_52b06429d9b5,,False,142,0,finished,True,122,,12,-3.4
jga-junior-2026-boys-15-17,p_eb40204c85f8,,False,143,1,finished,True,122,,13,-3.0
jga-junior-2026-boys-15-17,p_670d613df9d5,,False,143,1,finished,True,122,,13,-2.9
jga-junior-2026-boys-15-17,p_f6a032b7b1a0,,False,143,1,finished,True,122,,13,-3.0
jga-junior-2026-boys-15-17,p_f49da0847337,,False,143,1,finished,True,122,,13,-2.9
jga-junior-2026-boys-15-17,p_00e91cfe7a79,,False,143,1,finished,True,122,,13,-2.9
jga-junior-2026-boys-15-17,p_a4d43f724ff9,,False,143,1,finished,True,122,,13,-2.9
jga-junior-2026-boys-15-17,p_4d2363fcf68f,,False,143,1,finished,True,122,,13,-2.9
jga-junior-2026-boys-15-17,p_4f1911950617,,False,143,1,finished,True,122,,13,-2.9
jga-junior-2026-boys-15-17,p_ef2ca5efd1b9,,False,143,1,finished,True,122,,13,-3.0
jga-junior-2026-boys-15-17,p_055b52094cc0,,False,143,1,finished,True,122,,13,-3.0
jga-junior-2026-boys-15-17,p_1210617cacd5,,False,144,2,finished,True,122,,14,-2.5
jga-junior-2026-boys-15-17,p_775ca51238fd,,False,144,2,finished,True,122,,14,-2.5
jga-junior-2026-boys-15-17,p_7f9637b583c5,,False,144,2,finished,True,122,,14,-2.5
jga-junior-2026-boys-15-17,p_2574929b245d,,False,144,2,finished,True,122,,14,-2.5
jga-junior-2026-boys-15-17,p_db2c5c0dc7da,,False,144,2,finished,True,122,,14,-2.5
jga-junior-2026-boys-15-17,p_cbe29f684a58,,False,144,2,finished,True,122,,14,-2.5
jga-junior-2026-boys-15-17,p_0b5e8a2fd78c,,False,144,2,finished,True,122,,14,-2.5
jga-junior-2026-boys-15-17,p_507cd607e610,,False,144,2,finished,True,122,,14,-2.5
jga-junior-2026-boys-15-17,p_9c5fbe3bed73,,False,145,3,finished,True,122,,15,-2.0
jga-junior-2026-boys-15-17,p_1ef5903ae38b,,False,145,3,finished,True,122,,15,-2.1
jga-junior-2026-boys-15-17,p_a7a635ce7930,,False,145,3,finished,True,122,,15,-2.1
jga-junior-2026-boys-15-17,p_13eb1c0836c2,,False,145,3,finished,True,122,,15,-2.1
jga-junior-2026-boys-15-17,p_6c6ca58a3283,,False,146,4,finished,True,122,,16,-1.6
jga-junior-2026-boys-15-17,p_1b03cfa34604,,False,146,4,finished,True,122,,16,-1.6
jga-junior-2026-boys-15-17,p_6cd607992f8a,,False,146,4,finished,True,122,,16,-1.7
jga-junior-2026-boys-15-17,p_4947a9a742a8,,False,146,4,finished,True,122,,16,-1.6
jga-junior-2026-boys-15-17,p_46d4683a0ce9,,False,146,4,finished,True,122,,16,-1.6
jga-junior-2026-boys-15-17,p_fdbe57eaea98,,False,146,4,finished,True,122,,16,-1.7
jga-junior-2026-boys-15-17,p_36147e627394,,False,146,4,finished,True,122,,16,-1.6
jga-junior-2026-boys-15-17,p_47d71213d728,,False,146,4,finished,True,122,,16,-1.6
jga-junior-2026-boys-15-17,p_0478d952bf4e,,False,147,5,finished,True,122,,17,-1.2
jga-junior-2026-boys-15-17,p_c5fb4b19fc40,,False,147,5,finished,True,122,,17,-1.2
jga-junior-2026-boys-15-17,p_7e2a0176f4f7,,False,147,5,finished,True,122,,17,-1.2
jga-junior-2026-boys-15-17,p_e82e43134667,,False,147,5,finished,True,122,,17,-1.2
jga-junior-2026-boys-15-17,p_45e2422b61d1,,False,147,5,finished,True,122,,17,-1.2
jga-junior-2026-boys-15-17,p_d372ff16f0c7,,False,147,5,finished,True,122,,17,-1.2
jga-junior-2026-boys-15-17,p_5aa227256f31,,False,147,5,finished,True,122,,17,-1.2
jga-junior-2026-boys-15-17,p_4a0508393c47,,False,148,6,cut,True,122,,,-0.8
jga-junior-2026-boys-15-17,p_a7d67c8a7005,,False,148,6,cut,True,122,,,-0.8
jga-junior-2026-boys-15-17,p_a944fb158d32,,False,148,6,cut,True,122,,,-0.8
jga-junior-2026-boys-15-17,p_fd9add4f19e7,,False,148,6,cut,True,122,,,-0.8
jga-junior-2026-boys-15-17,p_e8d18b80e595,,False,148,6,cut,True,122,,,-0.8
jga-junior-2026-boys-15-17,p_c6ef86fea92d,,False,148,6,cut,True,122,,,-0.9
jga-junior-2026-boys-15-17,p_5b4a001e91fc,,False,148,6,cut,True,122,,,-0.8
jga-junior-2026-boys-15-17,p_537ac5abb618,,False,148,6,cut,True,122,,,-0.8
jga-junior-2026-boys-15-17,p_2d0f087ef426,,False,149,7,cut,True,122,,,-0.4
jga-junior-2026-boys-15-17,p_30a9c5afa6af,,False,149,7,cut,True,122,,,-0.5
jga-junior-2026-boys-15-17,p_14564acee135,,False,149,7,cut,True,122,,,-0.4
jga-junior-2026-boys-15-17,p_b5edbddadafc,,False,149,7,cut,True,122,,,-0.4
jga-junior-2026-boys-15-17,p_c0d654feb22a,,False,149,7,cut,True,122,,,-0.4
jga-junior-2026-boys-15-17,p_fbfecd294a57,,False,150,8,cut,True,122,,,0.0
jga-junior-2026-boys-15-17,p_8077f2d72a3c,,False,150,8,cut,True,122,,,0.0
jga-junior-2026-boys-15-17,p_b0ba77d21805,,False,150,8,cut,True,122,,,0.0
jga-junior-2026-boys-15-17,p_4b3f9997625a,,False,150,8,cut,True,122,,,0.0
jga-junior-2026-boys-15-17,p_c577706356af,,False,150,8,cut,True,122,,,0.0
jga-junior-2026-boys-15-17,p_012a1da5d79d,,False,150,8,cut,True,122,,,0.0
jga-junior-2026-boys-15-17,p_29331223b494,,False,150,8,cut,True,122,,,0.0
jga-junior-2026-boys-15-17,p_806864cebfda,,False,150,8,cut,True,122,,,0.0
jga-junior-2026-boys-15-17,p_0d68d4d5d135,,False,150,8,cut,True,122,,,0.0
jga-junior-2026-boys-15-17,p_06c668bf104c,,False,151,9,cut,True,122,,,0.4
jga-junior-2026-boys-15-17,p_8eb38dcb00ad,,False,151,9,cut,True,122,,,0.4
jga-junior-2026-boys-15-17,p_da00b1270901,,False,151,9,cut,True,122,,,0.4
jga-junior-2026-boys-15-17,p_768a6beba217,,False,151,9,cut,True,122,,,0.4
jga-junior-2026-boys-15-17,p_fa8c6da28468,,False,151,9,cut,True,122,,,0.4
jga-junior-2026-boys-15-17,p_5385f40d965e,,False,152,10,cut,True,122,,,0.8
jga-junior-2026-boys-15-17,p_1edd8af5ae7c,,False,152,10,cut,True,122,,,0.8
jga-junior-2026-boys-15-17,p_dd46a863ce9b,,False,152,10,cut,True,122,,,0.8
jga-junior-2026-boys-15-17,p_766afd327396,,False,152,10,cut,True,122,,,0.8
jga-junior-2026-boys-15-17,p_d05f19ab1c37,,False,152,10,cut,True,122,,,0.8
jga-junior-2026-boys-15-17,p_73e95e5f8dec,,False,152,10,cut,True,122,,,0.8
jga-junior-2026-boys-15-17,p_34bb0e0c056a,,False,153,11,cut,True,122,,,1.2
jga-junior-2026-boys-15-17,p_6e6e3220fa01,,False,153,11,cut,True,122,,,1.2
jga-junior-2026-boys-15-17,p_459003b3afd1,,False,154,12,cut,True,122,,,1.7
jga-junior-2026-boys-15-17,p_c6edd66c5936,,False,154,12,cut,True,122,,,1.6
jga-junior-2026-boys-15-17,p_564ee936894d,,False,154,12,cut,True,122,,,1.6
jga-junior-2026-boys-15-17,p_526059829a68,,False,154,12,cut,True,122,,,1.6
jga-junior-2026-boys-15-17,p_383211dd9918,,False,154,12,cut,True,122,,,1.6
jga-junior-2026-boys-15-17,p_1918f4fdde64,,False,155,13,cut,True,122,,,2.1
jga-junior-2026-boys-15-17,p_69d027df9df5,,False,155,13,cut,True,122,,,2.0
jga-junior-2026-boys-15-17,p_769e9447beef,,False,155,13,cut,True,122,,,2.1
jga-junior-2026-boys-15-17,p_1eea717174a5,,False,155,13,cut,True,122,,,2.1
jga-junior-2026-boys-15-17,p_2fd626090455,,False,155,13,cut,True,122,,,2.1
jga-junior-2026-boys-15-17,p_b4eccaa45ec3,,False,155,13,cut,True,122,,,2.1
jga-junior-2026-boys-15-17,p_dc89263d9283,,False,155,13,cut,True,122,,,2.0
jga-junior-2026-boys-15-17,p_435183ba6ce8,,False,156,14,cut,True,122,,,2.4
jga-junior-2026-boys-15-17,p_4e8a2d089d9e,,False,156,14,cut,True,122,,,2.5
jga-junior-2026-boys-15-17,p_1f26259b8d0b,,False,157,15,cut,True,122,,,2.9
jga-junior-2026-boys-15-17,p_767143454c08,,False,157,15,cut,True,122,,,3.0
jga-junior-2026-boys-15-17,p_1deae722ed70,,False,157,15,cut,True,122,,,2.9
jga-junior-2026-boys-15-17,p_8c1abe719068,,False,157,15,cut,True,122,,,3.0
jga-junior-2026-boys-15-17,p_23bca0d67f31,,False,157,15,cut,True,122,,,2.9
jga-junior-2026-boys-15-17,p_c96e73911c78,,False,157,15,cut,True,122,,,2.9
jga-junior-2026-boys-15-17,p_6753b5a66cb2,,False,157,15,cut,True,122,,,2.9
jga-junior-2026-boys-15-17,p_32fdb174a7e4,,False,158,16,cut,True,122,,,3.4
jga-junior-2026-boys-15-17,p_1754eb84867c,,False,158,16,cut,True,122,,,3.4
jga-junior-2026-boys-15-17,p_3add325159ea,,False,158,16,cut,True,122,,,3.4
jga-junior-2026-girls-15-17,p_fa26d8f78fa0,,False,128,-16,finished,True,120,,0,
jga-junior-2026-girls-15-17,p_e53041307a86,,False,129,-15,finished,True,120,,1,
jga-junior-2026-girls-15-17,p_428fd9fe5c1e,,False,132,-12,finished,True,120,,4,
jga-junior-2026-girls-15-17,p_5fdeabbcdb14,,False,133,-11,finished,True,120,,5,
jga-junior-2026-girls-15-17,p_6f87f4c1a18e,,False,133,-11,finished,True,120,,5,
jga-junior-2026-girls-15-17,p_ef883f52eaef,,False,134,-10,finished,True,120,,6,
jga-junior-2026-girls-15-17,p_6da6bd5e2422,,False,134,-10,finished,True,120,,6,
jga-junior-2026-girls-15-17,p_93c8d688bcee,,False,134,-10,finished,True,120,,6,
jga-junior-2026-girls-15-17,p_35a76917470b,,False,135,-9,finished,True,120,,7,
jga-junior-2026-girls-15-17,p_32e9af441c62,,False,135,-9,finished,True,120,,7,
jga-junior-2026-girls-15-17,p_b953061d2a9d,,False,137,-7,finished,True,120,,9,
jga-junior-2026-girls-15-17,p_44dc112d0688,,False,137,-7,finished,True,120,,9,
jga-junior-2026-girls-15-17,p_430586682351,,False,137,-7,finished,True,120,,9,
jga-junior-2026-girls-15-17,p_12b74261302a,,False,137,-7,finished,True,120,,9,
jga-junior-2026-girls-15-17,p_113093af80b4,,False,137,-7,finished,True,120,,9,
jga-junior-2026-girls-15-17,p_cc2bd5a026d5,,False,138,-6,finished,True,120,,10,
jga-junior-2026-girls-15-17,p_c105472b7654,,False,138,-6,finished,True,120,,10,
jga-junior-2026-girls-15-17,p_676ea2696d5a,,False,138,-6,finished,True,120,,10,
jga-junior-2026-girls-15-17,p_a4eae45f14e6,,False,138,-6,finished,True,120,,10,
jga-junior-2026-girls-15-17,p_f4506eaf2a60,,False,138,-6,finished,True,120,,10,
jga-junior-2026-girls-15-17,p_93f584819486,,False,138,-6,finished,True,120,,10,
jga-junior-2026-girls-15-17,p_82f197e72560,,False,138,-6,finished,True,120,,10,
jga-junior-2026-girls-15-17,p_25be99a08cac,,False,138,-6,finished,True,120,,10,
jga-junior-2026-girls-15-17,p_ed1609ac0371,,False,138,-6,finished,True,120,,10,
jga-junior-2026-girls-15-17,p_79f519304fc4,,False,138,-6,finished,True,120,,10,
jga-junior-2026-girls-15-17,p_17d25ef1f070,,False,139,-5,finished,True,120,,11,
jga-junior-2026-girls-15-17,p_faff0f835d03,,False,139,-5,finished,True,120,,11,
jga-junior-2026-girls-15-17,p_051a248c3190,,False,139,-5,finished,True,120,,11,
jga-junior-2026-girls-15-17,p_5be9e594065d,,False,139,-5,finished,True,120,,11,
jga-junior-2026-girls-15-17,p_d513047c765b,,False,139,-5,finished,True,120,,11,
jga-junior-2026-girls-15-17,p_74538d515df6,,False,139,-5,finished,True,120,,11,
jga-junior-2026-girls-15-17,p_499033feaad0,,False,139,-5,finished,True,120,,11,
jga-junior-2026-girls-15-17,p_44bc86c5585c,,False,139,-5,finished,True,120,,11,
jga-junior-2026-girls-15-17,p_3c0a9222b5ea,,False,140,-4,finished,True,120,,12,
jga-junior-2026-girls-15-17,p_bbb1f5bba6b9,,False,140,-4,finished,True,120,,12,
jga-junior-2026-girls-15-17,p_ee0f1edcde83,,False,140,-4,finished,True,120,,12,
jga-junior-2026-girls-15-17,p_a1a46c066aad,,False,141,-3,finished,True,120,,13,
jga-junior-2026-girls-15-17,p_b77e19f80167,,False,141,-3,finished,True,120,,13,
jga-junior-2026-girls-15-17,p_399785dbe815,,False,141,-3,finished,True,120,,13,
jga-junior-2026-girls-15-17,p_7742429a92c7,,False,141,-3,finished,True,120,,13,
jga-junior-2026-girls-15-17,p_110a42ca0936,,False,141,-3,finished,True,120,,13,
jga-junior-2026-girls-15-17,p_d4d10c936d55,,False,141,-3,finished,True,120,,13,
jga-junior-2026-girls-15-17,p_e63bfec0aa8d,,False,141,-3,finished,True,120,,13,
jga-junior-2026-girls-15-17,p_9d69fe716ab3,,False,141,-3,finished,True,120,,13,
jga-junior-2026-girls-15-17,p_1bdfdba18316,,False,141,-3,finished,True,120,,13,
jga-junior-2026-girls-15-17,p_a4efaf2c840b,,False,141,-3,finished,True,120,,13,
jga-junior-2026-girls-15-17,p_893b88a029cf,,False,142,-2,finished,True,120,,14,
jga-junior-2026-girls-15-17,p_9dc02346ac81,,False,142,-2,finished,True,120,,14,
jga-junior-2026-girls-15-17,p_cf94e0b129e8,,False,142,-2,finished,True,120,,14,
jga-junior-2026-girls-15-17,p_50b9871f1b00,,False,142,-2,finished,True,120,,14,
jga-junior-2026-girls-15-17,p_9107773a23fe,,False,142,-2,finished,True,120,,14,
jga-junior-2026-girls-15-17,p_ca1aadd93ccd,,False,142,-2,finished,True,120,,14,
jga-junior-2026-girls-15-17,p_78553065aef5,,False,142,-2,finished,True,120,,14,
jga-junior-2026-girls-15-17,p_4f52ffb40e4a,,False,142,-2,finished,True,120,,14,
jga-junior-2026-girls-15-17,p_9ee1c30b8e75,,False,142,-2,finished,True,120,,14,
jga-junior-2026-girls-15-17,p_06a66d007060,,False,143,-1,finished,True,120,,15,
jga-junior-2026-girls-15-17,p_65d8c5f019bb,,False,143,-1,finished,True,120,,15,
jga-junior-2026-girls-15-17,p_abd5628b72a5,,False,143,-1,finished,True,120,,15,
jga-junior-2026-girls-15-17,p_1fdbcc81d6ee,,False,143,-1,finished,True,120,,15,
jga-junior-2026-girls-15-17,p_ce53bca37327,,False,143,-1,finished,True,120,,15,
jga-junior-2026-girls-15-17,p_bf4535296eef,,False,143,-1,finished,True,120,,15,
jga-junior-2026-girls-15-17,p_9758182437a7,,False,143,-1,finished,True,120,,15,
jga-junior-2026-girls-15-17,p_fce7a3746694,,False,143,-1,finished,True,120,,15,
jga-junior-2026-girls-15-17,p_ce921bf44a17,,False,143,-1,finished,True,120,,15,
jga-junior-2026-girls-15-17,p_9aa90db7cd83,,False,143,-1,finished,True,120,,15,
jga-junior-2026-girls-15-17,p_21e3c6d665c3,,False,143,-1,cut,True,120,,,
jga-junior-2026-girls-15-17,p_3f02513c5017,,False,144,0,cut,True,120,,,
jga-junior-2026-girls-15-17,p_3f7b4d31e3e5,,False,144,0,cut,True,120,,,
jga-junior-2026-girls-15-17,p_99dd4643ca3b,,False,144,0,cut,True,120,,,
jga-junior-2026-girls-15-17,p_90097c2c2ea2,,False,144,0,cut,True,120,,,
jga-junior-2026-girls-15-17,p_afdfb8ed316e,,False,144,0,cut,True,120,,,
jga-junior-2026-girls-15-17,p_7cc02db63e16,,False,144,0,cut,True,120,,,
jga-junior-2026-girls-15-17,p_9834d3ac7f71,,False,144,0,cut,True,120,,,
jga-junior-2026-girls-15-17,p_69788e181a0f,,False,144,0,cut,True,120,,,
jga-junior-2026-girls-15-17,p_1927add38583,,False,144,0,cut,True,120,,,
jga-junior-2026-girls-15-17,p_95a86fbf5001,,False,144,0,cut,True,120,,,
jga-junior-2026-girls-15-17,p_328e71ef66c6,,False,144,0,cut,True,120,,,
jga-junior-2026-girls-15-17,p_5aca3adbbf26,,False,144,0,cut,True,120,,,
jga-junior-2026-girls-15-17,p_7641f9099b87,,False,145,1,cut,True,120,,,
jga-junior-2026-girls-15-17,p_08fdbab55084,,False,145,1,cut,True,120,,,
jga-junior-2026-girls-15-17,p_5f214604898f,,False,145,1,cut,True,120,,,
jga-junior-2026-girls-15-17,p_d7be1c067500,,False,145,1,cut,True,120,,,
jga-junior-2026-girls-15-17,p_0fcd068d09e4,,False,145,1,cut,True,120,,,
jga-junior-2026-girls-15-17,p_27579d8a3298,,False,145,1,cut,True,120,,,
jga-junior-2026-girls-15-17,p_96eda7680456,,False,145,1,cut,True,120,,,
jga-junior-2026-girls-15-17,p_788733a3dbf6,,False,145,1,cut,True,120,,,
jga-junior-2026-girls-15-17,p_42b5b6331819,,False,145,1,cut,True,120,,,
jga-junior-2026-girls-15-17,p_53d29e2e3540,,False,145,1,cut,True,120,,,
jga-junior-2026-girls-15-17,p_353678be2515,,False,145,1,cut,True,120,,,
jga-junior-2026-girls-15-17,p_c57cc5baea77,,False,145,1,cut,True,120,,,
jga-junior-2026-girls-15-17,p_4f1cd99ec901,,False,146,2,cut,True,120,,,
jga-junior-2026-girls-15-17,p_9583b8d02a32,,False,146,2,cut,True,120,,,
jga-junior-2026-girls-15-17,p_206e6c1169fe,,False,146,2,cut,True,120,,,
jga-junior-2026-girls-15-17,p_29022def16f4,,False,146,2,cut,True,120,,,
jga-junior-2026-girls-15-17,p_78ee39141502,,False,146,2,cut,True,120,,,
jga-junior-2026-girls-15-17,p_cc1d46d37c53,,False,146,2,cut,True,120,,,
jga-junior-2026-girls-15-17,p_a0c33ea52045,,False,146,2,cut,True,120,,,
jga-junior-2026-girls-15-17,p_5fb69cbb9158,,False,146,2,cut,True,120,,,
jga-junior-2026-girls-15-17,p_7822c4cb6a08,,False,146,2,cut,True,120,,,
jga-junior-2026-girls-15-17,p_0883fb94ab51,,False,146,2,cut,True,120,,,
jga-junior-2026-girls-15-17,p_ccc718051c54,,False,147,3,cut,True,120,,,
jga-junior-2026-girls-15-17,p_5cb2ec9ea1c2,,False,147,3,cut,True,120,,,
jga-junior-2026-girls-15-17,p_a2f554bc8908,,False,147,3,cut,True,120,,,
jga-junior-2026-girls-15-17,p_a517f5d62d69,,False,147,3,cut,True,120,,,
jga-junior-2026-girls-15-17,p_d1b5c06f1c24,,False,148,4,cut,True,120,,,
jga-junior-2026-girls-15-17,p_5293adef84f5,,False,148,4,cut,True,120,,,
jga-junior-2026-girls-15-17,p_ac159ca3b2dc,,False,148,4,cut,True,120,,,
jga-junior-2026-girls-15-17,p_9723f3b98f80,,False,148,4,cut,True,120,,,
jga-junior-2026-girls-15-17,p_5c49b06ffb63,,False,148,4,cut,True,120,,,
jga-junior-2026-girls-15-17,p_dfc056c94359,,False,148,4,cut,True,120,,,
jga-junior-2026-girls-15-17,p_636fa3bff8a7,,False,148,4,cut,True,120,,,
jga-junior-2026-girls-15-17,p_3e7ac3c875ac,,False,149,5,cut,True,120,,,
jga-junior-2026-girls-15-17,p_31815f87eba2,,False,149,5,cut,True,120,,,
jga-junior-2026-girls-15-17,p_792e1b75f827,,False,149,5,cut,True,120,,,
jga-junior-2026-girls-15-17,p_fe1fa25e781d,,False,150,6,cut,True,120,,,
jga-junior-2026-girls-15-17,p_f9c6dfb74262,,False,150,6,cut,True,120,,,
jga-junior-2026-girls-15-17,p_210d2d7c452d,,False,150,6,cut,True,120,,,
jga-junior-2026-girls-15-17,p_7ce4377d5546,,False,150,6,cut,True,120,,,
jga-junior-2026-girls-15-17,p_a3f883059200,,False,150,6,cut,True,120,,,
jga-junior-2026-girls-15-17,p_b4e8adc3d659,,False,150,6,cut,True,120,,,
kokusupo-2023-boys-individual,p_72753c283d77,1,False,136,,finished,True,84,100.0,0,-4.9
kokusupo-2023-boys-individual,p_8f0f1b22a633,2,False,138,,finished,True,84,98.8,2,-4.1
kokusupo-2023-boys-individual,p_5ffbdf767c29,3,True,139,,finished,True,84,97.6,3,-3.7
kokusupo-2023-boys-individual,p_29486ff13fda,3,True,139,,finished,True,84,97.6,3,-3.7
kokusupo-2023-boys-individual,p_0b07649876dc,5,True,140,,finished,True,84,95.2,4,-3.3
kokusupo-2023-boys-individual,p_e72a5b29e4db,5,True,140,,finished,True,84,95.2,4,-3.3
kokusupo-2023-boys-individual,p_d0754cd2d96f,7,True,141,,finished,True,84,92.9,5,-2.9
kokusupo-2023-boys-individual,p_4ee0287c2050,7,True,141,,finished,True,84,92.9,5,-2.9
kokusupo-2023-boys-individual,p_b77993655184,7,True,141,,finished,True,84,92.9,5,-2.9
kokusupo-2023-boys-individual,p_792fb43f3dfc,10,True,142,,finished,True,84,89.3,6,-2.5
kokusupo-2023-boys-individual,p_1fd95dd87b13,10,True,142,,finished,True,84,89.3,6,-2.5
kokusupo-2023-boys-individual,p_d5a417f904e3,12,True,143,,finished,True,84,86.9,7,-2.1
kokusupo-2023-boys-individual,p_87b1183917e9,12,True,143,,finished,True,84,86.9,7,-2.1
kokusupo-2023-boys-individual,p_97291dbf098f,14,True,144,,finished,True,84,84.5,8,-1.7
kokusupo-2023-boys-individual,p_1e89d163bf66,14,True,144,,finished,True,84,84.5,8,-1.7
kokusupo-2023-boys-individual,p_fc7f3f269a1c,14,True,144,,finished,True,84,84.5,8,-1.7
kokusupo-2023-boys-individual,p_4e7c28090223,14,True,144,,finished,True,84,84.5,8,-1.7
kokusupo-2023-boys-individual,p_91f6a8ddc3f3,14,True,144,,finished,True,84,84.5,8,-1.7
kokusupo-2023-boys-individual,p_5f9826789651,19,True,145,,finished,True,84,78.6,9,-1.3
kokusupo-2023-boys-individual,p_84d0828ed0e1,19,True,145,,finished,True,84,78.6,9,-1.3
kokusupo-2023-boys-individual,p_d48d8021b1f9,19,True,145,,finished,True,84,78.6,9,-1.3
kokusupo-2023-boys-individual,p_a7450e0def29,19,True,145,,finished,True,84,78.6,9,-1.3
kokusupo-2023-boys-individual,p_753184fd0bac,19,True,145,,finished,True,84,78.6,9,-1.3
kokusupo-2023-boys-individual,p_aaa78d3a9c10,19,True,145,,finished,True,84,78.6,9,-1.3
kokusupo-2023-boys-individual,p_91a3ca8eed5d,25,True,146,,finished,True,84,71.4,10,-0.9
kokusupo-2023-boys-individual,p_c901fcbc9ee5,25,True,146,,finished,True,84,71.4,10,-0.9
kokusupo-2023-boys-individual,p_4820c4a20cca,25,True,146,,finished,True,84,71.4,10,-0.9
kokusupo-2023-boys-individual,p_8b70dcf5ea2b,25,True,146,,finished,True,84,71.4,10,-0.9
kokusupo-2023-boys-individual,p_f9d70a42cf0e,25,True,146,,finished,True,84,71.4,10,-0.9
kokusupo-2023-boys-individual,p_85e3716c0039,25,True,146,,finished,True,84,71.4,10,-0.9
kokusupo-2023-boys-individual,p_af080bb3ec56,25,True,146,,finished,True,84,71.4,10,-0.9
kokusupo-2023-boys-individual,p_c9b2fdce8a81,32,True,147,,finished,True,84,63.1,11,-0.5
kokusupo-2023-boys-individual,p_42d96fae752e,32,True,147,,finished,True,84,63.1,11,-0.5
kokusupo-2023-boys-individual,p_eb5620121ef1,34,True,148,,finished,True,84,60.7,12,-0.1
kokusupo-2023-boys-individual,p_ad609df05fee,34,True,148,,finished,True,84,60.7,12,-0.1
kokusupo-2023-boys-individual,p_8d9c836d6591,34,True,148,,finished,True,84,60.7,12,-0.1
kokusupo-2023-boys-individual,p_51fecf0a84a0,34,True,148,,finished,True,84,60.7,12,-0.1
kokusupo-2023-boys-individual,p_a6cd244068ba,34,True,148,,finished,True,84,60.7,12,-0.1
kokusupo-2023-boys-individual,p_29f6e3a7777d,34,True,148,,finished,True,84,60.7,12,-0.1
kokusupo-2023-boys-individual,p_b25cb381544e,40,True,149,,finished,True,84,53.6,13,0.3
kokusupo-2023-boys-individual,p_40e53e52f239,40,True,149,,finished,True,84,53.6,13,0.3
kokusupo-2023-boys-individual,p_5bca3f794a2b,40,True,149,,finished,True,84,53.6,13,0.3
kokusupo-2023-boys-individual,p_3ef77c2186a6,40,True,149,,finished,True,84,53.6,13,0.3
kokusupo-2023-boys-individual,p_09e4d055c79b,40,True,149,,finished,True,84,53.6,13,0.3
kokusupo-2023-boys-individual,p_25c73155e68f,40,True,149,,finished,True,84,53.6,13,0.3
kokusupo-2023-boys-individual,p_7fa642b2320e,40,True,149,,finished,True,84,53.6,13,0.3
kokusupo-2023-boys-individual,p_b5f41bb19871,40,True,149,,finished,True,84,53.6,13,0.4
kokusupo-2023-boys-individual,p_2ea677e4328c,40,True,149,,finished,True,84,53.6,13,0.3
kokusupo-2023-boys-individual,p_e68693e0f1a8,49,True,151,,finished,True,84,42.9,15,1.1
kokusupo-2023-boys-individual,p_ede0c9790624,49,True,151,,finished,True,84,42.9,15,1.1
kokusupo-2023-boys-individual,p_f3ada79d8ebe,49,True,151,,finished,True,84,42.9,15,1.1
kokusupo-2023-boys-individual,p_9624857481ec,49,True,151,,finished,True,84,42.9,15,1.1
kokusupo-2023-boys-individual,p_360286390898,49,True,151,,finished,True,84,42.9,15,1.1
kokusupo-2023-boys-individual,p_f4a9ffa4aa8e,49,True,151,,finished,True,84,42.9,15,1.1
kokusupo-2023-boys-individual,p_f8b2e836d2a9,55,True,152,,finished,True,84,35.7,16,1.5
kokusupo-2023-boys-individual,p_7a5468c416b9,55,True,152,,finished,True,84,35.7,16,1.5
kokusupo-2023-boys-individual,p_ec1f839b2728,55,True,152,,finished,True,84,35.7,16,1.6
kokusupo-2023-boys-individual,p_66a8fed25be6,58,True,153,,finished,True,84,32.1,17,1.9
kokusupo-2023-boys-individual,p_d17b773bebd7,58,True,153,,finished,True,84,32.1,17,1.9
kokusupo-2023-boys-individual,p_555c9005c21b,58,True,153,,finished,True,84,32.1,17,1.9
kokusupo-2023-boys-individual,p_72cfdc309bed,58,True,153,,finished,True,84,32.1,17,1.9
kokusupo-2023-boys-individual,p_25a08665e1a6,62,True,154,,finished,True,84,27.4,18,2.3
kokusupo-2023-boys-individual,p_7a6683e3f26b,62,True,154,,finished,True,84,27.4,18,2.3
kokusupo-2023-boys-individual,p_a7c9b355a339,62,True,154,,finished,True,84,27.4,18,2.4
kokusupo-2023-boys-individual,p_9eafbf5af593,62,True,154,,finished,True,84,27.4,18,2.3
kokusupo-2023-boys-individual,p_1f981841e819,66,True,155,,finished,True,84,22.6,19,2.8
kokusupo-2023-boys-individual,p_1ffd6a1fbdce,66,True,155,,finished,True,84,22.6,19,2.8
kokusupo-2023-boys-individual,p_85151168fe7d,66,True,155,,finished,True,84,22.6,19,2.8
kokusupo-2023-boys-individual,p_3c0eaff1fd4d,66,True,155,,finished,True,84,22.6,19,2.7
kokusupo-2023-boys-individual,p_383681a34082,70,False,156,,finished,True,84,17.9,20,3.1
kokusupo-2023-boys-individual,p_60494a06869b,71,True,157,,finished,True,84,16.7,21,3.5
kokusupo-2023-boys-individual,p_c3f6d8ef99ff,71,True,157,,finished,True,84,16.7,21,3.5
kokusupo-2023-boys-individual,p_af993cb5acf1,73,False,158,,finished,True,84,14.3,22,4.0
kokusupo-2023-boys-individual,p_1712baf4c20b,74,True,160,,finished,True,84,13.1,24,4.8
kokusupo-2023-boys-individual,p_1f518c5ac155,74,True,160,,finished,True,84,13.1,24,4.8
kokusupo-2023-boys-individual,p_f290c8bc5588,76,True,161,,finished,True,84,10.7,25,5.2
kokusupo-2023-boys-individual,p_3792500949e9,76,True,161,,finished,True,84,10.7,25,5.2
kokusupo-2023-boys-individual,p_4129a1a5b846,78,False,162,,finished,True,84,8.3,26,5.6
kokusupo-2023-boys-individual,p_9aea09534832,79,True,163,,finished,True,84,7.1,27,6.0
kokusupo-2023-boys-individual,p_8bfd31afc2a4,79,True,163,,finished,True,84,7.1,27,6.0
kokusupo-2023-boys-individual,p_b02610ecc173,79,True,163,,finished,True,84,7.1,27,6.0
kokusupo-2023-boys-individual,p_d825126a127b,82,False,165,,finished,True,84,3.6,29,6.8
kokusupo-2023-boys-individual,p_1f156b898d55,83,False,166,,finished,True,84,2.4,30,7.2
kokusupo-2023-boys-individual,p_3f8bec5f55ac,,False,,,dq,True,84,,,
kokusupo-2024-boys-individual,p_5038c6e9f44c,1,False,135,,finished,True,84,100.0,0,-4.1
kokusupo-2024-boys-individual,p_f9d70a42cf0e,2,False,136,,finished,True,84,98.8,1,-3.6
kokusupo-2024-boys-individual,p_e5c310df61d9,3,False,137,,finished,True,84,97.6,2,-3.2
kokusupo-2024-boys-individual,p_5bca3f794a2b,4,True,139,,finished,True,84,96.4,4,-2.4
kokusupo-2024-boys-individual,p_6396fd94a35d,4,True,139,,finished,True,84,96.4,4,-2.4
kokusupo-2024-boys-individual,p_00e91cfe7a79,6,True,140,,finished,True,84,94.0,5,-2.0
kokusupo-2024-boys-individual,p_d48d8021b1f9,6,True,140,,finished,True,84,94.0,5,-1.9
kokusupo-2024-boys-individual,p_fed2fc9ff9e5,6,True,140,,finished,True,84,94.0,5,-2.0
kokusupo-2024-boys-individual,p_b93a2ade1d14,6,True,140,,finished,True,84,94.0,5,-2.0
kokusupo-2024-boys-individual,p_47d71213d728,6,True,140,,finished,True,84,94.0,5,-2.0
kokusupo-2024-boys-individual,p_10c119b31a15,11,True,141,,finished,True,84,88.1,6,-1.5
kokusupo-2024-boys-individual,p_0fb583ef5a83,11,True,141,,finished,True,84,88.1,6,-1.5
kokusupo-2024-boys-individual,p_4820c4a20cca,11,True,141,,finished,True,84,88.1,6,-1.6
kokusupo-2024-boys-individual,p_0b1ac28dd3a6,11,True,141,,finished,True,84,88.1,6,-1.6
kokusupo-2024-boys-individual,p_f24544304816,11,True,141,,finished,True,84,88.1,6,-1.5
kokusupo-2024-boys-individual,p_72cfdc309bed,11,True,141,,finished,True,84,88.1,6,-1.5
kokusupo-2024-boys-individual,p_1f518c5ac155,11,True,141,,finished,True,84,88.1,6,-1.6
kokusupo-2024-boys-individual,p_960f3b1a529c,18,True,142,,finished,True,84,79.8,7,-1.1
kokusupo-2024-boys-individual,p_8d9c836d6591,18,True,142,,finished,True,84,79.8,7,-1.1
kokusupo-2024-boys-individual,p_b3d5df4a6fcb,18,True,142,,finished,True,84,79.8,7,-1.1
kokusupo-2024-boys-individual,p_4593dcfcf790,18,True,142,,finished,True,84,79.8,7,-1.1
kokusupo-2024-boys-individual,p_40e53e52f239,22,True,143,,finished,True,84,75.0,8,-0.7
kokusupo-2024-boys-individual,p_09e4d055c79b,22,True,143,,finished,True,84,75.0,8,-0.7
kokusupo-2024-boys-individual,p_58a18642a4f4,22,True,143,,finished,True,84,75.0,8,-0.7
kokusupo-2024-boys-individual,p_1fea4c4fb7d8,22,True,143,,finished,True,84,75.0,8,-0.7
kokusupo-2024-boys-individual,p_864d4d7cda15,22,True,143,,finished,True,84,75.0,8,-0.7
kokusupo-2024-boys-individual,p_d5a417f904e3,22,True,143,,finished,True,84,75.0,8,-0.7
kokusupo-2024-boys-individual,p_62f8d070de73,28,True,144,,finished,True,84,67.9,9,-0.2
kokusupo-2024-boys-individual,p_cc9d3dab077a,28,True,144,,finished,True,84,67.9,9,-0.3
kokusupo-2024-boys-individual,p_9856cb6df080,28,True,144,,finished,True,84,67.9,9,-0.2
kokusupo-2024-boys-individual,p_4b54a1a1ef79,31,True,145,,finished,True,84,64.3,10,0.1
kokusupo-2024-boys-individual,p_e8c5625d2c92,31,True,145,,finished,True,84,64.3,10,0.1
kokusupo-2024-boys-individual,p_ef8a87f9222f,31,True,145,,finished,True,84,64.3,10,0.1
kokusupo-2024-boys-individual,p_42d96fae752e,31,True,145,,finished,True,84,64.3,10,0.2
kokusupo-2024-boys-individual,p_7c88749a4b5b,31,True,145,,finished,True,84,64.3,10,0.1
kokusupo-2024-boys-individual,p_fc7f3f269a1c,31,True,145,,finished,True,84,64.3,10,0.1
kokusupo-2024-boys-individual,p_aff0240e505b,31,True,145,,finished,True,84,64.3,10,0.2
kokusupo-2024-boys-individual,p_d0dbe3853339,31,True,145,,finished,True,84,64.3,10,0.1
kokusupo-2024-boys-individual,p_13eb1c0836c2,31,True,145,,finished,True,84,64.3,10,0.1
kokusupo-2024-boys-individual,p_c74642b46a6d,40,True,146,,finished,True,84,53.6,11,0.6
kokusupo-2024-boys-individual,p_e381f4e138ff,40,True,146,,finished,True,84,53.6,11,0.6
kokusupo-2024-boys-individual,p_106ba4f2eb89,40,True,146,,finished,True,84,53.6,11,0.6
kokusupo-2024-boys-individual,p_1ffd6a1fbdce,43,True,147,,finished,True,84,50.0,12,1.0
kokusupo-2024-boys-individual,p_c901fcbc9ee5,43,True,147,,finished,True,84,50.0,12,1.0
kokusupo-2024-boys-individual,p_b5d5859b149e,43,True,147,,finished,True,84,50.0,12,1.0
kokusupo-2024-boys-individual,p_a07d9dcef2c0,43,True,147,,finished,True,84,50.0,12,1.0
kokusupo-2024-boys-individual,p_3095d05306c5,43,True,147,,finished,True,84,50.0,12,1.1
kokusupo-2024-boys-individual,p_1918f4fdde64,48,True,148,,finished,True,84,44.0,13,1.4
kokusupo-2024-boys-individual,p_55cd66805551,48,True,148,,finished,True,84,44.0,13,1.4
kokusupo-2024-boys-individual,p_66a8fed25be6,48,True,148,,finished,True,84,44.0,13,1.4
kokusupo-2024-boys-individual,p_5d9ef38389c2,48,True,148,,finished,True,84,44.0,13,1.4
kokusupo-2024-boys-individual,p_b81e0d175e7e,48,True,148,,finished,True,84,44.0,13,1.4
kokusupo-2024-boys-individual,p_cb859e94daa6,48,True,148,,finished,True,84,44.0,13,1.5
kokusupo-2024-boys-individual,p_4b61e36993d7,48,True,148,,finished,True,84,44.0,13,1.5
kokusupo-2024-boys-individual,p_8fba978017e0,55,True,149,,finished,True,84,35.7,14,1.9
kokusupo-2024-boys-individual,p_f59758657549,55,True,149,,finished,True,84,35.7,14,1.9
kokusupo-2024-boys-individual,p_4448470cb9d6,55,True,149,,finished,True,84,35.7,14,1.9
kokusupo-2024-boys-individual,p_2857ae6fb5e0,55,True,149,,finished,True,84,35.7,14,1.9
kokusupo-2024-boys-individual,p_f4f16c957650,55,True,149,,finished,True,84,35.7,14,1.9
kokusupo-2024-boys-individual,p_a3055a83363a,60,True,150,,finished,True,84,29.8,15,2.3
kokusupo-2024-boys-individual,p_f290c8bc5588,60,True,150,,finished,True,84,29.8,15,2.3
kokusupo-2024-boys-individual,p_39bc8696aaee,60,True,150,,finished,True,84,29.8,15,2.3
kokusupo-2024-boys-individual,p_d14b9f205a4f,60,True,150,,finished,True,84,29.8,15,2.3
kokusupo-2024-boys-individual,p_792fb43f3dfc,64,True,151,,finished,True,84,25.0,16,2.8
kokusupo-2024-boys-individual,p_2189d8875fa7,64,True,151,,finished,True,84,25.0,16,2.8
kokusupo-2024-boys-individual,p_a6cd244068ba,64,True,151,,finished,True,84,25.0,16,2.7
kokusupo-2024-boys-individual,p_b77993655184,64,True,151,,finished,True,84,25.0,16,2.8
kokusupo-2024-boys-individual,p_2fcfec474e0a,64,True,151,,finished,True,84,25.0,16,2.8
kokusupo-2024-boys-individual,p_46e5b923494a,69,False,152,,finished,True,84,19.0,17,3.2
kokusupo-2024-boys-individual,p_219d2c4fc20e,70,False,153,,finished,True,84,17.9,18,3.6
kokusupo-2024-boys-individual,p_a30d7dc2014a,71,False,154,,finished,True,84,16.7,19,4.1
kokusupo-2024-boys-individual,p_6753b5a66cb2,72,True,155,,finished,True,84,15.5,20,4.5
kokusupo-2024-boys-individual,p_9eafbf5af593,72,True,155,,finished,True,84,15.5,20,4.5
kokusupo-2024-boys-individual,p_a8271f55de68,74,True,156,,finished,True,84,13.1,21,4.8
kokusupo-2024-boys-individual,p_b9934fec500e,74,True,156,,finished,True,84,13.1,21,4.8
kokusupo-2024-boys-individual,p_c6ef86fea92d,76,True,158,,finished,True,84,10.7,23,5.8
kokusupo-2024-boys-individual,p_a57a2f86ff9f,76,True,158,,finished,True,84,10.7,23,5.7
kokusupo-2024-boys-individual,p_50fbec37c5ed,78,False,160,,finished,True,84,8.3,25,6.6
kokusupo-2024-boys-individual,p_f3ada79d8ebe,79,True,162,,finished,True,84,7.1,27,7.4
kokusupo-2024-boys-individual,p_c02e72bf0f56,79,True,162,,finished,True,84,7.1,27,7.4
kokusupo-2024-boys-individual,p_cf951b4520cd,81,False,163,,finished,True,84,4.8,28,7.8
kokusupo-2024-boys-individual,p_8732fde0c0d7,82,True,166,,finished,True,84,3.6,31,9.2
kokusupo-2024-boys-individual,p_899d1fded482,82,True,166,,finished,True,84,3.6,31,9.2
kokusupo-2024-boys-individual,p_239ffdba2cad,82,True,166,,finished,True,84,3.6,31,9.2
kokusupo-2025-boys-individual,p_5038c6e9f44c,1,False,129,,finished,True,84,100.0,0,-7.5
kokusupo-2025-boys-individual,p_e8c5625d2c92,2,False,131,,finished,True,84,98.8,2,-6.6
kokusupo-2025-boys-individual,p_e72a5b29e4db,3,False,133,,finished,True,84,97.6,4,-5.8
kokusupo-2025-boys-individual,p_9c93f0814f24,4,True,135,,finished,True,84,96.4,6,-5.0
kokusupo-2025-boys-individual,p_00e91cfe7a79,4,True,135,,finished,True,84,96.4,6,-5.0
kokusupo-2025-boys-individual,p_0fb583ef5a83,6,True,136,,finished,True,84,94.0,7,-4.5
kokusupo-2025-boys-individual,p_6018094cd0c0,6,True,136,,finished,True,84,94.0,7,-4.5
kokusupo-2025-boys-individual,p_166d479b2d16,6,True,136,,finished,True,84,94.0,7,-4.5
kokusupo-2025-boys-individual,p_13eb1c0836c2,9,True,137,,finished,True,84,90.5,8,-4.1
kokusupo-2025-boys-individual,p_5d9ef38389c2,9,True,137,,finished,True,84,90.5,8,-4.1
kokusupo-2025-boys-individual,p_753184fd0bac,9,True,137,,finished,True,84,90.5,8,-4.1
kokusupo-2025-boys-individual,p_72cfdc309bed,9,True,137,,finished,True,84,90.5,8,-4.1
kokusupo-2025-boys-individual,p_a6cd244068ba,13,True,138,,finished,True,84,85.7,9,-3.7
kokusupo-2025-boys-individual,p_9856cb6df080,13,True,138,,finished,True,84,85.7,9,-3.6
kokusupo-2025-boys-individual,p_4e7c28090223,15,True,139,,finished,True,84,83.3,10,-3.2
kokusupo-2025-boys-individual,p_d0dbe3853339,15,True,139,,finished,True,84,83.3,10,-3.2
kokusupo-2025-boys-individual,p_47d71213d728,17,True,140,,finished,True,84,81.0,11,-2.8
kokusupo-2025-boys-individual,p_638eb26731e3,17,True,140,,finished,True,84,81.0,11,-2.9
kokusupo-2025-boys-individual,p_10c119b31a15,17,True,140,,finished,True,84,81.0,11,-2.9
kokusupo-2025-boys-individual,p_f4f16c957650,17,True,140,,finished,True,84,81.0,11,-2.8
kokusupo-2025-boys-individual,p_aff0240e505b,21,True,141,,finished,True,84,76.2,12,-2.4
kokusupo-2025-boys-individual,p_9aa54481c1ac,21,True,141,,finished,True,84,76.2,12,-2.4
kokusupo-2025-boys-individual,p_2189d8875fa7,23,True,142,,finished,True,84,73.8,13,-2.0
kokusupo-2025-boys-individual,p_e5c310df61d9,23,True,142,,finished,True,84,73.8,13,-2.0
kokusupo-2025-boys-individual,p_e564c4eaa789,23,True,142,,finished,True,84,73.8,13,-2.0
kokusupo-2025-boys-individual,p_1f518c5ac155,23,True,142,,finished,True,84,73.8,13,-2.0
kokusupo-2025-boys-individual,p_dc5e9cd6a1c0,27,True,143,,finished,True,84,69.0,14,-1.6
kokusupo-2025-boys-individual,p_1918f4fdde64,27,True,143,,finished,True,84,69.0,14,-1.6
kokusupo-2025-boys-individual,p_792fb43f3dfc,27,True,143,,finished,True,84,69.0,14,-1.6
kokusupo-2025-boys-individual,p_62f8d070de73,27,True,143,,finished,True,84,69.0,14,-1.6
kokusupo-2025-boys-individual,p_0478d952bf4e,31,True,144,,finished,True,84,64.3,15,-1.1
kokusupo-2025-boys-individual,p_dcfaf6b8b8c9,31,True,144,,finished,True,84,64.3,15,-1.1
kokusupo-2025-boys-individual,p_f9d70a42cf0e,31,True,144,,finished,True,84,64.3,15,-1.1
kokusupo-2025-boys-individual,p_9eafbf5af593,31,True,144,,finished,True,84,64.3,15,-1.1
kokusupo-2025-boys-individual,p_425650a00473,35,True,145,,finished,True,84,59.5,16,-0.7
kokusupo-2025-boys-individual,p_0626cf54afc3,35,True,145,,finished,True,84,59.5,16,-0.8
kokusupo-2025-boys-individual,p_6917f0a5d54c,35,True,145,,finished,True,84,59.5,16,-0.7
kokusupo-2025-boys-individual,p_70542d7875a5,35,True,145,,finished,True,84,59.5,16,-0.7
kokusupo-2025-boys-individual,p_50131c3b956b,35,True,145,,finished,True,84,59.5,16,-0.8
kokusupo-2025-boys-individual,p_f585d642fd1e,40,True,146,,finished,True,84,53.6,17,-0.3
kokusupo-2025-boys-individual,p_11d9203c0ed9,40,True,146,,finished,True,84,53.6,17,-0.3
kokusupo-2025-boys-individual,p_ff58b495c590,40,True,146,,finished,True,84,53.6,17,-0.3
kokusupo-2025-boys-individual,p_f24544304816,40,True,146,,finished,True,84,53.6,17,-0.3
kokusupo-2025-boys-individual,p_b9934fec500e,40,True,146,,finished,True,84,53.6,17,-0.3
kokusupo-2025-boys-individual,p_40fd987bd6ee,45,True,147,,finished,True,84,47.6,18,0.1
kokusupo-2025-boys-individual,p_4593dcfcf790,45,True,147,,finished,True,84,47.6,18,0.1
kokusupo-2025-boys-individual,p_4947a9a742a8,47,True,148,,finished,True,84,45.2,19,0.5
kokusupo-2025-boys-individual,p_2fcfec474e0a,47,True,148,,finished,True,84,45.2,19,0.5
kokusupo-2025-boys-individual,p_1ffd6a1fbdce,47,True,148,,finished,True,84,45.2,19,0.5
kokusupo-2025-boys-individual,p_9bbe62441b1a,47,True,148,,finished,True,84,45.2,19,0.5
kokusupo-2025-boys-individual,p_46785dba31a4,47,True,148,,finished,True,84,45.2,19,0.5
kokusupo-2025-boys-individual,p_c1b4deac019f,47,True,148,,finished,True,84,45.2,19,0.5
kokusupo-2025-boys-individual,p_c577706356af,53,True,149,,finished,True,84,38.1,20,0.9
kokusupo-2025-boys-individual,p_b0ba77d21805,53,True,149,,finished,True,84,38.1,20,0.9
kokusupo-2025-boys-individual,p_55cd66805551,53,True,149,,finished,True,84,38.1,20,0.9
kokusupo-2025-boys-individual,p_e8d18b80e595,53,True,149,,finished,True,84,38.1,20,1.0
kokusupo-2025-boys-individual,p_2ea677e4328c,57,True,150,,finished,True,84,33.3,21,1.4
kokusupo-2025-boys-individual,p_e33490eaaead,57,True,150,,finished,True,84,33.3,21,1.4
kokusupo-2025-boys-individual,p_23bca0d67f31,59,True,151,,finished,True,84,31.0,22,1.8
kokusupo-2025-boys-individual,p_fb9e04716073,59,True,151,,finished,True,84,31.0,22,1.8
kokusupo-2025-boys-individual,p_09e4d055c79b,59,True,151,,finished,True,84,31.0,22,1.8
kokusupo-2025-boys-individual,p_0d68d4d5d135,59,True,151,,finished,True,84,31.0,22,1.8
kokusupo-2025-boys-individual,p_2477285a7bd8,59,True,151,,finished,True,84,31.0,22,1.8
kokusupo-2025-boys-individual,p_864d4d7cda15,59,True,151,,finished,True,84,31.0,22,1.8
kokusupo-2025-boys-individual,p_cb282cb10ede,65,True,152,,finished,True,84,23.8,23,2.1
kokusupo-2025-boys-individual,p_64190e197d1d,65,True,152,,finished,True,84,23.8,23,2.1
kokusupo-2025-boys-individual,p_e046340bc5b5,65,True,152,,finished,True,84,23.8,23,2.1
kokusupo-2025-boys-individual,p_50fbec37c5ed,68,False,153,,finished,True,84,20.2,24,2.6
kokusupo-2025-boys-individual,p_ddbc2bf93a1c,69,True,154,,finished,True,84,19.0,25,3.0
kokusupo-2025-boys-individual,p_39933cac5cf6,69,True,154,,finished,True,84,19.0,25,3.0
kokusupo-2025-boys-individual,p_670f9aabb066,69,True,154,,finished,True,84,19.0,25,3.0
kokusupo-2025-boys-individual,p_f745536adfd4,72,True,155,,finished,True,84,15.5,26,3.4
kokusupo-2025-boys-individual,p_f5cbfbe28c7f,72,True,155,,finished,True,84,15.5,26,3.5
kokusupo-2025-boys-individual,p_fb755f35b93b,72,True,155,,finished,True,84,15.5,26,3.5
kokusupo-2025-boys-individual,p_40e136853b6a,72,True,155,,finished,True,84,15.5,26,3.5
kokusupo-2025-boys-individual,p_417b499a6f29,72,True,155,,finished,True,84,15.5,26,3.5
kokusupo-2025-boys-individual,p_4d2363fcf68f,77,False,156,,finished,True,84,9.5,27,3.9
kokusupo-2025-boys-individual,p_e381f4e138ff,78,True,157,,finished,True,84,8.3,28,4.2
kokusupo-2025-boys-individual,p_bf16ec3d7aac,78,True,157,,finished,True,84,8.3,28,4.2
kokusupo-2025-boys-individual,p_d7fc52abd490,80,False,158,,finished,True,84,6.0,29,4.7
kokusupo-2025-boys-individual,p_9ae62d8cdcd9,81,False,159,,finished,True,84,4.8,30,5.1
kokusupo-2025-boys-individual,p_f284231cd267,82,False,160,,finished,True,84,3.6,31,5.6
kokusupo-2025-boys-individual,p_9e56ad4979ba,83,True,163,,finished,True,84,2.4,34,6.8
kokusupo-2025-boys-individual,p_37fb0dbe04d6,83,True,163,,finished,True,84,2.4,34,6.8
kokusupo-2026-boys-individual,p_d0dbe3853339,1,False,67,,finished,True,84,100.0,0,
kokusupo-2026-boys-individual,p_4b3f9997625a,2,True,69,,finished,True,84,98.8,2,
kokusupo-2026-boys-individual,p_6018094cd0c0,2,True,69,,finished,True,84,98.8,2,
kokusupo-2026-boys-individual,p_aaf3fd13f861,2,True,69,,finished,True,84,98.8,2,
kokusupo-2026-boys-individual,p_5b4a001e91fc,2,True,69,,finished,True,84,98.8,2,
kokusupo-2026-boys-individual,p_9856cb6df080,2,True,69,,finished,True,84,98.8,2,
kokusupo-2026-boys-individual,p_abf9eccc71ad,2,True,69,,finished,True,84,98.8,2,
kokusupo-2026-boys-individual,p_4593dcfcf790,2,True,69,,finished,True,84,98.8,2,
kokusupo-2026-boys-individual,p_b4dd30f4477b,9,True,70,,finished,True,84,90.5,3,
kokusupo-2026-boys-individual,p_a4d43f724ff9,9,True,70,,finished,True,84,90.5,3,
kokusupo-2026-boys-individual,p_4d2363fcf68f,11,True,71,,finished,True,84,88.1,4,
kokusupo-2026-boys-individual,p_00e91cfe7a79,11,True,71,,finished,True,84,88.1,4,
kokusupo-2026-boys-individual,p_ef2ca5efd1b9,11,True,71,,finished,True,84,88.1,4,
kokusupo-2026-boys-individual,p_db2c5c0dc7da,11,True,71,,finished,True,84,88.1,4,
kokusupo-2026-boys-individual,p_66a8fed25be6,11,True,71,,finished,True,84,88.1,4,
kokusupo-2026-boys-individual,p_ac62de877a24,11,True,71,,finished,True,84,88.1,4,
kokusupo-2026-boys-individual,p_b9f35d9908d1,11,True,71,,finished,True,84,88.1,4,
kokusupo-2026-boys-individual,p_e8d18b80e595,11,True,71,,finished,True,84,88.1,4,
kokusupo-2026-boys-individual,p_47d71213d728,11,True,71,,finished,True,84,88.1,4,
kokusupo-2026-boys-individual,p_4947a9a742a8,20,True,72,,finished,True,84,77.4,5,
kokusupo-2026-boys-individual,p_5385f40d965e,20,True,72,,finished,True,84,77.4,5,
kokusupo-2026-boys-individual,p_46785dba31a4,20,True,72,,finished,True,84,77.4,5,
kokusupo-2026-boys-individual,p_58a18642a4f4,20,True,72,,finished,True,84,77.4,5,
kokusupo-2026-boys-individual,p_b0ba77d21805,20,True,72,,finished,True,84,77.4,5,
kokusupo-2026-boys-individual,p_f0810e1d3310,20,True,72,,finished,True,84,77.4,5,
kokusupo-2026-boys-individual,p_a7d67c8a7005,20,True,72,,finished,True,84,77.4,5,
kokusupo-2026-boys-individual,p_5038c6e9f44c,20,True,72,,finished,True,84,77.4,5,
kokusupo-2026-boys-individual,p_1918f4fdde64,28,True,73,,finished,True,84,67.9,6,
kokusupo-2026-boys-individual,p_24d0354cad82,28,True,73,,finished,True,84,67.9,6,
kokusupo-2026-boys-individual,p_30a9c5afa6af,28,True,73,,finished,True,84,67.9,6,
kokusupo-2026-boys-individual,p_1754eb84867c,28,True,73,,finished,True,84,67.9,6,
kokusupo-2026-boys-individual,p_c6ef86fea92d,28,True,73,,finished,True,84,67.9,6,
kokusupo-2026-boys-individual,p_f59758657549,28,True,73,,finished,True,84,67.9,6,
kokusupo-2026-boys-individual,p_1eea717174a5,28,True,73,,finished,True,84,67.9,6,
kokusupo-2026-boys-individual,p_34bb0e0c056a,28,True,73,,finished,True,84,67.9,6,
kokusupo-2026-boys-individual,p_23bca0d67f31,36,True,74,,finished,True,84,58.3,7,
kokusupo-2026-boys-individual,p_0fb583ef5a83,36,True,74,,finished,True,84,58.3,7,
kokusupo-2026-boys-individual,p_f49da0847337,36,True,74,,finished,True,84,58.3,7,
kokusupo-2026-boys-individual,p_36147e627394,36,True,74,,finished,True,84,58.3,7,
kokusupo-2026-boys-individual,p_260f0805c89b,36,True,74,,finished,True,84,58.3,7,
kokusupo-2026-boys-individual,p_eb40204c85f8,36,True,74,,finished,True,84,58.3,7,
kokusupo-2026-boys-individual,p_8e6599998b19,42,True,75,,finished,True,84,51.2,8,
kokusupo-2026-boys-individual,p_8eb38dcb00ad,42,True,75,,finished,True,84,51.2,8,
kokusupo-2026-boys-individual,p_156e0c4c0ed9,42,True,75,,finished,True,84,51.2,8,
kokusupo-2026-boys-individual,p_aff0240e505b,42,True,75,,finished,True,84,51.2,8,
kokusupo-2026-boys-individual,p_b9934fec500e,42,True,75,,finished,True,84,51.2,8,
kokusupo-2026-boys-individual,p_8dc9d46d6fe9,42,True,75,,finished,True,84,51.2,8,
kokusupo-2026-boys-individual,p_c577706356af,48,True,76,,finished,True,84,44.0,9,
kokusupo-2026-boys-individual,p_99be3913b447,48,True,76,,finished,True,84,44.0,9,
kokusupo-2026-boys-individual,p_012a1da5d79d,48,True,76,,finished,True,84,44.0,9,
kokusupo-2026-boys-individual,p_f745536adfd4,48,True,76,,finished,True,84,44.0,9,
kokusupo-2026-boys-individual,p_c6edd66c5936,48,True,76,,finished,True,84,44.0,9,
kokusupo-2026-boys-individual,p_f59c98c3d8a7,48,True,76,,finished,True,84,44.0,9,
kokusupo-2026-boys-individual,p_e9b3554dfb02,48,True,76,,finished,True,84,44.0,9,
kokusupo-2026-boys-individual,p_7f9637b583c5,55,True,77,,finished,True,84,35.7,10,
kokusupo-2026-boys-individual,p_c6603e91b881,55,True,77,,finished,True,84,35.7,10,
kokusupo-2026-boys-individual,p_0d68d4d5d135,57,True,78,,finished,True,84,33.3,11,
kokusupo-2026-boys-individual,p_b47479874dad,57,True,78,,finished,True,84,33.3,11,
kokusupo-2026-boys-individual,p_4589ab6a689f,57,True,78,,finished,True,84,33.3,11,
kokusupo-2026-boys-individual,p_fce56b5c77d2,60,True,79,,finished,True,84,29.8,12,
kokusupo-2026-boys-individual,p_ff58b495c590,60,True,79,,finished,True,84,29.8,12,
kokusupo-2026-boys-individual,p_14c193e31633,60,True,79,,finished,True,84,29.8,12,
kokusupo-2026-boys-individual,p_2c261e39dc44,60,True,79,,finished,True,84,29.8,12,
kokusupo-2026-boys-individual,p_13ecc4b5f65d,60,True,79,,finished,True,84,29.8,12,
kokusupo-2026-boys-individual,p_c8bea214eeb4,60,True,79,,finished,True,84,29.8,12,
kokusupo-2026-boys-individual,p_4b7ac2b9100b,66,True,80,,finished,True,84,22.6,13,
kokusupo-2026-boys-individual,p_b8cd4bdb8b4d,66,True,80,,finished,True,84,22.6,13,
kokusupo-2026-boys-individual,p_b41f5e85513f,66,True,80,,finished,True,84,22.6,13,
kokusupo-2026-boys-individual,p_f15f7d42821b,66,True,80,,finished,True,84,22.6,13,
kokusupo-2026-boys-individual,p_8c0ebaa6b026,66,True,80,,finished,True,84,22.6,13,
kokusupo-2026-boys-individual,p_11d9203c0ed9,66,True,80,,finished,True,84,22.6,13,
kokusupo-2026-boys-individual,p_32fdb174a7e4,72,True,81,,finished,True,84,15.5,14,
kokusupo-2026-boys-individual,p_f37ad7115c4b,72,True,81,,finished,True,84,15.5,14,
kokusupo-2026-boys-individual,p_5d9ef38389c2,72,True,81,,finished,True,84,15.5,14,
kokusupo-2026-boys-individual,p_2f109bda3218,72,True,81,,finished,True,84,15.5,14,
kokusupo-2026-boys-individual,p_670f9aabb066,72,True,81,,finished,True,84,15.5,14,
kokusupo-2026-boys-individual,p_8b6c3d3c1bde,72,True,81,,finished,True,84,15.5,14,
kokusupo-2026-boys-individual,p_bd817c3063bb,78,False,82,,finished,True,84,8.3,15,
kokusupo-2026-boys-individual,p_29331223b494,79,False,83,,finished,True,84,7.1,16,
kokusupo-2026-boys-individual,p_1c7428e0f848,80,False,84,,finished,True,84,6.0,17,
kokusupo-2026-boys-individual,p_9d708b61952c,81,False,86,,finished,True,84,4.8,19,
kokusupo-2026-boys-individual,p_9f70cdf24df8,82,False,87,,finished,True,84,3.6,20,
kokusupo-2026-boys-individual,p_ac33a290b64b,83,False,93,,finished,True,84,2.4,26,
kokusupo-2026-boys-individual,p_804ddb058da9,84,False,98,,finished,True,84,1.2,31,
fukui-ga-junior-2026-boys,p_db2c5c0dc7da,1,False,74,2,finished,True,8,100.0,0,
fukui-ga-junior-2026-boys,p_a07d9dcef2c0,2,False,74,2,finished,True,8,87.5,0,
fukui-ga-junior-2026-boys,p_4e8a2d089d9e,3,False,75,3,finished,True,8,75.0,1,
fukui-ga-junior-2026-boys,p_ef019d8b9c86,4,False,76,4,finished,True,8,62.5,2,
fukui-ga-junior-2026-boys,p_66a8fed25be6,5,False,77,5,finished,True,8,50.0,3,
fukui-ga-junior-2026-boys,p_2bd0a4002ba2,6,False,79,7,finished,True,8,37.5,5,
fukui-ga-junior-2026-boys,p_e96f8140d1c8,7,False,79,7,finished,True,8,25.0,5,
fukui-ga-junior-2026-boys,p_85a32a9ab912,8,False,82,10,finished,True,8,12.5,8,
fukui-ga-junior-2026-girls,p_8b09d6a46bae,1,False,74,2,finished,True,12,100.0,0,
fukui-ga-junior-2026-girls,p_feec2be7cdc0,2,False,74,2,finished,True,12,91.7,0,
fukui-ga-junior-2026-girls,p_65d8c5f019bb,3,False,75,3,finished,True,12,83.3,1,
fukui-ga-junior-2026-girls,p_434fb6876ec0,4,False,77,5,finished,True,12,75.0,3,
fukui-ga-junior-2026-girls,p_95a951ddf1e0,5,False,77,5,finished,True,12,66.7,3,
fukui-ga-junior-2026-girls,p_12b1622b3bdf,6,False,79,7,finished,True,12,58.3,5,
fukui-ga-junior-2026-girls,p_9505547e279f,7,False,79,7,finished,True,12,50.0,5,
fukui-ga-junior-2026-girls,p_021373aad0cb,8,False,83,11,finished,True,12,41.7,9,
fukui-ga-junior-2026-girls,p_dc46f9335c9c,9,False,86,14,finished,True,12,33.3,12,
fukui-ga-junior-2026-girls,p_21b6835d4c6b,10,False,88,16,finished,True,12,25.0,14,
fukui-ga-junior-2026-girls,p_280c905b839e,11,False,89,17,finished,True,12,16.7,15,
fukui-ga-junior-2026-girls,p_94d34bf94875,12,False,106,34,finished,True,12,8.3,32,
nagano-ga-junior-2026-boys,p_29331223b494,1,False,75,3,finished,True,5,100.0,0,
nagano-ga-junior-2026-boys,p_6082feb76abc,2,False,79,7,finished,True,5,80.0,4,
nagano-ga-junior-2026-boys,p_5d9ef38389c2,3,False,79,7,finished,True,5,60.0,4,
nagano-ga-junior-2026-boys,p_40e136853b6a,4,False,89,17,finished,True,5,40.0,14,
nagano-ga-junior-2026-boys,p_b8a4805f594d,5,False,91,19,finished,True,5,20.0,16,
nagano-ga-junior-2026-girls,p_96665ad84dcd,1,False,106,34,finished,True,1,100.0,0,
shizuoka-ga-junior-hsa-2025-boys,p_f431449d28a0,1,False,74,2,finished,True,18,100.0,0,
shizuoka-ga-junior-hsa-2025-boys,p_a154d1e603a9,2,False,76,4,finished,True,18,94.4,2,
shizuoka-ga-junior-hsa-2025-boys,p_453ee50e903a,3,False,80,8,finished,True,18,88.9,6,
shizuoka-ga-junior-hsa-2025-boys,p_c2800a11baa2,4,False,80,8,finished,True,18,83.3,6,
shizuoka-ga-junior-hsa-2025-boys,p_02822b22fb70,5,False,81,9,finished,True,18,77.8,7,
shizuoka-ga-junior-hsa-2025-boys,p_b2b3491ec224,6,False,82,10,finished,True,18,72.2,8,
shizuoka-ga-junior-hsa-2025-boys,p_acd9cb995120,7,False,83,11,finished,True,18,66.7,9,
shizuoka-ga-junior-hsa-2025-boys,p_cce384c1c024,8,False,87,15,finished,True,18,61.1,13,
shizuoka-ga-junior-hsa-2025-boys,p_231113c7d7e2,9,False,88,16,finished,True,18,55.6,14,
shizuoka-ga-junior-hsa-2025-boys,p_774e0d721621,10,False,88,16,finished,True,18,50.0,14,
shizuoka-ga-junior-hsa-2025-boys,p_aa01ca13f01a,11,False,88,16,finished,True,18,44.4,14,
shizuoka-ga-junior-hsa-2025-boys,p_d9f0aef7647a,12,False,88,16,finished,True,18,38.9,14,
shizuoka-ga-junior-hsa-2025-boys,p_1fc230df1e7b,13,False,90,18,finished,True,18,33.3,16,
shizuoka-ga-junior-hsa-2025-boys,p_e50452ac9ae7,14,False,90,18,finished,True,18,27.8,16,
shizuoka-ga-junior-hsa-2025-boys,p_cbb71bf8d6d3,15,False,92,20,finished,True,18,22.2,18,
shizuoka-ga-junior-hsa-2025-boys,p_bfd07b0c17df,16,False,94,22,finished,True,18,16.7,20,
shizuoka-ga-junior-hsa-2025-boys,p_efb7494f6533,17,False,94,22,finished,True,18,11.1,20,
shizuoka-ga-junior-hsa-2025-boys,p_972dd7b8637a,18,False,97,25,finished,True,18,5.6,23,
shizuoka-ga-junior-hsa-2025-girls,p_f52cecd96813,1,False,68,-4,finished,True,15,100.0,0,
shizuoka-ga-junior-hsa-2025-girls,p_2b4dc9d4ce06,2,False,71,-1,finished,True,15,93.3,3,
shizuoka-ga-junior-hsa-2025-girls,p_abe5f91ee70d,3,False,73,1,finished,True,15,86.7,5,
shizuoka-ga-junior-hsa-2025-girls,p_ac159ca3b2dc,4,False,74,2,finished,True,15,80.0,6,
shizuoka-ga-junior-hsa-2025-girls,p_ede7302f99a8,5,False,74,2,finished,True,15,73.3,6,
shizuoka-ga-junior-hsa-2025-girls,p_8b66c53bd24c,6,False,76,4,finished,True,15,66.7,8,
shizuoka-ga-junior-hsa-2025-girls,p_d25f6b48da98,7,False,78,6,finished,True,15,60.0,10,
shizuoka-ga-junior-hsa-2025-girls,p_1bc7e2fc7b36,8,False,79,7,finished,True,15,53.3,11,
shizuoka-ga-junior-hsa-2025-girls,p_7a681a9fe06d,9,False,81,9,finished,True,15,46.7,13,
shizuoka-ga-junior-hsa-2025-girls,p_c2dd7f2837d0,10,False,83,11,finished,True,15,40.0,15,
shizuoka-ga-junior-hsa-2025-girls,p_ae113075d0f6,11,False,89,17,finished,True,15,33.3,21,
shizuoka-ga-junior-hsa-2025-girls,p_163d999de309,12,False,90,18,finished,True,15,26.7,22,
shizuoka-ga-junior-hsa-2025-girls,p_ad9ce39a8a67,13,False,91,19,finished,True,15,20.0,23,
shizuoka-ga-junior-hsa-2025-girls,p_abb8770a3be8,14,False,92,20,finished,True,15,13.3,24,
shizuoka-ga-junior-hsa-2025-girls,p_f2f3882c76fe,15,False,96,24,finished,True,15,6.7,28,
shizuoka-ga-junior-hsb-2025-boys,p_5e7dd43a6407,1,False,88,16,finished,True,18,100.0,0,
shizuoka-ga-junior-hsb-2025-boys,p_960959c9deef,2,False,89,17,finished,True,18,94.4,1,
shizuoka-ga-junior-hsb-2025-boys,p_582f477195c7,3,False,90,18,finished,True,18,88.9,2,
shizuoka-ga-junior-hsb-2025-boys,p_7daa7478f64b,4,False,92,20,finished,True,18,83.3,4,
shizuoka-ga-junior-hsb-2025-boys,p_e3ac03bbf4f5,5,False,92,20,finished,True,18,77.8,4,
shizuoka-ga-junior-hsb-2025-boys,p_dda8b52be688,6,False,94,22,finished,True,18,72.2,6,
shizuoka-ga-junior-hsb-2025-boys,p_e0806facd0b8,7,False,95,23,finished,True,18,66.7,7,
shizuoka-ga-junior-hsb-2025-boys,p_e228c5b27ec2,8,False,101,29,finished,True,18,61.1,13,
shizuoka-ga-junior-hsb-2025-boys,p_f63058ec6372,9,False,104,32,finished,True,18,55.6,16,
shizuoka-ga-junior-hsb-2025-boys,p_22329769ef11,10,False,105,33,finished,True,18,50.0,17,
shizuoka-ga-junior-hsb-2025-boys,p_ee9b6c99efec,11,False,107,35,finished,True,18,44.4,19,
shizuoka-ga-junior-hsb-2025-boys,p_7add8d47d327,12,False,110,38,finished,True,18,38.9,22,
shizuoka-ga-junior-hsb-2025-boys,p_ad65bcaee402,13,False,111,39,finished,True,18,33.3,23,
shizuoka-ga-junior-hsb-2025-boys,p_a31089262d75,14,False,113,41,finished,True,18,27.8,25,
shizuoka-ga-junior-hsb-2025-boys,p_b3dac55f7289,15,False,117,45,finished,True,18,22.2,29,
shizuoka-ga-junior-hsb-2025-boys,p_756035e177b6,16,False,120,48,finished,True,18,16.7,32,
shizuoka-ga-junior-hsb-2025-boys,p_754210027206,17,False,121,49,finished,True,18,11.1,33,
shizuoka-ga-junior-hsb-2025-boys,p_8e489240e03f,,False,,,wd,True,18,,,
shizuoka-ga-junior-hsb-2025-girls,p_3d704d4a376c,1,False,88,16,finished,True,5,100.0,0,
shizuoka-ga-junior-hsb-2025-girls,p_42d1ccd077fa,2,False,105,33,finished,True,5,80.0,17,
shizuoka-ga-junior-hsb-2025-girls,p_d0d8943c2c9d,3,False,121,49,finished,True,5,60.0,33,
shizuoka-ga-junior-hsb-2025-girls,p_75843281db9d,4,False,139,67,finished,True,5,40.0,51,
shizuoka-ga-junior-hsb-2025-girls,p_e8427c54c5b3,5,False,140,68,finished,True,5,20.0,52,
fukuoka-ga-junior-hs-2024-boys,p_c39d9884d5ef,1,False,68,-4,finished,True,9,100.0,0,
fukuoka-ga-junior-hs-2024-boys,p_83b9c5f8cbaf,2,False,76,4,finished,True,9,88.9,8,
fukuoka-ga-junior-hs-2024-boys,p_7b07fe1ade5f,3,False,76,4,finished,True,9,77.8,8,
fukuoka-ga-junior-hs-2024-boys,p_84749aa9803a,4,False,77,5,finished,True,9,66.7,9,
fukuoka-ga-junior-hs-2024-boys,p_a6a8e101b92f,5,False,77,5,finished,True,9,55.6,9,
fukuoka-ga-junior-hs-2024-boys,p_0f5962048bb5,6,False,79,7,finished,True,9,44.4,11,
fukuoka-ga-junior-hs-2024-boys,p_69cc4b0a6ec4,7,False,79,7,finished,True,9,33.3,11,
fukuoka-ga-junior-hs-2024-boys,p_8fb98bc58f53,8,False,87,15,finished,True,9,22.2,19,
fukuoka-ga-junior-hs-2024-boys,p_22dd8d20401e,9,False,95,23,finished,True,9,11.1,27,
fukuoka-ga-junior-hs-2024-girls,p_f69bf7e75588,1,False,75,3,finished,True,8,100.0,0,
fukuoka-ga-junior-hs-2024-girls,p_838048a454d6,2,False,75,3,finished,True,8,87.5,0,
fukuoka-ga-junior-hs-2024-girls,p_a8ef3446015b,3,False,77,5,finished,True,8,75.0,2,
fukuoka-ga-junior-hs-2024-girls,p_80d267796ea7,4,False,79,7,finished,True,8,62.5,4,
fukuoka-ga-junior-hs-2024-girls,p_ca26fa4a99fb,5,False,82,10,finished,True,8,50.0,7,
fukuoka-ga-junior-hs-2024-girls,p_aec9ed1afe8f,6,False,93,21,finished,True,8,37.5,18,
fukuoka-ga-junior-hs-2024-girls,p_a3b98041b29a,7,False,101,29,finished,True,8,25.0,26,
fukuoka-ga-junior-hs-2024-girls,p_748ec01406a5,8,False,101,29,finished,True,8,12.5,26,
fukuoka-ga-junior-hs-2025-boys,p_92c7a4215ad9,1,False,73,1,finished,True,10,100.0,0,
fukuoka-ga-junior-hs-2025-boys,p_0f5962048bb5,2,False,76,4,finished,True,10,90.0,3,
fukuoka-ga-junior-hs-2025-boys,p_8fb98bc58f53,3,False,77,5,finished,True,10,80.0,4,
fukuoka-ga-junior-hs-2025-boys,p_daa54aabca48,4,False,78,6,finished,True,10,70.0,5,
fukuoka-ga-junior-hs-2025-boys,p_dd22bb2509a6,5,False,80,8,finished,True,10,60.0,7,
fukuoka-ga-junior-hs-2025-boys,p_9762e941e5d2,6,False,83,11,finished,True,10,50.0,10,
fukuoka-ga-junior-hs-2025-boys,p_a1c8c9ce2d32,7,False,85,13,finished,True,10,40.0,12,
fukuoka-ga-junior-hs-2025-boys,p_69cc4b0a6ec4,8,False,86,14,finished,True,10,30.0,13,
fukuoka-ga-junior-hs-2025-boys,p_280a4e4dc003,9,False,91,19,finished,True,10,20.0,18,
fukuoka-ga-junior-hs-2025-boys,p_b4d1179bbcab,10,False,100,28,finished,True,10,10.0,27,
fukuoka-ga-junior-hs-2025-girls,p_27579d8a3298,1,False,72,0,finished,True,14,100.0,0,
fukuoka-ga-junior-hs-2025-girls,p_ab1556dc4780,2,False,74,2,finished,True,14,92.9,2,
fukuoka-ga-junior-hs-2025-girls,p_f69bf7e75588,3,False,75,3,finished,True,14,85.7,3,
fukuoka-ga-junior-hs-2025-girls,p_ca26fa4a99fb,4,False,75,3,finished,True,14,78.6,3,
fukuoka-ga-junior-hs-2025-girls,p_40a6787eda96,5,False,75,3,finished,True,14,71.4,3,
fukuoka-ga-junior-hs-2025-girls,p_1ee01c3eaed4,6,False,76,4,finished,True,14,64.3,4,
fukuoka-ga-junior-hs-2025-girls,p_a8ef3446015b,7,False,79,7,finished,True,14,57.1,7,
fukuoka-ga-junior-hs-2025-girls,p_0a8a3e58664a,8,False,81,9,finished,True,14,50.0,9,
fukuoka-ga-junior-hs-2025-girls,p_ef91070ef45b,9,False,83,11,finished,True,14,42.9,11,
fukuoka-ga-junior-hs-2025-girls,p_c45f49a62b05,10,False,85,13,finished,True,14,35.7,13,
fukuoka-ga-junior-hs-2025-girls,p_e52e172ce3b1,11,False,89,17,finished,True,14,28.6,17,
fukuoka-ga-junior-hs-2025-girls,p_81d91b8c6922,12,False,92,20,finished,True,14,21.4,20,
fukuoka-ga-junior-hs-2025-girls,p_c587106e08f3,13,False,92,20,finished,True,14,14.3,20,
fukuoka-ga-junior-hs-2025-girls,p_a3b98041b29a,14,False,92,20,finished,True,14,7.1,20,
fukuoka-ga-junior-hs-2026-boys,p_daa54aabca48,1,False,75,3,finished,True,13,100.0,0,
fukuoka-ga-junior-hs-2026-boys,p_a1c8c9ce2d32,2,False,77,5,finished,True,13,92.3,2,
fukuoka-ga-junior-hs-2026-boys,p_41a831f2a811,3,False,79,7,finished,True,13,84.6,4,
fukuoka-ga-junior-hs-2026-boys,p_c014f613b819,4,False,81,9,finished,True,13,76.9,6,
fukuoka-ga-junior-hs-2026-boys,p_30ec82d9d7e5,5,False,81,9,finished,True,13,69.2,6,
fukuoka-ga-junior-hs-2026-boys,p_169c4b6ea4fb,6,False,83,11,finished,True,13,61.5,8,
fukuoka-ga-junior-hs-2026-boys,p_50387045ae83,7,False,83,11,finished,True,13,53.8,8,
fukuoka-ga-junior-hs-2026-boys,p_dd22bb2509a6,8,False,87,15,finished,True,13,46.2,12,
fukuoka-ga-junior-hs-2026-boys,p_9762e941e5d2,9,False,90,18,finished,True,13,38.5,15,
fukuoka-ga-junior-hs-2026-boys,p_16d09cda5fac,10,False,90,18,finished,True,13,30.8,15,
fukuoka-ga-junior-hs-2026-boys,p_53f262f93e03,11,False,92,20,finished,True,13,23.1,17,
fukuoka-ga-junior-hs-2026-boys,p_a545dec0f8b5,12,False,93,21,finished,True,13,15.4,18,
fukuoka-ga-junior-hs-2026-boys,p_b4d1179bbcab,13,False,100,28,finished,True,13,7.7,25,
fukuoka-ga-junior-hs-2026-girls,p_d2b481686e4a,1,False,79,7,finished,True,7,100.0,0,
fukuoka-ga-junior-hs-2026-girls,p_81d91b8c6922,2,False,80,8,finished,True,7,85.7,1,
fukuoka-ga-junior-hs-2026-girls,p_e52e172ce3b1,3,False,82,10,finished,True,7,71.4,3,
fukuoka-ga-junior-hs-2026-girls,p_f2c01c65d827,4,False,85,13,finished,True,7,57.1,6,
fukuoka-ga-junior-hs-2026-girls,p_0a8a3e58664a,5,False,88,16,finished,True,7,42.9,9,
fukuoka-ga-junior-hs-2026-girls,p_d190dee91949,6,False,88,16,finished,True,7,28.6,9,
fukuoka-ga-junior-hs-2026-girls,p_2cedaa52cec0,7,False,88,16,finished,True,7,14.3,9,
kagoshima-ga-junior-hs-2024-boys,p_d5a417f904e3,1,False,69,,finished,True,11,100.0,0,
kagoshima-ga-junior-hs-2024-boys,p_46e5b923494a,2,False,72,,finished,True,11,90.9,3,
kagoshima-ga-junior-hs-2024-boys,p_b3d5df4a6fcb,3,False,72,,finished,True,11,81.8,3,
kagoshima-ga-junior-hs-2024-boys,p_2a22a72c200a,4,False,73,,finished,True,11,72.7,4,
kagoshima-ga-junior-hs-2024-boys,p_f479af3e8774,5,False,85,,finished,True,11,63.6,16,
kagoshima-ga-junior-hs-2024-boys,p_dae079d29447,6,False,92,,finished,True,11,54.5,23,
kagoshima-ga-junior-hs-2024-boys,p_073adf6eda5b,7,False,97,,finished,True,11,45.5,28,
kagoshima-ga-junior-hs-2024-boys,p_f0ee448e09de,8,False,103,,finished,True,11,36.4,34,
kagoshima-ga-junior-hs-2024-boys,p_1ba22cf2a1f0,9,False,109,,finished,True,11,27.3,40,
kagoshima-ga-junior-hs-2024-boys,p_c4b03f476d3e,10,False,130,,finished,True,11,18.2,61,
kagoshima-ga-junior-hs-2024-boys,p_804c32e80f32,11,False,146,,finished,True,11,9.1,77,
kagoshima-ga-junior-hs-2025-boys,p_d5a417f904e3,1,False,69,,finished,True,7,100.0,0,
kagoshima-ga-junior-hs-2025-boys,p_a94cc6abe68f,2,False,76,,finished,True,7,85.7,7,
kagoshima-ga-junior-hs-2025-boys,p_92b082a86fe3,3,False,76,,finished,True,7,71.4,7,
kagoshima-ga-junior-hs-2025-boys,p_260f0805c89b,4,False,79,,finished,True,7,57.1,10,
kagoshima-ga-junior-hs-2025-boys,p_785164166b74,5,False,89,,finished,True,7,42.9,20,
kagoshima-ga-junior-hs-2025-boys,p_483cc4f3ba4e,6,False,102,,finished,True,7,28.6,33,
kagoshima-ga-junior-hs-2025-boys,p_6963a295d5c3,7,False,114,,finished,True,7,14.3,45,
kagoshima-ga-junior-hs-2026-boys,p_260f0805c89b,1,False,69,,finished,True,4,100.0,0,
kagoshima-ga-junior-hs-2026-boys,p_785164166b74,2,False,78,,finished,True,4,75.0,9,
kagoshima-ga-junior-hs-2026-boys,p_a94cc6abe68f,3,False,83,,finished,True,4,50.0,14,
kagoshima-ga-junior-hs-2026-boys,p_6963a295d5c3,4,False,83,,finished,True,4,25.0,14,
kagoshima-ga-kyushu-junior-qualifier-2025-boys,p_260f0805c89b,1,False,70,,finished,True,5,100.0,0,
kagoshima-ga-kyushu-junior-qualifier-2025-boys,p_92b082a86fe3,2,False,76,,finished,True,5,80.0,6,
kagoshima-ga-kyushu-junior-qualifier-2025-boys,p_a94cc6abe68f,3,False,76,,finished,True,5,60.0,6,
kagoshima-ga-kyushu-junior-qualifier-2025-boys,p_785164166b74,4,False,91,,finished,True,5,40.0,21,
kagoshima-ga-kyushu-junior-qualifier-2025-boys,p_483cc4f3ba4e,5,False,109,,finished,True,5,20.0,39,
kagoshima-ga-kyushu-junior-qualifier-2025-boys,p_6963a295d5c3,,False,,,dns,True,,,,
kagoshima-ga-kyushu-junior-qualifier-2025-girls,p_90097c2c2ea2,1,False,72,,finished,True,10,100.0,0,
kagoshima-ga-kyushu-junior-qualifier-2025-girls,p_db8dd61ad389,2,False,73,,finished,True,10,90.0,1,
kagoshima-ga-kyushu-junior-qualifier-2025-girls,p_cead287f1bc4,3,False,80,,finished,True,10,80.0,8,
kagoshima-ga-kyushu-junior-qualifier-2025-girls,p_e49b85165237,4,False,81,,finished,True,10,70.0,9,
kagoshima-ga-kyushu-junior-qualifier-2025-girls,p_f0a3249d3466,5,False,84,,finished,True,10,60.0,12,
kagoshima-ga-kyushu-junior-qualifier-2025-girls,p_97b4c8162655,6,False,86,,finished,True,10,50.0,14,
kagoshima-ga-kyushu-junior-qualifier-2025-girls,p_df09134fe8ea,7,False,89,,finished,True,10,40.0,17,
kagoshima-ga-kyushu-junior-qualifier-2025-girls,p_d77c0b37acf4,8,False,90,,finished,True,10,30.0,18,
kagoshima-ga-kyushu-junior-qualifier-2025-girls,p_892879e181a0,9,False,93,,finished,True,10,20.0,21,
kagoshima-ga-kyushu-junior-qualifier-2025-girls,p_9d89153aae43,10,False,99,,finished,True,10,10.0,27,
kagoshima-ga-kyushu-junior-qualifier-2026-boys,p_260f0805c89b,1,False,74,,finished,True,7,100.0,0,
kagoshima-ga-kyushu-junior-qualifier-2026-boys,p_785164166b74,2,False,76,,finished,True,7,85.7,2,
kagoshima-ga-kyushu-junior-qualifier-2026-boys,p_a94cc6abe68f,3,True,77,,finished,True,7,71.4,3,
kagoshima-ga-kyushu-junior-qualifier-2026-boys,p_92b082a86fe3,3,True,77,,finished,True,7,71.4,3,
kagoshima-ga-kyushu-junior-qualifier-2026-boys,p_8dc9d46d6fe9,5,False,80,,finished,True,7,42.9,6,
kagoshima-ga-kyushu-junior-qualifier-2026-boys,p_6963a295d5c3,6,False,84,,finished,True,7,28.6,10,
kagoshima-ga-kyushu-junior-qualifier-2026-boys,p_bb95e1204eb3,7,False,96,,finished,True,7,14.3,22,
kagoshima-ga-kyushu-junior-qualifier-2026-girls,p_db8dd61ad389,1,False,72,,finished,True,13,100.0,0,
kagoshima-ga-kyushu-junior-qualifier-2026-girls,p_f3abf05c9c66,2,True,79,,finished,True,13,92.3,7,
kagoshima-ga-kyushu-junior-qualifier-2026-girls,p_e49b85165237,2,True,79,,finished,True,13,92.3,7,
kagoshima-ga-kyushu-junior-qualifier-2026-girls,p_97b4c8162655,2,True,79,,finished,True,13,92.3,7,
kagoshima-ga-kyushu-junior-qualifier-2026-girls,p_a367f4cd2cfa,5,False,83,,finished,True,13,69.2,11,
kagoshima-ga-kyushu-junior-qualifier-2026-girls,p_75857e616dc4,6,False,84,,finished,True,13,61.5,12,
kagoshima-ga-kyushu-junior-qualifier-2026-girls,p_892879e181a0,7,False,87,,finished,True,13,53.8,15,
kagoshima-ga-kyushu-junior-qualifier-2026-girls,p_d77c0b37acf4,8,False,88,,finished,True,13,46.2,16,
kagoshima-ga-kyushu-junior-qualifier-2026-girls,p_9d89153aae43,9,True,89,,finished,True,13,38.5,17,
kagoshima-ga-kyushu-junior-qualifier-2026-girls,p_f0a3249d3466,9,True,89,,finished,True,13,38.5,17,
kagoshima-ga-kyushu-junior-qualifier-2026-girls,p_75828c0875d2,11,False,90,,finished,True,13,23.1,18,
kagoshima-ga-kyushu-junior-qualifier-2026-girls,p_df09134fe8ea,12,False,92,,finished,True,13,15.4,20,
kagoshima-ga-kyushu-junior-qualifier-2026-girls,p_f6527340366e,13,False,113,,finished,True,13,7.7,41,
